case,corner,supply_v,temp_c,load_pf,seed,code,output_v,raw_error_lsb
full_tt,tt,1.8,27,5,,0,0.200102823062775,0.03760386295770754
full_tt,tt,1.8,27,5,,1,0.202811476639146,0.0281971708876735
full_tt,tt,1.8,27,5,,2,0.20552784767082,0.021612862471310938
full_tt,tt,1.8,27,5,,3,0.20823682493268,0.01232454680868094
full_tt,tt,1.8,27,5,,4,0.21096856492197,0.011360885749027716
full_tt,tt,1.8,27,5,,5,0.21367774689761,0.00214743684022015
full_tt,tt,1.8,27,5,,6,0.21639464637063,-0.004243613026752818
full_tt,tt,1.8,27,5,,7,0.21910412784322,-0.013347531622400766
full_tt,tt,1.8,27,5,,8,0.221866488814513,-0.003112662120961269
full_tt,tt,1.8,27,5,,9,0.2245760078512,-0.01220284298971665
full_tt,tt,1.8,27,5,,10,0.2272932590446,-0.018465263689151357
full_tt,tt,1.8,27,5,,11,0.2300030550098,-0.027454167844577375
full_tt,tt,1.8,27,5,,12,0.2327356210028,-0.028115747547425535
full_tt,tt,1.8,27,5,,13,0.235445567173,-0.03704971958857836
full_tt,tt,1.8,27,5,,14,0.238163233952,-0.04316015469713973
full_tt,tt,1.8,27,5,,15,0.2408734598906,-0.05199181143772032
full_tt,tt,1.8,27,5,,16,0.24369683987566,-0.019441416901498445
full_tt,tt,1.8,27,5,,17,0.24640692090826,-0.028326067836346173
full_tt,tt,1.8,27,5,,18,0.24912468111978,-0.03440233333760392
full_tt,tt,1.8,27,5,,19,0.25183499175999996,-0.043203013485728956
full_tt,tt,1.8,27,5,,20,0.2545680298972,-0.043691923309714706
full_tt,tt,1.8,27,5,,21,0.25727842901709,-0.052460245178512624
full_tt,tt,1.8,27,5,,22,0.25999652268719997,-0.05841456010971667
full_tt,tt,1.8,27,5,,23,0.2627071676578,-0.06709297086171011
full_tt,tt,1.8,27,5,,24,0.26547063448666,-0.056453673450066945
full_tt,tt,1.8,27,5,,25,0.268181232465484,-0.06514926976586416
full_tt,tt,1.8,27,5,,26,0.27089950685242,-0.0710374939721297
full_tt,tt,1.8,27,5,,27,0.2736103135236,-0.07965676851199532
full_tt,tt,1.8,27,5,,28,0.27634381782946,-0.07997519379748448
full_tt,tt,1.8,27,5,,29,0.27905470372572,-0.08856549459382888
full_tt,tt,1.8,27,5,,30,0.28177327775223,-0.0943441363273223
full_tt,tt,1.8,27,5,,31,0.28448435571233,-0.10286419663361
full_tt,tt,1.8,27,5,,32,0.28742941891646,-0.02581251055175926
full_tt,tt,1.8,27,5,,33,0.29014017749855,-0.03444937195886106
full_tt,tt,1.8,27,5,,34,0.2928585965204,-0.040284701110847115
full_tt,tt,1.8,27,5,,35,0.29556953815419,-0.04885461789622728
full_tt,tt,1.8,27,5,,36,0.29830315956885,-0.04913021482057697
full_tt,tt,1.8,27,5,,37,0.30101413412822,-0.05768809025097101
full_tt,tt,1.8,27,5,,38,0.30373277389988,-0.06344268804387607
full_tt,tt,1.8,27,5,,39,0.3064439369177,-0.07193164152685735
full_tt,tt,1.8,27,5,,40,0.30920794492736603,-0.06109442656328465
full_tt,tt,1.8,27,5,,41,0.311919024123842,-0.06961403470922635
full_tt,tt,1.8,27,5,,42,0.31463776895334,-0.07533021134993387
full_tt,tt,1.8,27,5,,43,0.3173489957785,-0.08379582957713541
full_tt,tt,1.8,27,5,,44,0.3200829609258,-0.08394571856456423
full_tt,tt,1.8,27,5,,45,0.32279425991878,-0.09238494398902374
full_tt,tt,1.8,27,5,,46,0.32551320596612,-0.09802753239041198
full_tt,tt,1.8,27,5,,47,0.32822469196306003,-0.10639836779517964
full_tt,tt,1.8,27,5,,48,0.331049334253583,-0.07338633011820711
full_tt,tt,1.8,27,5,,49,0.333760592261386,-0.08184054440740901
full_tt,tt,1.8,27,5,,50,0.33647947824153,-0.08750510024045509
full_tt,tt,1.8,27,5,,51,0.33919087629752004,-0.09590809690696542
full_tt,tt,1.8,27,5,,52,0.34192498724118997,-0.0960046660790884
full_tt,tt,1.8,27,5,,53,0.34463641627536,-0.10439633358261956
full_tt,tt,1.8,27,5,,54,0.3473555118513,-0.10998423723886423
full_tt,tt,1.8,27,5,,55,0.35006709703111,-0.11831880005120508
full_tt,tt,1.8,27,5,,56,0.352831536278199,-0.10732387540150919
full_tt,tt,1.8,27,5,,57,0.355543042294808,-0.11568738932735659
full_tt,tt,1.8,27,5,,58,0.35826219056576003,-0.12125602166489916
full_tt,tt,1.8,27,5,,59,0.36097383655664,-0.12956834500022704
full_tt,tt,1.8,27,5,,60,0.36370820230194,-0.12957172957622934
full_tt,tt,1.8,27,5,,61,0.36641988155551997,-0.13787188826699193
full_tt,tt,1.8,27,5,,62,0.36913923055984,-0.1433671095442232
full_tt,tt,1.8,27,5,,63,0.37185109855344,-0.1515982433133648
full_tt,tt,1.8,27,5,,64,0.37503896358233596,0.014249538682865446
full_tt,tt,1.8,27,5,,65,0.377750322924368,0.00583238376886389
full_tt,tt,1.8,27,5,,66,0.38046930257632,0.00020208505416365242
full_tt,tt,1.8,27,5,,67,0.38318077779008003,-0.008172693913581141
full_tt,tt,1.8,27,5,,68,0.38591494758544,-0.008247740181945218
full_tt,tt,1.8,27,5,,69,0.38862642450496,-0.016621895328918463
full_tt,tt,1.8,27,5,,70,0.39134556466385,-0.022193494363429118
full_tt,tt,1.8,27,5,,71,0.39405720159232,-0.030509131951553012
full_tt,tt,1.8,27,5,,72,0.396821669724015,-0.01950364378879093
full_tt,tt,1.8,27,5,,73,0.399533186881675,-0.027863083273140483
full_tt,tt,1.8,27,5,,74,0.40225235385354996,-0.03342487641601468
full_tt,tt,1.8,27,5,,75,0.40496400881995,-0.04173391727543877
full_tt,tt,1.8,27,5,,76,0.40769837188595,-0.0417382817097283
full_tt,tt,1.8,27,5,,77,0.4104100488756,-0.05003926835198871
full_tt,tt,1.8,27,5,,78,0.4131293788588,-0.05554144592455909
full_tt,tt,1.8,27,5,,79,0.4158412158795,-0.06378390692570894
full_tt,tt,1.8,27,5,,80,0.418666218966485,-0.030639920828353494
full_tt,tt,1.8,27,5,,81,0.42137780187923,-0.03897531273874425
full_tt,tt,1.8,27,5,,82,0.42409702387604997,-0.04451698247314491
full_tt,tt,1.8,27,5,,83,0.42680873514398,-0.05280543305874273
full_tt,tt,1.8,27,5,,84,0.42954314390556,-0.05279308596663717
full_tt,tt,1.8,27,5,,85,0.43225486716274,-0.06107715191222139
full_tt,tt,1.8,27,5,,86,0.43497422313823997,-0.06656982372939119
full_tt,tt,1.8,27,5,,87,0.43768609350646,-0.07480008906605512
full_tt,tt,1.8,27,5,,88,0.4404508034159,-0.06370617932800217
full_tt,tt,1.8,27,5,,89,0.44316256034601603,-0.07197793059985104
full_tt,tt,1.8,27,5,,90,0.44588196301656,-0.07745352537231806
full_tt,tt,1.8,27,5,,91,0.44859383775926,-0.08568219089921417
full_tt,tt,1.8,27,5,,92,0.45132842519546,-0.08560449994604369
full_tt,tt,1.8,27,5,,93,0.45404033444307,-0.09382054653439047
full_tt,tt,1.8,27,5,,94,0.45675990143735,-0.09923604576913801
full_tt,tt,1.8,27,5,,95,0.45947195341832,-0.10739989272869772
full_tt,tt,1.8,27,5,,96,0.462418042454523,-0.029973045203003527
full_tt,tt,1.8,27,5,,97,0.465129724542595,-0.03827216727953799
full_tt,tt,1.8,27,5,,98,0.46784902743670004,-0.04378425172112495
full_tt,tt,1.8,27,5,,99,0.47056081879424,-0.05204341239222897
full_tt,tt,1.8,27,5,,100,0.47329530327668,-0.052003373099885106
full_tt,tt,1.8,27,5,,101,0.47600709819844,-0.060261230284786346
full_tt,tt,1.8,27,5,,102,0.47872653744216,-0.06572344972434102
full_tt,tt,1.8,27,5,,103,0.48143846971655996,-0.07393107508663986
full_tt,tt,1.8,27,5,,104,0.484203240116473,-0.06281504311845408
full_tt,tt,1.8,27,5,,105,0.48691505676732,-0.07106495366583333
full_tt,tt,1.8,27,5,,106,0.48963450870216,-0.076522531781466
full_tt,tt,1.8,27,5,,107,0.49234644171788,-0.08472988603244858
full_tt,tt,1.8,27,5,,108,0.49508108173324,-0.0846329661293664
full_tt,tt,1.8,27,5,,109,0.49779303871512004,-0.0928315556132426
full_tt,tt,1.8,27,5,,110,0.500512636129,-0.09823592996570239
full_tt,tt,1.8,27,5,,111,0.5032247407345599,-0.1063805313609123
full_tt,tt,1.8,27,5,,112,0.5060500190082531,-0.07313590555315029
full_tt,tt,1.8,27,5,,113,0.5087618707335759,-0.08137298886367716
full_tt,tt,1.8,27,5,,114,0.5114813557316801,-0.08681847527128639
full_tt,tt,1.8,27,5,,115,0.5141933166327199,-0.09501563146240448
full_tt,tt,1.8,27,5,,116,0.5169279887381599,-0.0949069757586228
full_tt,tt,1.8,27,5,,117,0.5196399627205199,-0.10309934792413093
full_tt,tt,1.8,27,5,,118,0.52235957972616,-0.10849655729007932
full_tt,tt,1.8,27,5,,119,0.52507169500866,-0.11663725397576336
full_tt,tt,1.8,27,5,,120,0.527836665539181,-0.10544803138523257
full_tt,tt,1.8,27,5,,121,0.530548653998609,-0.11363510908012132
full_tt,tt,1.8,27,5,,122,0.53326828105964,-0.11902864104594561
full_tt,tt,1.8,27,5,,123,0.53598041595718,-0.127162164231314
full_tt,tt,1.8,27,5,,124,0.5387152449104,-0.12699614705370876
full_tt,tt,1.8,27,5,,125,0.54142739270616,-0.13512495317574544
full_tt,tt,1.8,27,5,,126,0.54414719392275,-0.14045479396567576
full_tt,tt,1.8,27,5,,127,0.54685949224197,-0.1485285515081257
full_tt,tt,1.8,27,5,,128,0.55053259887003,0.19477901532525266
full_tt,tt,1.8,27,5,,129,0.55324423507772,0.1864631141376094
full_tt,tt,1.8,27,5,,130,0.5559634873281101,0.18093250856598583
full_tt,tt,1.8,27,5,,131,0.5586752297878,0.1726554652526196
full_tt,tt,1.8,27,5,,132,0.5614096491481,0.17267168844800349
full_tt,tt,1.8,27,5,,133,0.5641213846263,0.16439209190398937
full_tt,tt,1.8,27,5,,134,0.5668407534701401,0.15890412622265365
full_tt,tt,1.8,27,5,,135,0.5695526135205999,0.15067008753370764
full_tt,tt,1.8,27,5,,136,0.57231731580484,0.1617612086272402
full_tt,tt,1.8,27,5,,137,0.57502903642687,0.15347617896959978
full_tt,tt,1.8,27,5,,138,0.5777484061296,0.14798852739655136
full_tt,tt,1.8,27,5,,139,0.58046026451113,0.13975387835610523
full_tt,tt,1.8,27,5,,140,0.5831948211097999,0.13982029158398745
full_tt,tt,1.8,27,5,,141,0.58590668155986,0.13158639903455846
full_tt,tt,1.8,27,5,,142,0.5886261853216,0.12614777475659725
full_tt,tt,1.8,27,5,,143,0.5913382024146,0.11797116876798393
full_tt,tt,1.8,27,5,,144,0.5941633688204869,0.15117488292093284
full_tt,tt,1.8,27,5,,145,0.596875116521983,0.1428997566109404
full_tt,tt,1.8,27,5,,146,0.5995944867262,0.13741228843887907
full_tt,tt,1.8,27,5,,147,0.60230633825241,0.12917513230994312
full_tt,tt,1.8,27,5,,148,0.605040887652,0.12923891273142576
full_tt,tt,1.8,27,5,,149,0.60775274781996,0.12100491701395251
full_tt,tt,1.8,27,5,,150,0.6104722497500701,0.1155656228827898
full_tt,tt,1.8,27,5,,151,0.61318424308697,0.1073803289490424
full_tt,tt,1.8,27,5,,152,0.615949069713136,0.11851692366117765
full_tt,tt,1.8,27,5,,153,0.618660942132926,0.1102874086129191
full_tt,tt,1.8,27,5,,154,0.62138044569952,0.10484871296731464
full_tt,tt,1.8,27,5,,155,0.62409244547834,0.09666577493577831
full_tt,tt,1.8,27,5,,156,0.62682713041792,0.09677912426793359
full_tt,tt,1.8,27,5,,157,0.62953914175032,0.08860041154560708
full_tt,tt,1.8,27,5,,158,0.63225879258688,0.08321557463038484
full_tt,tt,1.8,27,5,,159,0.63497093919535,0.07508633429941776
full_tt,tt,1.8,27,5,,160,0.637917125485516,0.1525487489887415
full_tt,tt,1.8,27,5,,161,0.6406288713364321,0.14427294589519793
full_tt,tt,1.8,27,5,,162,0.6433482503444,0.13878869738058647
full_tt,tt,1.8,27,5,,163,0.6460601123522,0.13055537451882468
full_tt,tt,1.8,27,5,,164,0.6487946639024,0.13061994144915648
full_tt,tt,1.8,27,5,,165,0.65150652060936,0.12238467999452497
full_tt,tt,1.8,27,5,,166,0.65422602683749,0.1169469577106546
full_tt,tt,1.8,27,5,,167,0.6569380133834399,0.10875918022946962
full_tt,tt,1.8,27,5,,168,0.659702842170048,0.1198965650461251
full_tt,tt,1.8,27,5,,169,0.6624147031844,0.11166287886628165
full_tt,tt,1.8,27,5,,170,0.66513420899125,0.10622500251429301
full_tt,tt,1.8,27,5,,171,0.66784619110566,0.09803560435569483
full_tt,tt,1.8,27,5,,172,0.6705808613861199,0.09814359263815829
full_tt,tt,1.8,27,5,,173,0.67329286729876,0.0899628978322247
full_tt,tt,1.8,27,5,,174,0.67601249612036,0.08457000973164344
full_tt,tt,1.8,27,5,,175,0.67872463512337,0.07643798797533106
full_tt,tt,1.8,27,5,,176,0.681549951386948,0.10969650722671533
full_tt,tt,1.8,27,5,,177,0.684261827393032,0.10146830373741977
full_tt,tt,1.8,27,5,,178,0.68698133039284,0.09602940081005533
full_tt,tt,1.8,27,5,,179,0.68969331939494,0.08784252157807618
full_tt,tt,1.8,27,5,,180,0.6924280133917,0.08795918325030731
full_tt,tt,1.8,27,5,,181,0.69514000292374,0.0797724978249497
full_tt,tt,1.8,27,5,,182,0.69785963439296,0.0743805779967894
full_tt,tt,1.8,27,5,,183,0.7005717641358,0.0662451696639924
full_tt,tt,1.8,27,5,,184,0.703336727664365,0.07743183153918055
full_tt,tt,1.8,27,5,,185,0.70604873540016,0.06925180348710164
full_tt,tt,1.8,27,5,,186,0.70876837766135,0.06386383043661681
full_tt,tt,1.8,27,5,,187,0.7114805016651,0.05572632323654554
full_tt,tt,1.8,27,5,,188,0.7142153436648999,0.05589711173480997
full_tt,tt,1.8,27,5,,189,0.7169274791553,0.04776380536684753
full_tt,tt,1.8,27,5,,190,0.71964726139848,0.04242702572984822
full_tt,tt,1.8,27,5,,191,0.72235955738025,0.03435241334861822
full_tt,tt,1.8,27,5,,192,0.7255479065084449,0.20037723737419
full_tt,tt,1.8,27,5,,193,0.728259679664325,0.19211142009599566
full_tt,tt,1.8,27,5,,194,0.730979062158,0.1866284463542911
full_tt,tt,1.8,27,5,,195,0.7336909206764,0.17839384736914457
full_tt,tt,1.8,27,5,,196,0.73642547493428,0.17845940453672224
full_tt,tt,1.8,27,5,,197,0.7391373249456801,0.17022169442019017
full_tt,tt,1.8,27,5,,198,0.74185683481496,0.16478530375678702
full_tt,tt,1.8,27,5,,199,0.74456880968995,0.15659325803885135
full_tt,tt,1.8,27,5,,200,0.747333630698735,0.16772779839454546
full_tt,tt,1.8,27,5,,201,0.750045479698775,0.15948971840917434
full_tt,tt,1.8,27,5,,202,0.75276497597004,0.15404835475753284
full_tt,tt,1.8,27,5,,203,0.7554769479568799,0.1458552528017825
full_tt,tt,1.8,27,5,,204,0.7582116239759199,0.14596533976499262
full_tt,tt,1.8,27,5,,205,0.76092360297684,0.1377748029586558
full_tt,tt,1.8,27,5,,206,0.7636432309706399,0.13238161211977026
full_tt,tt,1.8,27,5,,207,0.76635535098308,0.12424264524075365
full_tt,tt,1.8,27,5,,208,0.769180647911636,0.15749409339828652
full_tt,tt,1.8,27,5,,209,0.771892514988592,0.14926262439936572
full_tt,tt,1.8,27,5,,210,0.77461199999172,0.1438171398290576
full_tt,tt,1.8,27,5,,211,0.7773239695683399,0.13562315642149414
full_tt,tt,1.8,27,5,,212,0.78005864724661,0.13573385018885023
full_tt,tt,1.8,27,5,,213,0.78277061199844,0.12753810228661322
full_tt,tt,1.8,27,5,,214,0.78549022325651,0.12213879095221664
full_tt,tt,1.8,27,5,,215,0.7882023332592399,0.11399616337919433
full_tt,tt,1.8,27,5,,216,0.790967275507482,0.1251750427363163
full_tt,tt,1.8,27,5,,217,0.79367926250973,0.11698743212986887
full_tt,tt,1.8,27,5,,218,0.7963988882623,0.1115934216411217
full_tt,tt,1.8,27,5,,219,0.79911098926983,0.10344750439498643
full_tt,tt,1.8,27,5,,220,0.80184580551416,0.10360887374994426
full_tt,tt,1.8,27,5,,221,0.80455791927532,0.09546762068850967
full_tt,tt,1.8,27,5,,222,0.80727769208812,0.09012739222677218
full_tt,tt,1.8,27,5,,223,0.80998994139298,0.08203570943265959
full_tt,tt,1.8,27,5,,224,0.812936251089872,0.1595432557246162
full_tt,tt,1.8,27,5,,225,0.815648115394332,0.15131077278429725
full_tt,tt,1.8,27,5,,226,0.81836761218678,0.1458695997367191
full_tt,tt,1.8,27,5,,227,0.8210795913869,0.13767913578062366
full_tt,tt,1.8,27,5,,228,0.82381425639262,0.13778519501528308
full_tt,tt,1.8,27,5,,229,0.82652623206692,0.12959344161645603
full_tt,tt,1.8,27,5,,230,0.8292458470848,0.12419550529829491
full_tt,tt,1.8,27,5,,231,0.83195794869926,0.11604981001511307
full_tt,tt,1.8,27,5,,232,0.83472290509299,0.1272338625792356
full_tt,tt,1.8,27,5,,233,0.837434877400384,0.11904087785471315
full_tt,tt,1.8,27,5,,234,0.84015448632688,0.11364071383038014
full_tt,tt,1.8,27,5,,235,0.8428665961577401,0.10549802340209778
full_tt,tt,1.8,27,5,,236,0.8456013896993501,0.10565109004805404
full_tt,tt,1.8,27,5,,237,0.84831351323096,0.0975134101797234
full_tt,tt,1.8,27,5,,238,0.85103327051154,0.09216750136317842
full_tt,tt,1.8,27,5,,239,0.8537455471692801,0.08408582190814481
full_tt,tt,1.8,27,5,,240,0.856570980476478,0.11738714568338084
full_tt,tt,1.8,27,5,,241,0.8592829561781521,0.10919540229565428
full_tt,tt,1.8,27,5,,242,0.8620025817039201,0.10380130886224899
full_tt,tt,1.8,27,5,,243,0.864714699,0.09566134857140339
full_tt,tt,1.8,27,5,,244,0.8674495132522,0.0958219893759958
full_tt,tt,1.8,27,5,,245,0.87016163,0.08768182857145186
full_tt,tt,1.8,27,5,,246,0.872881394,0.08233837714288127
full_tt,tt,1.8,27,5,,247,0.875593644,0.07424694857145857
full_tt,tt,1.8,27,5,,248,0.878358759,0.08548900571428573
full_tt,tt,1.8,27,5,,249,0.881070889,0.07735369142855981
full_tt,tt,1.8,27,5,,250,0.883790662,0.07201353142858936
full_tt,tt,1.8,27,5,,251,0.886502932,0.0639294171428771
full_tt,tt,1.8,27,5,,252,0.889237914,0.06415140571432078
full_tt,tt,1.8,27,5,,253,0.891950194,0.05607094857140283
full_tt,tt,1.8,27,5,,254,0.894670129,0.05079003428570721
full_tt,tt,1.8,27,5,,255,0.8973825692915101,0.04276819803798
full_ss,ss,1.8,27,5,,0,0.20006492680260202,0.023744659237304892
full_ss,ss,1.8,27,5,,1,0.202774553350873,0.014693796890686681
full_ss,ss,1.8,27,5,,2,0.20549183413088,0.008442196436117148
full_ss,ss,1.8,27,5,,3,0.20820176795674,-0.0004962901065194307
full_ss,ss,1.8,27,5,,4,0.21093417569478,-0.0012157459090238784
full_ss,ss,1.8,27,5,,5,0.21364425981774,-0.010099266655093484
full_ss,ss,1.8,27,5,,6,0.21636190399753,-0.01621796661760909
full_ss,ss,1.8,27,5,,7,0.2190722941451,-0.0249895697920063
full_ss,ss,1.8,27,5,,8,0.221834844729112,-0.014685356210476033
full_ss,ss,1.8,27,5,,9,0.224545196447548,-0.023471013468159593
full_ss,ss,1.8,27,5,,10,0.22726308553783,-0.02950014616503032
full_ss,ss,1.8,27,5,,11,0.229973667122,-0.03820173824001318
full_ss,ss,1.8,27,5,,12,0.23270668283353,-0.03869884945189028
full_ss,ss,1.8,27,5,,13,0.23541735189503998,-0.04736844981395499
full_ss,ss,1.8,27,5,,14,0.2381356581462,-0.053245020818286956
full_ss,ss,1.8,27,5,,15,0.2408466124218,-0.06181031431314718
full_ss,ss,1.8,27,5,,16,0.243669239559962,-0.02953524664247555
full_ss,ss,1.8,27,5,,17,0.24637994769502,-0.03819055724982994
full_ss,ss,1.8,27,5,,18,0.2490982578522,-0.04406569976686521
full_ss,ss,1.8,27,5,,19,0.25180913064199,-0.052660793786511055
full_ss,ss,1.8,27,5,,20,0.25454249992165,-0.05302860008228549
full_ss,ss,1.8,27,5,,21,0.2572535134624,-0.0615722194651523
full_ss,ss,1.8,27,5,,22,0.2599720764656,-0.06735489258056354
full_ss,ss,1.8,27,5,,23,0.26268327898421,-0.07582940006033466
full_ss,ss,1.8,27,5,,24,0.26544670150874,-0.0652063053750851
full_ss,ss,1.8,27,5,,25,0.26815778541272,-0.07372419191954448
full_ss,ss,1.8,27,5,,26,0.27087650547807,-0.0794494251629731
full_ss,ss,1.8,27,5,,27,0.27358781507738,-0.08788477170101926
full_ss,ss,1.8,27,5,,28,0.27632160702485997,-0.08809800233692044
full_ss,ss,1.8,27,5,,29,0.27903298358669,-0.09650885972480491
full_ss,ss,1.8,27,5,,30,0.28175197097193,-0.10213633026560437
full_ss,ss,1.8,27,5,,31,0.28446354289322,-0.11047574190811817
full_ss,ss,1.8,27,5,,32,0.287406152826094,-0.03432125217133018
full_ss,ss,1.8,27,5,,33,0.290117283916465,-0.04282188197850344
full_ss,ss,1.8,27,5,,34,0.29283600902011997,-0.04854527264183974
full_ss,ss,1.8,27,5,,35,0.29554736330141,-0.05696427834148413
full_ss,ss,1.8,27,5,,36,0.29828113126752,-0.05718627930698566
full_ss,ss,1.8,27,5,,37,0.30099249198574,-0.06560293092935662
full_ss,ss,1.8,27,5,,38,0.30371144395176,-0.07124335478491974
full_ss,ss,1.8,27,5,,39,0.30642300447846,-0.07958693359177411
full_ss,ss,1.8,27,5,,40,0.309186808895356,-0.06882417541267014
full_ss,ss,1.8,27,5,,41,0.311898225205916,-0.07722049612216406
full_ss,ss,1.8,27,5,,42,0.31461727009,-0.08282693851427325
full_ss,ss,1.8,27,5,,43,0.31732887430652,-0.09115453932981918
full_ss,ss,1.8,27,5,,44,0.32006297088416,-0.09125636236433365
full_ss,ss,1.8,27,5,,45,0.3227746322986,-0.09956304508343855
full_ss,ss,1.8,27,5,,46,0.3254938808538,-0.10509500203886953
full_ss,ss,1.8,27,5,,47,0.32820572861867003,-0.11333353374352231
full_ss,ss,1.8,27,5,,48,0.331029347450392,-0.0806957895709307
full_ss,ss,1.8,27,5,,49,0.333740894230369,-0.0890443957507614
full_ss,ss,1.8,27,5,,50,0.33646002593438,-0.09461908685531334
full_ss,ss,1.8,27,5,,51,0.3391717776516,-0.10289274455772102
full_ss,ss,1.8,27,5,,52,0.34190595533946,-0.10296490442604929
full_ss,ss,1.8,27,5,,53,0.34461772386452,-0.1112324152612538
full_ss,ss,1.8,27,5,,54,0.34733706100867,-0.11673197397211003
full_ss,ss,1.8,27,5,,55,0.35004900502788,-0.12493530408960397
full_ss,ss,1.8,27,5,,56,0.35281313645985,-0.11405295182628704
full_ss,ss,1.8,27,5,,57,0.355524924684224,-0.1223132583409381
full_ss,ss,1.8,27,5,,58,0.35824434506284,-0.12778237701851936
full_ss,ss,1.8,27,5,,59,0.36095632381311005,-0.13597300549118277
full_ss,ss,1.8,27,5,,60,0.36369077556916,-0.13594493470719726
full_ss,ss,1.8,27,5,,61,0.36640276686904,-0.14413097360823762
full_ss,ss,1.8,27,5,,62,0.36912240374112,-0.14952091753325394
full_ss,ss,1.8,27,5,,63,0.37183459668697,-0.15763321162239663
full_ss,ss,1.8,27,5,,64,0.375016671108464,0.006096862523971173
full_ss,ss,1.8,27,5,,65,0.377728245449792,-0.002241664076072831
full_ss,ss,1.8,27,5,,66,0.38044735812307,-0.007823314991546633
full_ss,ss,1.8,27,5,,67,0.38315905308528003,-0.016117728811865715
full_ss,ss,1.8,27,5,,68,0.3858932100056,-0.01619748366627911
full_ss,ss,1.8,27,5,,69,0.38860492089855997,-0.024486071383782768
full_ss,ss,1.8,27,5,,70,0.39132420446944,-0.030005222604805634
full_ss,ss,1.8,27,5,,71,0.3940361155094,-0.03822061370515582
full_ss,ss,1.8,27,5,,72,0.39680018948615003,-0.027359273636550697
full_ss,ss,1.8,27,5,,73,0.39951193359356796,-0.03563571435228547
full_ss,ss,1.8,27,5,,74,0.40223125419024003,-0.041141324712218166
full_ss,ss,1.8,27,5,,75,0.40494317149395,-0.049354425069724685
full_ss,ss,1.8,27,5,,76,0.40767751620176,-0.049365503356345444
full_ss,ss,1.8,27,5,,77,0.4103894514883,-0.05757202713598174
full_ss,ss,1.8,27,5,,78,0.4131089351001,-0.06301802053485517
full_ss,ss,1.8,27,5,,79,0.4158210455598,-0.07116048098743429
full_ss,ss,1.8,27,5,,80,0.418644927718335,-0.03842643443748882
full_ss,ss,1.8,27,5,,81,0.42135671118817997,-0.04668847975133466
full_ss,ss,1.8,27,5,,82,0.42407605131715,-0.052186946870855476
full_ss,ss,1.8,27,5,,83,0.4267880043789,-0.06038697000227396
full_ss,ss,1.8,27,5,,84,0.42952240611145004,-0.060377193526842836
full_ss,ss,1.8,27,5,,85,0.4322343337535,-0.06858651300569413
full_ss,ss,1.8,27,5,,86,0.4349538870998,-0.07400700350172786
full_ss,ss,1.8,27,5,,87,0.4376660218724,-0.08214057237941981
full_ss,ss,1.8,27,5,,88,0.440430340734115,-0.0711896743807878
full_ss,ss,1.8,27,5,,89,0.44314231241449004,-0.07938288841507253
full_ss,ss,1.8,27,5,,90,0.44586186415246,-0.08480396710033185
full_ss,ss,1.8,27,5,,91,0.44857399597104003,-0.09293861630536884
full_ss,ss,1.8,27,5,,92,0.45130858602436,-0.09285996823403968
full_ss,ss,1.8,27,5,,93,0.45402073781312,-0.10098731405895885
full_ss,ss,1.8,27,5,,94,0.45674052040668,-0.10632396555702632
full_ss,ss,1.8,27,5,,95,0.45945286009638,-0.11438259332389782
full_ss,ss,1.8,27,5,,96,0.462396225873102,-0.03795168069412317
full_ss,ss,1.8,27,5,,97,0.46510806090372003,-0.0461948694966655
full_ss,ss,1.8,27,5,,98,0.46782744754026,-0.051676328133477716
full_ss,ss,1.8,27,5,,99,0.47053947749387,-0.05984823081326292
full_ss,ss,1.8,27,5,,100,0.47327389763112,-0.05983172347612254
full_ss,ss,1.8,27,5,,101,0.4759858921105,-0.06801659958855209
full_ss,ss,1.8,27,5,,102,0.47870551324811,-0.07341229783404758
full_ss,ss,1.8,27,5,,103,0.48141769021784,-0.08153043461851846
full_ss,ss,1.8,27,5,,104,0.48418205634523803,-0.07056225088437681
full_ss,ss,1.8,27,5,,105,0.486894043252517,-0.0787498962223562
full_ss,ss,1.8,27,5,,106,0.48961365889011,-0.08414760590261901
full_ss,ss,1.8,27,5,,107,0.49232582698514005,-0.09226898829163183
full_ss,ss,1.8,27,5,,108,0.49506044567288,-0.09217986820388546
full_ss,ss,1.8,27,5,,109,0.49777264098111,-0.10029129833690881
full_ss,ss,1.8,27,5,,110,0.50049239885137,-0.10563699149896269
full_ss,ss,1.8,27,5,,111,0.50320477086944,-0.11368379631903737
full_ss,ss,1.8,27,5,,112,0.506028890498108,-0.08086290354908346
full_ss,ss,1.8,27,5,,113,0.508740922824434,-0.08903393849274316
full_ss,ss,1.8,27,5,,114,0.51146053143032,-0.09443421976868649
full_ss,ss,1.8,27,5,,115,0.51417274974244,-0.10253723705050431
full_ss,ss,1.8,27,5,,116,0.5169074002672001,-0.10243647370966107
full_ss,ss,1.8,27,5,,117,0.51961959026881,-0.11054984454947966
full_ss,ss,1.8,27,5,,118,0.5223393851737,-0.11588199361828597
full_ss,ss,1.8,27,5,,119,0.5250517636978,-0.1239264190902694
full_ss,ss,1.8,27,5,,120,0.527816310468612,-0.11289217147902622
full_ss,ss,1.8,27,5,,121,0.530528525474133,-0.1209963980313335
full_ss,ss,1.8,27,5,,122,0.5332483555879399,-0.12631567069624747
full_ss,ss,1.8,27,5,,123,0.5359607376154399,-0.1343588149248376
full_ss,ss,1.8,27,5,,124,0.5386955699357701,-0.13419156634695031
full_ss,ss,1.8,27,5,,125,0.54140797740502,-0.14222540616409723
full_ss,ss,1.8,27,5,,126,0.54412794261688,-0.14749527154098782
full_ss,ss,1.8,27,5,,127,0.54684054225003,-0.15545883427474141
full_ss,ss,1.8,27,5,,128,0.5505014388246999,0.18338334160452927
full_ss,ss,1.8,27,5,,129,0.5532131699923151,0.17510216861808203
full_ss,ss,1.8,27,5,,130,0.5559324607924,0.16958566122058627
full_ss,ss,1.8,27,5,,131,0.5586443267280901,0.16135377484439622
full_ss,ss,1.8,27,5,,132,0.5613786472351,0.16133384597943795
full_ss,ss,1.8,27,5,,133,0.5640905141292,0.15310231010740186
full_ss,ss,1.8,27,5,,134,0.56680995836906,0.14764191782765987
full_ss,ss,1.8,27,5,,135,0.5695220080693,0.13947723677257987
full_ss,ss,1.8,27,5,,136,0.57228622034014,0.1503891529655123
full_ss,ss,1.8,27,5,,137,0.57499809966227,0.14216216220160863
full_ss,ss,1.8,27,5,,138,0.5777175359318,0.13669885505826027
full_ss,ss,1.8,27,5,,139,0.5804295723606,0.12852932044799967
full_ss,ss,1.8,27,5,,140,0.583164045655,0.1285652681143087
full_ss,ss,1.8,27,5,,141,0.5858760770133,0.12039387914975513
full_ss,ss,1.8,27,5,,142,0.5885956942976499,0.11499677171197424
full_ss,ss,1.8,27,5,,143,0.59130791495071,0.10689461054535547
full_ss,ss,1.8,27,5,,144,0.594131857952905,0.13965090849097805
full_ss,ss,1.8,27,5,,145,0.59684373178039,0.13142190825691713
full_ss,ss,1.8,27,5,,146,0.5995631855088,0.125964986075441
full_ss,ss,1.8,27,5,,147,0.60227521584819,0.1177932244809199
full_ss,ss,1.8,27,5,,148,0.60500967261103,0.11782312631952761
full_ss,ss,1.8,27,5,,149,0.60772172255942,0.10965853601646815
full_ss,ss,1.8,27,5,,150,0.61044132675427,0.10425664156161117
full_ss,ss,1.8,27,5,,151,0.6131535234456,0.09614571724804527
full_ss,ss,1.8,27,5,,152,0.6159179117447879,0.10712200952245407
full_ss,ss,1.8,27,5,,153,0.618629940450072,0.09894965031203844
full_ss,ss,1.8,27,5,,154,0.6213495617249299,0.09355400226009385
full_ss,ss,1.8,27,5,,155,0.6240617556490801,0.08544206594929653
full_ss,ss,1.8,27,5,,156,0.6267963960655201,0.08553913253308565
full_ss,ss,1.8,27,5,,157,0.6295086050169401,0.07743269190951553
full_ss,ss,1.8,27,5,,158,0.63222840467064,0.07210227954833012
full_ss,ss,1.8,27,5,,159,0.63494078228664,0.06405752197118936
full_ss,ss,1.8,27,5,,160,0.6378841969678559,0.14050631967303875
full_ss,ss,1.8,27,5,,161,0.640596080716896,0.13228094789342648
full_ss,ss,1.8,27,5,,162,0.64331553124744,0.12682285620663997
full_ss,ss,1.8,27,5,,163,0.6460275511751999,0.11864728693024876
full_ss,ss,1.8,27,5,,164,0.6487620151788001,0.11867983681830603
full_ss,ss,1.8,27,5,,165,0.65147403490616,0.11050419425280163
full_ss,ss,1.8,27,5,,166,0.65419364205879,0.10510338150039292
full_ss,ss,1.8,27,5,,167,0.65690584837552,0.09699597733304342
full_ss,ss,1.8,27,5,,168,0.659670228888418,0.10796942204998622
full_ss,ss,1.8,27,5,,169,0.66238224426364,0.09979218784548852
full_ss,ss,1.8,27,5,,170,0.66510186299036,0.09439560790310356
full_ss,ss,1.8,27,5,,171,0.66781404574475,0.0862795866514635
full_ss,ss,1.8,27,5,,172,0.6705486790023101,0.08637403513055071
full_ss,ss,1.8,27,5,,173,0.6732608623781601,0.07825824115566808
full_ss,ss,1.8,27,5,,174,0.6759806361834401,0.07291837565808075
full_ss,ss,1.8,27,5,,175,0.6786930180659401,0.0648751784009554
full_ss,ss,1.8,27,5,,176,0.681517130793709,0.09769354741361473
full_ss,ss,1.8,27,5,,177,0.6842291470251289,0.08951662633287633
full_ss,ss,1.8,27,5,,178,0.68694875273899,0.08411528740205249
full_ss,ss,1.8,27,5,,179,0.68966096469006,0.07600994379337019
full_ss,ss,1.8,27,5,,180,0.69239558591124,0.07609999039634172
full_ss,ss,1.8,27,5,,181,0.69510778728032,0.06799077680276307
full_ss,ss,1.8,27,5,,182,0.69782754695076,0.06264574199223359
full_ss,ss,1.8,27,5,,183,0.70053989453582,0.05459000167129651
full_ss,ss,1.8,27,5,,184,0.703304469008048,0.06563438008612366
full_ss,ss,1.8,27,5,,185,0.7060166535250301,0.05751900343958434
full_ss,ss,1.8,27,5,,186,0.70873644578676,0.052185887729397765
full_ss,ss,1.8,27,5,,187,0.71144880961578,0.04413608805667277
full_ss,ss,1.8,27,5,,188,0.7141836226126,0.04429626975085707
full_ss,ss,1.8,27,5,,189,0.71689599265908,0.03624874389211235
full_ss,ss,1.8,27,5,,190,0.71961594062028,0.03097256970241753
full_ss,ss,1.8,27,5,,191,0.72232850601895,0.022996486930334674
full_ss,ss,1.8,27,5,,192,0.725510980018125,0.1868726923428962
full_ss,ss,1.8,27,5,,193,0.728222845811648,0.17864075397410165
full_ss,ss,1.8,27,5,,194,0.73094228826725,0.17317970916573294
full_ss,ss,1.8,27,5,,195,0.73365428663294,0.16499625433234705
full_ss,ss,1.8,27,5,,196,0.7363887399348,0.16502489044118615
full_ss,ss,1.8,27,5,,197,0.7391007477254,0.15684488243205613
full_ss,ss,1.8,27,5,,198,0.7418203650845501,0.1514478023497239
full_ss,ss,1.8,27,5,,199,0.7445325397611,0.14332882691657492
full_ss,ss,1.8,27,5,,200,0.747296904398108,0.1542964655938103
full_ss,ss,1.8,27,5,,201,0.750008918141325,0.14611863454173804
full_ss,ss,1.8,27,5,,202,0.7527285100372,0.1407122421760424
full_ss,ss,1.8,27,5,,203,0.75544071641412,0.13260486002102265
full_ss,ss,1.8,27,5,,204,0.75817533295164,0.13269319374261712
full_ss,ss,1.8,27,5,,205,0.76088751921676,0.12457845641510598
full_ss,ss,1.8,27,5,,206,0.76360727891405,0.1192334314240335
full_ss,ss,1.8,27,5,,207,0.76631963584688,0.11118110971616652
full_ss,ss,1.8,27,5,,208,0.769143747985968,0.14399926343969582
full_ss,ss,1.8,27,5,,209,0.7718557668488121,0.13582330470841597
full_ss,ss,1.8,27,5,,210,0.77457535785,0.13041658514286578
full_ss,ss,1.8,27,5,,211,0.77728753204143,0.1222974322944229
full_ss,ss,1.8,27,5,,212,0.78002215197117,0.12238700659935377
full_ss,ss,1.8,27,5,,213,0.78273432740088,0.11426830660752786
full_ss,ss,1.8,27,5,,214,0.7854540892213401,0.10892405809008616
full_ss,ss,1.8,27,5,,215,0.78816643107458,0.10086622156068513
full_ss,ss,1.8,27,5,,216,0.790930969141488,0.11189728602991929
full_ss,ss,1.8,27,5,,217,0.793643153125584,0.10378171449933202
full_ss,ss,1.8,27,5,,218,0.79636292584761,0.09844145284022586
full_ss,ss,1.8,27,5,,219,0.79907527685016,0.0903869623442282
full_ss,ss,1.8,27,5,,220,0.8018100774088099,0.09054259522193726
full_ss,ss,1.8,27,5,,221,0.80452243811721,0.0824916542939848
full_ss,ss,1.8,27,5,,222,0.8072423925351,0.07721784140804695
full_ss,ss,1.8,27,5,,223,0.80995492401805,0.06922935517256487
full_ss,ss,1.8,27,5,,224,0.81289851797834,0.14574371779291695
full_ss,ss,1.8,27,5,,225,0.815610548538385,0.13757203689509978
full_ss,ss,1.8,27,5,,226,0.81833014608124,0.1321677097106593
full_ss,ss,1.8,27,5,,227,0.82104234610464,0.12405800398267633
full_ss,ss,1.8,27,5,,228,0.82377696912468,0.12414870845438893
full_ss,ss,1.8,27,5,,229,0.82648915889992,0.1160352548278963
full_ss,ss,1.8,27,5,,230,0.82920895411372,0.11070321873189318
full_ss,ss,1.8,27,5,,231,0.83192131924826,0.10265389650653237
full_ss,ss,1.8,27,5,,232,0.834685876873944,0.1136921138995766
full_ss,ss,1.8,27,5,,233,0.83739807212736,0.10558066372019377
full_ss,ss,1.8,27,5,,234,0.8401178541780401,0.10024381368322924
full_ss,ss,1.8,27,5,,235,0.8428302349998,0.09220022849831366
full_ss,ss,1.8,27,5,,236,0.84556504788126,0.09236036800367792
full_ss,ss,1.8,27,5,,237,0.84827742694664,0.08431614048553067
full_ss,ss,1.8,27,5,,238,0.8509973961724601,0.07904774307109262
full_ss,ss,1.8,27,5,,239,0.85370995320175,0.07106859949715272
full_ss,ss,1.8,27,5,,240,0.856534281871703,0.10396594165139765
full_ss,ss,1.8,27,5,,241,0.8592465140098999,0.09586798076343582
full_ss,ss,1.8,27,5,,242,0.8619663318879499,0.0905442333074445
full_ss,ss,1.8,27,5,,243,0.86467873673188,0.08250943337324251
full_ss,ss,1.8,27,5,,244,0.8674135819962999,0.08268141578968523
full_ss,ss,1.8,27,5,,245,0.8701259859972,0.07464630754745778
full_ss,ss,1.8,27,5,,246,0.87284599563345,0.06939268880460402
full_ss,ss,1.8,27,5,,247,0.875558587,0.06142610285719132
full_ss,ss,1.8,27,5,,248,0.878323371633919,0.0725473404046641
full_ss,ss,1.8,27,5,,249,0.881035818635988,0.06452795830418674
full_ss,ss,1.8,27,5,,250,0.883755854,0.059283748571447505
full_ss,ss,1.8,27,5,,251,0.886468472,0.051326902857178024
full_ss,ss,1.8,27,5,,252,0.889203544,0.05158180571433897
full_ss,ss,1.8,27,5,,253,0.891916166,0.043626422857130365
full_ss,ss,1.8,27,5,,254,0.894636421,0.03846253714284233
full_ss,ss,1.8,27,5,,255,0.897349274,0.03059163428572122
full_ff,ff,1.8,27,5,,0,0.20018639314214798,0.06816663484268508
full_ff,ff,1.8,27,5,,1,0.20289342513363998,0.058166906016897515
full_ff,ff,1.8,27,5,,2,0.20560825966822002,0.051020678663320496
full_ff,ff,1.8,27,5,,3,0.20831570019426998,0.04117035676158716
full_ff,ff,1.8,27,5,,4,0.21104609516907,0.03971480468845609
full_ff,ff,1.8,27,5,,5,0.2137538581422,0.029982406290279026
full_ff,ff,1.8,27,5,,6,0.216469430168,0.02310589001141799
full_ff,ff,1.8,27,5,,7,0.219177598617,0.01352177993142943
full_ff,ff,1.8,27,5,,8,0.22193899213198,0.023402836838398246
full_ff,ff,1.8,27,5,,9,0.224647356699105,0.013890449958395836
full_ff,ff,1.8,27,5,,10,0.22736345359432,0.0072058859227399
full_ff,ff,1.8,27,5,,11,0.2300721471178,-0.002186196918866504
full_ff,ff,1.8,27,5,,12,0.2328037410878,-0.003203259318859913
full_ff,ff,1.8,27,5,,13,0.23551264157085,-0.012519654089148602
full_ff,ff,1.8,27,5,,14,0.23822931601612,-0.01899299981897481
full_ff,ff,1.8,27,5,,15,0.24093856504101,-0.028181927859206115
full_ff,ff,1.8,27,5,,16,0.24376168905655202,0.004274854967586553
full_ff,ff,1.8,27,5,,17,0.246470921084501,-0.004920289096779535
full_ff,ff,1.8,27,5,,18,0.24918787810276,-0.011290293847778798
full_ff,ff,1.8,27,5,,19,0.25189736014874,-0.02039400274652183
full_ff,ff,1.8,27,5,,20,0.25462969215691,-0.021141154044345613
full_ff,ff,1.8,27,5,,21,0.25733933916983,-0.03018453217647123
full_ff,ff,1.8,27,5,,22,0.26005671207787,-0.036402440093244844
full_ff,ff,1.8,27,5,,23,0.2627665971493,-0.04535875682742179
full_ff,ff,1.8,27,5,,24,0.265529657234639,-0.03486821133202105
full_ff,ff,1.8,27,5,,25,0.26823959425989,-0.043805527811652416
full_ff,ff,1.8,27,5,,26,0.27095724518206,-0.04992176198949697
full_ff,ff,1.8,27,5,,27,0.27366738822346,-0.05878373542034053
full_ff,ff,1.8,27,5,,28,0.27640037530606,-0.05929131664091512
full_ff,ff,1.8,27,5,,29,0.27911065130283,-0.06810466639359042
full_ff,ff,1.8,27,5,,30,0.28182864326954,-0.07409617571109299
full_ff,ff,1.8,27,5,,31,0.2845391285762,-0.08283297784686283
full_ff,ff,1.8,27,5,,32,0.287485159902304,-0.005427235728814952
full_ff,ff,1.8,27,5,,33,0.290195465319706,-0.01422982593607815
full_ff,ff,1.8,27,5,,34,0.29291341968086,-0.02023508814263307
full_ff,ff,1.8,27,5,,35,0.29562387535126,-0.02898272868206066
full_ff,ff,1.8,27,5,,36,0.29835718235882003,-0.029373308774397956
full_ff,ff,1.8,27,5,,37,0.3010677163698,-0.038092299044559956
full_ff,ff,1.8,27,5,,38,0.30378595532566,-0.04399348090148335
full_ff,ff,1.8,27,5,,39,0.30649666718540997,-0.05264742933578402
full_ff,ff,1.8,27,5,,40,0.309260544318768,-0.0418580777077133
full_ff,ff,1.8,27,5,,41,0.311971234857742,-0.05051982345437166
full_ff,ff,1.8,27,5,,42,0.3146896194283,-0.05636775193599826
full_ff,ff,1.8,27,5,,43,0.31740045635949005,-0.06497595995792187
full_ff,ff,1.8,27,5,,44,0.3201341603736,-0.06522134908343398
full_ff,ff,1.8,27,5,,45,0.32284507367779,-0.07380162640824244
full_ff,ff,1.8,27,5,,46,0.32556368543025,-0.07956647122286752
full_ff,ff,1.8,27,5,,47,0.32827475240199,-0.08809055012936337
full_ff,ff,1.8,27,5,,48,0.33109976641474,-0.05494256832365961
full_ff,ff,1.8,27,5,,49,0.333810721422934,-0.06350759389842357
full_ff,ff,1.8,27,5,,50,0.33652933945112,-0.06927014359039926
full_ff,ff,1.8,27,5,,51,0.33924041742443,-0.0777901990656054
full_ff,ff,1.8,27,5,,52,0.3419743393704,-0.07795588739656166
full_ff,ff,1.8,27,5,,53,0.34468546741248,-0.08645763200730375
full_ff,ff,1.8,27,5,,54,0.34740427902737997,-0.09214938427246824
full_ff,ff,1.8,27,5,,55,0.35011553702365,-0.10060360277943152
full_ff,ff,1.8,27,5,,56,0.352879995483624,-0.08960165170323973
full_ff,ff,1.8,27,5,,57,0.355591232406256,-0.09806357714065177
full_ff,ff,1.8,27,5,,58,0.35831014139616,-0.10371971797576002
full_ff,ff,1.8,27,5,,59,0.36102149440384,-0.1121391894527944
full_ff,ff,1.8,27,5,,60,0.3637556993401,-0.11220138419200713
full_ff,ff,1.8,27,5,,61,0.36646710838375,-0.1206003625142874
full_ff,ff,1.8,27,5,,62,0.36918620646048,-0.12618735159587605
full_ff,ff,1.8,27,5,,63,0.37189774331298,-0.13453958839588967
full_ff,ff,1.8,27,5,,64,0.375088580221088,0.03239505228360632
full_ff,ff,1.8,27,5,,65,0.377799786205952,0.02392181246244312
full_ff,ff,1.8,27,5,,66,0.38051864547984,0.01824748977004528
full_ff,ff,1.8,27,5,,67,0.38322992182176,0.009799980529387704
full_ff,ff,1.8,27,5,,68,0.3859640523947,0.009710590061717183
full_ff,ff,1.8,27,5,,69,0.38867536639725,0.0012768538514202582
full_ff,ff,1.8,27,5,,70,0.3913943544118,-0.00435038654172461
full_ff,ff,1.8,27,5,,71,0.3941057870213,-0.012740746496007205
full_ff,ff,1.8,27,5,,72,0.396870402019365,-0.0016815472036414902
full_ff,ff,1.8,27,5,,73,0.3995817684247,-0.010096118966852634
full_ff,ff,1.8,27,5,,74,0.4023007904178,-0.015710932918864273
full_ff,ff,1.8,27,5,,75,0.40501227143220003,-0.024083590509706355
full_ff,ff,1.8,27,5,,76,0.40774657634204,-0.02410922348253004
full_ff,ff,1.8,27,5,,77,0.41045809034232,-0.03246981766581923
full_ff,ff,1.8,27,5,,78,0.41317726445185,-0.038029000466285164
full_ff,ff,1.8,27,5,,79,0.41588889835813997,-0.046345743308811346
full_ff,ff,1.8,27,5,,80,0.418714466349586,-0.01299516357998901
full_ff,ff,1.8,27,5,,81,0.42142593135527,-0.021373675786975355
full_ff,ff,1.8,27,5,,82,0.42414504737606,-0.026954102469472576
full_ff,ff,1.8,27,5,,83,0.4268565988681,-0.03530098538056287
full_ff,ff,1.8,27,5,,84,0.4295909873232,-0.03529606465828498
full_ff,ff,1.8,27,5,,85,0.43230256054224,-0.043635001695077696
full_ff,ff,1.8,27,5,,86,0.4350217819407,-0.04917689025828866
full_ff,ff,1.8,27,5,,87,0.43773347930078,-0.057470427143308765
full_ff,ff,1.8,27,5,,88,0.440498356307826,-0.04631540742362209
full_ff,ff,1.8,27,5,,89,0.443209964078064,-0.054641708593732935
full_ff,ff,1.8,27,5,,90,0.445929243313,-0.060162445531416
full_ff,ff,1.8,27,5,,91,0.44864097235506,-0.06844439586377657
full_ff,ff,1.8,27,5,,92,0.45137553124228,-0.06837714568043957
full_ff,ff,1.8,27,5,,93,0.45408727932716997,-0.07665213177783618
full_ff,ff,1.8,27,5,,94,0.45680669933159,-0.08212138730422275
full_ff,ff,1.8,27,5,,95,0.45951857934069,-0.09034812683337026
full_ff,ff,1.8,27,5,,96,0.462466075039788,-0.012406842591811289
full_ff,ff,1.8,27,5,,97,0.465177674247616,-0.020736275157560158
full_ff,ff,1.8,27,5,,98,0.4678969173379,-0.026270230710849773
full_ff,ff,1.8,27,5,,99,0.47060859234407004,-0.034571942740098754
full_ff,ff,1.8,27,5,,100,0.47334307635863,-0.03453207455817977
full_ff,ff,1.8,27,5,,101,0.47605475826636,-0.04283126258832633
full_ff,ff,1.8,27,5,,102,0.47877411037072,-0.048325350136683
full_ff,ff,1.8,27,5,,103,0.48148590437877997,-0.05658354147474906
full_ff,ff,1.8,27,5,,104,0.48425087427573205,-0.045394550589423134
full_ff,ff,1.8,27,5,,105,0.48696258726762,-0.05368237069898133
full_ff,ff,1.8,27,5,,106,0.48968195756928,-0.059169803234725905
full_ff,ff,1.8,27,5,,107,0.4923937642858,-0.06742334690741814
full_ff,ff,1.8,27,5,,108,0.4951284071232,-0.06732539494399654
full_ff,ff,1.8,27,5,,109,0.49784022570541003,-0.0755745991643307
full_ff,ff,1.8,27,5,,110,0.5005597283003199,-0.08101365016869977
full_ff,ff,1.8,27,5,,111,0.50327166932456,-0.08921807558944499
full_ff,ff,1.8,27,5,,112,0.5060975572010129,-0.055750509343844054
full_ff,ff,1.8,27,5,,113,0.508809321197075,-0.06401967649830048
full_ff,ff,1.8,27,5,,114,0.51152873823189,-0.0694900180516405
full_ff,ff,1.8,27,5,,115,0.5142405801923899,-0.07773067249737714
full_ff,ff,1.8,27,5,,116,0.51697525740987,-0.07762014724749276
full_ff,ff,1.8,27,5,,117,0.5196871128196799,-0.08585588308847036
full_ff,ff,1.8,27,5,,118,0.5224066230451,-0.09129214350630427
full_ff,ff,1.8,27,5,,119,0.52511859765011,-0.09948428795975621
full_ff,ff,1.8,27,5,,120,0.52788374055927,-0.08823202403838033
full_ff,ff,1.8,27,5,,121,0.530595627433388,-0.0964562529323741
full_ff,ff,1.8,27,5,,122,0.5333151743825001,-0.10187908297138751
full_ff,ff,1.8,27,5,,123,0.53602715974121,-0.11006729464323177
full_ff,ff,1.8,27,5,,124,0.5387619787417001,-0.10990491732111911
full_ff,ff,1.8,27,5,,125,0.54147398949702,-0.11808384108982345
full_ff,ff,1.8,27,5,,126,0.5441936655422001,-0.12345945885251858
full_ff,ff,1.8,27,5,,127,0.5469057952559,-0.13159487784227916
full_ff,ff,1.8,27,5,,128,0.5505853785619009,0.21408130263803776
full_ff,ff,1.8,27,5,,129,0.553297025114,0.20576918454858223
full_ff,ff,1.8,27,5,,130,0.55601630588428,0.20024900910811994
full_ff,ff,1.8,27,5,,131,0.5587280016069399,0.1919548733952021
full_ff,ff,1.8,27,5,,132,0.56146251887239,0.19200690190262193
full_ff,ff,1.8,27,5,,133,0.56417422325145,0.1837159319588214
full_ff,ff,1.8,27,5,,134,0.56689359174992,0.1782278399707593
full_ff,ff,1.8,27,5,,135,0.5696053829521001,0.1699686224823235
full_ff,ff,1.8,27,5,,136,0.572370347290505,0.18115558052755887
full_ff,ff,1.8,27,5,,137,0.57508205799238,0.17286692292754782
full_ff,ff,1.8,27,5,,138,0.5778014073225,0.16737182079996923
full_ff,ff,1.8,27,5,,139,0.58051320933636,0.15911655729736043
full_ff,ff,1.8,27,5,,140,0.5832478131677,0.15920024418745374
full_ff,ff,1.8,27,5,,141,0.58595962131971,0.1509472254939835
full_ff,ff,1.8,27,5,,142,0.58867908294476,0.14549319122652704
full_ff,ff,1.8,27,5,,143,0.59139099874449,0.1372795408420302
full_ff,ff,1.8,27,5,,144,0.594216849100672,0.17073338538860333
full_ff,ff,1.8,27,5,,145,0.596928560510448,0.16244498667812685
full_ff,ff,1.8,27,5,,146,0.59964793033064,0.1569573780626651
full_ff,ff,1.8,27,5,,147,0.60235973022832,0.14870134064275525
full_ff,ff,1.8,27,5,,148,0.6050943365202399,0.1487859274020106
full_ff,ff,1.8,27,5,,149,0.60780614333501,0.14053241966081487
full_ff,ff,1.8,27,5,,150,0.61052561057904,0.13508044033463715
full_ff,ff,1.8,27,5,,151,0.6132375182548,0.1268638188983167
full_ff,ff,1.8,27,5,,152,0.616002581889142,0.13808709088623672
full_ff,ff,1.8,27,5,,153,0.618714401444144,0.12983824242979836
full_ff,ff,1.8,27,5,,154,0.6214338791747199,0.12439009818328779
full_ff,ff,1.8,27,5,,155,0.62414578524976,0.11617289134083617
full_ff,ff,1.8,27,5,,156,0.6268805142408901,0.11630235095412088
full_ff,ff,1.8,27,5,,157,0.6295924403901599,0.10809248554421305
full_ff,ff,1.8,27,5,,158,0.63231202532304,0.10268354671174913
full_ff,ff,1.8,27,5,,159,0.63502406227912,0.09451420493531618
full_ff,ff,1.8,27,5,,160,0.637971720071791,0.1725147691121671
full_ff,ff,1.8,27,5,,161,0.640683468967855,0.16424007967271695
full_ff,ff,1.8,27,5,,162,0.64340284898056,0.15875619860480583
full_ff,ff,1.8,27,5,,163,0.64611465994066,0.15050420686991728
full_ff,ff,1.8,27,5,,164,0.6488492906860801,0.1505977366235811
full_ff,ff,1.8,27,5,,165,0.65156109693457,0.14234402178561012
full_ff,ff,1.8,27,5,,166,0.6542805748062199,0.1368959291318918
full_ff,ff,1.8,27,5,,167,0.65699248470872,0.12868012204616466
full_ff,ff,1.8,27,5,,168,0.659757567809028,0.13991051301591792
full_ff,ff,1.8,27,5,,169,0.662469378755192,0.131658516184489
full_ff,ff,1.8,27,5,,170,0.66518885494913,0.1262098099675768
full_ff,ff,1.8,27,5,,171,0.66790074789128,0.1179878002395591
full_ff,ff,1.8,27,5,,172,0.6706354857269601,0.11812049443112269
full_ff,ff,1.8,27,5,,173,0.67334739975966,0.10990619781848313
full_ff,ff,1.8,27,5,,174,0.67606698783142,0.10449840691933332
full_ff,ff,1.8,27,5,,175,0.67877901583136,0.09632578975453857
full_ff,ff,1.8,27,5,,176,0.68160498665155,0.1298236897097484
full_ff,ff,1.8,27,5,,177,0.684316819842262,0.12157982802725494
full_ff,ff,1.8,27,5,,178,0.68703629570315,0.11613100000910696
full_ff,ff,1.8,27,5,,179,0.6897482076415999,0.10791593749940734
full_ff,ff,1.8,27,5,,180,0.6924829442865,0.10804819620574335
full_ff,ff,1.8,27,5,,181,0.69519486371155,0.09983587165261758
full_ff,ff,1.8,27,5,,182,0.69791444731351,0.09442644608368159
full_ff,ff,1.8,27,5,,183,0.70062646271825,0.08624922267427695
full_ff,ff,1.8,27,5,,184,0.703391668718205,0.09752455980069337
full_ff,ff,1.8,27,5,,185,0.706103603720775,0.08931793216914588
full_ff,ff,1.8,27,5,,186,0.70882319372045,0.08391084633603084
full_ff,ff,1.8,27,5,,187,0.7115352177274,0.07573676887769158
full_ff,ff,1.8,27,5,,188,0.7142700637295499,0.07590902109252999
full_ff,ff,1.8,27,5,,189,0.71698210650344,0.0677418069723298
full_ff,ff,1.8,27,5,,190,0.71970181173505,0.06237686310401257
full_ff,ff,1.8,27,5,,191,0.7224139755900401,0.05425393007182525
full_ff,ff,1.8,27,5,,192,0.7256054825919279,0.22143363361940213
full_ff,ff,1.8,27,5,,193,0.728317239566352,0.21316189855156153
full_ff,ff,1.8,27,5,,194,0.7310366557415501,0.20769124262402883
full_ff,ff,1.8,27,5,,195,0.7337484755934399,0.19944250274375822
full_ff,ff,1.8,27,5,,196,0.7364831277212,0.19954385232458502
full_ff,ff,1.8,27,5,,197,0.73919494559856,0.1912943903305729
full_ff,ff,1.8,27,5,,198,0.74191441459808,0.18584305301211707
full_ff,ff,1.8,27,5,,199,0.7446263296054,0.177629112831994
full_ff,ff,1.8,27,5,,200,0.747391426590616,0.1888645817109997
full_ff,ff,1.8,27,5,,201,0.750103243606736,0.1806148047491872
full_ff,ff,1.8,27,5,,202,0.75282271260472,0.17516346686907777
full_ff,ff,1.8,27,5,,203,0.75553462141094,0.1669472588580285
full_ff,ff,1.8,27,5,,204,0.75826934861216,0.16707606387565682
full_ff,ff,1.8,27,5,,205,0.7609812716132001,0.1588650471131814
full_ff,ff,1.8,27,5,,206,0.7637008464638599,0.15345242106881027
full_ff,ff,1.8,27,5,,207,0.76641286761624,0.14527729965351455
full_ff,ff,1.8,27,5,,208,0.769238824464442,0.17877008985306833
full_ff,ff,1.8,27,5,,209,0.771950652465708,0.17052433031608416
full_ff,ff,1.8,27,5,,210,0.77467012646572,0.16507482174903643
full_ff,ff,1.8,27,5,,211,0.7773820274676401,0.1568557595941148
full_ff,ff,1.8,27,5,,212,0.78011675946965,0.15698632032918375
full_ff,ff,1.8,27,5,,213,0.7828286583244201,0.14876647293074743
full_ff,ff,1.8,27,5,,214,0.78554822788262,0.1433519113581789
full_ff,ff,1.8,27,5,,215,0.78826023831564,0.13517286971977327
full_ff,ff,1.8,27,5,,216,0.7910254174764719,0.14643839139547968
full_ff,ff,1.8,27,5,,217,0.793737334317296,0.13822512175400856
full_ff,ff,1.8,27,5,,218,0.79645690331814,0.1328103563483296
full_ff,ff,1.8,27,5,,219,0.79916891431874,0.12463152228207265
full_ff,ff,1.8,27,5,,220,0.8019037503198401,0.12480011697009884
full_ff,ff,1.8,27,5,,221,0.80461577432038,0.11662603716757759
full_ff,ff,1.8,27,5,,222,0.80733545616057,0.11125253872279474
full_ff,ff,1.8,27,5,,223,0.8100475824880801,0.10311588135497882
full_ff,ff,1.8,27,5,,224,0.812995354322712,0.1811581523060925
full_ff,ff,1.8,27,5,,225,0.815707200158822,0.17291891522635947
full_ff,ff,1.8,27,5,,226,0.81842668216186,0.16747233348025606
full_ff,ff,1.8,27,5,,227,0.8211385841623899,0.15925363653122662
full_ff,ff,1.8,27,5,,228,0.8238733221626799,0.15938639092293477
full_ff,ff,1.8,27,5,,229,0.82658522314355,0.1511673210697089
full_ff,ff,1.8,27,5,,230,0.82930479216327,0.14575256256733837
full_ff,ff,1.8,27,5,,231,0.83201680316364,0.13757372841695314
full_ff,ff,1.8,27,5,,232,0.8347819761639981,0.14883699711934437
full_ff,ff,1.8,27,5,,233,0.837493893164368,0.14062378582597798
full_ff,ff,1.8,27,5,,234,0.84021345816545,0.1352075576502898
full_ff,ff,1.8,27,5,,235,0.84292546214959,0.12702615756434657
full_ff,ff,1.8,27,5,,236,0.84566028615686,0.12719036593738664
full_ff,ff,1.8,27,5,,237,0.848372292,0.11900964571432432
full_ff,ff,1.8,27,5,,238,0.8510919761665799,0.11363699806350627
full_ff,ff,1.8,27,5,,239,0.853804092,0.10549650285712785
full_ff,ff,1.8,27,5,,240,0.856630154,0.1390277485714364
full_ff,ff,1.8,27,5,,241,0.859342084,0.13081929142860613
full_ff,ff,1.8,27,5,,242,0.862061665,0.12540891428577491
full_ff,ff,1.8,27,5,,243,0.864773672,0.11722861714283844
full_ff,ff,1.8,27,5,,244,0.86750850090429,0.11739461642605421
full_ff,ff,1.8,27,5,,245,0.870220513,0.10921618285716965
full_ff,ff,1.8,27,5,,246,0.872940194,0.1038423771428906
full_ff,ff,1.8,27,5,,247,0.87565231,0.09570194285718767
full_ff,ff,1.8,27,5,,248,0.878417599817809,0.10700793337012524
full_ff,ff,1.8,27,5,,249,0.881129633,0.09883721142857992
full_ff,ff,1.8,27,5,,250,0.88384932182856,0.09346626873053765
full_ff,ff,1.8,27,5,,251,0.886561439,0.08532626285715748
full_ff,ff,1.8,27,5,,252,0.88929639295247,0.0855379940462139
full_ff,ff,1.8,27,5,,253,0.89200853382926,0.07740665755794193
full_ff,ff,1.8,27,5,,254,0.894728334,0.07207643428569911
full_ff,ff,1.8,27,5,,255,0.89744057382612,0.06398128498103363
full_sf,sf,1.8,27,5,,0,0.200162832600736,0.0595502082691622
full_sf,sf,1.8,27,5,,1,0.202873535819059,0.05089309954157224
full_sf,sf,1.8,27,5,,2,0.20559168149408,0.044957803549254195
full_sf,sf,1.8,27,5,,3,0.20830261366273,0.036384425226968026
full_sf,sf,1.8,27,5,,4,0.21103542977794,0.03581431878948089
full_sf,sf,1.8,27,5,,5,0.21374642823928,0.02726518465096766
full_sf,sf,1.8,27,5,,6,0.21646488941947,0.021445273406166216
full_sf,sf,1.8,27,5,,7,0.21917614459528,0.012990023416687028
full_sf,sf,1.8,27,5,,8,0.22193822995816198,0.023124098984946988
full_sf,sf,1.8,27,5,,9,0.224649417562627,0.014644137189299451
full_sf,sf,1.8,27,5,,10,0.2273679804214,0.008861411254851452
full_sf,sf,1.8,27,5,,11,0.23007940447911,0.00046792378878787337
full_sf,sf,1.8,27,5,,12,0.232812667613,6.129846857407172e-05
full_sf,sf,1.8,27,5,,13,0.23552413345286,-0.008316908668350364
full_sf,sf,1.8,27,5,,14,0.23824297812859999,-0.013996570112005153
full_sf,sf,1.8,27,5,,15,0.240954653116,-0.022298289005716145
full_sf,sf,1.8,27,5,,16,0.24377509644382,0.009178128025593781
full_sf,sf,1.8,27,5,,17,0.24648651633094,0.0007831153151930234
full_sf,sf,1.8,27,5,,18,0.2492053550502,-0.004898724498291683
full_sf,sf,1.8,27,5,,19,0.2519169780448,-0.013219457901710387
full_sf,sf,1.8,27,5,,20,0.25465043448076996,-0.013555389889847091
full_sf,sf,1.8,27,5,,21,0.25736212831099997,-0.021850217691447175
full_sf,sf,1.8,27,5,,22,0.2600812000858,-0.027446825764566744
full_sf,sf,1.8,27,5,,23,0.2627930528064,-0.03568354508800553
full_sf,sf,1.8,27,5,,24,0.26555574156859996,-0.025328797769158688
full_sf,sf,1.8,27,5,,25,0.268267481001367,-0.033606948071504154
full_sf,sf,1.8,27,5,,26,0.27098662719454,-0.039176340282531495
full_sf,sf,1.8,27,5,,27,0.27369855983379,-0.047383832213938604
full_sf,sf,1.8,27,5,,28,0.2764323597848,-0.047594135844560376
full_sf,sf,1.8,27,5,,29,0.2791443406032,-0.055784007972578466
full_sf,sf,1.8,27,5,,30,0.28186372732146,-0.06126543672321207
full_sf,sf,1.8,27,5,,31,0.28457588960839997,-0.06938894321373418
full_sf,sf,1.8,27,5,,32,0.287512917755757,0.0047242078197078695
full_sf,sf,1.8,27,5,,33,0.29022469325078,-0.003540754000458232
full_sf,sf,1.8,27,5,,34,0.29294379792461,-0.009125330428340865
full_sf,sf,1.8,27,5,,35,0.29565572210742,-0.017335915000679897
full_sf,sf,1.8,27,5,,36,0.2983894708868,-0.017564932827432198
full_sf,sf,1.8,27,5,,37,0.30110140064005003,-0.025773480210265886
full_sf,sf,1.8,27,5,,38,0.30382074933908,-0.031268813136457706
full_sf,sf,1.8,27,5,,39,0.30653287629678,-0.039405240034743175
full_sf,sf,1.8,27,5,,40,0.30929579571851,-0.02896613723062761
full_sf,sf,1.8,27,5,,41,0.31200777857086603,-0.03715526551185836
full_sf,sf,1.8,27,5,,42,0.3147271621892,-0.042637827949708454
full_sf,sf,1.8,27,5,,43,0.31743932538816,-0.05076100090148219
full_sf,sf,1.8,27,5,,44,0.3201733450923,-0.050890937673143205
full_sf,sf,1.8,27,5,,45,0.3228855310212,-0.05900579796115072
full_sf,sf,1.8,27,5,,46,0.32560510883741,-0.0644173394614914
full_sf,sf,1.8,27,5,,47,0.32831747709248005,-0.07246552046443153
full_sf,sf,1.8,27,5,,48,0.331138593245084,-0.040743041797851126
full_sf,sf,1.8,27,5,,49,0.333850688404174,-0.04889109790208782
full_sf,sf,1.8,27,5,,50,0.33657013480026005,-0.05435070161918735
full_sf,sf,1.8,27,5,,51,0.33928240196966997,-0.0624358510921346
full_sf,sf,1.8,27,5,,52,0.34201648167608,-0.06254384417644587
full_sf,sf,1.8,27,5,,53,0.34472873963677997,-0.07063236140617896
full_sf,sf,1.8,27,5,,54,0.34744838117486,-0.07602059890834718
full_sf,sf,1.8,27,5,,55,0.35016082767151996,-0.0840401658441335
full_sf,sf,1.8,27,5,,56,0.352924051688656,-0.07348966814867758
full_sf,sf,1.8,27,5,,57,0.355636327562825,-0.08157163416685519
full_sf,sf,1.8,27,5,,58,0.35835601648012,-0.08694254441325354
full_sf,sf,1.8,27,5,,59,0.36106849698089,-0.09494967556022971
full_sf,sf,1.8,27,5,,60,0.36380280157072,-0.09497542556526843
full_sf,sf,1.8,27,5,,61,0.3665152984776,-0.10297655676343506
full_sf,sf,1.8,27,5,,62,0.36923514805408003,-0.10828871165072332
full_sf,sf,1.8,27,5,,63,0.37194781830112,-0.11622644987610899
full_sf,sf,1.8,27,5,,64,0.375117833011371,0.0430932155871184
full_sf,sf,1.8,27,5,,65,0.377829904240688,0.034936408023042986
full_sf,sf,1.8,27,5,,66,0.38054931073136,0.0294622103259355
full_sf,sf,1.8,27,5,,67,0.38326152550912,0.021357900478185296
full_sf,sf,1.8,27,5,,68,0.38599555373595,0.021231080576009326
full_sf,sf,1.8,27,5,,69,0.3887077595414,0.013123489426293744
full_sf,sf,1.8,27,5,,70,0.3914273536248,0.00771789706971861
full_sf,sf,1.8,27,5,,71,0.39413971676304,-0.00033215523109626186
full_sf,sf,1.8,27,5,,72,0.39690289396164796,0.01020122025983434
full_sf,sf,1.8,27,5,,73,0.39961512046233,0.0021011976521175973
full_sf,sf,1.8,27,5,,74,0.40233470614608,-0.0033074665764486005
full_sf,sf,1.8,27,5,,75,0.4050470994923,-0.011346471387432595
full_sf,sf,1.8,27,5,,76,0.40778132872434997,-0.011399780809162914
full_sf,sf,1.8,27,5,,77,0.41049373042285,-0.019435731071999793
full_sf,sf,1.8,27,5,,78,0.4132134991621,-0.024777449289144573
full_sf,sf,1.8,27,5,,79,0.4159260611808,-0.032754768164571554
full_sf,sf,1.8,27,5,,80,0.418747383339855,-0.0009569499958875635
full_sf,sf,1.8,27,5,,81,0.42145965453927997,-0.009040625634761617
full_sf,sf,1.8,27,5,,82,0.42417929760765,-0.01442830348799313
full_sf,sf,1.8,27,5,,83,0.42689171096116,-0.022459991347188537
full_sf,sf,1.8,27,5,,84,0.42962596956390003,-0.022502559487987486
full_sf,sf,1.8,27,5,,85,0.4323383788093,-0.030535749741704067
full_sf,sf,1.8,27,5,,86,0.43505818365775,-0.035864262308576506
full_sf,sf,1.8,27,5,,87,0.43777078132864,-0.043828542668791215
full_sf,sf,1.8,27,5,,88,0.440534144652034,-0.03322709868470497
full_sf,sf,1.8,27,5,,89,0.443246570872352,-0.041254080968420634
full_sf,sf,1.8,27,5,,90,0.44596636857608,-0.046585206462148275
full_sf,sf,1.8,27,5,,91,0.44867896658658,-0.05454936262217254
full_sf,sf,1.8,27,5,,92,0.45141340592674,-0.054525832506503294
full_sf,sf,1.8,27,5,,93,0.45412600750675003,-0.06248868324569961
full_sf,sf,1.8,27,5,,94,0.45684599148767996,-0.06775168450561507
full_sf,sf,1.8,27,5,,95,0.4595587713306,-0.07564934195199514
full_sf,sf,1.8,27,5,,96,0.462496419221512,-0.001309541847019448
full_sf,sf,1.8,27,5,,97,0.465208725971982,-0.009380215960866118
full_sf,sf,1.8,27,5,,98,0.46792842919376,-0.014745894853486367
full_sf,sf,1.8,27,5,,99,0.4706408707011,-0.022767286454857025
full_sf,sf,1.8,27,5,,100,0.4733751740212,-0.022793500818291283
full_sf,sf,1.8,27,5,,101,0.47608763380424,-0.03080820873506696
full_sf,sf,1.8,27,5,,102,0.47880748591785,-0.03611943575770787
full_sf,sf,1.8,27,5,,103,0.48152006402029,-0.04409087257964676
full_sf,sf,1.8,27,5,,104,0.484283485572768,-0.033468133387698024
full_sf,sf,1.8,27,5,,105,0.486995953981121,-0.04147968690432435
full_sf,sf,1.8,27,5,,106,0.48971580664035996,-0.046790714382629925
full_sf,sf,1.8,27,5,,107,0.49242842820224,-0.054746257466514896
full_sf,sf,1.8,27,5,,108,0.49516289347979997,-0.054713241673149636
full_sf,sf,1.8,27,5,,109,0.49787550938572,-0.06267085322239804
full_sf,sf,1.8,27,5,,110,0.50059553180887,-0.06791979561325791
full_sf,sf,1.8,27,5,,111,0.50330831254432,-0.07581712664866863
full_sf,sf,1.8,27,5,,112,0.506129884755748,-0.04392786075499089
full_sf,sf,1.8,27,5,,113,0.508842389641868,-0.051926073831144295
full_sf,sf,1.8,27,5,,114,0.5115622415208,-0.057237386678861774
full_sf,sf,1.8,27,5,,115,0.5142748957828001,-0.06518097086167733
full_sf,sf,1.8,27,5,,116,0.51700935736886,-0.0651493051025958
full_sf,sf,1.8,27,5,,117,0.51972199912072,-0.07309746442237904
full_sf,sf,1.8,27,5,,118,0.52244202965409,-0.07834344078994654
full_sf,sf,1.8,27,5,,119,0.52515480959613,-0.08624106198673027
full_sf,sf,1.8,27,5,,120,0.527918413826117,-0.0755515150200381
full_sf,sf,1.8,27,5,,121,0.53063109193536,-0.08348637792546958
full_sf,sf,1.8,27,5,,122,0.5333510936526901,-0.08874289273048168
full_sf,sf,1.8,27,5,,123,0.5360639095515,-0.09662736402288732
full_sf,sf,1.8,27,5,,124,0.53879857678635,-0.09652048956342339
full_sf,sf,1.8,27,5,,125,0.54151138916036,-0.10440624992546484
full_sf,sf,1.8,27,5,,126,0.54423160995172,-0.10958264622806675
full_sf,sf,1.8,27,5,,127,0.54694461520661,-0.1173978672969156
full_sf,sf,1.8,27,5,,128,0.550580615223121,0.21233928159850687
full_sf,sf,1.8,27,5,,129,0.553292825250867,0.20423323460278198
full_sf,sf,1.8,27,5,,130,0.5560123911929,0.19881735054631075
full_sf,sf,1.8,27,5,,131,0.55872473999825,0.19076205650289274
full_sf,sf,1.8,27,5,,132,0.56145892247258,0.19069164711498032
full_sf,sf,1.8,27,5,,133,0.56417125055607,0.18262877479129105
full_sf,sf,1.8,27,5,,134,0.56689096909252,0.1772686966930337
full_sf,sf,1.8,27,5,,135,0.5696034703335,0.1692691505371613
full_sf,sf,1.8,27,5,,136,0.57236675101458,0.17984037104643644
full_sf,sf,1.8,27,5,,137,0.575079108812838,0.17178836583789397
full_sf,sf,1.8,27,5,,138,0.5777988067141,0.166420741156555
full_sf,sf,1.8,27,5,,139,0.5805113064401001,0.15842064095088357
full_sf,sf,1.8,27,5,,140,0.5832456174864,0.1583972521691684
full_sf,sf,1.8,27,5,,141,0.5859581112260001,0.15039496265148145
full_sf,sf,1.8,27,5,,142,0.58867801361192,0.14510212093073604
full_sf,sf,1.8,27,5,,143,0.59139064489598,0.13715013338696735
full_sf,sf,1.8,27,5,,144,0.5942120501535431,0.1689783418671758
full_sf,sf,1.8,27,5,,145,0.596924406635899,0.1609258554144942
full_sf,sf,1.8,27,5,,146,0.5996441230661,0.15556500703090545
full_sf,sf,1.8,27,5,,147,0.60235660997664,0.1475602200283431
full_sf,sf,1.8,27,5,,148,0.60509095127465,0.14754789472911106
full_sf,sf,1.8,27,5,,149,0.6078034329125599,0.13954117945047528
full_sf,sf,1.8,27,5,,150,0.6105232976489601,0.13423456876255713
full_sf,sf,1.8,27,5,,151,0.6132359466403999,0.12628905706057889
full_sf,sf,1.8,27,5,,152,0.6159993793958239,0.1369158933299072
full_sf,sf,1.8,27,5,,153,0.6187118719755631,0.1289131796344886
full_sf,sf,1.8,27,5,,154,0.62143174459477,0.12360945180160701
full_sf,sf,1.8,27,5,,155,0.6241443834304801,0.11566022600415442
full_sf,sf,1.8,27,5,,156,0.62687887291753,0.11570209555385094
full_sf,sf,1.8,27,5,,157,0.6295915142704,0.10775379031774232
full_sf,sf,1.8,27,5,,158,0.6323115457013601,0.10250814221166138
full_sf,sf,1.8,27,5,,159,0.63502435622384,0.09462170471863374
full_sf,sf,1.8,27,5,,160,0.6379620406548321,0.16897486805289322
full_sf,sf,1.8,27,5,,161,0.640674391950949,0.16092048491852246
full_sf,sf,1.8,27,5,,162,0.6433941054072799,0.15555854894809532
full_sf,sf,1.8,27,5,,163,0.6461066002276,0.14755665466513587
full_sf,sf,1.8,27,5,,164,0.64884092388167,0.14753787672503904
full_sf,sf,1.8,27,5,,165,0.6515533982995699,0.13952852098559074
full_sf,sf,1.8,27,5,,166,0.65427327493657,0.13422626251704223
full_sf,sf,1.8,27,5,,167,0.65698589703021,0.12627091390539494
full_sf,sf,1.8,27,5,,168,0.659749331571101,0.13689840314551052
full_sf,sf,1.8,27,5,,169,0.662461828107455,0.12889713644069292
full_sf,sf,1.8,27,5,,170,0.6651817002645,0.12359323958857464
full_sf,sf,1.8,27,5,,171,0.66789432859684,0.11564017255864202
full_sf,sf,1.8,27,5,,172,0.67062880371906,0.11567678868479854
full_sf,sf,1.8,27,5,,173,0.67334143785073,0.10772584255265981
full_sf,sf,1.8,27,5,,174,0.67606145615336,0.1024753932287987
full_sf,sf,1.8,27,5,,175,0.67877425365074,0.09458419227062873
full_sf,sf,1.8,27,5,,176,0.681595833469264,0.12647624018800993
full_sf,sf,1.8,27,5,,177,0.6843083385183,0.11847808669257023
full_sf,sf,1.8,27,5,,178,0.6870282028060599,0.11317131193046798
full_sf,sf,1.8,27,5,,179,0.6897408339746,0.10521928213941173
full_sf,sf,1.8,27,5,,180,0.69247529864886,0.10525207729740163
full_sf,sf,1.8,27,5,,181,0.6951879405776,0.09730398266518543
full_sf,sf,1.8,27,5,,182,0.69790795533694,0.09205223750947361
full_sf,sf,1.8,27,5,,183,0.70062076349404,0.08416493496318773
full_sf,sf,1.8,27,5,,184,0.70338434704631,0.09484691979338322
full_sf,sf,1.8,27,5,,185,0.706096998547998,0.08690232612500333
full_sf,sf,1.8,27,5,,186,0.70881702816885,0.08165601603658551
full_sf,sf,1.8,27,5,,187,0.7115298290737,0.07376606123882214
full_sf,sf,1.8,27,5,,188,0.71426447043095,0.0738634718902631
full_sf,sf,1.8,27,5,,189,0.7169772569402499,0.06596825243426403
full_sf,sf,1.8,27,5,,190,0.71969745672918,0.06078417524297006
full_sf,sf,1.8,27,5,,191,0.7224104350113,0.052959089846881725
full_sf,sf,1.8,27,5,,192,0.725580805479085,0.2124088609225591
full_sf,sf,1.8,27,5,,193,0.72829315188789,0.20435269042833074
full_sf,sf,1.8,27,5,,194,0.7310128824984,0.19899702798629246
full_sf,sf,1.8,27,5,,195,0.73372536066295,0.19098904245030976
full_sf,sf,1.8,27,5,,196,0.7364596845837,0.19097036203890283
full_sf,sf,1.8,27,5,,197,0.73917216720795,0.18296400747889915
full_sf,sf,1.8,27,5,,198,0.7418920188624399,0.17765261254944725
full_sf,sf,1.8,27,5,,199,0.7446046705714799,0.16970809471266488
full_sf,sf,1.8,27,5,,200,0.7473681032606201,0.1803349067410766
full_sf,sf,1.8,27,5,,201,0.750080593234264,0.1723312399594436
full_sf,sf,1.8,27,5,,202,0.75280046130844,0.16702584994383027
full_sf,sf,1.8,27,5,,203,0.755513099624,0.15907643391999826
full_sf,sf,1.8,27,5,,204,0.7582475701958,0.15911138589258048
full_sf,sf,1.8,27,5,,205,0.76096021286652,0.15116356261306205
full_sf,sf,1.8,27,5,,206,0.76368022790588,0.14591191986470775
full_sf,sf,1.8,27,5,,207,0.76639302042124,0.1380188969106858
full_sf,sf,1.8,27,5,,208,0.769214604224016,0.1699124019258339
full_sf,sf,1.8,27,5,,209,0.771927107964936,0.1619137700337449
full_sf,sf,1.8,27,5,,210,0.77464697110892,0.156606576976474
full_sf,sf,1.8,27,5,,211,0.77735961410996,0.1486588744996961
full_sf,sf,1.8,27,5,,212,0.780094082696,0.14869310025147797
full_sf,sf,1.8,27,5,,213,0.78280674417004,0.14075215361462565
full_sf,sf,1.8,27,5,,214,0.78552675857729,0.13550027969464348
full_sf,sf,1.8,27,5,,215,0.78823956907486,0.1276138330916865
full_sf,sf,1.8,27,5,,216,0.791003166585287,0.13830092261928584
full_sf,sf,1.8,27,5,,217,0.7937158368559599,0.1303631930368202
full_sf,sf,1.8,27,5,,218,0.7964358566441601,0.12511328700709004
full_sf,sf,1.8,27,5,,219,0.79914866557441,0.11722626721279995
full_sf,sf,1.8,27,5,,220,0.80188333006889,0.11733213947979136
full_sf,sf,1.8,27,5,,221,0.80459615489018,0.10945093126585854
full_sf,sf,1.8,27,5,,222,0.80731635365474,0.10426647944780956
full_sf,sf,1.8,27,5,,223,0.81002934571898,0.09644643436981175
full_sf,sf,1.8,27,5,,224,0.812967227627576,0.17087181808493923
full_sf,sf,1.8,27,5,,225,0.81567976246076,0.162884557077965
full_sf,sf,1.8,27,5,,226,0.8183996631766199,0.1575911045924678
full_sf,sf,1.8,27,5,,227,0.8211123374210401,0.14965482826612841
full_sf,sf,1.8,27,5,,228,0.8238468661421801,0.14971104628297585
full_sf,sf,1.8,27,5,,229,0.82655955239118,0.14177916020295406
full_sf,sf,1.8,27,5,,230,0.82927961945298,0.13654654280413428
full_sf,sf,1.8,27,5,,231,0.83199246845514,0.1286741778797916
full_sf,sf,1.8,27,5,,232,0.83475610688836,0.13937623345741812
full_sf,sf,1.8,27,5,,233,0.837468816732365,0.13145297640773737
full_sf,sf,1.8,27,5,,234,0.84018889634132,0.12622494768273945
full_sf,sf,1.8,27,5,,235,0.8429017605630701,0.11835814877993504
full_sf,sf,1.8,27,5,,236,0.84563647237147,0.11848132442334451
full_sf,sf,1.8,27,5,,237,0.84834935524248,0.1106213458213087
full_sf,sf,1.8,27,5,,238,0.8510696244252199,0.1054626469375616
full_sf,sf,1.8,27,5,,239,0.8537826702203,0.09766225199541623
full_sf,sf,1.8,27,5,,240,0.856604523251704,0.12965421776604966
full_sf,sf,1.8,27,5,,241,0.859317289,0.12175140571433271
full_sf,sf,1.8,27,5,,242,0.86203743319134,0.11654699569009251
full_sf,sf,1.8,27,5,,243,0.8647503717471701,0.10870738182217923
full_sf,sf,1.8,27,5,,244,0.867485132,0.10884827428571141
full_sf,sf,1.8,27,5,,245,0.8701980857088,0.10101420207543503
full_sf,sf,1.8,27,5,,246,0.8729184142097101,0.09587719669399673
full_sf,sf,1.8,27,5,,247,0.875631545,0.08810788571431821
full_sf,sf,1.8,27,5,,248,0.878395486,0.09892059428567888
full_sf,sf,1.8,27,5,,249,0.8811085,0.09110857142855724
full_sf,sf,1.8,27,5,,250,0.883828886,0.08599259428572331
full_sf,sf,1.8,27,5,,251,0.886542074,0.07824420571430275
full_sf,sf,1.8,27,5,,252,0.889277122,0.07849033142861117
full_sf,sf,1.8,27,5,,253,0.891990352,0.07075730285712163
full_sf,sf,1.8,27,5,,254,0.894710988,0.06573275428572906
full_sf,sf,1.8,27,5,,255,0.897424407,0.05806884571431478
full_fs,fs,1.8,27,5,,0,0.200032370103399,0.011838209243058324
full_fs,fs,1.8,27,5,,1,0.2027368661894,0.0009110635519959943
full_fs,fs,1.8,27,5,,2,0.20544954449537,-0.007023727407542425
full_fs,fs,1.8,27,5,,3,0.20815475326927999,-0.017690232949040107
full_fs,fs,1.8,27,5,,4,0.21088373911104,-0.019661125105372435
full_fs,fs,1.8,27,5,,5,0.21358959183603998,-0.0300921285339533
full_fs,fs,1.8,27,5,,6,0.21630358648404,-0.037545514408238646
full_fs,fs,1.8,27,5,,7,0.2190100875738,-0.04773940158171643
full_fs,fs,1.8,27,5,,8,0.221771463827526,-0.03786465736192822
full_fs,fs,1.8,27,5,,9,0.224478389792672,-0.04790316153709284
full_fs,fs,1.8,27,5,,10,0.22719338958832,-0.05498895055726142
full_fs,fs,1.8,27,5,,11,0.22990081525358,-0.06484470726218003
full_fs,fs,1.8,27,5,,12,0.23263189960908,-0.06604814296502631
full_fs,fs,1.8,27,5,,13,0.2353397324858,-0.07575497662171772
full_fs,fs,1.8,27,5,,14,0.23805560986024,-0.08251982254080303
full_fs,fs,1.8,27,5,,15,0.24076390683934,-0.09205692732709485
full_fs,fs,1.8,27,5,,16,0.24358943044728198,-0.05872257927973936
full_fs,fs,1.8,27,5,,17,0.24629788111769,-0.06820347695909033
full_fs,fs,1.8,27,5,,18,0.24901426390444,-0.07478348637623153
full_fs,fs,1.8,27,5,,19,0.25172300981008,-0.08415641231359977
full_fs,fs,1.8,27,5,,20,0.25445534101482,-0.08490385743726847
full_fs,fs,1.8,27,5,,21,0.25716433275244,-0.09418687910766721
full_fs,fs,1.8,27,5,,22,0.25988129705196,-0.10055422099747652
full_fs,fs,1.8,27,5,,23,0.26259060886065,-0.10972018810513923
full_fs,fs,1.8,27,5,,24,0.265354694071553,-0.09885473954633589
full_fs,fs,1.8,27,5,,25,0.268064126275171,-0.10797667650889156
full_fs,fs,1.8,27,5,,26,0.27078148314460004,-0.11420044997484931
full_fs,fs,1.8,27,5,,27,0.27349116948346996,-0.12322944604526194
full_fs,fs,1.8,27,5,,28,0.2762243964292,-0.1236493058925703
full_fs,fs,1.8,27,5,,29,0.2789342557904,-0.13261502522514743
full_fs,fs,1.8,27,5,,30,0.2816520677486,-0.138672366226282
full_fs,fs,1.8,27,5,,31,0.2843621666996,-0.14755046414628786
full_fs,fs,1.8,27,5,,32,0.28731463051566003,-0.0677922685586095
full_fs,fs,1.8,27,5,,33,0.29002463001326,-0.07670673800776383
full_fs,fs,1.8,27,5,,34,0.2927425026038,-0.08274190489599068
full_fs,fs,1.8,27,5,,35,0.2954526266238,-0.09161083472457271
full_fs,fs,1.8,27,5,,36,0.2981862496926,-0.09188582670629689
full_fs,fs,1.8,27,5,,37,0.3008964786092,-0.10071639434970946
full_fs,fs,1.8,27,5,,38,0.3036146015638,-0.1066599995245708
full_fs,fs,1.8,27,5,,39,0.3063250077338,-0.1154257430674274
full_fs,fs,1.8,27,5,,40,0.309090136972524,-0.10417847861979064
full_fs,fs,1.8,27,5,,41,0.31180055871168,-0.11293852829989452
full_fs,fs,1.8,27,5,,42,0.31451884869540003,-0.11882104853940843
full_fs,fs,1.8,27,5,,43,0.31722939696728,-0.1275348233947479
full_fs,fs,1.8,27,5,,44,0.31996347781385004,-0.12764239950627143
full_fs,fs,1.8,27,5,,45,0.32267412604137996,-0.13631961915247562
full_fs,fs,1.8,27,5,,46,0.32539267048496,-0.14210907978606105
full_fs,fs,1.8,27,5,,47,0.32810349736232003,-0.1507209646372384
full_fs,fs,1.8,27,5,,48,0.330931534064693,-0.11646754205512724
full_fs,fs,1.8,27,5,,49,0.333642247091825,-0.12512106356114472
full_fs,fs,1.8,27,5,,50,0.33636082106139,-0.1308997261202397
full_fs,fs,1.8,27,5,,51,0.339071624773,-0.13952008301714613
full_fs,fs,1.8,27,5,,52,0.34180592718052,-0.13954663112410717
full_fs,fs,1.8,27,5,,53,0.34451678315538004,-0.14814787460386877
full_fs,fs,1.8,27,5,,54,0.34723554247474003,-0.15385875209507358
full_fs,fs,1.8,27,5,,55,0.34994655826582,-0.1624015485001199
full_fs,fs,1.8,27,5,,56,0.352712282411764,-0.15093671798345962
full_fs,fs,1.8,27,5,,57,0.35542326342773,-0.15949223214444636
full_fs,fs,1.8,27,5,,58,0.35814211568307996,-0.16516912161646605
full_fs,fs,1.8,27,5,,59,0.36085320939848,-0.1736834199844647
full_fs,fs,1.8,27,5,,60,0.36358779607008,-0.17360600865645537
full_fs,fs,1.8,27,5,,61,0.36629894437824,-0.18210034167223302
full_fs,fs,1.8,27,5,,62,0.3690179671951,-0.18771485436342267
full_fs,fs,1.8,27,5,,63,0.37172926147642,-0.196155802909256
full_fs,fs,1.8,27,5,,64,0.374933674669217,-0.024256120972065025
full_fs,fs,1.8,27,5,,65,0.37764468686253,-0.032800233131890115
full_fs,fs,1.8,27,5,,66,0.38036350475,-0.038489691428570234
full_fs,fs,1.8,27,5,,67,0.38307453175765,-0.04702838577370829
full_fs,fs,1.8,27,5,,68,0.38580902171906,-0.04698634274376445
full_fs,fs,1.8,27,5,,69,0.38852005499712,-0.05552274391039955
full_fs,fs,1.8,27,5,,70,0.39123895775136003,-0.06118116521690809
full_fs,fs,1.8,27,5,,71,0.39395007802896,-0.06968574940892885
full_fs,fs,1.8,27,5,,72,0.39671591399323697,-0.05818002533047207
full_fs,fs,1.8,27,5,,73,0.399426988804825,-0.06670123709255904
full_fs,fs,1.8,27,5,,74,0.40214591683738,-0.07235041375817479
full_fs,fs,1.8,27,5,,75,0.40485706484316003,-0.08084485735862149
full_fs,fs,1.8,27,5,,76,0.4075917170424,-0.08074348163658232
full_fs,fs,1.8,27,5,,77,0.41030290085404,-0.08922483052251502
full_fs,fs,1.8,27,5,,78,0.41302196685761,-0.0948235492169098
full_fs,fs,1.8,27,5,,79,0.4157332747159,-0.1032595324708601
full_fs,fs,1.8,27,5,,80,0.418561793299145,-0.06882987916983195
full_fs,fs,1.8,27,5,,81,0.421272962209264,-0.07731667775487949
full_fs,fs,1.8,27,5,,82,0.42399196288073004,-0.08293928933300419
full_fs,fs,1.8,27,5,,83,0.42670316212784,-0.09141499324708695
full_fs,fs,1.8,27,5,,84,0.42943783913087996,-0.09130454642104269
full_fs,fs,1.8,27,5,,85,0.43214907389484003,-0.09976726131562991
full_fs,fs,1.8,27,5,,86,0.4348681848605,-0.10534953673143832
full_fs,fs,1.8,27,5,,87,0.43757953310816,-0.11377074901576277
full_fs,fs,1.8,27,5,,88,0.440345582139744,-0.10218710317933041
full_fs,fs,1.8,27,5,,89,0.443056868492725,-0.11063095123199268
full_fs,fs,1.8,27,5,,90,0.44577600469719997,-0.11620399645256693
full_fs,fs,1.8,27,5,,91,0.4484873632024,-0.12462145740800322
full_fs,fs,1.8,27,5,,92,0.45122221716336,-0.12444629454263026
full_fs,fs,1.8,27,5,,93,0.4539336138595,-0.1328497885257158
full_fs,fs,1.8,27,5,,94,0.45665289935319997,-0.13836823654401087
full_fs,fs,1.8,27,5,,95,0.4593644205806,-0.14672618766628684
full_fs,fs,1.8,27,5,,96,0.462318342489376,-0.0664347467424875
full_fs,fs,1.8,27,5,,97,0.46502963630773503,-0.07487586459975303
full_fs,fs,1.8,27,5,,98,0.46774872541019996,-0.08046613569829578
full_fs,fs,1.8,27,5,,99,0.47046002344705995,-0.08890571078950416
full_fs,fs,1.8,27,5,,100,0.473194804269,-0.08875729590857061
full_fs,fs,1.8,27,5,,101,0.47590611106558,-0.09719366744501405
full_fs,fs,1.8,27,5,,102,0.4786252856827,-0.10275266461255635
full_fs,fs,1.8,27,5,,103,0.48133669516803,-0.11115148140616174
full_fs,fs,1.8,27,5,,104,0.484102804404198,-0.09954581789330064
full_fs,fs,1.8,27,5,,105,0.48681412924581596,-0.10797559010159473
full_fs,fs,1.8,27,5,,106,0.4895333246743,-0.11352697625598905
full_fs,fs,1.8,27,5,,107,0.49224472166618,-0.12193036208273612
full_fs,fs,1.8,27,5,,108,0.49497962301554,-0.12173786860251264
full_fs,fs,1.8,27,5,,109,0.49769105770048,-0.13012746953874302
full_fs,fs,1.8,27,5,,110,0.5004103767058,-0.13563366187883374
full_fs,fs,1.8,27,5,,111,0.50312192608769,-0.14398131650190343
full_fs,fs,1.8,27,5,,112,0.505950687052603,-0.10946302076230756
full_fs,fs,1.8,27,5,,113,0.50866208971679,-0.11786433214540791
full_fs,fs,1.8,27,5,,114,0.51138131393629,-0.12340518901392476
full_fs,fs,1.8,27,5,,115,0.51409275272484,-0.13179328920135244
full_fs,fs,1.8,27,5,,116,0.51682767296125,-0.13159388845711614
full_fs,fs,1.8,27,5,,117,0.51953912360895,-0.1399776515839741
full_fs,fs,1.8,27,5,,118,0.52225845293451,-0.14548006966492721
full_fs,fs,1.8,27,5,,119,0.52497000239416,-0.15382769585004652
full_fs,fs,1.8,27,5,,120,0.5277362694244601,-0.14216432476887675
full_fs,fs,1.8,27,5,,121,0.530447767702648,-0.15053066874583823
full_fs,fs,1.8,27,5,,122,0.5331671149801,-0.15602652156340063
full_fs,fs,1.8,27,5,,123,0.53587867480608,-0.16437035663362362
full_fs,fs,1.8,27,5,,124,0.5386137231270399,-0.16412411353968537
full_fs,fs,1.8,27,5,,125,0.54132533598439,-0.17244855428020045
full_fs,fs,1.8,27,5,,126,0.54404480252108,-0.17790079229070802
full_fs,fs,1.8,27,5,,127,0.54675653121096,-0.1861828714203284
full_fs,fs,1.8,27,5,,128,0.550463629593108,0.16955596547948712
full_fs,fs,1.8,27,5,,129,0.55317496288167,0.16112928243931687
full_fs,fs,1.8,27,5,,130,0.55589408733168,0.15555193844298695
full_fs,fs,1.8,27,5,,131,0.5586053925291701,0.14711498209651708
full_fs,fs,1.8,27,5,,132,0.561340156174,0.14725711506287098
full_fs,fs,1.8,27,5,,133,0.5640514422377201,0.13881316122332724
full_fs,fs,1.8,27,5,,134,0.5667705918271501,0.13324501107202227
full_fs,fs,1.8,27,5,,135,0.56948195943752,0.12483088000733136
full_fs,fs,1.8,27,5,,136,0.572248016811748,0.1364175768678625
full_fs,fs,1.8,27,5,,137,0.574959297025204,0.1279714835031801
full_fs,fs,1.8,27,5,,138,0.57767842619687,0.12239586628388517
full_fs,fs,1.8,27,5,,139,0.5803897628405,0.1139704102400125
full_fs,fs,1.8,27,5,,140,0.5831245871055201,0.11413471287592562
full_fs,fs,1.8,27,5,,141,0.5858359305534401,0.10571174525811752
full_fs,fs,1.8,27,5,,142,0.5885551616687901,0.1001734103003774
full_fs,fs,1.8,27,5,,143,0.59126662985496,0.09179606124251093
full_fs,fs,1.8,27,5,,144,0.59409528605714,0.12627604375406268
full_fs,fs,1.8,27,5,,145,0.59680658032908,0.11783509177783053
full_fs,fs,1.8,27,5,,146,0.59952569912468,0.11225567988300815
full_fs,fs,1.8,27,5,,147,0.6022370253835201,0.10382642597306813
full_fs,fs,1.8,27,5,,148,0.60497183248936,0.1039844532516554
full_fs,fs,1.8,27,5,,149,0.60768316418488,0.09555718761325645
full_fs,fs,1.8,27,5,,150,0.6104023670054299,0.0900085048429641
full_fs,fs,1.8,27,5,,151,0.61311380168108,0.08161890050928378
full_fs,fs,1.8,27,5,,152,0.61587993904284,0.0932348499529212
full_fs,fs,1.8,27,5,,153,0.61859130001664,0.08481829179974706
full_fs,fs,1.8,27,5,,154,0.62131051176488,0.07927287401323774
full_fs,fs,1.8,27,5,,155,0.6240219411867199,0.07088134828616637
full_fs,fs,1.8,27,5,,156,0.62675686242363,0.07108111492759203
full_fs,fs,1.8,27,5,,157,0.62946832079176,0.06270017527222244
full_fs,fs,1.8,27,5,,158,0.632187646332,0.057196372845688924
full_fs,fs,1.8,27,5,,159,0.63489920785049,0.04885315675064054
full_fs,fs,1.8,27,5,,160,0.63785318176107,0.1291636154770361
full_fs,fs,1.8,27,5,,161,0.640564513260262,0.12073627803869971
full_fs,fs,1.8,27,5,,162,0.64328364967918,0.11516331124296034
full_fs,fs,1.8,27,5,,163,0.645994991761,0.10673984402282194
full_fs,fs,1.8,27,5,,164,0.64872978060618,0.10689119311726765
full_fs,fs,1.8,27,5,,165,0.6514411096775,0.09846296777145166
full_fs,fs,1.8,27,5,,166,0.65416031235863,0.09291423401330284
full_fs,fs,1.8,27,5,,167,0.65687173196944,0.08451912025236652
full_fs,fs,1.8,27,5,,168,0.659637848856207,0.09612758169855137
full_fs,fs,1.8,27,5,,169,0.662349203546625,0.08770872562284435
full_fs,fs,1.8,27,5,,170,0.66506838414594,0.08215191622952034
full_fs,fs,1.8,27,5,,171,0.66777980108164,0.07375582414267358
full_fs,fs,1.8,27,5,,172,0.67051469762624,0.0739465604535131
full_fs,fs,1.8,27,5,,173,0.67322613199312,0.06555684319814808
full_fs,fs,1.8,27,5,,174,0.6759454419147201,0.06004732881190681
full_fs,fs,1.8,27,5,,175,0.67865698013016,0.05169559045851559
full_fs,fs,1.8,27,5,,176,0.6814857447578481,0.08621522572732537
full_fs,fs,1.8,27,5,,177,0.68419712317081,0.07780504532482675
full_fs,fs,1.8,27,5,,178,0.68691634344661,0.07226274618878799
full_fs,fs,1.8,27,5,,179,0.68962775902423,0.06386615743269074
full_fs,fs,1.8,27,5,,180,0.69236265421953,0.0640564002852833
full_fs,fs,1.8,27,5,,181,0.6950740764832,0.05566225671316261
full_fs,fs,1.8,27,5,,182,0.69779337605643,0.05014895778011968
full_fs,fs,1.8,27,5,,183,0.70050491079908,0.04179594937779387
full_fs,fs,1.8,27,5,,184,0.7032711515976839,0.0534497271529842
full_fs,fs,1.8,27,5,,185,0.705982615879042,0.0450709500496568
full_fs,fs,1.8,27,5,,186,0.70870193512608,0.0395648461093044
full_fs,fs,1.8,27,5,,187,0.7114134735584899,0.031213187104859638
full_fs,fs,1.8,27,5,,188,0.71414848621794,0.031446388275193325
full_fs,fs,1.8,27,5,,189,0.71686005573398,0.02310609699841442
full_fs,fs,1.8,27,5,,190,0.71957948588038,0.01764055053899126
full_fs,fs,1.8,27,5,,191,0.72229116031118,0.00933862808872326
full_fs,fs,1.8,27,5,,192,0.725496000982691,0.18139464509845638
full_fs,fs,1.8,27,5,,193,0.728207361115352,0.17297777932871636
full_fs,fs,1.8,27,5,,194,0.7309265180981,0.16741233301944802
full_fs,fs,1.8,27,5,,195,0.7336378698289,0.15899239456915992
full_fs,fs,1.8,27,5,,196,0.73637267641714,0.15915023255408708
full_fs,fs,1.8,27,5,,197,0.73908400525328,0.15072192119959027
full_fs,fs,1.8,27,5,,198,0.7418031991962001,0.14516999175315604
full_fs,fs,1.8,27,5,,199,0.74451462280072,0.13677633854903046
full_fs,fs,1.8,27,5,,200,0.747280734980018,0.14838307840660395
full_fs,fs,1.8,27,5,,201,0.74999206391781,0.1399548042277031
full_fs,fs,1.8,27,5,,202,0.75271124845405,0.13439943462405576
full_fs,fs,1.8,27,5,,203,0.75542264925755,0.12599744276112038
full_fs,fs,1.8,27,5,,204,0.75815751597952,0.12617727251016017
full_fs,fs,1.8,27,5,,205,0.76086894150445,0.11778432162742548
full_fs,fs,1.8,27,5,,206,0.7635882302067,0.11226704702173558
full_fs,fs,1.8,27,5,,207,0.7662997311591,0.10390168104233259
full_fs,fs,1.8,27,5,,208,0.769128459034935,0.13840787563335002
full_fs,fs,1.8,27,5,,209,0.771839835686644,0.12999705111553794
full_fs,fs,1.8,27,5,,210,0.7745590001745499,0.12443434954970405
full_fs,fs,1.8,27,5,,211,0.77727038885892,0.11602792554790703
full_fs,fs,1.8,27,5,,212,0.78000527168844,0.11621364605811584
full_fs,fs,1.8,27,5,,213,0.7827166478192,0.10780263102170856
full_fs,fs,1.8,27,5,,214,0.78543593745872,0.10228569918902103
full_fs,fs,1.8,27,5,,215,0.7881474172223,0.09391258415543495
full_fs,fs,1.8,27,5,,216,0.7909136448560911,0.10556154737047661
full_fs,fs,1.8,27,5,,217,0.79362507537682,0.09717042352280357
full_fs,fs,1.8,27,5,,218,0.79634435137695,0.0916485035702814
full_fs,fs,1.8,27,5,,219,0.7990558403724499,0.08327876478168557
full_fs,fs,1.8,27,5,,220,0.80179083339128,0.08350478309669793
full_fs,fs,1.8,27,5,,221,0.80450235539724,0.07514711670495444
full_fs,fs,1.8,27,5,,222,0.80722175412706,0.06967008075341548
full_fs,fs,1.8,27,5,,223,0.80993339006694,0.06135408162374948
full_fs,fs,1.8,27,5,,224,0.812887442203172,0.14169314858861526
full_fs,fs,1.8,27,5,,225,0.815598839223804,0.13328977327692623
full_fs,fs,1.8,27,5,,226,0.81831804442248,0.12774196022129608
full_fs,fs,1.8,27,5,,227,0.82102944457061,0.1193397286802776
full_fs,fs,1.8,27,5,,228,0.8237643201519,0.11952279840914214
full_fs,fs,1.8,27,5,,229,0.82647572210771,0.11112122796252574
full_fs,fs,1.8,27,5,,230,0.82919498223622,0.10559350353190666
full_fs,fs,1.8,27,5,,231,0.83190648838094,0.0972300364580698
full_fs,fs,1.8,27,5,,232,0.834672682024307,0.10886656888946586
full_fs,fs,1.8,27,5,,233,0.837384096335828,0.10046951710279473
full_fs,fs,1.8,27,5,,234,0.84010336935728,0.09494650780526724
full_fs,fs,1.8,27,5,,235,0.84281485035398,0.08657384374125904
full_fs,fs,1.8,27,5,,236,0.84554982359236,0.08679262806310817
full_fs,fs,1.8,27,5,,237,0.84826132059071,0.0784258160311424
full_fs,fs,1.8,27,5,,238,0.85098071559806,0.07294741871906549
full_fs,fs,1.8,27,5,,239,0.8536923213150199,0.0646203666358604
full_fs,fs,1.8,27,5,,240,0.856521156598864,0.09916584187026599
full_fs,fs,1.8,27,5,,241,0.859232612203636,0.09078389161548525
full_fs,fs,1.8,27,5,,242,0.8619519073935,0.08526898962291593
full_fs,fs,1.8,27,5,,243,0.8646633863758,0.07689558886397663
full_fs,fs,1.8,27,5,,244,0.86739837460291,0.07711985477852425
full_fs,fs,1.8,27,5,,245,0.87010988537442,0.06875807978791013
full_fs,fs,1.8,27,5,,246,0.87282924733488,0.06326759675614214
full_fs,fs,1.8,27,5,,247,0.87554085835928,0.05494248567958136
full_fs,fs,1.8,27,5,,248,0.87830715143884,0.06661538334717372
full_fs,fs,1.8,27,5,,249,0.881018721746812,0.05827538169122753
full_fs,fs,1.8,27,5,,250,0.8837381096863101,0.052794399564837544
full_fs,fs,1.8,27,5,,251,0.8864497036945,0.044463065417192284
full_fs,fs,1.8,27,5,,252,0.88918479667268,0.044725640294456886
full_fs,fs,1.8,27,5,,253,0.8918964546299,0.03641769322054448
full_fs,fs,1.8,27,5,,254,0.89461596666326,0.03098209399224418
full_fs,fs,1.8,27,5,,255,0.89732772569874,0.022711112682064338
full_worst_inl,fs,1.62,85.0,20.0,,0,0.20152569168902001,0.5579672462701727
full_worst_inl,fs,1.62,85.0,20.0,,1,0.20416930472778,0.5247743004452486
full_worst_inl,fs,1.62,85.0,20.0,,2,0.20682339851259,0.49541431317576573
full_worst_inl,fs,1.62,85.0,20.0,,3,0.20947297564272,0.4644025207661632
full_worst_inl,fs,1.62,85.0,20.0,,4,0.21214823885768,0.4427844965229712
full_worst_inl,fs,1.62,85.0,20.0,,5,0.21480359584460001,0.41388648031085856
full_worst_inl,fs,1.62,85.0,20.0,,6,0.2174691469439,0.3887165966262732
full_worst_inl,fs,1.62,85.0,20.0,,7,0.22012967470732,0.36170960724845713
full_worst_inl,fs,1.62,85.0,20.0,,8,0.222846034906863,0.35512133736703383
full_worst_inl,fs,1.62,85.0,20.0,,9,0.225511504038555,0.329921476957255
full_worst_inl,fs,1.62,85.0,20.0,,10,0.22818654674299998,0.3082228088685619
full_worst_inl,fs,1.62,85.0,20.0,,11,0.23085607909372,0.28450892570330466
full_worst_inl,fs,1.62,85.0,20.0,,12,0.23355054663192,0.2699141968164501
full_worst_inl,fs,1.62,85.0,20.0,,13,0.23622405217844,0.24765336811519492
full_worst_inl,fs,1.62,85.0,20.0,,14,0.23890690618948,0.22881140643839618
full_worst_inl,fs,1.62,85.0,20.0,,15,0.24158389621373,0.20782490102125248
full_worst_inl,fs,1.62,85.0,20.0,,16,0.244377671229889,0.22954833550225018
full_worst_inl,fs,1.62,85.0,20.0,,17,0.24705816826361598,0.20984439355098672
full_worst_inl,fs,1.62,85.0,20.0,,18,0.2497474739889,0.1933619159405607
full_worst_inl,fs,1.62,85.0,20.0,,19,0.25243044228566996,0.17456175018787284
full_worst_inl,fs,1.62,85.0,20.0,,20,0.25513776030426,0.16466662555793782
full_worst_inl,fs,1.62,85.0,20.0,,21,0.25782337424717,0.14683401039359215
full_worst_inl,fs,1.62,85.0,20.0,,22,0.26051777074036,0.132213299331657
full_worst_inl,fs,1.62,85.0,20.0,,23,0.263205685166,0.1152220035657235
full_worst_inl,fs,1.62,85.0,20.0,,24,0.265948601339,0.11834563254857196
full_worst_inl,fs,1.62,85.0,20.0,,25,0.268638832403997,0.10220156489032613
full_worst_inl,fs,1.62,85.0,20.0,,26,0.27133751041657,0.08914666663130788
full_worst_inl,fs,1.62,85.0,20.0,,27,0.274029454105,0.0736289298285848
full_worst_inl,fs,1.62,85.0,20.0,,28,0.2767454133912,0.06689404021029434
full_worst_inl,fs,1.62,85.0,20.0,,29,0.27943919915521004,0.052049976762528365
full_worst_inl,fs,1.62,85.0,20.0,,30,0.2821414111377,0.04028750178743427
full_worst_inl,fs,1.62,85.0,20.0,,31,0.28483675829800004,0.026014463268576753
full_worst_inl,fs,1.62,85.0,20.0,,32,0.28777259444217,0.09969168170789951
full_worst_inl,fs,1.62,85.0,20.0,,33,0.29046988265045,0.08612851216456972
full_worst_inl,fs,1.62,85.0,20.0,,34,0.293175129411,0.07547589887999656
full_worst_inl,fs,1.62,85.0,20.0,,35,0.2958732066655,0.062201294811420185
full_worst_inl,fs,1.62,85.0,20.0,,36,0.29859496131529,0.05758585244890924
full_worst_inl,fs,1.62,85.0,20.0,,37,0.30129416020034,0.044721444695779516
full_worst_inl,fs,1.62,85.0,20.0,,38,0.30400150379222,0.034835672583324956
full_worst_inl,fs,1.62,85.0,20.0,,39,0.3067016841782,0.022330213741708706
full_worst_inl,fs,1.62,85.0,20.0,,40,0.309456479375112,0.029798171469528664
full_worst_inl,fs,1.62,85.0,20.0,,41,0.3121577930524,0.017707173449131072
full_worst_inl,fs,1.62,85.0,20.0,,42,0.31486704222995,0.008518301238861374
full_worst_inl,fs,1.62,85.0,20.0,,43,0.31756901247069996,-0.0033325821440095232
full_worst_inl,fs,1.62,85.0,20.0,,44,0.3202946048218,-0.0065445223131429696
full_worst_inl,fs,1.62,85.0,20.0,,45,0.32299747844775,-0.01806502482285818
full_worst_inl,fs,1.62,85.0,20.0,,46,0.32570836547142,-0.02665491330926021
full_worst_inl,fs,1.62,85.0,20.0,,47,0.32841194746908,-0.037916354165028164
full_worst_inl,fs,1.62,85.0,20.0,,48,0.33123209448209395,-0.006548303691350352
full_worst_inl,fs,1.62,85.0,20.0,,49,0.333936664438352,-0.01744843397412004
full_worst_inl,fs,1.62,85.0,20.0,,50,0.33664891641823,-0.02553913847588011
full_worst_inl,fs,1.62,85.0,20.0,,51,0.33935369718767,-0.03636217136640799
full_worst_inl,fs,1.62,85.0,20.0,,52,0.3420819524923,-0.03860023138742008
full_worst_inl,fs,1.62,85.0,20.0,,53,0.34478731843752003,-0.04920925713552801
full_worst_inl,fs,1.62,85.0,20.0,,54,0.3475005994968,-0.05692361259885307
full_worst_inl,fs,1.62,85.0,20.0,,55,0.35020645767592,-0.06735262137782781
full_worst_inl,fs,1.62,85.0,20.0,,56,0.35296678444443996,-0.05786168889053605
full_worst_inl,fs,1.62,85.0,20.0,,57,0.355673284276256,-0.06805603611208459
full_worst_inl,fs,1.62,85.0,20.0,,58,0.358387510242,-0.0754248257828546
full_worst_inl,fs,1.62,85.0,20.0,,59,0.36109422247549,-0.08554149467794252
full_worst_inl,fs,1.62,85.0,20.0,,60,0.36382439138934003,-0.08707972046993616
full_worst_inl,fs,1.62,85.0,20.0,,61,0.36653159596206003,-0.09701633387519695
full_worst_inl,fs,1.62,85.0,20.0,,62,0.36924665336693996,-0.10408105437623558
full_worst_inl,fs,1.62,85.0,20.0,,63,0.37195421525912,-0.1138869909504032
full_worst_inl,fs,1.62,85.0,20.0,,64,0.37515180775081397,0.05551826315482345
full_worst_inl,fs,1.62,85.0,20.0,,65,0.37786035335588,0.04607208443610083
full_worst_inl,fs,1.62,85.0,20.0,,66,0.38057634300049,0.03934829732204191
full_worst_inl,fs,1.62,85.0,20.0,,67,0.3832846134011,0.029801472402287543
full_worst_inl,fs,1.62,85.0,20.0,,68,0.38601616240012,0.028767963472457074
full_worst_inl,fs,1.62,85.0,20.0,,69,0.3887245973997,0.019281334747428706
full_worst_inl,fs,1.62,85.0,20.0,,70,0.39144077440586,0.012626068428797259
full_worst_inl,fs,1.62,85.0,20.0,,71,0.39414934530037,0.003189138421017138
full_worst_inl,fs,1.62,85.0,20.0,,72,0.396912289317218,0.013637236011163623
full_worst_inl,fs,1.62,85.0,20.0,,73,0.39962122134284,0.00433237681006306
full_worst_inl,fs,1.62,85.0,20.0,,74,0.40233774240068,-0.0021970648941760373
full_worst_inl,fs,1.62,85.0,20.0,,75,0.40504663555404,-0.01151614023679518
full_worst_inl,fs,1.62,85.0,20.0,,76,0.40777889387112,-0.012290241418985002
full_worst_inl,fs,1.62,85.0,20.0,,77,0.41048804634962,-0.021514477853250877
full_worst_inl,fs,1.62,85.0,20.0,,78,0.41320496834338,-0.027897291563882782
full_worst_inl,fs,1.62,85.0,20.0,,79,0.41591430634176,-0.03705368072776391
full_worst_inl,fs,1.62,85.0,20.0,,80,0.418740159278904,-0.0035988922865369337
full_worst_inl,fs,1.62,85.0,20.0,,81,0.421449945269106,-0.012591444441239576
full_worst_inl,fs,1.62,85.0,20.0,,82,0.42416723634092,-0.018839281034956912
full_worst_inl,fs,1.62,85.0,20.0,,83,0.42687680720475,-0.02791050797713167
full_worst_inl,fs,1.62,85.0,20.0,,84,0.42960967222446,-0.028462729340341348
full_worst_inl,fs,1.62,85.0,20.0,,85,0.4323194260021,-0.037467062089129
full_worst_inl,fs,1.62,85.0,20.0,,86,0.43503690033822,-0.04364787630811813
full_worst_inl,fs,1.62,85.0,20.0,,87,0.43774675928109996,-0.05261374862629152
full_worst_inl,fs,1.62,85.0,20.0,,88,0.440510995285825,-0.04169315261257063
full_worst_inl,fs,1.62,85.0,20.0,,89,0.44322116427955,-0.05054563490743038
full_worst_inl,fs,1.62,85.0,20.0,,90,0.44593892042044997,-0.05662338909256651
full_worst_inl,fs,1.62,85.0,20.0,,91,0.44864899027870003,-0.06551212664685328
full_worst_inl,fs,1.62,85.0,20.0,,92,0.4513824202774,-0.06585772712227822
full_worst_inl,fs,1.62,85.0,20.0,,93,0.45409271127469997,-0.07466559096686508
full_worst_inl,fs,1.62,85.0,20.0,,94,0.4568107282751,-0.08064794510628662
full_worst_inl,fs,1.62,85.0,20.0,,95,0.4595211352727,-0.08941338598400454
full_worst_inl,fs,1.62,85.0,20.0,,96,0.46247257227348004,-0.01003071141300081
full_worst_inl,fs,1.62,85.0,20.0,,97,0.46518353322219996,-0.018593564452576827
full_worst_inl,fs,1.62,85.0,20.0,,98,0.46790189221803996,-0.0244508459739531
full_worst_inl,fs,1.62,85.0,20.0,,99,0.47061243521624,-0.03316654948936357
full_worst_inl,fs,1.62,85.0,20.0,,100,0.4733462032188,-0.03338853712457584
full_worst_inl,fs,1.62,85.0,20.0,,101,0.47605680721544,-0.042081932639064235
full_worst_inl,fs,1.62,85.0,20.0,,102,0.47877506711648005,-0.04797545454443204
full_worst_inl,fs,1.62,85.0,20.0,,103,0.48148564621256,-0.056677956549476355
full_worst_inl,fs,1.62,85.0,20.0,,104,0.484250617211844,-0.045488562525629765
full_worst_inl,fs,1.62,85.0,20.0,,105,0.486961451242412,-0.05409783134646367
full_worst_inl,fs,1.62,85.0,20.0,,106,0.489679827088,-0.059948950674270564
full_worst_inl,fs,1.62,85.0,20.0,,107,0.49239051802164,-0.06861055208592656
full_worst_inl,fs,1.62,85.0,20.0,,108,0.49512452516868,-0.0687450811684544
full_worst_inl,fs,1.62,85.0,20.0,,109,0.49783538216632,-0.07734595060296913
full_worst_inl,fs,1.62,85.0,20.0,,110,0.500553943166,-0.08312935643427215
full_worst_inl,fs,1.62,85.0,20.0,,111,0.50326485020516,-0.09171192497002982
full_worst_inl,fs,1.62,85.0,20.0,,112,0.506092316156189,-0.057667234308017415
full_worst_inl,fs,1.62,85.0,20.0,,113,0.5088036010957719,-0.06611159926056384
full_worst_inl,fs,1.62,85.0,20.0,,114,0.5115223241476,-0.07183574030627987
full_worst_inl,fs,1.62,85.0,20.0,,115,0.5142332791506901,-0.08040076774761928
full_worst_inl,fs,1.62,85.0,20.0,,116,0.5169675051529999,-0.08045525833141808
full_worst_inl,fs,1.62,85.0,20.0,,117,0.5196785511516201,-0.08898700740750039
full_worst_inl,fs,1.62,85.0,20.0,,118,0.52239729109926,-0.09470496941349081
full_worst_inl,fs,1.62,85.0,20.0,,119,0.52510837318369,-0.10322352139338267
full_worst_inl,fs,1.62,85.0,20.0,,120,0.5278738212384341,-0.09185966137266632
full_worst_inl,fs,1.62,85.0,20.0,,121,0.530585132215604,-0.10029450400764972
full_worst_inl,fs,1.62,85.0,20.0,,122,0.5333040002203,-0.10596563371884876
full_worst_inl,fs,1.62,85.0,20.0,,123,0.53601515725378,-0.11445677576046723
full_worst_inl,fs,1.62,85.0,20.0,,124,0.5387496302941,-0.11442092101487691
full_worst_inl,fs,1.62,85.0,20.0,,125,0.54146094032382,-0.12285611014582239
full_worst_inl,fs,1.62,85.0,20.0,,126,0.54417995436056,-0.12847383385231329
full_worst_inl,fs,1.62,85.0,20.0,,127,0.54689130934324,-0.13689258304363452
full_worst_inl,fs,1.62,85.0,20.0,,128,0.5505927627159,0.21678179324339908
full_worst_inl,fs,1.62,85.0,20.0,,129,0.5533049806727519,0.20867864603498482
full_worst_inl,fs,1.62,85.0,20.0,,130,0.55602450562386,0.20324777101166092
full_worst_inl,fs,1.62,85.0,20.0,,131,0.5587361397459,0.19493110707202277
full_worst_inl,fs,1.62,85.0,20.0,,132,0.5614709417827,0.1950872805302798
full_worst_inl,fs,1.62,85.0,20.0,,133,0.56418248801644,0.18673847458375448
full_worst_inl,fs,1.62,85.0,20.0,,134,0.56690163425743,0.18116909986011773
full_worst_inl,fs,1.62,85.0,20.0,,135,0.56961306034373,0.1727763542784341
full_worst_inl,fs,1.62,85.0,20.0,,136,0.572378809754037,0.1842504243335595
full_worst_inl,fs,1.62,85.0,20.0,,137,0.57509037685091,0.17590924833281668
full_worst_inl,fs,1.62,85.0,20.0,,138,0.57780942394727,0.17030361500157404
full_worst_inl,fs,1.62,85.0,20.0,,139,0.580520751,0.161874651428572
full_worst_inl,fs,1.62,85.0,20.0,,140,0.583255351,0.16195693714288545
full_worst_inl,fs,1.62,85.0,20.0,,141,0.585966743,0.15355172571430234
full_worst_inl,fs,1.62,85.0,20.0,,142,0.588685817,0.1479559314285796
full_worst_inl,fs,1.62,85.0,20.0,,143,0.591397206,0.13954962285712977
full_worst_inl,fs,1.62,85.0,20.0,,144,0.594225134,0.1737632914285671
full_worst_inl,fs,1.62,85.0,20.0,,145,0.596936825,0.16546742857144636
full_worst_inl,fs,1.62,85.0,20.0,,146,0.599655943,0.1598877257143272
full_worst_inl,fs,1.62,85.0,20.0,,147,0.602367254,0.15145289142858637
full_worst_inl,fs,1.62,85.0,20.0,,148,0.605101816,0.1515212799999891
full_worst_inl,fs,1.62,85.0,20.0,,149,0.607813183,0.14310692571427808
full_worst_inl,fs,1.62,85.0,20.0,,150,0.610532214,0.13749540571430838
full_worst_inl,fs,1.62,85.0,20.0,,151,0.613243566,0.12907556571430437
full_worst_inl,fs,1.62,85.0,20.0,,152,0.616009276,0.14053522285714898
full_worst_inl,fs,1.62,85.0,20.0,,153,0.6187208,0.13217828571425475
full_worst_inl,fs,1.62,85.0,20.0,,154,0.6214398876968801,0.1265875005732856
full_worst_inl,fs,1.62,85.0,20.0,,155,0.624151245,0.11816960000000369
full_worst_inl,fs,1.62,85.0,20.0,,156,0.62688590908389,0.11827532210836418
full_worst_inl,fs,1.62,85.0,20.0,,157,0.6295973967730599,0.10990510557620935
full_worst_inl,fs,1.62,85.0,20.0,,158,0.632316568,0.10434486857142085
full_worst_inl,fs,1.62,85.0,20.0,,159,0.63502806081027,0.09597652489873099
full_worst_inl,fs,1.62,85.0,20.0,,160,0.6379806618306401,0.1757848980626672
full_worst_inl,fs,1.62,85.0,20.0,,161,0.6406926427559579,0.16759506503607977
full_worst_inl,fs,1.62,85.0,20.0,,162,0.64341197986569,0.16209549373806048
full_worst_inl,fs,1.62,85.0,20.0,,163,0.64612346290405,0.15372357633826336
full_worst_inl,fs,1.62,85.0,20.0,,164,0.64885816898709,0.15384465813578377
full_worst_inl,fs,1.62,85.0,20.0,,165,0.6515696318326,0.1454653559222915
full_worst_inl,fs,1.62,85.0,20.0,,166,0.65428874813446,0.1398850320311291
full_worst_inl,fs,1.62,85.0,20.0,,167,0.65700015695111,0.13148597069167475
full_worst_inl,fs,1.62,85.0,20.0,,168,0.65976591393333,0.14296280990350851
full_worst_inl,fs,1.62,85.0,20.0,,169,0.662477510440696,0.13463238974026126
full_worst_inl,fs,1.62,85.0,20.0,,170,0.6651966279674,0.1290525137920083
full_worst_inl,fs,1.62,85.0,20.0,,171,0.66790803056244,0.12065117712093558
full_worst_inl,fs,1.62,85.0,20.0,,172,0.6706427223107,0.12076701648457597
full_worst_inl,fs,1.62,85.0,20.0,,173,0.6733542393358201,0.11240752852846267
full_worst_inl,fs,1.62,85.0,20.0,,174,0.67607344093586,0.10685839940021782
full_worst_inl,fs,1.62,85.0,20.0,,175,0.67878495392412,0.09849743510674866
full_worst_inl,fs,1.62,85.0,20.0,,176,0.681613036920776,0.13276778816954707
full_worst_inl,fs,1.62,85.0,20.0,,177,0.684324884202149,0.124529079643066
full_worst_inl,fs,1.62,85.0,20.0,,178,0.68704415394776,0.11900487232363081
full_worst_inl,fs,1.62,85.0,20.0,,179,0.68975565515282,0.11063959874560073
full_worst_inl,fs,1.62,85.0,20.0,,180,0.69249039491447,0.11077299729188489
full_worst_inl,fs,1.62,85.0,20.0,,181,0.69520192746428,0.10241918693671843
full_worst_inl,fs,1.62,85.0,20.0,,182,0.6979211399181,0.09687402719086842
full_worst_inl,fs,1.62,85.0,20.0,,183,0.70063270393157,0.08853172354556754
full_worst_inl,fs,1.62,85.0,20.0,,184,0.703398606946502,0.10006196900645495
full_worst_inl,fs,1.62,85.0,20.0,,185,0.706110345921988,0.09178365146989824
full_worst_inl,fs,1.62,85.0,20.0,,186,0.70882961892329,0.08626063480323053
full_worst_inl,fs,1.62,85.0,20.0,,187,0.71154116692428,0.07791247516524079
full_worst_inl,fs,1.62,85.0,20.0,,188,0.71427602892554,0.07809057848317837
full_worst_inl,fs,1.62,85.0,20.0,,189,0.7169877359268,0.06980056751542309
full_worst_inl,fs,1.62,85.0,20.0,,190,0.71970710392821,0.06431229374539628
full_worst_inl,fs,1.62,85.0,20.0,,191,0.72241879690748,0.05601715473557891
full_worst_inl,fs,1.62,85.0,20.0,,192,0.725621069907524,0.22713413760880843
full_worst_inl,fs,1.62,85.0,20.0,,193,0.728333418984004,0.2190789427214668
full_worst_inl,fs,1.62,85.0,20.0,,194,0.73105308393334,0.21369926705006037
full_worst_inl,fs,1.62,85.0,20.0,,195,0.73376489291344,0.20544655120094799
full_worst_inl,fs,1.62,85.0,20.0,,196,0.73649986893646,0.20566635390541219
full_worst_inl,fs,1.62,85.0,20.0,,197,0.73921158592344,0.19737999485812452
full_worst_inl,fs,1.62,85.0,20.0,,198,0.74193091398688,0.19187711520182965
full_worst_inl,fs,1.62,85.0,20.0,,199,0.7446425250074,0.18355200270629474
full_worst_inl,fs,1.62,85.0,20.0,,200,0.74740843900536,0.1950862648173971
full_worst_inl,fs,1.62,85.0,20.0,,201,0.7501201879225761,0.1868115831135648
full_worst_inl,fs,1.62,85.0,20.0,,202,0.7528394609068499,0.18128856021945694
full_worst_inl,fs,1.62,85.0,20.0,,203,0.75555097729385,0.17292883889370259
full_worst_inl,fs,1.62,85.0,20.0,,204,0.75828577599875,0.1730837938285796
full_worst_inl,fs,1.62,85.0,20.0,,205,0.7609973769163,0.16475498653258164
full_worst_inl,fs,1.62,85.0,20.0,,206,0.76371664127955,0.15922881080687798
full_worst_inl,fs,1.62,85.0,20.0,,207,0.7664282649192,0.15090831330748447
full_worst_inl,fs,1.62,85.0,20.0,,208,0.769256421989205,0.18520575605208478
full_worst_inl,fs,1.62,85.0,20.0,,209,0.77196833592409,0.1769914236671915
full_worst_inl,fs,1.62,85.0,20.0,,210,0.7746876694270199,0.1714905333101667
full_worst_inl,fs,1.62,85.0,20.0,,211,0.77739920502532,0.16313783783134894
full_worst_inl,fs,1.62,85.0,20.0,,212,0.78013398992835,0.16328774522520462
full_worst_inl,fs,1.62,85.0,20.0,,213,0.7828455819337999,0.15495567864681856
full_worst_inl,fs,1.62,85.0,20.0,,214,0.7855648474458999,0.14942992307197756
full_worst_inl,fs,1.62,85.0,20.0,,215,0.78827642493565,0.14109254789486517
full_worst_inl,fs,1.62,85.0,20.0,,216,0.791042361839016,0.1526351868401678
full_worst_inl,fs,1.62,85.0,20.0,,217,0.793754134930592,0.14436934604512025
full_worst_inl,fs,1.62,85.0,20.0,,218,0.7964734519334,0.13886242135770643
full_worst_inl,fs,1.62,85.0,20.0,,219,0.7991850309356201,0.13052559931249366
full_worst_inl,fs,1.62,85.0,20.0,,220,0.80191993094138,0.13071760141899957
full_worst_inl,fs,1.62,85.0,20.0,,221,0.8046316399412,0.12242832135318135
full_worst_inl,fs,1.62,85.0,20.0,,222,0.80735102275066,0.1169454630985456
full_worst_inl,fs,1.62,85.0,20.0,,223,0.81006275194684,0.10866356913002814
full_worst_inl,fs,1.62,85.0,20.0,,224,0.813015583952042,0.1885564167467838
full_worst_inl,fs,1.62,85.0,20.0,,225,0.815727784719956,0.1804469832982087
full_worst_inl,fs,1.62,85.0,20.0,,226,0.81844734807494,0.1750301531209532
full_worst_inl,fs,1.62,85.0,20.0,,227,0.82115905695156,0.1667408279991329
full_worst_inl,fs,1.62,85.0,20.0,,228,0.82389396806475,0.16693689225141792
full_worst_inl,fs,1.62,85.0,20.0,,229,0.8266056579643599,0.15864062696591322
full_worst_inl,fs,1.62,85.0,20.0,,230,0.82932498596185,0.15313772319087451
full_worst_inl,fs,1.62,85.0,20.0,,231,0.83203659846824,0.14481315409921894
full_worst_inl,fs,1.62,85.0,20.0,,232,0.8348025839686469,0.15637356567663932
full_worst_inl,fs,1.62,85.0,20.0,,233,0.837514383972112,0.1481175669437919
full_worst_inl,fs,1.62,85.0,20.0,,234,0.84023371197592,0.14261466547931637
full_worst_inl,fs,1.62,85.0,20.0,,235,0.8429453169780899,0.13428735198719519
full_worst_inl,fs,1.62,85.0,20.0,,236,0.8456802139945401,0.1344782608604029
full_worst_inl,fs,1.62,85.0,20.0,,237,0.84839192999447,0.12619154083478992
full_worst_inl,fs,1.62,85.0,20.0,,238,0.85111133899096,0.12071825955108093
full_worst_inl,fs,1.62,85.0,20.0,,239,0.85382305315256,0.11243086722194968
full_worst_inl,fs,1.62,85.0,20.0,,240,0.856651340997193,0.14677613611630544
full_worst_inl,fs,1.62,85.0,20.0,,241,0.8593633970008959,0.13861376032768444
full_worst_inl,fs,1.62,85.0,20.0,,242,0.86208286312256,0.1331613705362754
full_worst_inl,fs,1.62,85.0,20.0,,243,0.86479454804888,0.12486328644752934
full_worst_inl,fs,1.62,85.0,20.0,,244,0.86752948601264,0.12506917033692033
full_worst_inl,fs,1.62,85.0,20.0,,245,0.87024122201836,0.11678976671451632
full_worst_inl,fs,1.62,85.0,20.0,,246,0.8729606340231301,0.11131758560188539
full_worst_inl,fs,1.62,85.0,20.0,,247,0.8756723690261,0.10303781525948352
full_worst_inl,fs,1.62,85.0,20.0,,248,0.8784384670289039,0.11463937057056586
full_worst_inl,fs,1.62,85.0,20.0,,249,0.8811503980369629,0.10643128208930161
full_worst_inl,fs,1.62,85.0,20.0,,250,0.8838698713940001,0.1009815383771898
full_worst_inl,fs,1.62,85.0,20.0,,251,0.88658161910098,0.09270641407271439
full_worst_inl,fs,1.62,85.0,20.0,,252,0.88931667019836,0.0929536725431441
full_worst_inl,fs,1.62,85.0,20.0,,253,0.89202854705391,0.08472577971563819
full_worst_inl,fs,1.62,85.0,20.0,,254,0.8947481080675,0.07930809325716025
full_worst_inl,fs,1.62,85.0,20.0,,255,0.89745998906444,0.07108171499522443
full_worst_dnl,fs,1.98,85.0,20.0,,0,0.20097627718014602,0.35703851159625394
full_worst_dnl,fs,1.98,85.0,20.0,,1,0.203647625269902,0.33398867013557626
full_worst_dnl,fs,1.98,85.0,20.0,,2,0.20632847291873999,0.31441295313919276
full_worst_dnl,fs,1.98,85.0,20.0,,3,0.2090033120037,0.2926398184959973
full_worst_dnl,fs,1.98,85.0,20.0,,4,0.2117032170784,0.28003367438628857
full_worst_dnl,fs,1.98,85.0,20.0,,5,0.21438136715454,0.25947141651748495
full_worst_dnl,fs,1.98,85.0,20.0,,6,0.21706879822744002,0.2423033517494844
full_worst_dnl,fs,1.98,85.0,20.0,,7,0.21974992330232,0.22282909341987941
full_worst_dnl,fs,1.98,85.0,20.0,,8,0.222487116372304,0.22385970187117316
full_worst_dnl,fs,1.98,85.0,20.0,,9,0.225170984438562,0.2053885946741068
full_worst_dnl,fs,1.98,85.0,20.0,,10,0.22786375502451,0.19017326610651253
full_worst_dnl,fs,1.98,85.0,20.0,,11,0.23054994208571,0.17255024848822131
full_worst_dnl,fs,1.98,85.0,20.0,,12,0.23326069661786,0.16391190596022756
full_worst_dnl,fs,1.98,85.0,20.0,,13,0.23594908524177,0.14709403127587808
full_worst_dnl,fs,1.98,85.0,20.0,,14,0.23864627979516,0.13349661080137512
full_worst_dnl,fs,1.98,85.0,20.0,,15,0.24133661233952,0.11738965559588216
full_worst_dnl,fs,1.98,85.0,20.0,,16,0.244145654387239,0.14469646161882924
full_worst_dnl,fs,1.98,85.0,20.0,,17,0.246837895438528,0.1292874746616641
full_worst_dnl,fs,1.98,85.0,20.0,,18,0.24953866248164,0.1169965647140511
full_worst_dnl,fs,1.98,85.0,20.0,,19,0.25223231952159,0.10210542503861982
full_worst_dnl,fs,1.98,85.0,20.0,,20,0.25495027555763,0.09610077536182514
full_worst_dnl,fs,1.98,85.0,20.0,,21,0.25764542409408003,0.08175509726354693
full_worst_dnl,fs,1.98,85.0,20.0,,22,0.26034907212256003,0.07051780482196283
full_worst_dnl,fs,1.98,85.0,20.0,,23,0.26304552367051004,0.05664865664367572
full_worst_dnl,fs,1.98,85.0,20.0,,24,0.265797645703813,0.06313900025160381
full_worst_dnl,fs,1.98,85.0,20.0,,25,0.268495366219392,0.049733931663362395
full_worst_dnl,fs,1.98,85.0,20.0,,26,0.27120141024736,0.03937289046307667
full_worst_dnl,fs,1.98,85.0,20.0,,27,0.27390014627488,0.026339209098986367
full_worst_dnl,fs,1.98,85.0,20.0,,28,0.27662299329935996,0.022123263765934098
full_worst_dnl,fs,1.98,85.0,20.0,,29,0.27932276232384,0.0094673641472046
full_worst_dnl,fs,1.98,85.0,20.0,,30,0.28203083434784,-0.0001520099328087911
full_worst_dnl,fs,1.98,85.0,20.0,,31,0.28473155238496,-0.012460842071776923
full_worst_dnl,fs,1.98,85.0,20.0,,32,0.287677184391328,0.0647988631142482
full_worst_dnl,fs,1.98,85.0,20.0,,33,0.29037887388985,0.052845308288007285
full_worst_dnl,fs,1.98,85.0,20.0,,34,0.29308862043152,0.043838329241603045
full_worst_dnl,fs,1.98,85.0,20.0,,35,0.29579083488656,0.03207675851336538
full_worst_dnl,fs,1.98,85.0,20.0,,36,0.29851697647055997,0.029065680661923516
full_worst_dnl,fs,1.98,85.0,20.0,,37,0.30121984895764997,0.017544761654854874
full_worst_dnl,fs,1.98,85.0,20.0,,38,0.3039308479713,0.008995829503999988
full_worst_dnl,fs,1.98,85.0,20.0,,39,0.3066343469854,-0.0022959596251480112
full_worst_dnl,fs,1.98,85.0,20.0,,40,0.309393282996035,0.006686352835661833
full_worst_dnl,fs,1.98,85.0,20.0,,41,0.31209738201345,-0.004386006509723269
full_worst_dnl,fs,1.98,85.0,20.0,,42,0.3148095600229,-0.012503763053704884
full_worst_dnl,fs,1.98,85.0,20.0,,43,0.31751411250204,-0.02341028496823177
full_worst_dnl,fs,1.98,85.0,20.0,,44,0.32024256404465,-0.025576577956566586
full_worst_dnl,fs,1.98,85.0,20.0,,45,0.3229476575208,-0.036285249535999195
full_worst_dnl,fs,1.98,85.0,20.0,,46,0.3256608055271,-0.04404826437487535
full_worst_dnl,fs,1.98,85.0,20.0,,47,0.32836634307765,-0.054594531602276675
full_worst_dnl,fs,1.98,85.0,20.0,,48,0.331190509516562,-0.021756519657328357
full_worst_dnl,fs,1.98,85.0,20.0,,49,0.333896562551194,-0.032114266991913255
full_worst_dnl,fs,1.98,85.0,20.0,,50,0.33661053756084003,-0.039574834892793634
full_worst_dnl,fs,1.98,85.0,20.0,,51,0.3393168035677,-0.0498546952411516
full_worst_dnl,fs,1.98,85.0,20.0,,52,0.34204689757162,-0.05142031666468126
full_worst_dnl,fs,1.98,85.0,20.0,,53,0.34475351057932,-0.06157327384867375
full_worst_dnl,fs,1.98,85.0,20.0,,54,0.34746816158716,-0.06878661955291981
full_worst_dnl,fs,1.98,85.0,20.0,,55,0.35017513058688,-0.07880938536960766
full_worst_dnl,fs,1.98,85.0,20.0,,56,0.352937504597296,-0.06856974727461258
full_worst_dnl,fs,1.98,85.0,20.0,,57,0.355644817597282,-0.07846670727971627
full_worst_dnl,fs,1.98,85.0,20.0,,58,0.35836007906147,-0.08545680037668393
full_worst_dnl,fs,1.98,85.0,20.0,,59,0.36106759706147,-0.0952787889481093
full_worst_dnl,fs,1.98,85.0,20.0,,60,0.3637989256104,-0.09639291962514562
full_worst_dnl,fs,1.98,85.0,20.0,,61,0.366506752072,-0.10610209938286225
full_worst_dnl,fs,1.98,85.0,20.0,,62,0.36922258407369,-0.11288353876478499
full_worst_dnl,fs,1.98,85.0,20.0,,63,0.3719306590733,-0.12250182462171974
full_worst_dnl,fs,1.98,85.0,20.0,,64,0.375137700076394,0.050358885081241825
full_worst_dnl,fs,1.98,85.0,20.0,,65,0.377846215078071,0.04090151426595412
full_worst_dnl,fs,1.98,85.0,20.0,,66,0.3805625135322,0.03429066320456237
full_worst_dnl,fs,1.98,85.0,20.0,,67,0.38327096008136,0.024808258325959644
full_worst_dnl,fs,1.98,85.0,20.0,,68,0.38600314308123,0.024006612564124098
full_worst_dnl,fs,1.98,85.0,20.0,,69,0.38871173453507996,0.014577201400669539
full_worst_dnl,fs,1.98,85.0,20.0,,70,0.39142825208305,0.008046476086848641
full_worst_dnl,fs,1.98,85.0,20.0,,71,0.39413695608071,-0.0013417761975022457
full_worst_dnl,fs,1.98,85.0,20.0,,72,0.39690103208419397,0.009520305076660764
full_worst_dnl,fs,1.98,85.0,20.0,,73,0.399609963082595,0.00021507020617507678
full_worst_dnl,fs,1.98,85.0,20.0,,74,0.40232674253556,-0.0062198727094856365
full_worst_dnl,fs,1.98,85.0,20.0,,75,0.40503571853243997,-0.01550865099338645
full_worst_dnl,fs,1.98,85.0,20.0,,76,0.40776846653292,-0.016103667960700414
full_worst_dnl,fs,1.98,85.0,20.0,,77,0.41047762053304,-0.025327347916796077
full_worst_dnl,fs,1.98,85.0,20.0,,78,0.41319471812099,-0.03164594432364863
full_worst_dnl,fs,1.98,85.0,20.0,,79,0.41590401666904,-0.0408167610368082
full_worst_dnl,fs,1.98,85.0,20.0,,80,0.4187319285292,-0.006608995035435328
full_worst_dnl,fs,1.98,85.0,20.0,,81,0.421441450984396,-0.015697925706612232
full_worst_dnl,fs,1.98,85.0,20.0,,82,0.42415874198158,-0.021945789593595628
full_worst_dnl,fs,1.98,85.0,20.0,,83,0.42686821497685,-0.03105280846627677
full_worst_dnl,fs,1.98,85.0,20.0,,84,0.42960141751972,-0.03148159278812354
full_worst_dnl,fs,1.98,85.0,20.0,,85,0.43231100497464997,-0.04054675212799452
full_worst_dnl,fs,1.98,85.0,20.0,,86,0.43502850197487,-0.046719277761846055
full_worst_dnl,fs,1.98,85.0,20.0,,87,0.4377382079708,-0.055741084964568345
full_worst_dnl,fs,1.98,85.0,20.0,,88,0.44050323842403,-0.04452994778331134
full_worst_dnl,fs,1.98,85.0,20.0,,89,0.443213103964607,-0.05349340722943907
full_worst_dnl,fs,1.98,85.0,20.0,,90,0.44593080996057,-0.05958950013438523
full_worst_dnl,fs,1.98,85.0,20.0,,91,0.44864067841579996,-0.06855189365030664
full_worst_dnl,fs,1.98,85.0,20.0,,92,0.4513742984131,-0.06882800892341834
full_worst_dnl,fs,1.98,85.0,20.0,,93,0.4540843022005,-0.07774090953142426
full_worst_dnl,fs,1.98,85.0,20.0,,94,0.45680220740489996,-0.08376414906515656
full_worst_dnl,fs,1.98,85.0,20.0,,95,0.4595123194041,-0.09263747507201207
full_worst_dnl,fs,1.98,85.0,20.0,,96,0.46246780040013,-0.011775853666721658
full_worst_dnl,fs,1.98,85.0,20.0,,97,0.46517813539569003,-0.020567626719067027
full_worst_dnl,fs,1.98,85.0,20.0,,98,0.46789619493175,-0.02653442495999668
full_worst_dnl,fs,1.98,85.0,20.0,,99,0.47060635238829995,-0.03539112656458851
full_worst_dnl,fs,1.98,85.0,20.0,,100,0.4733402203852,-0.0355765448411408
full_worst_dnl,fs,1.98,85.0,20.0,,101,0.4760504403775,-0.04441037622856113
full_worst_dnl,fs,1.98,85.0,20.0,,102,0.47876854237419997,-0.050361646006860744
full_worst_dnl,fs,1.98,85.0,20.0,,103,0.4814788223718,-0.05917353259885009
full_worst_dnl,fs,1.98,85.0,20.0,,104,0.48424442536649,-0.04775300882652037
full_worst_dnl,fs,1.98,85.0,20.0,,105,0.48695479382684403,-0.056532543325614276
full_worst_dnl,fs,1.98,85.0,20.0,,106,0.48967301382229,-0.0624406592767863
full_worst_dnl,fs,1.98,85.0,20.0,,107,0.4923833608177,-0.0712280438125593
full_worst_dnl,fs,1.98,85.0,20.0,,108,0.49511745781311,-0.07132971406262202
full_worst_dnl,fs,1.98,85.0,20.0,,109,0.4978279048069,-0.0800805277622934
full_worst_dnl,fs,1.98,85.0,20.0,,110,0.5005462598031201,-0.085939272001789
full_worst_dnl,fs,1.98,85.0,20.0,,111,0.50325678179979,-0.09466265607674781
full_worst_dnl,fs,1.98,85.0,20.0,,112,0.506085970840175,-0.05998780702169273
full_worst_dnl,fs,1.98,85.0,20.0,,113,0.5087966337901689,-0.06865964245252242
full_worst_dnl,fs,1.98,85.0,20.0,,114,0.51151507678242,-0.0744862052863888
full_worst_dnl,fs,1.98,85.0,20.0,,115,0.51422562878044,-0.08319861743907658
full_worst_dnl,fs,1.98,85.0,20.0,,116,0.51695989777423,-0.08323738542441919
full_worst_dnl,fs,1.98,85.0,20.0,,117,0.51967051623936,-0.09192548960547649
full_worst_dnl,fs,1.98,85.0,20.0,,118,0.5223890312364,-0.09772571925943957
full_worst_dnl,fs,1.98,85.0,20.0,,119,0.52509970976091,-0.10639185886719003
full_worst_dnl,fs,1.98,85.0,20.0,,120,0.527865727226976,-0.09481975699161792
full_worst_dnl,fs,1.98,85.0,20.0,,121,0.530576514749768,-0.10344603437053886
full_worst_dnl,fs,1.98,85.0,20.0,,122,0.5332951072172001,-0.10921793199539058
full_worst_dnl,fs,1.98,85.0,20.0,,123,0.53600586220936,-0.11785610629122598
full_worst_dnl,fs,1.98,85.0,20.0,,124,0.5387403352064,-0.11782026737372625
full_worst_dnl,fs,1.98,85.0,20.0,,125,0.54145116967745,-0.12642937510398564
full_worst_dnl,fs,1.98,85.0,20.0,,126,0.54416990619784,-0.13214859050419495
full_worst_dnl,fs,1.98,85.0,20.0,,127,0.5468808061936,-0.14073373491198385
full_worst_dnl,fs,1.98,85.0,20.0,,128,0.5505996241835279,0.21929112997591055
full_worst_dnl,fs,1.98,85.0,20.0,,129,0.553310813177664,0.2108116764028166
full_worst_dnl,fs,1.98,85.0,20.0,,130,0.55602970064882,0.20514766585417227
full_worst_dnl,fs,1.98,85.0,20.0,,131,0.55874064332862,0.19657813160961268
full_worst_dnl,fs,1.98,85.0,20.0,,132,0.5614752346416799,0.19665724038580787
full_worst_dnl,fs,1.98,85.0,20.0,,133,0.56418612968564,0.1880702850340299
full_worst_dnl,fs,1.98,85.0,20.0,,134,0.5669048757441599,0.18235455786420324
full_worst_dnl,fs,1.98,85.0,20.0,,135,0.56961574980317,0.1737599280164659
full_worst_dnl,fs,1.98,85.0,20.0,,136,0.5723819340215,0.18539301357715693
full_worst_dnl,fs,1.98,85.0,20.0,,137,0.575092875370559,0.17682299266157642
full_worst_dnl,fs,1.98,85.0,20.0,,138,0.57781158289136,0.17109317169736676
full_worst_dnl,fs,1.98,85.0,20.0,,139,0.58052242912596,0.16248836606536088
full_worst_dnl,fs,1.98,85.0,20.0,,140,0.58325698609761,0.16255491569739078
full_worst_dnl,fs,1.98,85.0,20.0,,141,0.58596787738874,0.15396658788209347
full_worst_dnl,fs,1.98,85.0,20.0,,142,0.58868664388478,0.1482583350052583
full_worst_dnl,fs,1.98,85.0,20.0,,143,0.59139757016042,0.13968280152503051
full_worst_dnl,fs,1.98,85.0,20.0,,144,0.5942271204637439,0.17448976959778
full_worst_dnl,fs,1.98,85.0,20.0,,145,0.596938150958486,0.16595235053204405
full_worst_dnl,fs,1.98,85.0,20.0,,146,0.59965693729844,0.16025135485810846
full_worst_dnl,fs,1.98,85.0,20.0,,147,0.60236779790258,0.15165180437211997
full_worst_dnl,fs,1.98,85.0,20.0,,148,0.6051023743631501,0.1517254813805786
full_worst_dnl,fs,1.98,85.0,20.0,,149,0.60781329189475,0.14314675007999053
full_worst_dnl,fs,1.98,85.0,20.0,,150,0.610532068563,0.13744221732573741
full_worst_dnl,fs,1.98,85.0,20.0,,151,0.6132430045595999,0.12887023893942537
full_worst_dnl,fs,1.98,85.0,20.0,,152,0.61600929064444,0.14054057853806107
full_worst_dnl,fs,1.98,85.0,20.0,,153,0.618720286552625,0.13199051067427295
full_worst_dnl,fs,1.98,85.0,20.0,,154,0.62143912154895,0.12630730933027834
full_worst_dnl,fs,1.98,85.0,20.0,,155,0.6241500745449999,0.11774154788570611
full_worst_dnl,fs,1.98,85.0,20.0,,156,0.6268847574480799,0.11785415244068938
full_worst_dnl,fs,1.98,85.0,20.0,,157,0.6295957842391999,0.10931537890741083
full_worst_dnl,fs,1.98,85.0,20.0,,158,0.6323146925823,0.10365900152684
full_worst_dnl,fs,1.98,85.0,20.0,,159,0.63502575924464,0.0951348094683421
full_worst_dnl,fs,1.98,85.0,20.0,,160,0.63798225683404,0.176368213591778
full_worst_dnl,fs,1.98,85.0,20.0,,161,0.64069347757303,0.16790036956527796
full_worst_dnl,fs,1.98,85.0,20.0,,162,0.6434124104604401,0.16225296838951767
full_worst_dnl,fs,1.98,85.0,20.0,,163,0.6461234262744,0.15371018035198503
full_worst_dnl,fs,1.98,85.0,20.0,,164,0.64885809057855,0.15381598301258595
full_worst_dnl,fs,1.98,85.0,20.0,,165,0.6515691046580999,0.14527256067655767
full_worst_dnl,fs,1.98,85.0,20.0,,166,0.65428798255108,0.13960504725214865
full_worst_dnl,fs,1.98,85.0,20.0,,167,0.6569989857348,0.1310576401554288
full_worst_dnl,fs,1.98,85.0,20.0,,168,0.659765334453732,0.14275088593624982
full_worst_dnl,fs,1.98,85.0,20.0,,169,0.662476396453565,0.13422498873235814
full_worst_dnl,fs,1.98,85.0,20.0,,170,0.6651952971689999,0.12856582180571
full_worst_dnl,fs,1.98,85.0,20.0,,171,0.66790629732962,0.12001730911821694
full_worst_dnl,fs,1.98,85.0,20.0,,172,0.6706410279555199,0.1201473665901582
full_worst_dnl,fs,1.98,85.0,20.0,,173,0.67335211096036,0.11162915121734127
full_worst_dnl,fs,1.98,85.0,20.0,,174,0.67607106994828,0.10599129537098406
full_worst_dnl,fs,1.98,85.0,20.0,,175,0.67878217145929,0.09747984796892492
full_worst_dnl,fs,1.98,85.0,20.0,,176,0.681611922456575,0.13236021269031134
full_worst_dnl,fs,1.98,85.0,20.0,,177,0.684323149931924,0.12389483224650025
full_worst_dnl,fs,1.98,85.0,20.0,,178,0.68704211245062,0.11825826765528649
full_worst_dnl,fs,1.98,85.0,20.0,,179,0.68975318244774,0.1097352951734771
full_worst_dnl,fs,1.98,85.0,20.0,,180,0.69248796628776,0.10988481380938506
full_worst_dnl,fs,1.98,85.0,20.0,,181,0.69519906444297,0.10137213914333643
full_worst_dnl,fs,1.98,85.0,20.0,,182,0.69791804643973,0.09574269795840402
full_worst_dnl,fs,1.98,85.0,20.0,,183,0.70062917543739,0.08724130281690026
full_worst_dnl,fs,1.98,85.0,20.0,,184,0.7033956534338079,0.09898182722119081
full_worst_dnl,fs,1.98,85.0,20.0,,185,0.70610684788311,0.09050436868022871
full_worst_dnl,fs,1.98,85.0,20.0,,186,0.7088258739522401,0.08489104539068291
full_worst_dnl,fs,1.98,85.0,20.0,,187,0.71153701695064,0.07639477051973083
full_worst_dnl,fs,1.98,85.0,20.0,,188,0.71427188083958,0.07657356418925637
full_worst_dnl,fs,1.98,85.0,20.0,,189,0.71698309633598,0.06810380287268865
full_worst_dnl,fs,1.98,85.0,20.0,,190,0.71970220894468,0.06252212834011418
full_worst_dnl,fs,1.98,85.0,20.0,,191,0.72241346994274,0.0540690076306711
full_worst_dnl,fs,1.98,85.0,20.0,,192,0.7256241299406779,0.2282532354479778
full_worst_dnl,fs,1.98,85.0,20.0,,193,0.72833559093859,0.2198732575414754
full_worst_dnl,fs,1.98,85.0,20.0,,194,0.7310547444692,0.21430654873601693
full_worst_dnl,fs,1.98,85.0,20.0,,195,0.7337659419347,0.20583019326173665
full_worst_dnl,fs,1.98,85.0,20.0,,196,0.73650080993308,0.2060104898121397
full_worst_dnl,fs,1.98,85.0,20.0,,197,0.73921198992806,0.19752774511914595
full_worst_dnl,fs,1.98,85.0,20.0,,198,0.74193101146448,0.1919127641526838
full_worst_dnl,fs,1.98,85.0,20.0,,199,0.744642147473,0.1834139329828385
full_worst_dnl,fs,1.98,85.0,20.0,,200,0.74740863946653,0.19515957633099595
full_worst_dnl,fs,1.98,85.0,20.0,,201,0.750119830844158,0.1866809944349614
full_worst_dnl,fs,1.98,85.0,20.0,,202,0.75283882879232,0.18105738690564976
full_worst_dnl,fs,1.98,85.0,20.0,,203,0.755549931,0.17254619428570095
full_worst_dnl,fs,1.98,85.0,20.0,,204,0.75828476945867,0.172715687742157
full_worst_dnl,fs,1.98,85.0,20.0,,205,0.76099592945826,0.164225630449388
full_worst_dnl,fs,1.98,85.0,20.0,,206,0.763714974,0.15861906285717203
full_worst_dnl,fs,1.98,85.0,20.0,,207,0.766426162,0.15013924571434245
full_worst_dnl,fs,1.98,85.0,20.0,,208,0.769255991,0.1850481371428308
full_worst_dnl,fs,1.98,85.0,20.0,,209,0.77196728,0.1766052571428694
full_worst_dnl,fs,1.98,85.0,20.0,,210,0.774686312,0.17099410285717503
full_worst_dnl,fs,1.98,85.0,20.0,,211,0.777397444,0.16249380571431565
full_worst_dnl,fs,1.98,85.0,20.0,,212,0.78013227607139,0.16266096325125545
full_worst_dnl,fs,1.98,85.0,20.0,,213,0.78284344317556,0.1541735042047776
full_worst_dnl,fs,1.98,85.0,20.0,,214,0.785562469,0.14856009142858642
full_worst_dnl,fs,1.98,85.0,20.0,,215,0.78827365444744,0.14007934077808062
full_worst_dnl,fs,1.98,85.0,20.0,,216,0.791040164,0.15183140571431458
full_worst_dnl,fs,1.98,85.0,20.0,,217,0.79375141434133,0.14337438768645175
full_worst_dnl,fs,1.98,85.0,20.0,,218,0.796470488,0.13777846857140374
full_worst_dnl,fs,1.98,85.0,20.0,,219,0.79918167555584,0.12929848899290164
full_worst_dnl,fs,1.98,85.0,20.0,,220,0.801916586,0.1294943085714603
full_worst_dnl,fs,1.98,85.0,20.0,,221,0.80462784,0.12103862857145488
full_worst_dnl,fs,1.98,85.0,20.0,,222,0.80734696330053,0.115460864193884
full_worst_dnl,fs,1.98,85.0,20.0,,223,0.8100582575609,0.10701990798626834
full_worst_dnl,fs,1.98,85.0,20.0,,224,0.813014995208563,0.18834110484590383
full_worst_dnl,fs,1.98,85.0,20.0,,225,0.815726439,0.1799548342857195
full_worst_dnl,fs,1.98,85.0,20.0,,226,0.818445579,0.17438317714290213
full_worst_dnl,fs,1.98,85.0,20.0,,227,0.82115679756516,0.16591453811571455
full_worst_dnl,fs,1.98,85.0,20.0,,228,0.823891699,0.16610706285713867
full_worst_dnl,fs,1.98,85.0,20.0,,229,0.82660291528926,0.15763759150079945
full_worst_dnl,fs,1.98,85.0,20.0,,230,0.82932198157014,0.15203897422265658
full_worst_dnl,fs,1.98,85.0,20.0,,231,0.83203319824752,0.14356964480733886
full_worst_dnl,fs,1.98,85.0,20.0,,232,0.834799735000726,0.15533165740842086
full_worst_dnl,fs,1.98,85.0,20.0,,233,0.837511006846816,0.14688250397840974
full_worst_dnl,fs,1.98,85.0,20.0,,234,0.8402300904018201,0.1412902040941942
full_worst_dnl,fs,1.98,85.0,20.0,,235,0.84294128487968,0.13281275599727646
full_worst_dnl,fs,1.98,85.0,20.0,,236,0.84567620515306,0.13301217026196355
full_worst_dnl,fs,1.98,85.0,20.0,,237,0.84838746704659,0.1245593770386628
full_worst_dnl,fs,1.98,85.0,20.0,,238,0.85110661146665,0.11898933637484431
full_worst_dnl,fs,1.98,85.0,20.0,,239,0.8538179007285,0.11054655213712296
full_worst_dnl,fs,1.98,85.0,20.0,,240,0.85664784616257,0.14549802516845442
full_worst_dnl,fs,1.98,85.0,20.0,,241,0.85935923670365,0.13709228019203173
full_worst_dnl,fs,1.98,85.0,20.0,,242,0.8620783921626001,0.13152627660807478
full_worst_dnl,fs,1.98,85.0,20.0,,243,0.86478962283409,0.1230620650386121
full_worst_dnl,fs,1.98,85.0,20.0,,244,0.86752456917064,0.12327101097692354
full_worst_dnl,fs,1.98,85.0,20.0,,245,0.87023583831921,0.11482087102539904
full_worst_dnl,fs,1.98,85.0,20.0,,246,0.87295499176238,0.10925413024186323
full_worst_dnl,fs,1.98,85.0,20.0,,247,0.8756662801771801,0.10081103622590198
full_worst_dnl,fs,1.98,85.0,20.0,,248,0.8784329177688359,0.11260992688854848
full_worst_dnl,fs,1.98,85.0,20.0,,249,0.88114429377264,0.1041988654226397
full_worst_dnl,fs,1.98,85.0,20.0,,250,0.88386346709572,0.09863939500616783
full_worst_dnl,fs,1.98,85.0,20.0,,251,0.88657477130213,0.09020207620758519
full_worst_dnl,fs,1.98,85.0,20.0,,252,0.88930980677777,0.09044362158452454
full_worst_dnl,fs,1.98,85.0,20.0,,253,0.89202117178602,0.08202853888730846
full_worst_dnl,fs,1.98,85.0,20.0,,254,0.8947404262729599,0.07649875125390997
full_worst_dnl,fs,1.98,85.0,20.0,,255,0.89745182979277,0.06809775278449187
full_mc_inl,tt,1.8,27,5,1027,0,0.203698781328816,1.3526971716812752
full_mc_inl,tt,1.8,27,5,1027,1,0.20640218628109802,1.341370982801554
full_mc_inl,tt,1.8,27,5,1027,2,0.20911757841005,1.3344286756754238
full_mc_inl,tt,1.8,27,5,1027,3,0.21182132139894,1.3232261116123365
full_mc_inl,tt,1.8,27,5,1027,4,0.21456063637204,1.3250327303460605
full_mc_inl,tt,1.8,27,5,1027,5,0.21726459391551,1.3139086319579414
full_mc_inl,tt,1.8,27,5,1027,6,0.21998054132395,1.3071693984731376
full_mc_inl,tt,1.8,27,5,1027,7,0.22268481207527,1.2961598446701674
full_mc_inl,tt,1.8,27,5,1027,8,0.22547192548958,1.315447036189253
full_mc_inl,tt,1.8,27,5,1027,9,0.228176274244087,1.3044660092661076
full_mc_inl,tt,1.8,27,5,1027,10,0.23089259382956,1.2978628862390857
full_mc_inl,tt,1.8,27,5,1027,11,0.2335972153614,1.286981617883417
full_mc_inl,tt,1.8,27,5,1027,12,0.2363374221423,1.2891143834697112
full_mc_inl,tt,1.8,27,5,1027,13,0.23904220923788,1.278293664138965
full_mc_inl,tt,1.8,27,5,1027,14,0.241758995281,1.2718611313371448
full_mc_inl,tt,1.8,27,5,1027,15,0.2444640812514,1.2611497147977146
full_mc_inl,tt,1.8,27,5,1027,16,0.24734670710632,1.315367170311309
full_mc_inl,tt,1.8,27,5,1027,17,0.25005166418608,1.3046086166235378
full_mc_inl,tt,1.8,27,5,1027,18,0.2527685732232,1.2982210644845693
full_mc_inl,tt,1.8,27,5,1027,19,0.25547375897220004,1.2875461384045854
full_mc_inl,tt,1.8,27,5,1027,20,0.2582145149828,1.289879765138287
full_mc_inl,tt,1.8,27,5,1027,21,0.2609198167858,1.2792472816639946
full_mc_inl,tt,1.8,27,5,1027,22,0.2636370830168,1.2729903604297226
full_mc_inl,tt,1.8,27,5,1027,23,0.2663426479994,1.2624541254948596
full_mc_inl,tt,1.8,27,5,1027,24,0.26913101203642,1.2821986876050218
full_mc_inl,tt,1.8,27,5,1027,25,0.27183654554520004,1.271650942244581
full_mc_inl,tt,1.8,27,5,1027,26,0.2745540101162,1.2654665567817096
full_mc_inl,tt,1.8,27,5,1027,27,0.27725977405216,1.2550030819328128
full_mc_inl,tt,1.8,27,5,1027,28,0.28000106684581,1.257533017896232
full_mc_inl,tt,1.8,27,5,1027,29,0.28270690786405,1.2470977331382878
full_mc_inl,tt,1.8,27,5,1027,30,0.28542470093567995,1.2410334850486648
full_mc_inl,tt,1.8,27,5,1027,31,0.28813077998793,1.2306852527286847
full_mc_inl,tt,1.8,27,5,1027,32,0.29120434507827,1.3547319143387426
full_mc_inl,tt,1.8,27,5,1027,33,0.293910104444911,1.3442667684245992
full_mc_inl,tt,1.8,27,5,1027,34,0.29662779541452,1.338165180167315
full_mc_inl,tt,1.8,27,5,1027,35,0.29933373317736,1.3277652762916554
full_mc_inl,tt,1.8,27,5,1027,36,0.30207521066399,1.3303627571163394
full_mc_inl,tt,1.8,27,5,1027,37,0.30478121988766,1.3199889874870914
full_mc_inl,tt,1.8,27,5,1027,38,0.30749914940316003,1.313974638869959
full_mc_inl,tt,1.8,27,5,1027,39,0.31020535648558,1.3036732290121174
full_mc_inl,tt,1.8,27,5,1027,40,0.312994374377734,1.323656915285564
full_mc_inl,tt,1.8,27,5,1027,41,0.31570052753336997,1.3133357836324373
full_mc_inl,tt,1.8,27,5,1027,42,0.31841858537193,1.307368364591558
full_mc_inl,tt,1.8,27,5,1027,43,0.32112489403646,1.297104104762517
full_mc_inl,tt,1.8,27,5,1027,44,0.32386674906671997,1.2998396586861614
full_mc_inl,tt,1.8,27,5,1027,45,0.32657312673254,1.289600633614632
full_mc_inl,tt,1.8,27,5,1027,46,0.32929143961338,1.283726487178955
full_mc_inl,tt,1.8,27,5,1027,47,0.33199800860654,1.273557433248921
full_mc_inl,tt,1.8,27,5,1027,48,0.33488219221733,1.3283445823378366
full_mc_inl,tt,1.8,27,5,1027,49,0.33758855794529297,1.3181011914214278
full_mc_inl,tt,1.8,27,5,1027,50,0.34030683310186,1.312213248680223
full_mc_inl,tt,1.8,27,5,1027,51,0.3430133629827,1.3020298908159995
full_mc_inl,tt,1.8,27,5,1027,52,0.34575541881856,1.304838882216229
full_mc_inl,tt,1.8,27,5,1027,53,0.34846199071238,1.294670889098971
full_mc_inl,tt,1.8,27,5,1027,54,0.35118048554154,1.2888632837632081
full_mc_inl,tt,1.8,27,5,1027,55,0.35388724558842,1.2787641009078805
full_mc_inl,tt,1.8,27,5,1027,56,0.35667682882524104,1.2989545418024306
full_mc_inl,tt,1.8,27,5,1027,57,0.359383504184384,1.2888243874318612
full_mc_inl,tt,1.8,27,5,1027,58,0.36210210288792,1.2830547704393171
full_mc_inl,tt,1.8,27,5,1027,59,0.36480893292049,1.2729811823506259
full_mc_inl,tt,1.8,27,5,1027,60,0.36755130168672,1.2759046168576
full_mc_inl,tt,1.8,27,5,1027,61,0.3702581911432,1.2658527609417143
full_mc_inl,tt,1.8,27,5,1027,62,0.37297700983175003,1.2601635956114472
full_mc_inl,tt,1.8,27,5,1027,63,0.3756840851264,1.250179703369148
full_mc_inl,tt,1.8,27,5,1027,64,0.379139544999552,1.5138907426933
full_mc_inl,tt,1.8,27,5,1027,65,0.381846146062304,1.5037334170711705
full_mc_inl,tt,1.8,27,5,1027,66,0.38456461404864,1.4979159949311949
full_mc_inl,tt,1.8,27,5,1027,67,0.3872713401844,1.4878044102948706
full_mc_inl,tt,1.8,27,5,1027,68,0.39001358408832004,1.490682180871334
full_mc_inl,tt,1.8,27,5,1027,69,0.39272032220825,1.480574979017137
full_mc_inl,tt,1.8,27,5,1027,70,0.3954389799656,1.4748269588480007
full_mc_inl,tt,1.8,27,5,1027,71,0.39814590423015,1.4647878327405652
full_mc_inl,tt,1.8,27,5,1027,72,0.4009356251016,1.4850286085851598
full_mc_inl,tt,1.8,27,5,1027,73,0.403642429817056,1.4749457616661996
full_mc_inl,tt,1.8,27,5,1027,74,0.4063611562426,1.4692228544365704
full_mc_inl,tt,1.8,27,5,1027,75,0.409068115227,1.459196425874276
full_mc_inl,tt,1.8,27,5,1027,76,0.4118105992627,1.4621620160731248
full_mc_inl,tt,1.8,27,5,1027,77,0.41451759249681996,1.452148113122738
full_mc_inl,tt,1.8,27,5,1027,78,0.41723650910055,1.446494756772572
full_mc_inl,tt,1.8,27,5,1027,79,0.41994366125595,1.4365389736045742
full_mc_inl,tt,1.8,27,5,1027,80,0.422828443727085,1.4915451344767967
full_mc_inl,tt,1.8,27,5,1027,81,0.42553536928540997,1.4815064815213526
full_mc_inl,tt,1.8,27,5,1027,82,0.4282542112882,1.475825842541728
full_mc_inl,tt,1.8,27,5,1027,83,0.4309612735561,1.465837186230853
full_mc_inl,tt,1.8,27,5,1027,84,0.4337038619423,1.46884093889828
full_mc_inl,tt,1.8,27,5,1027,85,0.43641095741561997,1.4588644262838915
full_mc_inl,tt,1.8,27,5,1027,86,0.43912997140862003,1.4532466865810332
full_mc_inl,tt,1.8,27,5,1027,87,0.44183721743088,1.443325231864695
full_mc_inl,tt,1.8,27,5,1027,88,0.444627302350038,1.4636991451567587
full_mc_inl,tt,1.8,27,5,1027,89,0.447334453441436,1.4537429728680302
full_mc_inl,tt,1.8,27,5,1027,90,0.45005352243354,1.448145347123224
full_mc_inl,tt,1.8,27,5,1027,91,0.45276081556298,1.4382411201755272
full_mc_inl,tt,1.8,27,5,1027,92,0.45550364801327997,1.4413341305709693
full_mc_inl,tt,1.8,27,5,1027,93,0.45821098356458,1.4314454179035507
full_mc_inl,tt,1.8,27,5,1027,94,0.46093022457026,1.425910699980802
full_mc_inl,tt,1.8,27,5,1027,95,0.46363772858248004,1.416083595878409
full_mc_inl,tt,1.8,27,5,1027,96,0.466712885587862,1.5407124435609734
full_mc_inl,tt,1.8,27,5,1027,97,0.46942002557845003,1.5307522115474472
full_mc_inl,tt,1.8,27,5,1027,98,0.47213905055221,1.5251384876653773
full_mc_inl,tt,1.8,27,5,1027,99,0.47484631060211,1.5152221630573797
full_mc_inl,tt,1.8,27,5,1027,100,0.47758909852344,1.51829888857234
full_mc_inl,tt,1.8,27,5,1027,101,0.48029638004224,1.508390415447788
full_mc_inl,tt,1.8,27,5,1027,102,0.48301557083989,1.5028373357312068
full_mc_inl,tt,1.8,27,5,1027,103,0.48572299661563,1.4929816194304075
full_mc_inl,tt,1.8,27,5,1027,104,0.48851326106272003,1.513421188651896
full_mc_inl,tt,1.8,27,5,1027,105,0.49122058872596003,1.5035295912082347
full_mc_inl,tt,1.8,27,5,1027,106,0.49393982074396,1.4979915863625188
full_mc_inl,tt,1.8,27,5,1027,107,0.49664728631466,1.4881504236470888
full_mc_inl,tt,1.8,27,5,1027,108,0.49939026775716,1.4912979226185186
full_mc_inl,tt,1.8,27,5,1027,109,0.50209777077696,1.4814704555739615
full_mc_inl,tt,1.8,27,5,1027,110,0.50481718416848,1.4759987816155526
full_mc_inl,tt,1.8,27,5,1027,111,0.50752483276976,1.466224555797981
full_mc_inl,tt,1.8,27,5,1027,112,0.510410143763484,1.521424004931313
full_mc_inl,tt,1.8,27,5,1027,113,0.51311755570924,1.5115632308077565
full_mc_inl,tt,1.8,27,5,1027,114,0.5158368892204199,1.5060623434678584
full_mc_inl,tt,1.8,27,5,1027,115,0.5185444377659201,1.4962515258222149
full_mc_inl,tt,1.8,27,5,1027,116,0.5212875117749199,1.4994328776850403
full_mc_inl,tt,1.8,27,5,1027,117,0.5239950735181199,1.4896268866267195
full_mc_inl,tt,1.8,27,5,1027,118,0.52671456588317,1.4841840944164428
full_mc_inl,tt,1.8,27,5,1027,119,0.52942230668864,1.4744435889883385
full_mc_inl,tt,1.8,27,5,1027,120,0.532212857732492,1.4949879707399663
full_mc_inl,tt,1.8,27,5,1027,121,0.534920499924839,1.4852114010840216
full_mc_inl,tt,1.8,27,5,1027,122,0.53764002402605,1.4797802152411677
full_mc_inl,tt,1.8,27,5,1027,123,0.5403477840052,1.4700467219017
full_mc_inl,tt,1.8,27,5,1027,124,0.5430910884254401,1.4733123384466549
full_mc_inl,tt,1.8,27,5,1027,125,0.5457988858617601,1.463592543729411
full_mc_inl,tt,1.8,27,5,1027,126,0.5485186195244,1.4582379974948725
full_mc_inl,tt,1.8,27,5,1027,127,0.5512265861600399,1.448580081386045
full_mc_inl,tt,1.8,27,5,1027,128,0.555446611360588,1.9919035833007521
full_mc_inl,tt,1.8,27,5,1027,129,0.558153947819203,1.982015202451391
full_mc_inl,tt,1.8,27,5,1027,130,0.5608731591127,1.9764696183588628
full_mc_inl,tt,1.8,27,5,1027,131,0.5635806003011999,1.9666195387245824
full_mc_inl,tt,1.8,27,5,1027,132,0.5663235543513699,1.9697570199295862
full_mc_inl,tt,1.8,27,5,1027,133,0.5690310063531,1.9599108948479838
full_mc_inl,tt,1.8,27,5,1027,134,0.5717503630715,1.954418494719984
full_mc_inl,tt,1.8,27,5,1027,135,0.574457957839,1.9446245811200162
full_mc_inl,tt,1.8,27,5,1027,136,0.57724838870271,1.9651250112768335
full_mc_inl,tt,1.8,27,5,1027,137,0.579955857145397,1.9552848988880507
full_mc_inl,tt,1.8,27,5,1027,138,0.5826752510287999,1.9498060905325232
full_mc_inl,tt,1.8,27,5,1027,139,0.585382861965,1.9400180900571433
full_mc_inl,tt,1.8,27,5,1027,140,0.5881260001616,1.9432229162422996
full_mc_inl,tt,1.8,27,5,1027,141,0.5908336360601,1.9334440448365953
full_mc_inl,tt,1.8,27,5,1027,142,0.5935532030319,1.9280285373805637
full_mc_inl,tt,1.8,27,5,1027,143,0.5962609868154,1.9183037496319701
full_mc_inl,tt,1.8,27,5,1027,144,0.59914643305125,1.9735526587428711
full_mc_inl,tt,1.8,27,5,1027,145,0.60185398971697,1.9637448107776225
full_mc_inl,tt,1.8,27,5,1027,146,0.604573428913,1.9582825738971874
full_mc_inl,tt,1.8,27,5,1027,147,0.60728109729215,1.9485155811291375
full_mc_inl,tt,1.8,27,5,1027,148,0.61002430215435,1.9517447878765537
full_mc_inl,tt,1.8,27,5,1027,149,0.6127319979555,1.9419878237257293
full_mc_inl,tt,1.8,27,5,1027,150,0.61545159178482,1.936582138448476
full_mc_inl,tt,1.8,27,5,1027,151,0.61815943471241,1.9268789805385367
full_mc_inl,tt,1.8,27,5,1027,152,0.6209501171372,1.9474714101760275
full_mc_inl,tt,1.8,27,5,1027,153,0.623657853471248,1.937729269484976
full_mc_inl,tt,1.8,27,5,1027,154,0.62637750093168,1.9323431978715382
full_mc_inl,tt,1.8,27,5,1027,155,0.6290853609667999,1.9226462964296942
full_mc_inl,tt,1.8,27,5,1027,156,0.63182876208632,1.9259472772827737
full_mc_inl,tt,1.8,27,5,1027,157,0.6345366722661601,1.9162687144814023
full_mc_inl,tt,1.8,27,5,1027,158,0.63725647142968,1.9109381228543856
full_mc_inl,tt,1.8,27,5,1027,159,0.6399645312184,1.901314274157723
full_mc_inl,tt,1.8,27,5,1027,160,0.643040311791608,2.0261711695023825
full_mc_inl,tt,1.8,27,5,1027,161,0.645747994680704,2.0164094832289186
full_mc_inl,tt,1.8,27,5,1027,162,0.6484675673259,2.0109960506148843
full_mc_inl,tt,1.8,27,5,1027,163,0.65117536808762,2.0012774720438693
full_mc_inl,tt,1.8,27,5,1027,164,0.6539187041628001,2.0045546652525967
full_mc_inl,tt,1.8,27,5,1027,165,0.6566265057106,1.9948363741623
full_mc_inl,tt,1.8,27,5,1027,166,0.65934623940122,1.9894818381604702
full_mc_inl,tt,1.8,27,5,1027,167,0.6620542034533701,1.9798229772324916
full_mc_inl,tt,1.8,27,5,1027,168,0.66484500148144,2.0004576846408946
full_mc_inl,tt,1.8,27,5,1027,169,0.667552856373192,1.9907589021959131
full_mc_inl,tt,1.8,27,5,1027,170,0.67027260927968,1.9854113937115667
full_mc_inl,tt,1.8,27,5,1027,171,0.6729805911364001,1.9757590441692028
full_mc_inl,tt,1.8,27,5,1027,172,0.67572410751935,1.9791021785051401
full_mc_inl,tt,1.8,27,5,1027,173,0.6784321092564,1.9694570994833986
full_mc_inl,tt,1.8,27,5,1027,174,0.6811520375793401,1.9641737433015092
full_mc_inl,tt,1.8,27,5,1027,175,0.68386019758732,1.9545865462198924
full_mc_inl,tt,1.8,27,5,1027,176,0.686746045792986,2.009982461434926
full_mc_inl,tt,1.8,27,5,1027,177,0.689453969056692,2.0003086835902195
full_mc_inl,tt,1.8,27,5,1027,178,0.69217380059572,1.9949899321490048
full_mc_inl,tt,1.8,27,5,1027,179,0.69488185659956,1.9853646992676692
full_mc_inl,tt,1.8,27,5,1027,180,0.69762543660058,1.9887310996406884
full_mc_inl,tt,1.8,27,5,1027,181,0.7003335046508,1.9791102722926115
full_mc_inl,tt,1.8,27,5,1027,182,0.70305348765692,1.9738469145307493
full_mc_inl,tt,1.8,27,5,1027,183,0.7057617126803,1.9642834945096868
full_mc_inl,tt,1.8,27,5,1027,184,0.708552784620248,1.9850183754049666
full_mc_inl,tt,1.8,27,5,1027,185,0.711260901686825,1.9754154740388687
full_mc_inl,tt,1.8,27,5,1027,186,0.71398092203494,1.9701657727780946
full_mc_inl,tt,1.8,27,5,1027,187,0.71668917372035,1.9606121034422588
full_mc_inl,tt,1.8,27,5,1027,188,0.71943295469545,1.9640520029074084
full_mc_inl,tt,1.8,27,5,1027,189,0.72214124170285,1.9545112513279963
full_mc_inl,tt,1.8,27,5,1027,190,0.7248614497057501,1.9493301781028955
full_mc_inl,tt,1.8,27,5,1027,191,0.7275698977031501,1.93984830286634
full_mc_inl,tt,1.8,27,5,1027,192,0.7310270996136801,2.204196430145901
full_mc_inl,tt,1.8,27,5,1027,193,0.7337350447041899,2.194530634675159
full_mc_inl,tt,1.8,27,5,1027,194,0.7364548712324,2.189210050706306
full_mc_inl,tt,1.8,27,5,1027,195,0.73916291762204,2.179581301774647
full_mc_inl,tt,1.8,27,5,1027,196,0.74190650372495,2.182949933696047
full_mc_inl,tt,1.8,27,5,1027,197,0.74461456322816,2.1733259805842766
full_mc_inl,tt,1.8,27,5,1027,198,0.7473345297813201,2.168056605739902
full_mc_inl,tt,1.8,27,5,1027,199,0.7500427529752,2.1584925166445554
full_mc_inl,tt,1.8,27,5,1027,200,0.7528338047871199,2.179220036432444
full_mc_inl,tt,1.8,27,5,1027,201,0.75554189717915,2.169608111232029
full_mc_inl,tt,1.8,27,5,1027,202,0.7582619105716,2.164355866185182
full_mc_inl,tt,1.8,27,5,1027,203,0.7609701317948799,2.1547910564132167
full_mc_inl,tt,1.8,27,5,1027,204,0.76371389580312,2.158224750855311
full_mc_inl,tt,1.8,27,5,1027,205,0.76642215280652,2.1486730263844884
full_mc_inl,tt,1.8,27,5,1027,206,0.769142323684,2.1434783758629044
full_mc_inl,tt,1.8,27,5,1027,207,0.7718507298977599,2.1339812197522536
full_mc_inl,tt,1.8,27,5,1027,208,0.774736837858388,2.189472131067589
full_mc_inl,tt,1.8,27,5,1027,209,0.777445008860971,2.179888954869398
full_mc_inl,tt,1.8,27,5,1027,210,0.780165075516,2.1746561887085902
full_mc_inl,tt,1.8,27,5,1027,211,0.78287336686428,2.1651170246510025
full_mc_inl,tt,1.8,27,5,1027,212,0.78561719555986,2.1685743761774137
full_mc_inl,tt,1.8,27,5,1027,213,0.78832550686227,2.1590425096301504
full_mc_inl,tt,1.8,27,5,1027,214,0.79104573803415,2.1538699096320055
full_mc_inl,tt,1.8,27,5,1027,215,0.7937542027380801,2.144394144212153
full_mc_inl,tt,1.8,27,5,1027,216,0.796545519876379,2.1652186976472114
full_mc_inl,tt,1.8,27,5,1027,217,0.799253878919234,2.1557042904627877
full_mc_inl,tt,1.8,27,5,1027,218,0.80197414887748,2.1505458751926607
full_mc_inl,tt,1.8,27,5,1027,219,0.8046826432444,2.141080957951991
full_mc_inl,tt,1.8,27,5,1027,220,0.80742667592292,2.1446129089535964
full_mc_inl,tt,1.8,27,5,1027,221,0.8101352068859999,2.135161375451438
full_mc_inl,tt,1.8,27,5,1027,222,0.81285564482146,2.1300643918482773
full_mc_inl,tt,1.8,27,5,1027,223,0.81556432892722,2.1206688648118597
full_mc_inl,tt,1.8,27,5,1027,224,0.818640829927222,2.2457892305268956
full_mc_inl,tt,1.8,27,5,1027,225,0.821349146317344,2.2362592246286845
full_mc_inl,tt,1.8,27,5,1027,226,0.82406935101739,2.2310769435026554
full_mc_inl,tt,1.8,27,5,1027,227,0.82677778093254,2.2215884553289453
full_mc_inl,tt,1.8,27,5,1027,228,0.8295217509342401,2.225097484522069
full_mc_inl,tt,1.8,27,5,1027,229,0.83223020179264,2.2156166555940415
full_mc_inl,tt,1.8,27,5,1027,230,0.8349505679336,2.2104934157165905
full_mc_inl,tt,1.8,27,5,1027,231,0.83765916493514,2.201066033422673
full_mc_inl,tt,1.8,27,5,1027,232,0.840450627633184,2.2219438201359156
full_mc_inl,tt,1.8,27,5,1027,233,0.843159116968813,2.2124770628801524
full_mc_inl,tt,1.8,27,5,1027,234,0.84587952197014,2.2073680347940745
full_mc_inl,tt,1.8,27,5,1027,235,0.84858815297103,2.197953086548117
full_mc_inl,tt,1.8,27,5,1027,236,0.8513323228604599,2.201535217539653
full_mc_inl,tt,1.8,27,5,1027,237,0.8540409799710299,2.1921298179766984
full_mc_inl,tt,1.8,27,5,1027,238,0.85676156789733,2.1870876881664003
full_mc_inl,tt,1.8,27,5,1027,239,0.85947038084271,2.177739279619654
full_mc_inl,tt,1.8,27,5,1027,240,0.862356916972911,2.2333867786645913
full_mc_inl,tt,1.8,27,5,1027,241,0.865065505973294,2.2239564702332717
full_mc_inl,tt,1.8,27,5,1027,242,0.86778600297481,2.2188810879305674
full_mc_inl,tt,1.8,27,5,1027,243,0.87049469720463,2.2094892634075336
full_mc_inl,tt,1.8,27,5,1027,244,0.873238947,2.213100617142873
full_mc_inl,tt,1.8,27,5,1027,245,0.875947683,2.2037240685714568
full_mc_inl,tt,1.8,27,5,1027,246,0.87866833847058,2.1987066406692946
full_mc_inl,tt,1.8,27,5,1027,247,0.88137723497399,2.1893887904878238
full_mc_inl,tt,1.8,27,5,1027,248,0.88416901,2.210380799999996
full_mc_inl,tt,1.8,27,5,1027,249,0.886877803,2.2010250971428444
full_mc_inl,tt,1.8,27,5,1027,250,0.889598499,2.196022491428583
full_mc_inl,tt,1.8,27,5,1027,251,0.892307435,2.1867190857143117
full_mc_inl,tt,1.8,27,5,1027,252,0.895051931,2.190420480000057
full_mc_inl,tt,1.8,27,5,1027,253,0.897760897,2.18112804571425
full_mc_inl,tt,1.8,27,5,1027,254,0.900481815,2.1762066285714354
full_mc_inl,tt,1.8,27,5,1027,255,0.903190915,2.1669632000000303
full_mc_raw,tt,1.8,27,5,1004,0,0.170776753753146,-10.687358627420899
full_mc_raw,tt,1.8,27,5,1004,1,0.173486755708588,-10.696272198002116
full_mc_raw,tt,1.8,27,5,1004,2,0.1762067560583,-10.701529212964576
full_mc_raw,tt,1.8,27,5,1004,3,0.1789173121287,-10.710240135789725
full_mc_raw,tt,1.8,27,5,1004,4,0.18165724837622,-10.708206308125261
full_mc_raw,tt,1.8,27,5,1004,5,0.1843682242454,-10.716763704539432
full_mc_raw,tt,1.8,27,5,1004,6,0.187089159658,-10.721678753645726
full_mc_raw,tt,1.8,27,5,1004,7,0.18980062785244,-10.730056099679086
full_mc_raw,tt,1.8,27,5,1004,8,0.19258028346344,-10.713496333370522
full_mc_raw,tt,1.8,27,5,1004,9,0.195291975575644,-10.721791789478763
full_mc_raw,tt,1.8,27,5,1004,10,0.19801361597651002,-10.726449014304913
full_mc_raw,tt,1.8,27,5,1004,11,0.20072571229472,-10.734596646502409
full_mc_raw,tt,1.8,27,5,1004,12,0.20346715775274,-10.732010878997949
full_mc_raw,tt,1.8,27,5,1004,13,0.20617955188083,-10.74004959786789
full_mc_raw,tt,1.8,27,5,1004,14,0.20890189166706,-10.744451047475202
full_mc_raw,tt,1.8,27,5,1004,15,0.21161466993942,-10.752349279297837
full_mc_raw,tt,1.8,27,5,1004,16,0.214473478424482,-10.706842176189449
full_mc_raw,tt,1.8,27,5,1004,17,0.217186270818192,-10.714735243632642
full_mc_raw,tt,1.8,27,5,1004,18,0.21990894000948,-10.719016225104465
full_mc_raw,tt,1.8,27,5,1004,19,0.22262204793926,-10.726793896499203
full_mc_raw,tt,1.8,27,5,1004,20,0.22536446495753,-10.723852815531895
full_mc_raw,tt,1.8,27,5,1004,21,0.22807775923440998,-10.731562337130072
full_mc_raw,tt,1.8,27,5,1004,22,0.2308009648603,-10.735647136804566
full_mc_raw,tt,1.8,27,5,1004,23,0.23351456853839,-10.743243505960223
full_mc_raw,tt,1.8,27,5,1004,24,0.23629636270788,-10.725901638261034
full_mc_raw,tt,1.8,27,5,1004,25,0.2390100409906,-10.73347072343772
full_mc_raw,tt,1.8,27,5,1004,26,0.24173358019115002,-10.737433530093718
full_mc_raw,tt,1.8,27,5,1004,27,0.2444475299598,-10.744903328987427
full_mc_raw,tt,1.8,27,5,1004,28,0.24719077123640001,-10.741660804973705
full_mc_raw,tt,1.8,27,5,1004,29,0.2499048779776,-10.74907319676343
full_mc_raw,tt,1.8,27,5,1004,30,0.2526288641106,-10.752872553837726
full_mc_raw,tt,1.8,27,5,1004,31,0.2553432438798,-10.760185095387435
full_mc_raw,tt,1.8,27,5,1004,32,0.25835968909312,-10.657027988801815
full_mc_raw,tt,1.8,27,5,1004,33,0.26107385511586,-10.664418700485479
full_mc_raw,tt,1.8,27,5,1004,34,0.26379785468459,-10.668213143921374
full_mc_raw,tt,1.8,27,5,1004,35,0.26651220000414,-10.675538284200234
full_mc_raw,tt,1.8,27,5,1004,36,0.26925583549536003,-10.67215159026834
full_mc_raw,tt,1.8,27,5,1004,37,0.2719703051772,-10.679431249481135
full_mc_raw,tt,1.8,27,5,1004,38,0.274694641908,-10.683102387931417
full_mc_raw,tt,1.8,27,5,1004,39,0.27740933833486,-10.690299123251208
full_mc_raw,tt,1.8,27,5,1004,40,0.280192197843325,-10.67256764586972
full_mc_raw,tt,1.8,27,5,1004,41,0.28290687252838,-10.679772332478187
full_mc_raw,tt,1.8,27,5,1004,42,0.28563139388197,-10.683375951736675
full_mc_raw,tt,1.8,27,5,1004,43,0.28834628138806,-10.690502806652336
full_mc_raw,tt,1.8,27,5,1004,44,0.29109044597148,-10.686922616144464
full_mc_raw,tt,1.8,27,5,1004,45,0.29380543520338004,-10.694012268478161
full_mc_raw,tt,1.8,27,5,1004,46,0.29653026058075,-10.697504701897154
full_mc_raw,tt,1.8,27,5,1004,47,0.29924546203362,-10.704516741990387
full_mc_raw,tt,1.8,27,5,1004,48,0.302106723942342,-10.658112386800635
full_mc_raw,tt,1.8,27,5,1004,49,0.304821764938544,-10.665183108189618
full_mc_raw,tt,1.8,27,5,1004,50,0.30754664499459,-10.668655544835662
full_mc_raw,tt,1.8,27,5,1004,51,0.31026184785182,-10.675667071334415
full_mc_raw,tt,1.8,27,5,1004,52,0.31300633416962004,-10.671969217967522
full_mc_raw,tt,1.8,27,5,1004,53,0.31572163324428,-10.678945556377602
full_mc_raw,tt,1.8,27,5,1004,54,0.31844676701028,-10.682325207669022
full_mc_raw,tt,1.8,27,5,1004,55,0.321162244685,-10.689236229485724
full_mc_raw,tt,1.8,27,5,1004,56,0.323945894684102,-10.67121565838556
full_mc_raw,tt,1.8,27,5,1004,57,0.32666131959044403,-10.678145978351889
full_mc_raw,tt,1.8,27,5,1004,58,0.32938659375822,-10.681474282708114
full_mc_raw,tt,1.8,27,5,1004,59,0.33210221405056,-10.68833314722377
full_mc_raw,tt,1.8,27,5,1004,60,0.33484708549224,-10.684494448552227
full_mc_raw,tt,1.8,27,5,1004,61,0.33756276685898,-10.691330977287318
full_mc_raw,tt,1.8,27,5,1004,62,0.34028830266687,-10.69456359611611
full_mc_raw,tt,1.8,27,5,1004,63,0.34300418203584,-10.701327712607087
full_mc_raw,tt,1.8,27,5,1004,64,0.346335010758224,-10.483196065563801
full_mc_raw,tt,1.8,27,5,1004,65,0.349050479111762,-10.490110496269898
full_mc_raw,tt,1.8,27,5,1004,66,0.35177572744687996,-10.493448247998195
full_mc_raw,tt,1.8,27,5,1004,67,0.35449130695583997,-10.500322027578518
full_mc_raw,tt,1.8,27,5,1004,68,0.3572361472373,-10.496494724644561
full_mc_raw,tt,1.8,27,5,1004,69,0.35995177096914,-10.503352331285946
full_mc_raw,tt,1.8,27,5,1004,70,0.3626772237527,-10.506615313298289
full_mc_raw,tt,1.8,27,5,1004,71,0.3653930163716,-10.513411155529155
full_mc_raw,tt,1.8,27,5,1004,72,0.368176952038944,-10.495286111471895
full_mc_raw,tt,1.8,27,5,1004,73,0.37089266308944,-10.50211178443336
full_mc_raw,tt,1.8,27,5,1004,74,0.37361820776,-10.505341162057148
full_mc_raw,tt,1.8,27,5,1004,75,0.37633408088271997,-10.512107562890987
full_mc_raw,tt,1.8,27,5,1004,76,0.37907919987904,-10.5081783299511
full_mc_raw,tt,1.8,27,5,1004,77,0.38179511213087997,-10.514930420706747
full_mc_raw,tt,1.8,27,5,1004,78,0.38452086484864,-10.518083712497365
full_mc_raw,tt,1.8,27,5,1004,79,0.38723694511568,-10.524774357694165
full_mc_raw,tt,1.8,27,5,1004,80,0.390099123640256,-10.478034782992093
full_mc_raw,tt,1.8,27,5,1004,81,0.392815003380755,-10.484798763609616
full_mc_raw,tt,1.8,27,5,1004,82,0.39554069914912,-10.48797288260754
full_mc_raw,tt,1.8,27,5,1004,83,0.3982567231296,-10.494684112603434
full_mc_raw,tt,1.8,27,5,1004,84,0.40100198984592,-10.490700856349257
full_mc_raw,tt,1.8,27,5,1004,85,0.4037180444144,-10.497400899876551
full_mc_raw,tt,1.8,27,5,1004,86,0.4064439408149,-10.500501644836586
full_mc_raw,tt,1.8,27,5,1004,87,0.40916016285776,-10.507140440590613
full_mc_raw,tt,1.8,27,5,1004,88,0.411944545860144,-10.48885179971876
full_mc_raw,tt,1.8,27,5,1004,89,0.41466067809366997,-10.49552344002927
full_mc_raw,tt,1.8,27,5,1004,90,0.41738663888958,-10.498600634667872
full_mc_raw,tt,1.8,27,5,1004,91,0.42010291578665,-10.505219369453727
full_mc_raw,tt,1.8,27,5,1004,92,0.4228484746007,-10.501129288886842
full_mc_raw,tt,1.8,27,5,1004,93,0.4255647961806,-10.507731682523424
full_mc_raw,tt,1.8,27,5,1004,94,0.42829096057256,-10.510734419178059
full_mc_raw,tt,1.8,27,5,1004,95,0.43100745456699996,-10.517273758354305
full_mc_raw,tt,1.8,27,5,1004,96,0.434026204689406,-10.41327371358865
full_mc_raw,tt,1.8,27,5,1004,97,0.43674237189842,-10.419932562863528
full_mc_raw,tt,1.8,27,5,1004,98,0.43946833421325,-10.423009202011428
full_mc_raw,tt,1.8,27,5,1004,99,0.44218461606223997,-10.429626125809385
full_mc_raw,tt,1.8,27,5,1004,100,0.44493014485906,-10.425547022972342
full_mc_raw,tt,1.8,27,5,1004,101,0.44764645037866,-10.432155290090037
full_mc_raw,tt,1.8,27,5,1004,102,0.4503725864585,-10.43516838089143
full_mc_raw,tt,1.8,27,5,1004,103,0.45308904167321,-10.441721902368906
full_mc_raw,tt,1.8,27,5,1004,104,0.455873669592396,-10.423343691923748
full_mc_raw,tt,1.8,27,5,1004,105,0.45859003884229,-10.429928651962522
full_mc_raw,tt,1.8,27,5,1004,106,0.46131623110412,-10.432921196207527
full_mc_raw,tt,1.8,27,5,1004,107,0.46403272759164,-10.439459623628796
full_mc_raw,tt,1.8,27,5,1004,108,0.46677849628637,-10.435292786698959
full_mc_raw,tt,1.8,27,5,1004,109,0.46949504299252,-10.441812848449835
full_mc_raw,tt,1.8,27,5,1004,110,0.47222141912126997,-10.444738149935539
full_mc_raw,tt,1.8,27,5,1004,111,0.47493811384939,-10.45120407793734
full_mc_raw,tt,1.8,27,5,1004,112,0.477800931085075,-10.404230917458284
full_mc_raw,tt,1.8,27,5,1004,113,0.480517408608498,-10.410776280320745
full_mc_raw,tt,1.8,27,5,1004,114,0.48324371997185,-10.413725267437712
full_mc_raw,tt,1.8,27,5,1004,115,0.48596032440692,-10.420224216897815
full_mc_raw,tt,1.8,27,5,1004,116,0.48870619700981,-10.416019379269455
full_mc_raw,tt,1.8,27,5,1004,117,0.49142282503607,-10.422509701094397
full_mc_raw,tt,1.8,27,5,1004,118,0.49414930285178,-10.42539781420619
full_mc_raw,tt,1.8,27,5,1004,119,0.49686609204504,-10.431829194956798
full_mc_raw,tt,1.8,27,5,1004,120,0.499651056779037,-10.413327806523602
full_mc_raw,tt,1.8,27,5,1004,121,0.502367776212717,-10.41978469934918
full_mc_raw,tt,1.8,27,5,1004,122,0.5050942910187,-10.422659284589722
full_mc_raw,tt,1.8,27,5,1004,123,0.50781113053964,-10.429072259788818
full_mc_raw,tt,1.8,27,5,1004,124,0.51055724471232,-10.424779076637257
full_mc_raw,tt,1.8,27,5,1004,125,0.51327411219956,-10.431181824160905
full_mc_raw,tt,1.8,27,5,1004,126,0.51600084870364,-10.43397533124018
full_mc_raw,tt,1.8,27,5,1004,127,0.51871787563584,-10.440319767464207
full_mc_raw,tt,1.8,27,5,1004,128,0.522676995600888,-9.992413037389554
full_mc_raw,tt,1.8,27,5,1004,129,0.5253934535186761,-9.998965570312757
full_mc_raw,tt,1.8,27,5,1004,130,0.52811970003308,-10.001938273616458
full_mc_raw,tt,1.8,27,5,1004,131,0.53083625094496,-10.008456797271737
full_mc_raw,tt,1.8,27,5,1004,132,0.53358205547966,-10.004276853152914
full_mc_raw,tt,1.8,27,5,1004,133,0.53629863122184,-10.010786296012832
full_mc_raw,tt,1.8,27,5,1004,134,0.53902501058328,-10.013710415257599
full_mc_raw,tt,1.8,27,5,1004,135,0.54174171459525,-10.020172948022841
full_mc_raw,tt,1.8,27,5,1004,136,0.544526576891896,-10.001709022392294
full_mc_raw,tt,1.8,27,5,1004,137,0.54724318050283,-10.008208273250716
full_mc_raw,tt,1.8,27,5,1004,138,0.5499695997781799,-10.011117795408495
full_mc_raw,tt,1.8,27,5,1004,139,0.5526863271358,-10.017571790335996
full_mc_raw,tt,1.8,27,5,1004,140,0.5554323092889,-10.013326888630852
full_mc_raw,tt,1.8,27,5,1004,141,0.5581490612808,-10.019771874450255
full_mc_raw,tt,1.8,27,5,1004,142,0.5608756509215,-10.02261909156569
full_mc_raw,tt,1.8,27,5,1004,143,0.5635925547579,-10.029008545682286
full_mc_raw,tt,1.8,27,5,1004,144,0.56645557174193,-9.981962334379903
full_mc_raw,tt,1.8,27,5,1004,145,0.5691722635167801,-9.9884293424347
full_mc_raw,tt,1.8,27,5,1004,146,0.5718987347878399,-9.99131984901851
full_mc_raw,tt,1.8,27,5,1004,147,0.5746155375556,-9.997746265380556
full_mc_raw,tt,1.8,27,5,1004,148,0.5773615937896099,-9.993474271228381
full_mc_raw,tt,1.8,27,5,1004,149,0.58007840557459,-9.999897389864227
full_mc_raw,tt,1.8,27,5,1004,150,0.5828050507051,-10.002724313563403
full_mc_raw,tt,1.8,27,5,1004,151,0.5855220083525,-10.009094088228535
full_mc_raw,tt,1.8,27,5,1004,152,0.58830714156572,-9.990531084536697
full_mc_raw,tt,1.8,27,5,1004,153,0.591024009286672,-9.99693374658855
full_mc_raw,tt,1.8,27,5,1004,154,0.5937506872848001,-9.99974865013026
full_mc_raw,tt,1.8,27,5,1004,155,0.5964677024666399,-10.006097383628807
full_mc_raw,tt,1.8,27,5,1004,156,0.59921395221178,-10.001754619691862
full_mc_raw,tt,1.8,27,5,1004,157,0.6019309726329101,-10.008101437107168
full_mc_raw,tt,1.8,27,5,1004,158,0.60465782771003,-10.010851580331916
full_mc_raw,tt,1.8,27,5,1004,159,0.60737501078347,-10.017138913473827
full_mc_raw,tt,1.8,27,5,1004,160,0.6103945134315519,-9.912863659318134
full_mc_raw,tt,1.8,27,5,1004,161,0.6131113470258,-9.91927880199313
full_mc_raw,tt,1.8,27,5,1004,162,0.61583799242768,-9.922105626448449
full_mc_raw,tt,1.8,27,5,1004,163,0.61855492938513,-9.928482967723896
full_mc_raw,tt,1.8,27,5,1004,164,0.62130111986321,-9.92416187859748
full_mc_raw,tt,1.8,27,5,1004,165,0.62401808243824,-9.930529851157937
full_mc_raw,tt,1.8,27,5,1004,166,0.6267448644037,-9.9333067323611
full_mc_raw,tt,1.8,27,5,1004,167,0.62946195954206,-9.939626224618062
full_mc_raw,tt,1.8,27,5,1004,168,0.632247229122596,-9.921013349450618
full_mc_raw,tt,1.8,27,5,1004,169,0.6349642240689121,-9.927369483369302
full_mc_raw,tt,1.8,27,5,1004,170,0.63769103719808,-9.930134967559313
full_mc_raw,tt,1.8,27,5,1004,171,0.64040816825775,-9.936441322879952
full_mc_raw,tt,1.8,27,5,1004,172,0.64315455291832,-9.932049218442955
full_mc_raw,tt,1.8,27,5,1004,173,0.64587170987905,-9.938346101376032
full_mc_raw,tt,1.8,27,5,1004,174,0.648598689822,-9.941050579382868
full_mc_raw,tt,1.8,27,5,1004,175,0.6513159940712699,-9.94729359679269
full_mc_raw,tt,1.8,27,5,1004,176,0.6541794369495609,-9.900091629874828
full_mc_raw,tt,1.8,27,5,1004,177,0.656896524508749,-9.906413893943206
full_mc_raw,tt,1.8,27,5,1004,178,0.65962341756288,-9.90915014843247
full_mc_raw,tt,1.8,27,5,1004,179,0.66234061514848,-9.915432174270181
full_mc_raw,tt,1.8,27,5,1004,180,0.66508707595631,-9.911012221692326
full_mc_raw,tt,1.8,27,5,1004,181,0.66780429186498,-9.917287546521559
full_mc_raw,tt,1.8,27,5,1004,182,0.6705313362007099,-9.919968475168934
full_mc_raw,tt,1.8,27,5,1004,183,0.67324870363986,-9.92618838313693
full_mc_raw,tt,1.8,27,5,1004,184,0.676034250706136,-9.907474027470268
full_mc_raw,tt,1.8,27,5,1004,185,0.678751524805845,-9.913728071005243
full_mc_raw,tt,1.8,27,5,1004,186,0.6814786084251,-9.916394633106256
full_mc_raw,tt,1.8,27,5,1004,187,0.68419602162916,-9.92259780419293
full_mc_raw,tt,1.8,27,5,1004,188,0.68694267633386,-9.918106940759799
full_mc_raw,tt,1.8,27,5,1004,189,0.68966011132408,-9.924302144336457
full_mc_raw,tt,1.8,27,5,1004,190,0.6923873782629101,-9.926901663850012
full_mc_raw,tt,1.8,27,5,1004,191,0.69510497599565,-9.933037350162246
full_mc_raw,tt,1.8,27,5,1004,192,0.698437882900478,-9.714145682110841
full_mc_raw,tt,1.8,27,5,1004,193,0.7011550060978851,-9.720454912773482
full_mc_raw,tt,1.8,27,5,1004,194,0.70388192984802,-9.723179941295541
full_mc_raw,tt,1.8,27,5,1004,195,0.706599143074,-9.729456247222856
full_mc_raw,tt,1.8,27,5,1004,196,0.7093456168221,-9.725031562203412
full_mc_raw,tt,1.8,27,5,1004,197,0.7120628485977,-9.731301084269676
full_mc_raw,tt,1.8,27,5,1004,198,0.714789912889,-9.733974714880032
full_mc_raw,tt,1.8,27,5,1004,199,0.717507283672,-9.740193399954284
full_mc_raw,tt,1.8,27,5,1004,200,0.720292821928,-9.7214822663314
full_mc_raw,tt,1.8,27,5,1004,201,0.7230100941673551,-9.7277369902244
full_mc_raw,tt,1.8,27,5,1004,202,0.72573717655462,-9.73040400288178
full_mc_raw,tt,1.8,27,5,1004,203,0.7284545669677199,-9.736615508948157
full_mc_raw,tt,1.8,27,5,1004,204,0.7312012147988,-9.732127159296015
full_mc_raw,tt,1.8,27,5,1004,205,0.7339186353247199,-9.738327652673847
full_mc_raw,tt,1.8,27,5,1004,206,0.736645896179,-9.740929397394252
full_mc_raw,tt,1.8,27,5,1004,207,0.73936345959616,-9.74707763340429
full_mc_raw,tt,1.8,27,5,1004,208,0.742227177553228,-9.69977506624807
full_mc_raw,tt,1.8,27,5,1004,209,0.7449445252754641,-9.706002184973142
full_mc_raw,tt,1.8,27,5,1004,210,0.7476716711982799,-9.708645961771895
full_mc_raw,tt,1.8,27,5,1004,211,0.75038912853329,-9.71483299353963
full_mc_raw,tt,1.8,27,5,1004,212,0.75313585381336,-9.710316319685433
full_mc_raw,tt,1.8,27,5,1004,213,0.75585333354562,-9.716495160458985
full_mc_raw,tt,1.8,27,5,1004,214,0.7585806331668999,-9.719082727533737
full_mc_raw,tt,1.8,27,5,1004,215,0.7612982575464,-9.725208668745122
full_mc_raw,tt,1.8,27,5,1004,216,0.7640840788815131,-9.706394009046612
full_mc_raw,tt,1.8,27,5,1004,217,0.766801606296016,-9.712555411742667
full_mc_raw,tt,1.8,27,5,1004,218,0.76952894870902,-9.715127329272702
full_mc_raw,tt,1.8,27,5,1004,219,0.77224660917195,-9.721240074258292
full_mc_raw,tt,1.8,27,5,1004,220,0.77499353876832,-9.716648679014384
full_mc_raw,tt,1.8,27,5,1004,221,0.77771122557775,-9.722751788708552
full_mc_raw,tt,1.8,27,5,1004,222,0.78043873643925,-9.725262102217098
full_mc_raw,tt,1.8,27,5,1004,223,0.78315658256389,-9.731306948063109
full_mc_raw,tt,1.8,27,5,1004,224,0.786176815723732,-9.626764535320872
full_mc_raw,tt,1.8,27,5,1004,225,0.788894319372182,-9.632934629601989
full_mc_raw,tt,1.8,27,5,1004,226,0.79162161773631,-9.635522656435164
full_mc_raw,tt,1.8,27,5,1004,227,0.79433924023507,-9.641649285460078
full_mc_raw,tt,1.8,27,5,1004,228,0.7970860907428601,-9.63708681403976
full_mc_raw,tt,1.8,27,5,1004,229,0.79980372871218,-9.643207785259897
full_mc_raw,tt,1.8,27,5,1004,230,0.80253116182072,-9.645746534136656
full_mc_raw,tt,1.8,27,5,1004,231,0.80524892879386,-9.65182032681688
full_mc_raw,tt,1.8,27,5,1004,232,0.808034880569212,-9.632957963259555
full_mc_raw,tt,1.8,27,5,1004,233,0.810752562222395,-9.639062958666988
full_mc_raw,tt,1.8,27,5,1004,234,0.8134800318317,-9.641588358692559
full_mc_raw,tt,1.8,27,5,1004,235,0.81619782086756,-9.647654082720903
full_mc_raw,tt,1.8,27,5,1004,236,0.8189448909266,-9.643011318271947
full_mc_raw,tt,1.8,27,5,1004,237,0.82166271686806,-9.649063545395142
full_mc_raw,tt,1.8,27,5,1004,238,0.82439036882512,-9.651522258241862
full_mc_raw,tt,1.8,27,5,1004,239,0.82710833863916,-9.6575218691072
full_mc_raw,tt,1.8,27,5,1004,240,0.82997249461032,-9.61005911394011
full_mc_raw,tt,1.8,27,5,1004,241,0.832690255871022,-9.616134995740506
full_mc_raw,tt,1.8,27,5,1004,242,0.83541782744511,-9.618623105788313
full_mc_raw,tt,1.8,27,5,1004,243,0.83813570187404,-9.624657600351116
full_mc_raw,tt,1.8,27,5,1004,244,0.8408828544313199,-9.619984665117281
full_mc_raw,tt,1.8,27,5,1004,245,0.84360075093318,-9.62601108729416
full_mc_raw,tt,1.8,27,5,1004,246,0.84632849864519,-9.628434781187627
full_mc_raw,tt,1.8,27,5,1004,247,0.849046526,-9.634413348571393
full_mc_raw,tt,1.8,27,5,1004,248,0.851832796309954,-9.615434492359693
full_mc_raw,tt,1.8,27,5,1004,249,0.854550756425857,-9.621437649972304
full_mc_raw,tt,1.8,27,5,1004,250,0.85727854,-9.6238482285714
full_mc_raw,tt,1.8,27,5,1004,251,0.85999664544481,-9.629798237326588
full_mc_raw,tt,1.8,27,5,1004,252,0.862744,-9.625051428571396
full_mc_raw,tt,1.8,27,5,1004,253,0.86546213654117,-9.630990064943562
full_mc_raw,tt,1.8,27,5,1004,254,0.86819011,-9.633331199999995
full_mc_raw,tt,1.8,27,5,1004,255,0.870908405,-9.639211885714271
