 time            v(XDUT.HOLD)    v(out)          v(pad)          i(VDD)          i(VHI)          i(VLO)         
 0.00000000e+00  7.01864719e-01  7.02010586e-01  7.01975487e-01 -1.55969546e-05 -3.95958656e-13  1.05528764e-12 
 1.00000000e-09  7.01864719e-01  7.02010585e-01  7.01975487e-01 -1.55969546e-05 -3.95973618e-13  1.05527300e-12 
 2.00000000e-09  7.01864719e-01  7.02010585e-01  7.01975487e-01 -1.55969546e-05 -3.95976654e-13  1.05527121e-12 
 4.00000000e-09  7.01864719e-01  7.02010585e-01  7.01975487e-01 -1.55969545e-05 -3.95979039e-13  1.05527110e-12 
 8.00000000e-09  7.01864719e-01  7.02010585e-01  7.01975487e-01 -1.55969545e-05 -3.95959741e-13  1.05529615e-12 
 1.60000000e-08  7.01864719e-01  7.02010585e-01  7.01975487e-01 -1.55969546e-05 -3.95968631e-13  1.05528103e-12 
 3.20000000e-08  7.01864719e-01  7.02010585e-01  7.01975487e-01 -1.55969545e-05 -3.95958873e-13  1.05529821e-12 
 6.40000000e-08  7.01864719e-01  7.02010586e-01  7.01975487e-01 -1.55969545e-05 -3.95958873e-13  1.05529859e-12 
 1.00000000e-07  7.01864719e-01  7.02010585e-01  7.01975487e-01 -1.55969546e-05 -3.95973835e-13  1.05526975e-12 
 1.00024686e-07  7.01869793e-01  7.02056122e-01  7.01975932e-01 -1.23726355e-05  4.55797974e-09  4.91449365e-09 
 1.00074057e-07  7.01874928e-01  7.02125019e-01  7.01977487e-01 -1.09129060e-05  1.27684902e-08  1.46527529e-08 
 1.00172799e-07  7.01883923e-01  7.02204978e-01  7.01983391e-01 -9.84357962e-06  2.50517681e-08  3.31875869e-08 
 1.00315323e-07  7.01897452e-01  7.02266492e-01  7.01995432e-01 -9.23645407e-06  3.81836283e-08  5.83131883e-08 
 1.00575583e-07  7.01921203e-01  7.02307099e-01  7.02020790e-01 -9.27760769e-06  5.78183952e-08  1.00604069e-07 
 1.00895037e-07  7.01950958e-01  7.02324984e-01  7.02052036e-01 -9.20374335e-06  7.87160048e-08  1.47160900e-07 
 1.01318778e-07  7.01990403e-01  7.02336563e-01  7.02090105e-01 -1.00691793e-05  9.92362154e-08  2.01426737e-07 
 1.01445002e-07  7.02003222e-01  7.02338405e-01  7.02100559e-01 -1.07030845e-05  1.01314148e-07  2.16121276e-07 
 1.01655783e-07  7.02026363e-01  7.02330264e-01  7.02116632e-01 -1.45742216e-05  8.57765740e-08  2.39131693e-07 
 1.01799741e-07  7.02045800e-01  7.02313273e-01  7.02126149e-01 -2.00682981e-05  4.87073214e-08  2.53901343e-07 
 1.01917934e-07  7.02064005e-01  7.02285588e-01  7.02132530e-01 -2.76705322e-05 -1.22008179e-08  2.66260622e-07 
 1.02037160e-07  7.02085054e-01  7.02243105e-01  7.02137035e-01 -3.82254537e-05 -1.14633455e-07  2.81477071e-07 
 1.02163546e-07  7.02108360e-01  7.02179216e-01  7.02138959e-01 -5.24728703e-05 -2.81831151e-07  3.07755283e-07 
 1.02300238e-07  7.02133176e-01  7.02087598e-01  7.02136795e-01 -6.93352276e-05 -5.46760396e-07  3.66873929e-07 
 1.02429458e-07  7.02152450e-01  7.01975870e-01  7.02129733e-01 -8.41101789e-05 -8.94873402e-07  4.86212714e-07 
 1.02538980e-07  7.02163523e-01  7.01857052e-01  7.02119085e-01 -9.28042698e-05 -1.28120849e-06  6.75710170e-07 
 1.02640283e-07  7.02166916e-01  7.01722289e-01  7.02104607e-01 -9.61769033e-05 -1.72886426e-06  9.66621097e-07 
 1.02751241e-07  7.02162236e-01  7.01549857e-01  7.02082739e-01 -9.60049591e-05 -2.32846904e-06  1.46962815e-06 
 1.02874887e-07  7.02145660e-01  7.01345376e-01  7.02050391e-01 -9.51849673e-05 -3.12113882e-06  2.33391144e-06 
 1.02950549e-07  7.02130200e-01  7.01223829e-01  7.02026513e-01 -9.46217673e-05 -3.66068070e-06  3.05217399e-06 
 1.03038589e-07  7.02107033e-01  7.01093011e-01  7.01995257e-01 -9.39500728e-05 -4.32761943e-06  4.09752257e-06 
 1.03136760e-07  7.02075103e-01  7.00965634e-01  7.01956705e-01 -9.29248109e-05 -5.10640123e-06  5.55032357e-06 
 1.03221479e-07  7.02039809e-01  7.00876913e-01  7.01921032e-01 -9.16101719e-05 -5.79274294e-06  7.06061610e-06 
 1.03273727e-07  7.02010716e-01  7.00836904e-01  7.01898297e-01 -9.02069870e-05 -6.21269372e-06  8.11647624e-06 
 1.03306300e-07  7.01986988e-01  7.00821056e-01  7.01884000e-01 -8.89725600e-05 -6.46762657e-06  8.82710525e-06 
 1.03332964e-07  7.01962813e-01  7.00816229e-01  7.01872326e-01 -8.75447638e-05 -6.66814857e-06  9.44284966e-06 
 1.03357872e-07  7.01935045e-01  7.00821692e-01  7.01861534e-01 -8.57687209e-05 -6.84432824e-06  1.00494308e-05 
 1.03384070e-07  7.01900352e-01  7.00842220e-01  7.01850436e-01 -8.32585338e-05 -7.01199124e-06  1.07240949e-05 
 1.03416962e-07  7.01851551e-01  7.00894881e-01  7.01837143e-01 -7.92436446e-05 -7.18798977e-06  1.16295533e-05 
 1.03448084e-07  7.01804677e-01  7.00972719e-01  7.01825533e-01 -7.47945332e-05 -7.31438412e-06  1.25488806e-05 
 1.03493176e-07  7.01741602e-01  7.01123166e-01  7.01811006e-01 -6.77553131e-05 -7.42880920e-06  1.39871968e-05 
 1.03527233e-07  7.01700423e-01  7.01255909e-01  7.01802122e-01 -6.23736643e-05 -7.46669123e-06  1.51524117e-05 
 1.03559992e-07  7.01666150e-01  7.01388969e-01  7.01795421e-01 -5.73435897e-05 -7.47095767e-06  1.63310382e-05 
 1.03597203e-07  7.01633088e-01  7.01537810e-01  7.01789997e-01 -5.20352693e-05 -7.44578738e-06  1.77316871e-05 
 1.03637359e-07  7.01602986e-01  7.01688443e-01  7.01786619e-01 -4.68388408e-05 -7.39184962e-06  1.93095076e-05 
 1.03679370e-07  7.01576094e-01  7.01829842e-01  7.01785577e-01 -4.20738487e-05 -7.31455785e-06  2.10265200e-05 
 1.03725306e-07  7.01550189e-01  7.01963056e-01  7.01786956e-01 -3.75683264e-05 -7.21410404e-06  2.29743708e-05 
 1.03775698e-07  7.01524106e-01  7.02083995e-01  7.01790977e-01 -3.34140215e-05 -7.09226489e-06  2.51889245e-05 
 1.03833694e-07  7.01495139e-01  7.02194259e-01  7.01798156e-01 -2.94467124e-05 -6.94396804e-06  2.78312709e-05 
 1.03900662e-07  7.01460875e-01  7.02290325e-01  7.01808969e-01 -2.57648635e-05 -6.76811320e-06  3.09991655e-05 
 1.03982143e-07  7.01415114e-01  7.02373859e-01  7.01824620e-01 -2.22503132e-05 -6.55302676e-06  3.50119498e-05 
 1.04082571e-07  7.01347521e-01  7.02443263e-01  7.01846234e-01 -1.90268650e-05 -6.29082844e-06  4.01814889e-05 
 1.04214613e-07  7.01228610e-01  7.02501729e-01  7.01876654e-01 -1.61433159e-05 -5.95488051e-06  4.73237193e-05 
 1.04390550e-07  7.00989991e-01  7.02550741e-01  7.01918428e-01 -1.39588180e-05 -5.52591968e-06  5.73825652e-05 
 1.04624789e-07  7.00472952e-01  7.02594157e-01  7.01973824e-01 -1.27326999e-05 -4.99080884e-06  7.15711731e-05 
 1.04812395e-07  6.99856905e-01  7.02620902e-01  7.02017120e-01 -1.24018923e-05 -4.59286950e-06  8.34432062e-05 
 1.05000000e-07  6.99032444e-01  7.02644457e-01  7.02059103e-01 -1.22826494e-05 -4.22191483e-06  9.55943328e-05 
 1.05004200e-07  6.99008879e-01  7.02634438e-01  7.02060009e-01 -1.44620076e-05 -4.21469772e-06  9.58672638e-05 
 1.05012600e-07  6.98965075e-01  7.02616899e-01  7.02061789e-01 -1.50302016e-05 -4.20025215e-06  9.64118172e-05 
 1.05029400e-07  6.98880966e-01  7.02590666e-01  7.02065184e-01 -1.50513961e-05 -4.17121776e-06  9.74929352e-05 
 1.05063000e-07  6.98708577e-01  7.02551560e-01  7.02071470e-01 -1.54837700e-05 -4.11295372e-06  9.96233830e-05 
 1.05115493e-07  6.98434476e-01  7.02507151e-01  7.02080255e-01 -1.56757130e-05 -4.02237336e-06  1.02867830e-04 
 1.05220478e-07  6.97861977e-01  7.02453008e-01  7.02095256e-01 -1.60783242e-05 -3.84571465e-06  1.09058507e-04 
 1.05340429e-07  6.97171315e-01  7.02425912e-01  7.02109739e-01 -1.60977110e-05 -3.65304413e-06  1.15664587e-04 
 1.05550979e-07  6.95865448e-01  7.02415339e-01  7.02132027e-01 -1.62479202e-05 -3.33876724e-06  1.26146459e-04 
 1.05934210e-07  6.93209830e-01  7.02431098e-01  7.02168488e-01 -1.61799508e-05 -2.83709449e-06  1.42011655e-04 
 1.06500813e-07  6.88696922e-01  7.02461857e-01  7.02217931e-01 -1.63003792e-05 -2.23563587e-06  1.59212810e-04 
 1.07121425e-07  6.83072776e-01  7.02485081e-01  7.02266609e-01 -1.62496624e-05 -1.73016274e-06  1.71461611e-04 
 1.07795104e-07  6.76311616e-01  7.02494611e-01  7.02311283e-01 -1.63779566e-05 -1.31822207e-06  1.79202447e-04 
 1.08517465e-07  6.68461877e-01  7.02480521e-01  7.02346923e-01 -1.63368129e-05 -9.93111421e-07  1.83113176e-04 
 1.09340542e-07  6.58938799e-01  7.02425578e-01  7.02366997e-01 -1.64736216e-05 -7.27736179e-07  1.83998342e-04 
 1.10265619e-07  6.47701680e-01  7.02301835e-01  7.02355004e-01 -1.64457606e-05 -5.22224927e-07  1.82247586e-04 
 1.11352295e-07  6.34024169e-01  7.02052530e-01  7.02278971e-01 -1.65948778e-05 -3.63476396e-07  1.78196365e-04 
 1.12626877e-07  6.17622863e-01  7.01583257e-01  7.02077386e-01 -1.65836326e-05 -2.48434101e-07  1.72212144e-04 
 1.14204889e-07  5.97172775e-01  7.00675345e-01  7.01605674e-01 -1.67504203e-05 -1.67149752e-07  1.64293855e-04 
 1.16217132e-07  5.71401203e-01  6.98870108e-01  7.00533586e-01 -1.67632732e-05 -1.14370860e-07  1.54405503e-04 
 1.18804016e-07  5.39469896e-01  6.95251552e-01  6.98141544e-01 -1.69522654e-05 -8.41496672e-08  1.42575281e-04 
 1.21922387e-07  5.03463782e-01  6.88635922e-01  6.93353504e-01 -1.69742271e-05 -6.93247364e-08  1.29581812e-04 
 1.25120279e-07  4.69725586e-01  6.79132124e-01  6.85938756e-01 -1.71389523e-05 -6.23715107e-08  1.17393822e-04 
 1.28626921e-07  4.36482283e-01  6.65734485e-01  6.74776168e-01 -1.71203174e-05 -5.76154189e-08  1.05081486e-04 
 1.32364461e-07  4.05141574e-01  6.48695790e-01  6.59723934e-01 -1.72411845e-05 -5.35053711e-08  9.30331478e-05 
 1.36441815e-07  3.75339268e-01  6.28038638e-01  6.40508766e-01 -1.71704066e-05 -4.92194367e-08  8.10946111e-05 
 1.41051166e-07  3.46532010e-01  6.03759501e-01  6.16869371e-01 -1.72302167e-05 -4.42765821e-08  6.90668887e-05 
 1.46766904e-07  3.16983459e-01  5.74632617e-01  5.87315556e-01 -1.70806301e-05 -3.80685212e-08  5.62109012e-05 
 1.52226198e-07  2.94154522e-01  5.49460844e-01  5.60907146e-01 -1.70670585e-05 -3.22877381e-08  4.59041557e-05 
 1.58049806e-07  2.74548867e-01  5.26399114e-01  5.36152049e-01 -1.68649515e-05 -2.66032755e-08  3.67965517e-05 
 1.63769685e-07  2.59187466e-01  5.07622394e-01  5.15697283e-01 -1.68197483e-05 -2.16846207e-08  2.94927344e-05 
 1.69856650e-07  2.46237104e-01  4.91384911e-01  4.97888207e-01 -1.66044546e-05 -1.72626550e-08  2.32225409e-05 
 1.75848002e-07  2.36225681e-01  4.78480986e-01  4.83737710e-01 -1.65609621e-05 -1.36932906e-08  1.83041933e-05 
 1.82635972e-07  2.27440862e-01  4.66618412e-01  4.70825246e-01 -1.63521785e-05 -1.04979143e-08  1.39382902e-05 
 1.90034891e-07  2.20248387e-01  4.56008295e-01  4.59445254e-01 -1.63133124e-05 -7.85908091e-09  1.03286697e-05 
 1.98804842e-07  2.14095709e-01  4.45326539e-01  4.48235307e-01 -1.61168285e-05 -5.63313575e-09  7.21597865e-06 
 2.07800208e-07  2.09712488e-01  4.35453560e-01  4.38121918e-01 -1.61069721e-05 -4.09198473e-09  4.98446875e-06 
 2.14314732e-07  2.07425089e-01  4.28552153e-01  4.31173416e-01 -1.59758323e-05 -3.32919267e-09  3.81518007e-06 
 2.20892995e-07  2.05659598e-01  4.21558080e-01  4.24196816e-01 -1.60166608e-05 -2.76269704e-09  2.91085034e-06 
 2.27484513e-07  2.04311060e-01  4.14419097e-01  4.17112277e-01 -1.59050725e-05 -2.35843734e-09  2.21860598e-06 
 2.37207498e-07  2.02875371e-01  4.03570107e-01  4.06363343e-01 -1.59524910e-05 -1.94416532e-09  1.48072457e-06 
 2.50175278e-07  2.01664252e-01  3.88616663e-01  3.91510398e-01 -1.58432868e-05 -1.60887701e-09  8.57027014e-07 
 2.67205198e-07  2.00797799e-01  3.68808655e-01  3.71694674e-01 -1.59000187e-05 -1.31487306e-09  4.10695449e-07 
 2.83913971e-07  2.00385886e-01  3.50194159e-01  3.52897001e-01 -1.58019831e-05 -1.08199208e-09  1.98267371e-07 
 3.05148001e-07  2.00145841e-01  3.29299674e-01  3.31581736e-01 -1.58621986e-05 -7.94562999e-10  7.48601600e-08 
 3.24491432e-07  2.00058486e-01  3.13775391e-01  3.15593659e-01 -1.57665003e-05 -5.78437292e-10  2.98389859e-08 
 3.43252796e-07  2.00022077e-01  3.01950535e-01  3.03361305e-01 -1.58366860e-05 -4.15263208e-10  1.13324095e-08 
 3.62246044e-07  2.00007196e-01  2.92464629e-01  2.93595005e-01 -1.57507796e-05 -3.16847646e-10  3.53897522e-09 
 3.82092560e-07  2.00000786e-01  2.84060461e-01  2.85053136e-01 -1.58290759e-05 -2.70675480e-10  3.91591141e-10 
 4.03815105e-07  1.99998628e-01  2.75582359e-01  2.76524654e-01 -1.57492826e-05 -2.76901492e-10 -8.88588803e-10 
 4.26937460e-07  1.99997244e-01  2.67021734e-01  2.67914158e-01 -1.58308879e-05 -2.81824163e-10 -1.43378627e-09 
 4.54590568e-07  1.99997009e-01  2.57738358e-01  2.58518461e-01 -1.57510811e-05 -2.63916118e-10 -1.69054448e-09 
 4.85691401e-07  1.99996811e-01  2.48927447e-01  2.49561868e-01 -1.58297772e-05 -2.11620894e-10 -1.60930047e-09 
 5.34602126e-07  1.99997809e-01  2.38006369e-01  2.38480375e-01 -1.57464274e-05 -1.59333466e-10 -1.23943739e-09 
 5.80178213e-07  1.99998022e-01  2.30096083e-01  2.30476688e-01 -1.58246575e-05 -1.28837083e-10 -9.62013190e-10 
 6.29343107e-07  1.99998653e-01  2.23352956e-01  2.23644473e-01 -1.57429646e-05 -1.05512435e-10 -7.89925913e-10 
 6.86669370e-07  1.99998736e-01  2.17446567e-01  2.17655357e-01 -1.58213530e-05 -7.29379786e-11 -5.81407028e-10 
 7.51457083e-07  1.99999367e-01  2.12616134e-01  2.12763364e-01 -1.57397486e-05 -5.64096656e-11 -4.13664008e-10 
 8.21373133e-07  1.99999294e-01  2.08934226e-01  2.09032702e-01 -1.58188380e-05 -3.65824378e-11 -2.87954036e-10 
 8.99751034e-07  1.99999786e-01  2.06151661e-01  2.06212343e-01 -1.57377981e-05 -2.68096658e-11 -1.92970244e-10 
 9.89178641e-07  1.99999630e-01  2.04111253e-01  2.04145607e-01 -1.58172768e-05 -1.42711533e-11 -1.11456266e-10 
 1.08917864e-06  2.00000019e-01  2.02725460e-01  2.02740993e-01 -1.57367198e-05 -1.12812123e-11 -7.06484641e-11 
 1.18917864e-06  1.99999782e-01  2.01922294e-01  2.01927217e-01 -1.58165564e-05 -3.88316831e-12 -3.18124255e-11 
 1.28917864e-06  2.00000110e-01  2.01451415e-01  2.01450175e-01 -1.57363058e-05 -5.43461933e-12 -2.32924439e-11 
 1.38917864e-06  1.99999832e-01  2.01178030e-01  2.01172997e-01 -1.58163107e-05 -3.81588858e-13 -5.11093717e-12 
 1.48917864e-06  2.00000141e-01  2.01019133e-01  2.01012101e-01 -1.57361640e-05 -3.37328668e-12 -6.81130537e-12 
 1.58917864e-06  1.99999850e-01  2.00925803e-01  2.00917470e-01 -1.58162244e-05  7.64077386e-13  4.00160195e-12 
 1.68917864e-06  2.00000151e-01  2.00872159e-01  2.00863120e-01 -1.57361203e-05 -2.65807103e-12 -1.40751636e-12 
 1.78917864e-06  1.99999856e-01  2.00840500e-01  2.00831057e-01 -1.58161901e-05  1.15803244e-12  7.27642865e-12 
 1.88917864e-06  2.00000155e-01  2.00822189e-01  2.00812479e-01 -1.57361101e-05 -2.42953054e-12  3.13545739e-13 
 1.98917864e-06  1.99999858e-01  2.00811585e-01  2.00801751e-01 -1.58161743e-05  1.30616611e-12  8.42480680e-12 
 2.08917864e-06  2.00000156e-01  2.00805279e-01  2.00795353e-01 -1.57361105e-05 -2.36259558e-12  9.09006269e-13 
 2.18917864e-06  1.99999859e-01  2.00801730e-01  2.00791756e-01 -1.58161653e-05  1.36236725e-12  8.78283329e-12 
 2.28917864e-06  2.00000156e-01  2.00799581e-01  2.00789585e-01 -1.57361141e-05 -2.34244048e-12  1.14143618e-12 
 2.38917864e-06  1.99999859e-01  2.00798368e-01  2.00788348e-01 -1.58161588e-05  1.38225347e-12  8.88428610e-12 
 2.48917864e-06  2.00000156e-01  2.00797652e-01  2.00787630e-01 -1.57361189e-05 -2.33604173e-12  1.22892815e-12 
 2.58917864e-06  1.99999859e-01  2.00797233e-01  2.00787199e-01 -1.58161529e-05  1.38975398e-12  8.91767573e-12 
 2.68917864e-06  2.00000156e-01  2.00796991e-01  2.00786959e-01 -1.57361243e-05 -2.33511105e-12  1.25617252e-12 
 2.78917864e-06  1.99999860e-01  2.00796854e-01  2.00786815e-01 -1.58161472e-05  1.39388501e-12  8.93165088e-12 
 2.88917864e-06  2.00000156e-01  2.00796764e-01  2.00786729e-01 -1.57361298e-05 -2.33650013e-12  1.26404621e-12 
 2.98917864e-06  1.99999860e-01  2.00796726e-01  2.00786685e-01 -1.58161415e-05  1.39692836e-12  8.93634152e-12 
 3.08917864e-06  2.00000156e-01  2.00796687e-01  2.00786652e-01 -1.57361354e-05 -2.33846102e-12  1.26786889e-12 
 3.18917864e-06  1.99999860e-01  2.00796682e-01  2.00786639e-01 -1.58161359e-05  1.39927978e-12  8.93636695e-12 
 3.28917864e-06  2.00000156e-01  2.00796662e-01  2.00786627e-01 -1.57361410e-05 -2.34030438e-12  1.27057067e-12 
 3.38917864e-06  1.99999860e-01  2.00796666e-01  2.00786623e-01 -1.58161303e-05  1.40115632e-12  8.93522897e-12 
 3.48917864e-06  2.00000156e-01  2.00796654e-01  2.00786618e-01 -1.57361466e-05 -2.34194370e-12  1.27235321e-12 
 3.58917864e-06  1.99999860e-01  2.00796661e-01  2.00786618e-01 -1.58161247e-05  1.40276701e-12  8.93425188e-12 
 3.68917864e-06  2.00000156e-01  2.00796651e-01  2.00786615e-01 -1.57361521e-05 -2.34344640e-12  1.27334238e-12 
 3.78917864e-06  1.99999860e-01  2.00796660e-01  2.00786616e-01 -1.58161191e-05  1.40422873e-12  8.93359459e-12 
 3.88917864e-06  2.00000156e-01  2.00796649e-01  2.00786614e-01 -1.57361577e-05 -2.34484329e-12  1.27401843e-12 
 3.98917864e-06  1.99999860e-01  2.00796659e-01  2.00786616e-01 -1.58161135e-05  1.40558116e-12  8.93310502e-12 
 4.08917864e-06  2.00000156e-01  2.00796649e-01  2.00786614e-01 -1.57361634e-05 -2.34614259e-12  1.27453408e-12 
 4.18917864e-06  1.99999860e-01  2.00796659e-01  2.00786615e-01 -1.58161079e-05  1.40684144e-12  8.93265534e-12 
 4.28917864e-06  2.00000156e-01  2.00796649e-01  2.00786614e-01 -1.57361689e-05 -2.34735755e-12  1.27486780e-12 
 4.38917864e-06  1.99999860e-01  2.00796659e-01  2.00786615e-01 -1.58161023e-05  1.40802149e-12  8.93226400e-12 
 4.48917864e-06  2.00000156e-01  2.00796648e-01  2.00786614e-01 -1.57361746e-05 -2.34850420e-12  1.27522586e-12 
 4.58917864e-06  1.99999860e-01  2.00796659e-01  2.00786615e-01 -1.58160967e-05  1.40913821e-12  8.93207524e-12 
 4.68917864e-06  2.00000156e-01  2.00796648e-01  2.00786614e-01 -1.57361802e-05 -2.34959578e-12  1.27548905e-12 
 4.78917864e-06  1.99999860e-01  2.00796659e-01  2.00786615e-01 -1.58160911e-05  1.41020572e-12  8.93186350e-12 
 4.88917864e-06  2.00000156e-01  2.00796648e-01  2.00786614e-01 -1.57361858e-05 -2.35064203e-12  1.27570692e-12 
 4.98917864e-06  1.99999860e-01  2.00796660e-01  2.00786615e-01 -1.58160855e-05  1.41123354e-12  8.93164709e-12 
 5.08917864e-06  2.00000156e-01  2.00796648e-01  2.00786614e-01 -1.57361914e-05 -2.35165273e-12  1.27577999e-12 
 5.18917864e-06  1.99999860e-01  2.00796660e-01  2.00786615e-01 -1.58160799e-05  1.41222711e-12  8.93148516e-12 
 5.28917864e-06  2.00000156e-01  2.00796648e-01  2.00786614e-01 -1.57361970e-05 -2.35263241e-12  1.27600030e-12 
 5.38917864e-06  1.99999860e-01  2.00796660e-01  2.00786615e-01 -1.58160743e-05  1.41319291e-12  8.93123379e-12 
 5.48917864e-06  2.00000156e-01  2.00796648e-01  2.00786614e-01 -1.57362026e-05 -2.35358477e-12  1.27623200e-12 
 5.58917864e-06  1.99999860e-01  2.00796660e-01  2.00786615e-01 -1.58160687e-05  1.41413443e-12  8.93113014e-12 
 5.68917864e-06  2.00000156e-01  2.00796648e-01  2.00786614e-01 -1.57362082e-05 -2.35451632e-12  1.27643946e-12 
 5.78917864e-06  1.99999860e-01  2.00796660e-01  2.00786615e-01 -1.58160631e-05  1.41505752e-12  8.93087665e-12 
 5.88917864e-06  2.00000156e-01  2.00796648e-01  2.00786614e-01 -1.57362138e-05 -2.35542965e-12  1.27661553e-12 
 5.98917864e-06  1.99999860e-01  2.00796660e-01  2.00786615e-01 -1.58160575e-05  1.41596175e-12  8.93061807e-12 
 6.08917864e-06  2.00000156e-01  2.00796647e-01  2.00786614e-01 -1.57362194e-05 -2.35632759e-12  1.27686956e-12 
 6.18917864e-06  1.99999860e-01  2.00796660e-01  2.00786615e-01 -1.58160519e-05  1.41685296e-12  8.93032621e-12 
 6.28917864e-06  2.00000156e-01  2.00796647e-01  2.00786614e-01 -1.57362250e-05 -2.35721186e-12  1.27717265e-12 
 6.38917864e-06  1.99999860e-01  2.00796660e-01  2.00786615e-01 -1.58160463e-05  1.41773030e-12  8.93004762e-12 
 6.48917864e-06  2.00000156e-01  2.00796647e-01  2.00786614e-01 -1.57362306e-05 -2.35808313e-12  1.27751097e-12 
 6.58917864e-06  1.99999860e-01  2.00796661e-01  2.00786615e-01 -1.58160407e-05  1.41859593e-12  8.92972583e-12 
 6.68917864e-06  2.00000156e-01  2.00796647e-01  2.00786614e-01 -1.57362362e-05 -2.35894442e-12  1.27788226e-12 
 6.78917864e-06  1.99999860e-01  2.00796661e-01  2.00786615e-01 -1.58160351e-05  1.41945136e-12  8.92938821e-12 
 6.88917864e-06  2.00000156e-01  2.00796647e-01  2.00786614e-01 -1.57362418e-05 -2.35979574e-12  1.27818296e-12 
 6.98917864e-06  1.99999860e-01  2.00796661e-01  2.00786615e-01 -1.58160295e-05  1.42029942e-12  8.92896992e-12 
 7.08917864e-06  2.00000156e-01  2.00796647e-01  2.00786614e-01 -1.57362474e-05 -2.36063859e-12  1.27868246e-12 
 7.18917864e-06  1.99999860e-01  2.00796661e-01  2.00786615e-01 -1.58160239e-05  1.42113838e-12  8.92847428e-12 
 7.28917864e-06  2.00000156e-01  2.00796647e-01  2.00786614e-01 -1.57362529e-05 -2.36147213e-12  1.27906377e-12 
 7.38917864e-06  1.99999860e-01  2.00796661e-01  2.00786615e-01 -1.58160183e-05  1.42196953e-12  8.92810083e-12 
 7.48917864e-06  2.00000156e-01  2.00796647e-01  2.00786614e-01 -1.57362585e-05 -2.36230046e-12  1.27958657e-12 
 7.58917864e-06  1.99999860e-01  2.00796661e-01  2.00786615e-01 -1.58160127e-05  1.42279461e-12  8.92756556e-12 
 7.68917864e-06  2.00000156e-01  2.00796647e-01  2.00786614e-01 -1.57362641e-05 -2.36312077e-12  1.28004524e-12 
 7.78917864e-06  1.99999860e-01  2.00796661e-01  2.00786615e-01 -1.58160071e-05  1.42361080e-12  8.92700242e-12 
 7.88917864e-06  2.00000156e-01  2.00796646e-01  2.00786614e-01 -1.57362697e-05 -2.36393435e-12  1.28059157e-12 
 7.94458932e-06  1.99999860e-01  2.00796661e-01  2.00786615e-01 -1.58159993e-05  1.42473815e-12  8.92100315e-12 
 8.00000000e-06  2.00000156e-01  2.00796646e-01  2.00786614e-01 -1.57362798e-05 -2.36534295e-12  1.27430098e-12 
 8.00007827e-06  1.99986141e-01  2.00697021e-01  2.00783589e-01 -1.88974630e-05 -1.02578406e-08 -1.96285261e-08 
 8.00023482e-06  1.99966194e-01  2.00573614e-01  2.00773977e-01 -1.98140848e-05 -2.61298590e-08 -5.80136073e-08 
 8.00044407e-06  1.99941367e-01  2.00517993e-01  2.00754840e-01 -2.03719760e-05 -4.09115391e-08 -1.06113691e-07 
 8.00069910e-06  1.99910796e-01  2.00493437e-01  2.00729685e-01 -2.21754106e-05 -5.55512921e-08 -1.60667450e-07 
 8.00097442e-06  1.99880218e-01  2.00488752e-01  2.00703734e-01 -2.71040533e-05 -6.15342880e-08 -2.14221908e-07 
 8.00128265e-06  1.99850566e-01  2.00492539e-01  2.00677822e-01 -3.90802801e-05 -4.73457409e-08 -2.66803664e-07 
 8.00154059e-06  1.99831337e-01  2.00509127e-01  2.00659472e-01 -5.52442767e-05 -9.49555370e-09 -3.03981810e-07 
 8.00175056e-06  1.99819412e-01  2.00530263e-01  2.00647397e-01 -7.28759616e-05  4.70755652e-08 -3.28872888e-07 
 8.00191212e-06  1.99812881e-01  2.00556414e-01  2.00640255e-01 -8.89649933e-05  1.13731398e-07 -3.44160256e-07 
 8.00203941e-06  1.99808843e-01  2.00583697e-01  2.00636271e-01 -1.03179830e-04  1.87124812e-07 -3.53306261e-07 
 8.00214545e-06  1.99806377e-01  2.00614955e-01  2.00634320e-01 -1.15788953e-04  2.68539213e-07 -3.58559132e-07 
 8.00223656e-06  1.99804263e-01  2.00649575e-01  2.00633887e-01 -1.27130736e-04  3.59361493e-07 -3.60903416e-07 
 8.00231614e-06  1.99802427e-01  2.00689191e-01  2.00634685e-01 -1.37148541e-04  4.60737286e-07 -3.60915042e-07 
 8.00238678e-06  1.99800096e-01  2.00734277e-01  2.00636552e-01 -1.46027744e-04  5.74478939e-07 -3.58867959e-07 
 8.00245196e-06  1.99797323e-01  2.00787694e-01  2.00639497e-01 -1.53934717e-04  7.06277941e-07 -3.54817439e-07 
 8.00251770e-06  1.99793669e-01  2.00855957e-01  2.00643969e-01 -1.61530392e-04  8.72932412e-07 -3.48093896e-07 
 8.00259187e-06  1.99789994e-01  2.00951339e-01  2.00651266e-01 -1.69504241e-04  1.10881013e-06 -3.36889726e-07 
 8.00267003e-06  1.99787858e-01  2.01068538e-01  2.00661999e-01 -1.77374070e-04  1.41474149e-06 -3.20790230e-07 
 8.00279243e-06  1.99790027e-01  2.01268146e-01  2.00685717e-01 -1.88716690e-04  2.00399097e-06 -2.87432408e-07 
 8.00290136e-06  1.99797555e-01  2.01446981e-01  2.00713940e-01 -1.97816583e-04  2.62766479e-06 -2.50358216e-07 
 8.00301380e-06  1.99810561e-01  2.01619333e-01  2.00749533e-01 -2.05944010e-04  3.34936869e-06 -2.06217378e-07 
 8.00312265e-06  1.99827310e-01  2.01766376e-01  2.00789303e-01 -2.12001217e-04  4.10359546e-06 -1.59190296e-07 
 8.00322039e-06  1.99845298e-01  2.01875293e-01  2.00828473e-01 -2.14824186e-04  4.80819609e-06 -1.14744359e-07 
 8.00329787e-06  1.99860734e-01  2.01939191e-01  2.00861087e-01 -2.13376830e-04  5.36869805e-06 -7.91926073e-08 
 8.00335516e-06  1.99872308e-01  2.01965916e-01  2.00885589e-01 -2.07415956e-04  5.77036177e-06 -5.37285423e-08 
 8.00340422e-06  1.99881613e-01  2.01966590e-01  2.00906397e-01 -1.97257935e-04  6.09219535e-06 -3.34372495e-08 
 8.00345617e-06  1.99890436e-01  2.01937665e-01  2.00927695e-01 -1.81738157e-04  6.39650441e-06 -1.44807435e-08 
 8.00351659e-06  1.99898745e-01  2.01863033e-01  2.00950682e-01 -1.59540942e-04  6.68948918e-06  3.36318214e-09 
 8.00358016e-06  1.99905059e-01  2.01742045e-01  2.00971819e-01 -1.34160075e-04  6.91835779e-06  1.66995582e-08 
 8.00366212e-06  1.99909372e-01  2.01541426e-01  2.00993104e-01 -1.02742650e-04  7.09305520e-06  2.57542436e-08 
 8.00374550e-06  1.99909946e-01  2.01314182e-01  2.01007034e-01 -7.61284278e-05  7.14680515e-06  2.67037372e-08 
 8.00381379e-06  1.99908060e-01  2.01131132e-01  2.01012573e-01 -5.95188921e-05  7.11587909e-06  2.25858457e-08 
 8.00388243e-06  1.99904662e-01  2.00963271e-01  2.01013239e-01 -4.72135562e-05  7.03513163e-06  1.52826940e-08 
 8.00396367e-06  1.99899218e-01  2.00793470e-01  2.01008605e-01 -3.72210575e-05  6.89558077e-06  3.92417455e-09 
 8.00404136e-06  1.99893102e-01  2.00662220e-01  2.00999707e-01 -3.11711057e-05  6.73351597e-06 -8.63247792e-09 
 8.00413150e-06  1.99885290e-01  2.00544887e-01  2.00985319e-01 -2.69352803e-05  6.52680100e-06 -2.42136645e-08 
 8.00422492e-06  1.99876776e-01  2.00455937e-01  2.00967163e-01 -2.45406438e-05  6.30333163e-06 -4.07574113e-08 
 8.00433943e-06  1.99866018e-01  2.00379952e-01  2.00942120e-01 -2.30629253e-05  6.02817511e-06 -6.08771612e-08 
 8.00446712e-06  1.99853887e-01  2.00323767e-01  2.00912223e-01 -2.23994267e-05  5.72796829e-06 -8.26284682e-08 
 8.00463372e-06  1.99837981e-01  2.00275901e-01  2.00872080e-01 -2.20926963e-05  5.35362392e-06 -1.09557093e-07 
 8.00481686e-06  1.99820540e-01  2.00240010e-01  2.00827972e-01 -2.20302659e-05  4.96747139e-06 -1.37167321e-07 
 8.00500000e-06  1.99803133e-01  2.00211794e-01  2.00784716e-01 -2.20041285e-05  4.60763284e-06 -1.62766745e-07 
 8.00500231e-06  1.99804762e-01  2.00217650e-01  2.00784182e-01 -1.99466803e-05  4.60369713e-06 -1.62637796e-07 
 8.00500694e-06  1.99806182e-01  2.00228419e-01  2.00783126e-01 -1.92169965e-05  4.59586657e-06 -1.62343075e-07 
 8.00501620e-06  1.99805958e-01  2.00245846e-01  2.00781071e-01 -1.88682769e-05  4.58025077e-06 -1.61689709e-07 
 8.00503472e-06  1.99806200e-01  2.00272559e-01  2.00777146e-01 -1.82664314e-05  4.54890501e-06 -1.60432697e-07 
 8.00506696e-06  1.99806116e-01  2.00308310e-01  2.00770779e-01 -1.74780688e-05  4.49419149e-06 -1.58338709e-07 
 8.00513146e-06  1.99806246e-01  2.00359290e-01  2.00759393e-01 -1.65030556e-05  4.38506613e-06 -1.54415462e-07 
 8.00526046e-06  1.99805973e-01  2.00413402e-01  2.00740124e-01 -1.57354324e-05  4.17134911e-06 -1.47205270e-07 
 8.00550376e-06  1.99805624e-01  2.00436995e-01  2.00709966e-01 -1.55370279e-05  3.79228913e-06 -1.34864428e-07 
 8.00579352e-06  1.99804968e-01  2.00424414e-01  2.00678271e-01 -1.55580165e-05  3.38430289e-06 -1.21588247e-07 
 8.00631321e-06  1.99804198e-01  2.00393008e-01  2.00625623e-01 -1.55581711e-05  2.75804338e-06 -1.00911449e-07 
 8.00735258e-06  1.99802693e-01  2.00339084e-01  2.00532826e-01 -1.55600599e-05  1.82369306e-06 -6.92597280e-08 
 8.00943131e-06  1.99800954e-01  2.00268635e-01  2.00392463e-01 -1.55730338e-05  7.66987927e-07 -3.16713888e-08 
 8.01358879e-06  1.99799150e-01  2.00226940e-01  2.00252004e-01 -1.55909268e-05  7.77202242e-08 -4.63629990e-09 
 8.01785401e-06  1.99798713e-01  2.00266552e-01  2.00237945e-01 -1.56128106e-05  6.82540988e-09 -6.47808595e-10 
 8.02509683e-06  1.99798373e-01  2.00394246e-01  2.00335487e-01 -1.56302852e-05 -1.20824083e-09  8.22718405e-11 
 8.03468024e-06  1.99798528e-01  2.00560740e-01  2.00508954e-01 -1.56499982e-05  3.95299625e-10  2.43376294e-11 
 8.04599220e-06  1.99798546e-01  2.00679566e-01  2.00649273e-01 -1.56558255e-05 -1.23302663e-10  3.87355830e-11 
 8.06234200e-06  1.99798732e-01  2.00717714e-01  2.00709516e-01 -1.56668257e-05  7.64478715e-11  2.81289689e-12 
 8.09084879e-06  1.99798567e-01  2.00637129e-01  2.00637832e-01 -1.56673399e-05 -5.89384398e-11 -6.91964904e-12 
 8.13374413e-06  1.99798540e-01  2.00558337e-01  2.00548040e-01 -1.56723529e-05  3.96547185e-11 -2.91389894e-12 
 8.16687207e-06  1.99798449e-01  2.00583554e-01  2.00570417e-01 -1.56679894e-05 -2.89597875e-11  5.42931124e-12 
 8.20000000e-06  1.99798590e-01  2.00604381e-01  2.00593914e-01 -1.56720388e-05  2.26347194e-11  1.13426949e-12 
 8.20002562e-06  1.99799673e-01  2.00619615e-01  2.00594073e-01 -1.30060692e-05  3.77671581e-09  6.51993047e-10 
 8.20007686e-06  1.99800307e-01  2.00642728e-01  2.00594622e-01 -1.24775532e-05  1.12039816e-08  1.88931133e-09 
 8.20017933e-06  1.99801168e-01  2.00669577e-01  2.00596691e-01 -1.21521732e-05  2.50760827e-08  4.15352653e-09 
 8.20032804e-06  1.99802599e-01  2.00689796e-01  2.00600905e-01 -1.19561052e-05  4.37462547e-08  7.17327509e-09 
 8.20062546e-06  1.99805146e-01  2.00702917e-01  2.00610497e-01 -1.20050155e-05  7.78651928e-08  1.26466395e-08 
 8.20096133e-06  1.99808222e-01  2.00706905e-01  2.00621120e-01 -1.19804899e-05  1.12048738e-07  1.80943357e-08 
 8.20131030e-06  1.99811544e-01  2.00707875e-01  2.00631068e-01 -1.23819190e-05  1.43316700e-07  2.29753287e-08 
 8.20144541e-06  1.99813345e-01  2.00707299e-01  2.00634567e-01 -1.27702084e-05  1.54173255e-07  2.46224668e-08 
 8.20164230e-06  1.99817001e-01  2.00701392e-01  2.00639094e-01 -1.46560965e-05  1.67573858e-07  2.65759770e-08 
 8.20178299e-06  1.99821449e-01  2.00691429e-01  2.00641682e-01 -1.74227950e-05  1.73702948e-07  2.74565052e-08 
 8.20190160e-06  1.99826709e-01  2.00675943e-01  2.00643164e-01 -2.13949584e-05  1.73959788e-07  2.76365027e-08 
 8.20202117e-06  1.99833879e-01  2.00652355e-01  2.00643675e-01 -2.70225138e-05  1.64929603e-07  2.70984206e-08 
 8.20214733e-06  1.99843132e-01  2.00617286e-01  2.00642746e-01 -3.47484477e-05  1.35223620e-07  2.55419491e-08 
 8.20228480e-06  1.99855099e-01  2.00566743e-01  2.00639494e-01 -4.43016581e-05  5.45207725e-08  2.24624386e-08 
 8.20241433e-06  1.99867577e-01  2.00505883e-01  2.00633776e-01 -5.31804956e-05 -1.09987050e-07  1.79895227e-08 
 8.20252600e-06  1.99879201e-01  2.00440680e-01  2.00626325e-01 -5.93191303e-05 -3.71409799e-07  1.26418537e-08 
 8.20262813e-06  1.99890178e-01  2.00368079e-01  2.00617038e-01 -6.28638152e-05 -7.60297840e-07  6.28335727e-09 
 8.20274105e-06  1.99902693e-01  2.00274470e-01  2.00603531e-01 -6.48206460e-05 -1.42487149e-06 -2.52059538e-09 
 8.20285992e-06  1.99915988e-01  2.00169721e-01  2.00585351e-01 -6.64503976e-05 -2.46783263e-06 -1.35726698e-08 
 8.20295759e-06  1.99926986e-01  2.00087290e-01  2.00567459e-01 -6.76231530e-05 -3.64004640e-06 -2.36842040e-08 
 8.20306081e-06  1.99938310e-01  2.00009570e-01  2.00546058e-01 -6.85779371e-05 -5.23251033e-06 -3.50272914e-08 
 8.20315300e-06  1.99948553e-01  1.99952063e-01  2.00525228e-01 -6.89689107e-05 -7.00221942e-06 -4.54558675e-08 
 8.20322227e-06  1.99957597e-01  1.99919697e-01  2.00508848e-01 -6.87946894e-05 -8.59753567e-06 -5.32736286e-08 
 8.20328071e-06  1.99967452e-01  1.99902349e-01  2.00494804e-01 -6.82583552e-05 -1.01767537e-05 -5.96906035e-08 
 8.20332115e-06  1.99974910e-01  1.99897494e-01  2.00485097e-01 -6.75142428e-05 -1.14211158e-05 -6.39208738e-08 
 8.20334770e-06  1.99979310e-01  1.99899158e-01  2.00478792e-01 -6.66971698e-05 -1.23132864e-05 -6.65134364e-08 
 8.20337004e-06  1.99981933e-01  1.99905280e-01  2.00473574e-01 -6.56507390e-05 -1.31124096e-05 -6.84947935e-08 
 8.20339390e-06  1.99983323e-01  1.99918548e-01  2.00468144e-01 -6.40865161e-05 -1.40149068e-05 -7.03065796e-08 
 8.20342496e-06  1.99983322e-01  1.99948479e-01  2.00461419e-01 -6.13443965e-05 -1.52643993e-05 -7.20555467e-08 
 8.20345417e-06  1.99982455e-01  1.99989795e-01  2.00455584e-01 -5.82171700e-05 -1.65123396e-05 -7.30091602e-08 
 8.20349715e-06  1.99981201e-01  2.00068987e-01  2.00448149e-01 -5.30458021e-05 -1.84653388e-05 -7.32682071e-08 
 8.20352454e-06  1.99980998e-01  2.00127424e-01  2.00444226e-01 -4.96411284e-05 -1.97759089e-05 -7.28181309e-08 
 8.20355401e-06  1.99981525e-01  2.00193153e-01  2.00440781e-01 -4.60283921e-05 -2.12355626e-05 -7.19342877e-08 
 8.20358819e-06  1.99983131e-01  2.00269398e-01  2.00437800e-01 -4.20864034e-05 -2.29860119e-05 -7.05325055e-08 
 8.20362648e-06  1.99986132e-01  2.00350941e-01  2.00435708e-01 -3.80604427e-05 -2.50106000e-05 -6.86493575e-08 
 8.20366424e-06  1.99990128e-01  2.00424619e-01  2.00434839e-01 -3.45782963e-05 -2.70658691e-05 -6.66083321e-08 
 8.20370574e-06  1.99995450e-01  2.00496172e-01  2.00435095e-01 -3.12781038e-05 -2.93840769e-05 -6.42729643e-08 
 8.20374966e-06  2.00001844e-01  2.00560787e-01  2.00436547e-01 -2.83645141e-05 -3.18976186e-05 -6.17756978e-08 
 8.20380056e-06  2.00009949e-01  2.00622386e-01  2.00439470e-01 -2.55974799e-05 -3.48814733e-05 -5.88993325e-08 
 8.20385735e-06  2.00019557e-01  2.00676665e-01  2.00443962e-01 -2.31590383e-05 -3.82922621e-05 -5.57297232e-08 
 8.20392577e-06  2.00031656e-01  2.00726186e-01  2.00450643e-01 -2.08872817e-05 -4.25085354e-05 -5.19439700e-08 
 8.20400649e-06  2.00046371e-01  2.00768485e-01  2.00459752e-01 -1.89058151e-05 -4.76211359e-05 -4.74644777e-08 
 8.20410927e-06  2.00065570e-01  2.00806054e-01  2.00472542e-01 -1.71136981e-05 -5.43314874e-05 -4.16308751e-08 
 8.20423880e-06  2.00090235e-01  2.00838461e-01  2.00489697e-01 -1.56492295e-05 -6.30823476e-05 -3.39266650e-08 
 8.20441103e-06  2.00123557e-01  2.00868792e-01  2.00513267e-01 -1.45497620e-05 -7.51707055e-05 -2.29042333e-08 
 8.20462503e-06  2.00165299e-01  2.00897379e-01  2.00542801e-01 -1.39468598e-05 -9.08110651e-05 -7.83092807e-09 
 8.20481251e-06  2.00201784e-01  2.00918520e-01  2.00568471e-01 -1.37336872e-05 -1.04986434e-04  6.68250261e-09 
 8.20500000e-06  2.00237821e-01  2.00937787e-01  2.00593745e-01 -1.36437558e-05 -1.19508540e-04  2.24433336e-08 
 8.20500442e-06  2.00237313e-01  2.00934668e-01  2.00594328e-01 -1.58810491e-05 -1.19854428e-04  2.27060334e-08 
 8.20501325e-06  2.00236894e-01  2.00929249e-01  2.00595484e-01 -1.61099640e-05 -1.20544939e-04  2.32395391e-08 
 8.20503091e-06  2.00236883e-01  2.00921392e-01  2.00597735e-01 -1.60407105e-05 -1.21915931e-04  2.43438321e-08 
 8.20506624e-06  2.00236607e-01  2.00910012e-01  2.00602056e-01 -1.61306702e-05 -1.24615154e-04  2.66482923e-08 
 8.20513690e-06  2.00236596e-01  2.00894931e-01  2.00610149e-01 -1.60690838e-05 -1.29847046e-04  3.15719984e-08 
 8.20524785e-06  2.00236681e-01  2.00883417e-01  2.00621828e-01 -1.60887962e-05 -1.37628720e-04  3.99847703e-08 
 8.20539043e-06  2.00237183e-01  2.00880541e-01  2.00635698e-01 -1.59859213e-05 -1.46887502e-04  5.17927252e-08 
 8.20561905e-06  2.00238149e-01  2.00886739e-01  2.00656503e-01 -1.59685462e-05 -1.60127703e-04  7.25556530e-08 
 8.20607629e-06  2.00241319e-01  2.00906983e-01  2.00695099e-01 -1.58046994e-05 -1.81442786e-04  1.18329955e-07 
 8.20680403e-06  2.00248327e-01  2.00934820e-01  2.00749927e-01 -1.57182009e-05 -2.03950654e-04  1.94854351e-07 
 8.20762548e-06  2.00258510e-01  2.00955442e-01  2.00802184e-01 -1.55642227e-05 -2.16891781e-04  2.76159790e-07 
 8.20851756e-06  2.00270913e-01  2.00967333e-01  2.00847351e-01 -1.55398651e-05 -2.20928577e-04  3.49784133e-07 
 8.20949044e-06  2.00285417e-01  2.00969461e-01  2.00883512e-01 -1.54436567e-05 -2.17879624e-04  4.09071043e-07 
 8.21061499e-06  2.00302290e-01  2.00960587e-01  2.00909756e-01 -1.54627636e-05 -2.08833916e-04  4.51577220e-07 
 8.21191291e-06  2.00321496e-01  2.00938354e-01  2.00921985e-01 -1.54018829e-05 -1.94811576e-04  4.72215648e-07 
 8.21347266e-06  2.00343192e-01  2.00899303e-01  2.00915707e-01 -1.54491814e-05 -1.76378417e-04  4.68596533e-07 
 8.21537835e-06  2.00367577e-01  2.00839548e-01  2.00884619e-01 -1.54115275e-05 -1.54454751e-04  4.39550359e-07 
 8.21787709e-06  2.00395560e-01  2.00751131e-01  2.00818427e-01 -1.54779085e-05 -1.28945536e-04  3.84645023e-07 
 8.22079749e-06  2.00423456e-01  2.00644825e-01  2.00722200e-01 -1.54553093e-05 -1.04431883e-04  3.17994561e-07 
 8.22396496e-06  2.00448517e-01  2.00536529e-01  2.00612404e-01 -1.55282812e-05 -8.35580408e-05  2.55035724e-07 
 8.22742430e-06  2.00471221e-01  2.00434234e-01  2.00500314e-01 -1.55071105e-05 -6.60845900e-05  2.00386438e-07 
 8.23120597e-06  2.00491348e-01  2.00345960e-01  2.00396756e-01 -1.55790821e-05 -5.17013387e-05  1.55158732e-07 
 8.23541102e-06  2.00509529e-01  2.00277775e-01  2.00310046e-01 -1.55563978e-05 -3.98584099e-05  1.18217727e-07 
 8.24007989e-06  2.00525412e-01  2.00236960e-01  2.00249500e-01 -1.56259995e-05 -3.02842668e-05  8.87695813e-08 
 8.24534211e-06  2.00539496e-01  2.00229061e-01  2.00222321e-01 -1.56007268e-05 -2.25605016e-05  6.53965624e-08 
 8.25127034e-06  2.00551436e-01  2.00258725e-01  2.00234864e-01 -1.56670449e-05 -1.64465151e-05  4.72086637e-08 
 8.25811758e-06  2.00561780e-01  2.00328743e-01  2.00291339e-01 -1.56383684e-05 -1.15968783e-05  3.30117647e-08 
 8.26597751e-06  2.00570113e-01  2.00436150e-01  2.00390463e-01 -1.57006035e-05 -7.88305849e-06  2.22980353e-08 
 8.27516276e-06  2.00576904e-01  2.00572650e-01  2.00525036e-01 -1.56674038e-05 -5.08980671e-06  1.43321142e-08 
 8.28585635e-06  2.00581882e-01  2.00719319e-01  2.00676195e-01 -1.57246320e-05 -3.09272258e-06  8.68687184e-09 
 8.29856581e-06  2.00585581e-01  2.00853940e-01  2.00820298e-01 -1.56864446e-05 -1.72364155e-06  4.83504314e-09 
 8.31372040e-06  2.00587862e-01  2.00952742e-01  2.00930077e-01 -1.57388445e-05 -8.59607156e-07  2.41037348e-09 
 8.33231874e-06  2.00589315e-01  2.01007368e-01  2.00993016e-01 -1.56963618e-05 -3.62533717e-07  1.01444472e-09 
 8.35556163e-06  2.00589897e-01  2.01032694e-01  2.01020938e-01 -1.57450175e-05 -1.18769614e-07  3.32058594e-10 
 8.38608001e-06  2.00590230e-01  2.01065541e-01  2.01052090e-01 -1.56995470e-05 -2.41466749e-08  6.93386355e-11 
 8.42826023e-06  2.00590252e-01  2.01131296e-01  2.01116951e-01 -1.57461176e-05 -9.95874616e-10  7.18836666e-12 
 8.49282487e-06  2.00590403e-01  2.01211932e-01  2.01199749e-01 -1.56997419e-05  1.21615384e-10  2.08558897e-12 
 8.59282487e-06  2.00590381e-01  2.01278718e-01  2.01267395e-01 -1.57461899e-05 -1.46336730e-11  1.96862345e-12 
 8.69282487e-06  2.00590502e-01  2.01323708e-01  2.01312640e-01 -1.56997931e-05 -2.59827095e-11  1.77308461e-12 
 8.79282487e-06  2.00590459e-01  2.01348603e-01  2.01338257e-01 -1.57461953e-05  3.55888066e-11  1.27044306e-12 
 8.89282487e-06  2.00590560e-01  2.01361718e-01  2.01351278e-01 -1.56998199e-05 -4.16092063e-11  1.28516441e-12 
 8.99282487e-06  2.00590506e-01  2.01371538e-01  2.01361339e-01 -1.57461947e-05  3.79097214e-11  1.23701478e-12 
 9.09282487e-06  2.00590603e-01  2.01375481e-01  2.01365343e-01 -1.56998281e-05 -3.96171071e-11  1.05666257e-12 
 9.19282487e-06  2.00590543e-01  2.01378764e-01  2.01368602e-01 -1.57461958e-05  3.42977712e-11  1.20514319e-12 
 9.29282487e-06  2.00590639e-01  2.01380416e-01  2.01370353e-01 -1.56998305e-05 -3.58021319e-11  1.03117173e-12 
 9.39282487e-06  2.00590578e-01  2.01381234e-01  2.01371121e-01 -1.57461953e-05  3.05604216e-11  1.14490356e-12 
 9.49282487e-06  2.00590673e-01  2.01382001e-01  2.01371936e-01 -1.56998331e-05 -3.23581613e-11  1.05486800e-12 
 9.59282487e-06  2.00590612e-01  2.01382218e-01  2.01372136e-01 -1.57461928e-05  2.73802884e-11  1.10977921e-12 
 9.69282487e-06  2.00590707e-01  2.01382473e-01  2.01372404e-01 -1.56998365e-05 -2.94529986e-11  1.06595592e-12 
 9.79282487e-06  2.00590646e-01  2.01382613e-01  2.01372538e-01 -1.57461895e-05  2.47069741e-11  1.09954732e-12 
 9.89282487e-06  2.00590740e-01  2.01382652e-01  2.01372588e-01 -1.56998398e-05 -2.69982120e-11  1.06816997e-12 
 9.99282487e-06  2.00590679e-01  2.01382754e-01  2.01372676e-01 -1.57461864e-05  2.24461779e-11  1.09530684e-12 
 1.00928249e-05  2.00590774e-01  2.01382754e-01  2.01372693e-01 -1.56998429e-05 -2.49203017e-11  1.07215327e-12 
 1.01464124e-05  2.00590705e-01  2.01382794e-01  2.01372715e-01 -1.57461822e-05  1.98414453e-11  1.08596286e-12 
 1.02000000e-05  2.00590792e-01  2.01382795e-01  2.01372735e-01 -1.56998485e-05 -2.18044738e-11  1.08493336e-12 
 1.02000757e-05  2.00588544e-01  2.01350974e-01  2.01371799e-01 -1.81828474e-05 -1.46694101e-08 -1.78555427e-09 
 1.02002272e-05  2.00586757e-01  2.01310791e-01  2.01368801e-01 -1.83368254e-05 -4.22289643e-08 -5.10623740e-09 
 1.02004600e-05  2.00584981e-01  2.01290267e-01  2.01361831e-01 -1.85666350e-05 -7.87024582e-08 -9.64828281e-09 
 1.02007264e-05  2.00583210e-01  2.01283982e-01  2.01353254e-01 -1.95674653e-05 -1.13747467e-07 -1.43021178e-08 
 1.02010361e-05  2.00582757e-01  2.01285362e-01  2.01344079e-01 -2.27003474e-05 -1.44630566e-07 -1.89126629e-08 
 1.02013217e-05  2.00584509e-01  2.01290894e-01  2.01336944e-01 -2.87130428e-05 -1.63161714e-07 -2.23423287e-08 
 1.02015567e-05  2.00588023e-01  2.01300539e-01  2.01332339e-01 -3.62238380e-05 -1.70706739e-07 -2.44901787e-08 
 1.02017517e-05  2.00592203e-01  2.01311831e-01  2.01329620e-01 -4.43254803e-05 -1.70764074e-07 -2.57288414e-08 
 1.02019038e-05  2.00596289e-01  2.01324738e-01  2.01328356e-01 -5.17096054e-05 -1.65847499e-07 -2.62566579e-08 
 1.02020268e-05  2.00599870e-01  2.01338342e-01  2.01328026e-01 -5.83436861e-05 -1.57546533e-07 -2.63115337e-08 
 1.02021309e-05  2.00603072e-01  2.01353707e-01  2.01328349e-01 -6.42778793e-05 -1.46465193e-07 -2.60057794e-08 
 1.02022211e-05  2.00605691e-01  2.01370776e-01  2.01329194e-01 -6.96194470e-05 -1.32735892e-07 -2.53890169e-08 
 1.02023003e-05  2.00607800e-01  2.01390167e-01  2.01330479e-01 -7.43124099e-05 -1.16459607e-07 -2.44812533e-08 
 1.02023707e-05  2.00609218e-01  2.01412122e-01  2.01332161e-01 -7.84204293e-05 -9.75275951e-08 -2.32882069e-08 
 1.02024348e-05  2.00610034e-01  2.01437581e-01  2.01334254e-01 -8.19600448e-05 -7.54867872e-08 -2.17780879e-08 
 1.02024969e-05  2.00610186e-01  2.01468607e-01  2.01336923e-01 -8.51315286e-05 -4.85853332e-08 -1.98210986e-08 
 1.02025691e-05  2.00609941e-01  2.01513579e-01  2.01341025e-01 -8.83979175e-05 -9.30859866e-09 -1.68160959e-08 
 1.02026370e-05  2.00609733e-01  2.01563660e-01  2.01346048e-01 -9.11255600e-05  3.54769706e-08 -1.32433331e-08 
 1.02027307e-05  2.00610175e-01  2.01640750e-01  2.01355106e-01 -9.44415981e-05  1.06922464e-07 -7.21241493e-09 
 1.02028076e-05  2.00611128e-01  2.01707571e-01  2.01364456e-01 -9.67855456e-05  1.68657991e-07 -1.43895894e-09 
 1.02028836e-05  2.00612665e-01  2.01774556e-01  2.01375442e-01 -9.87417168e-05  2.24984036e-07  4.89396498e-09 
 1.02029723e-05  2.00615118e-01  2.01851401e-01  2.01390339e-01 -1.00529325e-04  2.75273595e-07  1.28967626e-08 
 1.02030647e-05  2.00618987e-01  2.01926299e-01  2.01408066e-01 -1.01980629e-04  3.08451547e-07  2.17479149e-08 
 1.02031526e-05  2.00623852e-01  2.01988419e-01  2.01426701e-01 -1.02985540e-04  3.29719757e-07  3.04362691e-08 
 1.02032611e-05  2.00630861e-01  2.02048013e-01  2.01451399e-01 -1.02962377e-04  3.51447434e-07  4.11668687e-08 
 1.02033382e-05  2.00636204e-01  2.02074151e-01  2.01469602e-01 -1.00687573e-04  3.65466150e-07  4.84734480e-08 
 1.02033935e-05  2.00639902e-01  2.02079195e-01  2.01482672e-01 -9.63441169e-05  3.74295196e-07  5.32435432e-08 
 1.02034438e-05  2.00643001e-01  2.02068848e-01  2.01494238e-01 -9.01441993e-05  3.80561551e-07  5.69425470e-08 
 1.02035013e-05  2.00646023e-01  2.02036742e-01  2.01506709e-01 -8.11031825e-05  3.85086990e-07  6.01906928e-08 
 1.02035625e-05  2.00648616e-01  2.01980148e-01  2.01518604e-01 -7.03844242e-05  3.86442037e-07  6.23816939e-08 
 1.02036363e-05  2.00650812e-01  2.01888452e-01  2.01530409e-01 -5.75537081e-05  3.83529904e-07  6.33435315e-08 
 1.02037348e-05  2.00652430e-01  2.01746397e-01  2.01541108e-01 -4.30646502e-05  3.73067889e-07  6.22751304e-08 
 1.02037986e-05  2.00652812e-01  2.01653086e-01  2.01544849e-01 -3.60500356e-05  3.63198147e-07  6.05103715e-08 
 1.02038608e-05  2.00652861e-01  2.01568640e-01  2.01546224e-01 -3.09180834e-05  3.51981331e-07  5.83017670e-08 
 1.02039345e-05  2.00652599e-01  2.01480947e-01  2.01545308e-01 -2.65936086e-05  3.37327403e-07  5.53275393e-08 
 1.02040146e-05  2.00652083e-01  2.01402596e-01  2.01541726e-01 -2.35865458e-05  3.20307120e-07  5.18974270e-08 
 1.02040991e-05  2.00651360e-01  2.01338196e-01  2.01535699e-01 -2.16707949e-05  3.01674282e-07  4.82438889e-08 
 1.02041911e-05  2.00650477e-01  2.01286055e-01  2.01527256e-01 -2.05178088e-05  2.81008626e-07  4.43481517e-08 
 1.02042946e-05  2.00649406e-01  2.01244476e-01  2.01516219e-01 -1.98406688e-05  2.57723983e-07  4.01380370e-08 
 1.02044153e-05  2.00648130e-01  2.01211617e-01  2.01502150e-01 -1.94970238e-05  2.30894741e-07  3.54802213e-08 
 1.02045601e-05  2.00646578e-01  2.01185691e-01  2.01484501e-01 -1.93294894e-05  1.99649314e-07  3.02363564e-08 
 1.02047419e-05  2.00644645e-01  2.01163963e-01  2.01462072e-01 -1.92780143e-05  1.62253906e-07  2.41188482e-08 
 1.02048709e-05  2.00643278e-01  2.01152291e-01  2.01446268e-01 -1.92597874e-05  1.37071244e-07  2.00556136e-08 
 1.02050000e-05  2.00641928e-01  2.01142054e-01  2.01430709e-01 -1.92622172e-05  1.13051100e-07  1.62028896e-08 
 1.02050023e-05  2.00642431e-01  2.01143855e-01  2.01430436e-01 -1.70768688e-05  1.12942096e-07  1.61997844e-08 
 1.02050069e-05  2.00642900e-01  2.01147193e-01  2.01429893e-01 -1.67412689e-05  1.12771103e-07  1.61908741e-08 
 1.02050161e-05  2.00642831e-01  2.01152607e-01  2.01428827e-01 -1.66194842e-05  1.12512583e-07  1.61619286e-08 
 1.02050345e-05  2.00642881e-01  2.01160843e-01  2.01426756e-01 -1.64109945e-05  1.11944112e-07  1.60909502e-08 
 1.02050670e-05  2.00642836e-01  2.01171961e-01  2.01423265e-01 -1.61419339e-05  1.10846202e-07  1.59440671e-08 
 1.02051320e-05  2.00642811e-01  2.01187356e-01  2.01416759e-01 -1.58143589e-05  1.08424916e-07  1.55976683e-08 
 1.02052619e-05  2.00642630e-01  2.01201976e-01  2.01405000e-01 -1.55733196e-05  1.03297463e-07  1.48290023e-08 
 1.02055217e-05  2.00642316e-01  2.01203002e-01  2.01383998e-01 -1.55226528e-05  9.33387413e-08  1.33094697e-08 
 1.02058271e-05  2.00641916e-01  2.01190374e-01  2.01361274e-01 -1.55347157e-05  8.27584605e-08  1.17061329e-08 
 1.02063440e-05  2.00641371e-01  2.01167988e-01  2.01325263e-01 -1.55355255e-05  6.74407399e-08  9.40770321e-09 
 1.02072513e-05  2.00640523e-01  2.01134339e-01  2.01268696e-01 -1.55420380e-05  4.69367697e-08  6.36099073e-09 
 1.02090657e-05  2.00639377e-01  2.01086815e-01  2.01179136e-01 -1.55533699e-05  2.21272485e-08  2.75037287e-09 
 1.02126945e-05  2.00638106e-01  2.01048042e-01  2.01076721e-01 -1.55741496e-05  3.55499201e-09  2.05729412e-10 
 1.02179191e-05  2.00637453e-01  2.01069386e-01  2.01048044e-01 -1.55986647e-05 -1.30445470e-10 -1.28278548e-10 
 1.02252648e-05  2.00637143e-01  2.01156604e-01  2.01113371e-01 -1.56222361e-05  4.48114701e-12  1.75217452e-12 
 1.02370748e-05  2.00637083e-01  2.01297345e-01  2.01258863e-01 -1.56450383e-05  1.55654925e-11  3.04612252e-11 
 1.02493667e-05  2.00637084e-01  2.01387783e-01  2.01363550e-01 -1.56564060e-05  1.12668384e-11  1.96310896e-11 
 1.02708099e-05  2.00637122e-01  2.01429884e-01  2.01420661e-01 -1.56660625e-05  3.61658620e-13  2.82098504e-12 
 1.03085033e-05  2.00637042e-01  2.01390916e-01  2.01384761e-01 -1.56697189e-05 -3.39172722e-12 -3.59229888e-12 
 1.03542516e-05  2.00637026e-01  2.01378131e-01  2.01366179e-01 -1.56702446e-05  4.22237115e-13  1.90336711e-12 
 1.04000000e-05  2.00637036e-01  2.01406254e-01  2.01394926e-01 -1.56696546e-05  2.35154127e-13  2.74083582e-12 
 1.04000313e-05  2.00640596e-01  2.01442227e-01  2.01395386e-01 -1.38286747e-05  3.63986487e-09  1.58538878e-09 
 1.04000938e-05  2.00644729e-01  2.01494621e-01  2.01396942e-01 -1.28359618e-05  9.94730436e-09  4.59688053e-09 
 1.04002190e-05  2.00652313e-01  2.01550375e-01  2.01402580e-01 -1.21643848e-05  1.84158417e-08  1.01027197e-08 
 1.04003958e-05  2.00663273e-01  2.01588136e-01  2.01413281e-01 -1.19158703e-05  2.63667705e-08  1.72396011e-08 
 1.04007013e-05  2.00681809e-01  2.01610842e-01  2.01433563e-01 -1.19616039e-05  3.70910982e-08  2.83973145e-08 
 1.04010739e-05  2.00704981e-01  2.01625346e-01  2.01457761e-01 -1.19737605e-05  4.78043543e-08  4.03153635e-08 
 1.04013159e-05  2.00720322e-01  2.01631439e-01  2.01472586e-01 -1.22907662e-05  5.17777590e-08  4.71111335e-08 
 1.04015094e-05  2.00733759e-01  2.01635493e-01  2.01483823e-01 -1.29983649e-05  4.78627521e-08  5.19528343e-08 
 1.04016486e-05  2.00744450e-01  2.01634668e-01  2.01491472e-01 -1.43585375e-05  3.44834135e-08  5.49821325e-08 
 1.04017749e-05  2.00756072e-01  2.01630708e-01  2.01497932e-01 -1.65329432e-05  5.96251643e-09  5.72329472e-08 
 1.04018977e-05  2.00769750e-01  2.01620780e-01  2.01503577e-01 -2.01120656e-05 -4.69378885e-08  5.87614386e-08 
 1.04020233e-05  2.00788394e-01  2.01603747e-01  2.01508412e-01 -2.53416990e-05 -1.39034686e-07  5.94181970e-08 
 1.04021545e-05  2.00816404e-01  2.01576659e-01  2.01512078e-01 -3.25451249e-05 -2.89897489e-07  5.88533134e-08 
 1.04022973e-05  2.00867740e-01  2.01536464e-01  2.01513989e-01 -4.14378658e-05 -5.33431794e-07  5.64701078e-08 
 1.04024335e-05  2.00956347e-01  2.01486471e-01  2.01513321e-01 -4.96862261e-05 -8.58320140e-07  5.21074115e-08 
 1.04025544e-05  2.01094048e-01  2.01430759e-01  2.01510260e-01 -5.52467677e-05 -1.23823245e-06  4.61053754e-08 
 1.04026659e-05  2.01299067e-01  2.01367499e-01  2.01504972e-01 -5.79667220e-05 -1.67952870e-06  3.83705531e-08 
 1.04027881e-05  2.01648443e-01  2.01286485e-01  2.01496004e-01 -5.88231023e-05 -2.27306808e-06  2.71473276e-08 
 1.04029212e-05  2.02225844e-01  2.01193092e-01  2.01482193e-01 -5.93960970e-05 -3.04200235e-06  1.17100234e-08 
 1.04030044e-05  2.02711219e-01  2.01137097e-01  2.01471480e-01 -5.97119920e-05 -3.57720457e-06  5.25159827e-10 
 1.04030997e-05  2.03401651e-01  2.01078520e-01  2.01457501e-01 -5.99816235e-05 -4.22876834e-06 -1.35363001e-08 
 1.04032029e-05  2.04326590e-01  2.01024115e-01  2.01440660e-01 -6.00259055e-05 -4.96745723e-06 -3.00797182e-08 
 1.04032847e-05  2.05204023e-01  2.00990393e-01  2.01426394e-01 -5.97206664e-05 -5.56314910e-06 -4.39875446e-08 
 1.04033536e-05  2.06067440e-01  2.00971239e-01  2.01413995e-01 -5.91380099e-05 -6.06062362e-06 -5.61733336e-08 
 1.04034024e-05  2.06762268e-01  2.00964728e-01  2.01405189e-01 -5.84265248e-05 -6.40131345e-06 -6.49568757e-08 
 1.04034337e-05  2.07252365e-01  2.00965193e-01  2.01399578e-01 -5.76946168e-05 -6.61045347e-06 -7.05974233e-08 
 1.04034603e-05  2.07697352e-01  2.00970303e-01  2.01394896e-01 -5.67554191e-05 -6.77683140e-06 -7.52773440e-08 
 1.04034884e-05  2.08196492e-01  2.00982684e-01  2.01390112e-01 -5.53410059e-05 -6.93495544e-06 -7.99614085e-08 
 1.04035254e-05  2.08903754e-01  2.01012932e-01  2.01384201e-01 -5.27658003e-05 -7.10751363e-06 -8.55392635e-08 
 1.04035596e-05  2.09608567e-01  2.01055184e-01  2.01379306e-01 -4.98256738e-05 -7.22648891e-06 -9.00006729e-08 
 1.04036117e-05  2.10771420e-01  2.01139161e-01  2.01373287e-01 -4.47631107e-05 -7.33438625e-06 -9.56003287e-08 
 1.04036433e-05  2.11529173e-01  2.01197667e-01  2.01370584e-01 -4.15830683e-05 -7.36092444e-06 -9.84210846e-08 
 1.04036785e-05  2.12412446e-01  2.01264405e-01  2.01368493e-01 -3.81358197e-05 -7.36237512e-06 -1.01212654e-07 
 1.04037201e-05  2.13506974e-01  2.01341288e-01  2.01367243e-01 -3.43599254e-05 -7.33376353e-06 -1.04224392e-07 
 1.04037655e-05  2.14757537e-01  2.01418822e-01  2.01367292e-01 -3.06877355e-05 -7.27454617e-06 -1.07353151e-07 
 1.04038117e-05  2.16085347e-01  2.01488376e-01  2.01368689e-01 -2.74998342e-05 -7.19333561e-06 -1.10539522e-07 
 1.04038621e-05  2.17590931e-01  2.01552494e-01  2.01371518e-01 -2.46006847e-05 -7.08920538e-06 -1.14148129e-07 
 1.04039172e-05  2.19300166e-01  2.01609260e-01  2.01375864e-01 -2.20650095e-05 -6.96419195e-06 -1.18337057e-07 
 1.04039810e-05  2.21356989e-01  2.01660062e-01  2.01382132e-01 -1.97748206e-05 -6.81179307e-06 -1.23550826e-07 
 1.04040546e-05  2.23827195e-01  2.01703028e-01  2.01390522e-01 -1.78198611e-05 -6.63201040e-06 -1.30045371e-07 
 1.04041439e-05  2.26965442e-01  2.01739276e-01  2.01401777e-01 -1.61246910e-05 -6.41331132e-06 -1.38578445e-07 
 1.04042534e-05  2.31010716e-01  2.01768528e-01  2.01416435e-01 -1.47601875e-05 -6.14957912e-06 -1.49885760e-07 
 1.04043952e-05  2.36565994e-01  2.01792756e-01  2.01435960e-01 -1.36954646e-05 -5.81913161e-06 -1.65727826e-07 
 1.04045794e-05  2.44305576e-01  2.01813558e-01  2.01461345e-01 -1.29985653e-05 -5.41136365e-06 -1.88057282e-07 
 1.04047897e-05  2.53828430e-01  2.01831641e-01  2.01489692e-01 -1.26284248e-05 -4.97749760e-06 -2.15589093e-07 
 1.04050000e-05  2.64052113e-01  2.01848164e-01  2.01517148e-01 -1.24503834e-05 -4.57679904e-06 -2.44938120e-07 
 1.04050052e-05  2.64313490e-01  2.01839967e-01  2.01517803e-01 -1.36200482e-05 -4.56785278e-06 -2.45972371e-07 
 1.04050157e-05  2.64837931e-01  2.01825919e-01  2.01519079e-01 -1.39804936e-05 -4.54995701e-06 -2.48014238e-07 
 1.04050367e-05  2.65886661e-01  2.01805658e-01  2.01521474e-01 -1.41192370e-05 -4.51406672e-06 -2.52015291e-07 
 1.04050786e-05  2.67974460e-01  2.01776111e-01  2.01525788e-01 -1.45312984e-05 -4.44227955e-06 -2.59812756e-07 
 1.04051625e-05  2.72116385e-01  2.01736725e-01  2.01533066e-01 -1.47833612e-05 -4.30040455e-06 -2.74694504e-07 
 1.04053045e-05  2.79020159e-01  2.01703380e-01  2.01542834e-01 -1.49718507e-05 -4.06883504e-06 -2.98083266e-07 
 1.04054841e-05  2.87567863e-01  2.01691352e-01  2.01552853e-01 -1.48846813e-05 -3.79313501e-06 -3.24816111e-07 
 1.04057915e-05  3.01719897e-01  2.01699041e-01  2.01568174e-01 -1.48870950e-05 -3.36371369e-06 -3.63971517e-07 
 1.04062585e-05  3.22115676e-01  2.01739177e-01  2.01592240e-01 -1.47587985e-05 -2.80183444e-06 -4.09561155e-07 
 1.04071832e-05  3.58772278e-01  2.01880420e-01  2.01657006e-01 -1.47106417e-05 -1.94586864e-06 -4.61377689e-07 
 1.04090114e-05  4.17627258e-01  2.02382486e-01  2.01905661e-01 -1.45296513e-05 -9.24687881e-07 -4.66642447e-07 
 1.04107551e-05  4.58551729e-01  2.03128474e-01  2.02339896e-01 -1.45520872e-05 -4.57536246e-07 -4.04676471e-07 
 1.04122744e-05  4.84315440e-01  2.03985640e-01  2.02902489e-01 -1.45003800e-05 -2.50145252e-07 -3.33701116e-07 
 1.04138126e-05  5.03308696e-01  2.05039318e-01  2.03655241e-01 -1.45885787e-05 -1.36182585e-07 -2.63677890e-07 
 1.04154558e-05  5.17769776e-01  2.06351628e-01  2.04659528e-01 -1.45793667e-05 -7.13086161e-08 -1.98771482e-07 
 1.04172367e-05  5.28569606e-01  2.07965169e-01  2.05966683e-01 -1.47013623e-05 -3.55025696e-08 -1.42568269e-07 
 1.04192142e-05  5.36491725e-01  2.09954634e-01  2.07657477e-01 -1.47210861e-05 -1.64311023e-08 -9.62558460e-08 
 1.04214282e-05  5.42043094e-01  2.12385149e-01  2.09806982e-01 -1.48652039e-05 -6.92562058e-09 -6.05893816e-08 
 1.04239687e-05  5.45771215e-01  2.15384838e-01  2.12547764e-01 -1.49026866e-05 -2.45191413e-09 -3.46950748e-08 
 1.04269282e-05  5.48094952e-01  2.19098122e-01  2.16030215e-01 -1.50595284e-05 -4.61126553e-10 -1.74299652e-08 
 1.04304867e-05  5.49420775e-01  2.23794162e-01  2.20524842e-01 -1.51061505e-05  4.41704734e-10 -6.93108124e-09 
 1.04348860e-05  5.50073261e-01  2.29846508e-01  2.26407590e-01 -1.52669245e-05  9.24023846e-10 -1.34980629e-09 
 1.04405965e-05  5.50331601e-01  2.37970975e-01  2.34394045e-01 -1.53114484e-05  1.24912771e-09  1.18993949e-09 
 1.04470675e-05  5.50391937e-01  2.47407203e-01  2.43739348e-01 -1.54468844e-05  1.47393023e-09  2.05916735e-09 
 1.04537626e-05  5.50403500e-01  2.57321010e-01  2.53599906e-01 -1.54431047e-05  1.62167028e-09  2.42054532e-09 
 1.04612836e-05  5.50407614e-01  2.68557662e-01  2.64804183e-01 -1.55358078e-05  1.73857158e-09  2.65480987e-09 
 1.04695612e-05  5.50411836e-01  2.80985791e-01  2.77215353e-01 -1.55012430e-05  1.82124718e-09  2.82663842e-09 
 1.04790620e-05  5.50416622e-01  2.95278202e-01  2.91501711e-01 -1.55693341e-05  1.88756812e-09  2.95470484e-09 
 1.04897553e-05  5.50423024e-01  3.11358033e-01  3.07584526e-01 -1.55168354e-05  1.93085113e-09  3.05022777e-09 
 1.05025088e-05  5.50430764e-01  3.30483010e-01  3.26721994e-01 -1.55719361e-05  1.96733901e-09  3.12167011e-09 
 1.05179836e-05  5.50441440e-01  3.53548274e-01  3.49814200e-01 -1.55108189e-05  1.99130210e-09  3.18310214e-09 
 1.05396346e-05  5.50457208e-01  3.85360950e-01  3.81695846e-01 -1.55592843e-05  2.01450273e-09  3.23972578e-09 
 1.05628204e-05  5.50476143e-01  4.18315420e-01  4.14801477e-01 -1.54962698e-05  1.99961557e-09  3.25019143e-09 
 1.05843640e-05  5.50494104e-01  4.46911471e-01  4.43680128e-01 -1.55514873e-05  1.90974205e-09  3.12817478e-09 
 1.06053621e-05  5.50511414e-01  4.71290790e-01  4.68553700e-01 -1.55042655e-05  1.67006052e-09  2.76933891e-09 
 1.06198963e-05  5.50521616e-01  4.85140310e-01  4.82895889e-01 -1.55751559e-05  1.39538024e-09  2.33061244e-09 
 1.06327856e-05  5.50529416e-01  4.94780914e-01  4.93041042e-01 -1.55377961e-05  1.08352476e-09  1.83619701e-09 
 1.06486403e-05  5.50535833e-01  5.03154060e-01  5.02014330e-01 -1.56217673e-05  6.89761153e-10  1.19346098e-09 
 1.06634086e-05  5.50539670e-01  5.08046070e-01  5.07334214e-01 -1.55912157e-05  3.81090746e-10  6.92876039e-10 
 1.06771640e-05  5.50541099e-01  5.10955061e-01  5.10474539e-01 -1.56671456e-05  1.99586354e-10  3.84635670e-10 
 1.06916757e-05  5.50542067e-01  5.13234620e-01  5.12846660e-01 -1.56254746e-05  1.08373017e-10  2.31834789e-10 
 1.07077171e-05  5.50542279e-01  5.15566066e-01  5.15176447e-01 -1.56903302e-05  9.72069810e-11  1.99129121e-10 
 1.07244443e-05  5.50543061e-01  5.18146202e-01  5.17722980e-01 -1.56375911e-05  1.19296862e-10  2.33854245e-10 
 1.07432531e-05  5.50543771e-01  5.21213633e-01  5.20773895e-01 -1.56940227e-05  1.47420488e-10  2.70647252e-10 
 1.07673457e-05  5.50545447e-01  5.25029176e-01  5.24618718e-01 -1.56375171e-05  1.47883302e-10  2.74288507e-10 
 1.08024277e-05  5.50547166e-01  5.29752552e-01  5.29425264e-01 -1.56944783e-05  1.18025053e-10  2.17210957e-10 
 1.08420393e-05  5.50548984e-01  5.33850164e-01  5.33597641e-01 -1.56407581e-05  8.00358480e-11  1.55804645e-10 
 1.08691289e-05  5.50549565e-01  5.36113947e-01  5.35889905e-01 -1.56979612e-05  7.09605892e-11  1.32716979e-10 
 1.08948898e-05  5.50550469e-01  5.38010907e-01  5.37808818e-01 -1.56426231e-05  6.15746271e-11  1.20322458e-10 
 1.09236987e-05  5.50550925e-01  5.39865161e-01  5.39687343e-01 -1.56991650e-05  5.57849893e-11  1.03542157e-10 
 1.09553661e-05  5.50551788e-01  5.41591653e-01  5.41438865e-01 -1.56437905e-05  4.39261472e-11  8.74548394e-11 
 1.09880836e-05  5.50552105e-01  5.43077529e-01  5.42945802e-01 -1.57003132e-05  3.82983341e-11  7.12000198e-11 
 1.10192794e-05  5.50552758e-01  5.44265079e-01  5.44149522e-01 -1.56448025e-05  2.99236306e-11  6.13009234e-11 
 1.10499976e-05  5.50552890e-01  5.45256023e-01  5.45153670e-01 -1.57010743e-05  2.76471977e-11  5.11057167e-11 
 1.10806009e-05  5.50553417e-01  5.46092985e-01  5.46002153e-01 -1.56454366e-05  2.10712021e-11  4.45929968e-11 
 1.11119702e-05  5.50553455e-01  5.46817957e-01  5.46737020e-01 -1.57015924e-05  1.99101415e-11  3.65410571e-11 
 1.11432464e-05  5.50553899e-01  5.47427271e-01  5.47354749e-01 -1.56459066e-05  1.44365405e-11  3.20931191e-11 
 1.11746639e-05  5.50553861e-01  5.47943991e-01  5.47878412e-01 -1.57019642e-05  1.43770057e-11  2.60893049e-11 
 1.12074439e-05  5.50554249e-01  5.48397356e-01  5.48338020e-01 -1.56462455e-05  9.71636833e-12  2.31630889e-11 
 1.12424106e-05  5.50554171e-01  5.48800370e-01  5.48746450e-01 -1.57022394e-05  1.02088817e-11  1.82014385e-11 
 1.12795168e-05  5.50554522e-01  5.49152310e-01  5.49103259e-01 -1.56465085e-05  6.03924094e-12  1.62031677e-11 
 1.13191270e-05  5.50554410e-01  5.49457927e-01  5.49412959e-01 -1.57024485e-05  7.01299956e-12  1.21469942e-11 
 1.13612699e-05  5.50554730e-01  5.49718671e-01  5.49677320e-01 -1.56467061e-05  3.29588874e-12  1.10031944e-11 
 1.14066374e-05  5.50554588e-01  5.49940534e-01  5.49902130e-01 -1.57025994e-05  4.67753375e-12  7.71767475e-12 
 1.14553832e-05  5.50554882e-01  5.50125394e-01  5.50089572e-01 -1.56468487e-05  1.32921083e-12  7.27304572e-12 
 1.15084063e-05  5.50554717e-01  5.50278379e-01  5.50244568e-01 -1.57027032e-05  3.04559828e-12  4.62048043e-12 
 1.15660076e-05  5.50554989e-01  5.50401621e-01  5.50369552e-01 -1.56469466e-05 -3.42044101e-15  4.74398429e-12 
 1.16295214e-05  5.50554806e-01  5.50499791e-01  5.50468990e-01 -1.57027696e-05  1.97764656e-12  2.59264913e-12 
 1.16995917e-05  5.50555063e-01  5.50575234e-01  5.50545523e-01 -1.56470094e-05 -8.40148263e-13  3.15559487e-12 
 1.17782926e-05  5.50554866e-01  5.50632081e-01  5.50603078e-01 -1.57028079e-05  1.34026189e-12  1.38190804e-12 
 1.18670058e-05  5.50555112e-01  5.50672760e-01  5.50644373e-01 -1.56470460e-05 -1.30976675e-12  2.26398549e-12 
 1.19670058e-05  5.50554907e-01  5.50700367e-01  5.50672292e-01 -1.57028262e-05  1.01141599e-12  7.57073928e-13 
 1.20670058e-05  5.50555146e-01  5.50716182e-01  5.50688384e-01 -1.56470641e-05 -1.51869793e-12  1.86739236e-12 
 1.21670058e-05  5.50554934e-01  5.50725384e-01  5.50697649e-01 -1.57028305e-05  8.91000381e-13  5.28102356e-13 
 1.22670058e-05  5.50555169e-01  5.50730599e-01  5.50702997e-01 -1.56470726e-05 -1.58796500e-12  1.73606442e-12 
 1.23335029e-05  5.50554952e-01  5.50732830e-01  5.50705197e-01 -1.57028282e-05  8.55162295e-13  4.59709202e-13 
 1.24000000e-05  5.50555182e-01  5.50734293e-01  5.50706740e-01 -1.56470796e-05 -1.60559044e-12  1.70291456e-12 
 1.24000938e-05  5.50544307e-01  5.50659860e-01  5.50704049e-01 -1.76476733e-05 -7.00235175e-09 -4.41330440e-09 
 1.24002814e-05  5.50527513e-01  5.50572518e-01  5.50695703e-01 -1.84514031e-05 -1.68257048e-08 -1.25910278e-08 
 1.24006566e-05  5.50496277e-01  5.50530411e-01  5.50671724e-01 -1.92227099e-05 -2.63020573e-08 -2.67127654e-08 
 1.24009981e-05  5.50470195e-01  5.50522130e-01  5.50649602e-01 -2.22563968e-05 -2.41661223e-08 -3.77033907e-08 
 1.24012303e-05  5.50455627e-01  5.50521664e-01  5.50635826e-01 -2.65086004e-05 -9.24244949e-09 -4.40842617e-08 
 1.24014735e-05  5.50443923e-01  5.50523169e-01  5.50622750e-01 -3.34562597e-05  2.45761141e-08 -4.98063622e-08 
 1.24016980e-05  5.50437243e-01  5.50530831e-01  5.50612154e-01 -4.21469828e-05  7.88236060e-08 -5.41344874e-08 
 1.24018765e-05  5.50434851e-01  5.50540214e-01  5.50604975e-01 -5.06524051e-05  1.44747801e-07 -5.68166082e-08 
 1.24020181e-05  5.50435146e-01  5.50552756e-01  5.50600236e-01 -5.82710080e-05  2.18235269e-07 -5.83436070e-08 
 1.24021352e-05  5.50436688e-01  5.50566619e-01  5.50597120e-01 -6.51154699e-05  2.99551997e-07 -5.90865830e-08 
 1.24022354e-05  5.50439094e-01  5.50583254e-01  5.50595168e-01 -7.11987450e-05  3.90072306e-07 -5.92230712e-08 
 1.24023227e-05  5.50441703e-01  5.50602266e-01  5.50594139e-01 -7.66195611e-05  4.91294033e-07 -5.88409258e-08 
 1.24024005e-05  5.50444420e-01  5.50624661e-01  5.50593888e-01 -8.13584396e-05  6.05378312e-07 -5.79714345e-08 
 1.24024721e-05  5.50446851e-01  5.50651347e-01  5.50594357e-01 -8.55672320e-05  7.37756363e-07 -5.65847815e-08 
 1.24025442e-05  5.50449292e-01  5.50685774e-01  5.50595683e-01 -8.94861612e-05  9.05099131e-07 -5.44672184e-08 
 1.24026256e-05  5.50452128e-01  5.50733800e-01  5.50598457e-01 -9.35339689e-05  1.14241832e-06 -5.10862593e-08 
 1.24027110e-05  5.50455687e-01  5.50791971e-01  5.50603057e-01 -9.74045336e-05  1.44875946e-06 -4.64225225e-08 
 1.24028483e-05  5.50462847e-01  5.50891155e-01  5.50614334e-01 -1.03174381e-04  2.05348575e-06 -3.69063244e-08 
 1.24029680e-05  5.50471458e-01  5.50975418e-01  5.50627961e-01 -1.07814378e-04  2.67765449e-06 -2.69835555e-08 
 1.24030888e-05  5.50482644e-01  5.51052294e-01  5.50644863e-01 -1.12038633e-04  3.37755066e-06 -1.58971714e-08 
 1.24032070e-05  5.50496066e-01  5.51116533e-01  5.50663890e-01 -1.15331400e-04  4.11045482e-06 -4.39095018e-09 
 1.24033128e-05  5.50509640e-01  5.51161962e-01  5.50682458e-01 -1.16929540e-04  4.78788259e-06  6.09746224e-09 
 1.24033951e-05  5.50520870e-01  5.51185946e-01  5.50697487e-01 -1.16115028e-04  5.31214552e-06  1.40496203e-08 
 1.24034568e-05  5.50529141e-01  5.51193337e-01  5.50708802e-01 -1.12864886e-04  5.68915350e-06  1.95905572e-08 
 1.24035115e-05  5.50536070e-01  5.51188064e-01  5.50718634e-01 -1.07341442e-04  5.99891233e-06  2.39194800e-08 
 1.24035713e-05  5.50542705e-01  5.51166210e-01  5.50728818e-01 -9.88512197e-05  6.29676402e-06  2.77313818e-08 
 1.24036380e-05  5.50548753e-01  5.51121669e-01  5.50739028e-01 -8.74145498e-05  6.56648563e-06  3.06408450e-08 
 1.24037120e-05  5.50553479e-01  5.51051345e-01  5.50748366e-01 -7.38732458e-05  6.78056156e-06  3.21431558e-08 
 1.24038036e-05  5.50556574e-01  5.50945259e-01  5.50756366e-01 -5.81198430e-05  6.92362212e-06  3.17061175e-08 
 1.24038880e-05  5.50556977e-01  5.50841159e-01  5.50759995e-01 -4.61560427e-05  6.95028070e-06  2.94801063e-08 
 1.24039632e-05  5.50555809e-01  5.50752521e-01  5.50760271e-01 -3.79688230e-05  6.90646749e-06  2.64558802e-08 
 1.24040410e-05  5.50553419e-01  5.50670546e-01  5.50757932e-01 -3.17547577e-05  6.81188067e-06  2.26754984e-08 
 1.24041315e-05  5.50549638e-01  5.50590775e-01  5.50752429e-01 -2.68370393e-05  6.65908510e-06  1.78307311e-08 
 1.24042186e-05  5.50545270e-01  5.50529901e-01  5.50744913e-01 -2.38545326e-05  6.48462350e-06  1.29810366e-08 
 1.24043183e-05  5.50539775e-01  5.50476889e-01  5.50734388e-01 -2.17948269e-05  6.26749393e-06  7.42664041e-09 
 1.24044225e-05  5.50533670e-01  5.50436635e-01  5.50721934e-01 -2.06140822e-05  6.03283058e-06  1.76707969e-09 
 1.24045486e-05  5.50526060e-01  5.50402379e-01  5.50705696e-01 -1.98945879e-05  5.74889339e-06 -4.79696734e-09 
 1.24046903e-05  5.50517345e-01  5.50375995e-01  5.50686734e-01 -1.95547844e-05  5.43826476e-06 -1.17553071e-08 
 1.24048451e-05  5.50507778e-01  5.50355441e-01  5.50665792e-01 -1.94161767e-05  5.11384892e-06 -1.88641300e-08 
 1.24050000e-05  5.50498180e-01  5.50339418e-01  5.50645009e-01 -1.93720757e-05  4.80691100e-06 -2.54868519e-08 
 1.24050025e-05  5.50499150e-01  5.50343706e-01  5.50644675e-01 -1.82986874e-05  4.80234038e-06 -2.54505563e-08 
 1.24050076e-05  5.50499950e-01  5.50351512e-01  5.50644016e-01 -1.78911965e-05  4.79323983e-06 -2.53861109e-08 
 1.24050178e-05  5.50499788e-01  5.50363998e-01  5.50642743e-01 -1.76748371e-05  4.77509684e-06 -2.52797517e-08 
 1.24050381e-05  5.50499963e-01  5.50383103e-01  5.50640341e-01 -1.72592267e-05  4.73877932e-06 -2.50904127e-08 
 1.24050732e-05  5.50499905e-01  5.50408125e-01  5.50636546e-01 -1.67506441e-05  4.67618150e-06 -2.48131933e-08 
 1.24051434e-05  5.50500013e-01  5.50442917e-01  5.50629941e-01 -1.61212192e-05  4.55203135e-06 -2.43740373e-08 
 1.24052838e-05  5.50499839e-01  5.50478055e-01  5.50619182e-01 -1.56683872e-05  4.31062768e-06 -2.36967409e-08 
 1.24055645e-05  5.50499627e-01  5.50492205e-01  5.50602000e-01 -1.55509768e-05  3.86168986e-06 -2.25159976e-08 
 1.24058777e-05  5.50499213e-01  5.50484178e-01  5.50585340e-01 -1.55712529e-05  3.41467962e-06 -2.12045010e-08 
 1.24064092e-05  5.50498792e-01  5.50468855e-01  5.50559135e-01 -1.55605465e-05  2.76973621e-06 -1.89945410e-08 
 1.24072204e-05  5.50498086e-01  5.50449145e-01  5.50523496e-01 -1.55686458e-05  2.00919197e-06 -1.58127475e-08 
 1.24088427e-05  5.50497268e-01  5.50422278e-01  5.50467000e-01 -1.55640283e-05  1.03896873e-06 -1.04919459e-08 
 1.24120872e-05  5.50496239e-01  5.50405613e-01  5.50403580e-01 -1.55781016e-05  2.30660878e-07 -3.94447708e-09 
 1.24175967e-05  5.50495798e-01  5.50443557e-01  5.50396749e-01 -1.55845875e-05 -9.02205225e-09 -2.75347339e-10 
 1.24243681e-05  5.50495640e-01  5.50534822e-01  5.50471437e-01 -1.56022044e-05  1.26628487e-09  4.87325668e-11 
 1.24329023e-05  5.50495771e-01  5.50647370e-01  5.50587628e-01 -1.56045008e-05 -3.00257520e-10  2.08848791e-11 
 1.24432343e-05  5.50495786e-01  5.50739385e-01  5.50693047e-01 -1.56165232e-05  1.22477101e-10  3.04829395e-11 
 1.24588875e-05  5.50495945e-01  5.50786008e-01  5.50756882e-01 -1.56150145e-05 -5.11448609e-11  6.56370759e-12 
 1.24807500e-05  5.50495856e-01  5.50748236e-01  5.50728726e-01 -1.56239072e-05  2.98663297e-11 -3.43032146e-12 
 1.25030308e-05  5.50495863e-01  5.50689609e-01  5.50667735e-01 -1.56187729e-05 -2.57402643e-11 -6.37675589e-12 
 1.25278569e-05  5.50495736e-01  5.50665218e-01  5.50638013e-01 -1.56250159e-05  1.28593752e-11 -4.92864213e-14 
 1.25564838e-05  5.50495813e-01  5.50675840e-01  5.50646499e-01 -1.56188913e-05 -9.21873515e-12  2.26534579e-12 
 1.26000000e-05  5.50495760e-01  5.50690926e-01  5.50663274e-01 -1.56248748e-05  7.69368293e-12  1.88267435e-12 
 1.26000335e-05  5.50497022e-01  5.50709654e-01  5.50663523e-01 -1.28848322e-05  4.89127689e-09  8.41894775e-10 
 1.26001006e-05  5.50497788e-01  5.50737233e-01  5.50664380e-01 -1.23071897e-05  1.44552198e-08  2.43069983e-09 
 1.26002347e-05  5.50498936e-01  5.50765937e-01  5.50667498e-01 -1.20129396e-05  3.21068035e-08  5.30727085e-09 
 1.26004248e-05  5.50500714e-01  5.50783142e-01  5.50673320e-01 -1.18971910e-05  5.50900461e-08  9.02411764e-09 
 1.26007326e-05  5.50503357e-01  5.50790776e-01  5.50683309e-01 -1.19603154e-05  8.88236452e-08  1.44598188e-08 
 1.26011444e-05  5.50507165e-01  5.50794270e-01  5.50695738e-01 -1.20290032e-05  1.27964288e-07  2.07534296e-08 
 1.26013052e-05  5.50508740e-01  5.50794060e-01  5.50700157e-01 -1.22876210e-05  1.41504601e-07  2.29064221e-08 
 1.26015683e-05  5.50512635e-01  5.50790472e-01  5.50706613e-01 -1.36951210e-05  1.61055645e-07  2.58934906e-08 
 1.26017168e-05  5.50516254e-01  5.50782764e-01  5.50709639e-01 -1.58843800e-05  1.70082002e-07  2.70967674e-08 
 1.26018305e-05  5.50520468e-01  5.50771552e-01  5.50711418e-01 -1.87460838e-05  1.75332480e-07  2.75796958e-08 
 1.26019456e-05  5.50526018e-01  5.50753162e-01  5.50712471e-01 -2.32256665e-05  1.78637592e-07  2.75026266e-08 
 1.26020685e-05  5.50533641e-01  5.50724760e-01  5.50712420e-01 -2.96767664e-05  1.79315516e-07  2.66072040e-08 
 1.26022106e-05  5.50543758e-01  5.50679260e-01  5.50710324e-01 -3.90349815e-05  1.75685432e-07  2.42786986e-08 
 1.26023389e-05  5.50553407e-01  5.50625935e-01  5.50706056e-01 -4.80621050e-05  1.67656124e-07  2.07670996e-08 
 1.26024560e-05  5.50561500e-01  5.50565368e-01  5.50699743e-01 -5.56589781e-05  1.55728099e-07  1.61684401e-08 
 1.26025610e-05  5.50567617e-01  5.50498940e-01  5.50691720e-01 -6.07202638e-05  1.40547970e-07  1.06764238e-08 
 1.26026647e-05  5.50571834e-01  5.50419994e-01  5.50681159e-01 -6.35767896e-05  1.20684642e-07  3.75196748e-09 
 1.26027759e-05  5.50574141e-01  5.50323958e-01  5.50666507e-01 -6.52373840e-05  9.37646447e-08 -5.34783857e-09 
 1.26029170e-05  5.50573493e-01  5.50200145e-01  5.50642803e-01 -6.70886375e-05  5.16996830e-08 -1.88859511e-08 
 1.26030259e-05  5.50570476e-01  5.50112914e-01  5.50620904e-01 -6.81862007e-05  1.18208576e-08 -3.03989268e-08 
 1.26031211e-05  5.50566141e-01  5.50047915e-01  5.50599672e-01 -6.87972794e-05 -3.82842150e-08 -4.08869597e-08 
 1.26031944e-05  5.50562702e-01  5.50008413e-01  5.50582352e-01 -6.87595735e-05 -1.14932996e-07 -4.90330095e-08 
 1.26032572e-05  5.50561129e-01  5.49984867e-01  5.50567146e-01 -6.83696447e-05 -2.54343959e-07 -5.58877066e-08 
 1.26033066e-05  5.50560929e-01  5.49975049e-01  5.50555106e-01 -6.76376623e-05 -4.47569936e-07 -6.10824156e-08 
 1.26033381e-05  5.50560321e-01  5.49974588e-01  5.50547500e-01 -6.68485380e-05 -6.20173559e-07 -6.41972182e-08 
 1.26033611e-05  5.50558878e-01  5.49978870e-01  5.50542017e-01 -6.59096065e-05 -7.73465300e-07 -6.62931150e-08 
 1.26033835e-05  5.50556094e-01  5.49988627e-01  5.50536807e-01 -6.46325686e-05 -9.44521817e-07 -6.80909458e-08 
 1.26034099e-05  5.50551148e-01  5.50009321e-01  5.50530868e-01 -6.25574637e-05 -1.17391494e-06 -6.98011565e-08 
 1.26034397e-05  5.50544240e-01  5.50045604e-01  5.50524574e-01 -5.96174791e-05 -1.46567386e-06 -7.10967084e-08 
 1.26034744e-05  5.50535847e-01  5.50103269e-01  5.50517988e-01 -5.56233387e-05 -1.84393318e-06 -7.17419143e-08 
 1.26035204e-05  5.50525839e-01  5.50196987e-01  5.50510784e-01 -4.99574693e-05 -2.39759040e-06 -7.13629174e-08 
 1.26035539e-05  5.50520055e-01  5.50271728e-01  5.50506736e-01 -4.58407694e-05 -2.83257938e-06 -7.03920940e-08 
 1.26035860e-05  5.50515809e-01  5.50343468e-01  5.50503839e-01 -4.21193506e-05 -3.26948501e-06 -6.90966694e-08 
 1.26036249e-05  5.50512265e-01  5.50426154e-01  5.50501576e-01 -3.80087579e-05 -3.81969962e-06 -6.72378489e-08 
 1.26036615e-05  5.50510320e-01  5.50497280e-01  5.50500597e-01 -3.46055786e-05 -4.35586600e-06 -6.53327463e-08 
 1.26037040e-05  5.50509427e-01  5.50570107e-01  5.50500691e-01 -3.11981650e-05 -4.99982929e-06 -6.30586378e-08 
 1.26037468e-05  5.50509709e-01  5.50632474e-01  5.50501932e-01 -2.83257584e-05 -5.67039160e-06 -6.07843574e-08 
 1.26037984e-05  5.50511271e-01  5.50694076e-01  5.50504664e-01 -2.54926989e-05 -6.50923304e-06 -5.81263744e-08 
 1.26038538e-05  5.50514119e-01  5.50746073e-01  5.50508781e-01 -2.30783672e-05 -7.45092459e-06 -5.53958983e-08 
 1.26039226e-05  5.50519004e-01  5.50794729e-01  5.50515138e-01 -2.07627058e-05 -8.68788852e-06 -5.21722682e-08 
 1.26040014e-05  5.50526087e-01  5.50834696e-01  5.50523576e-01 -1.87931767e-05 -1.02077965e-05 -4.86671109e-08 
 1.26041040e-05  5.50537258e-01  5.50870679e-01  5.50535705e-01 -1.69737645e-05 -1.23809880e-05 -4.43019381e-08 
 1.26042302e-05  5.50553351e-01  5.50900571e-01  5.50551580e-01 -1.55132638e-05 -1.53918904e-05 -3.91206039e-08 
 1.26044013e-05  5.50578036e-01  5.50928835e-01  5.50573793e-01 -1.43973773e-05 -2.01236149e-05 -3.22465221e-08 
 1.26046110e-05  5.50610709e-01  5.50954958e-01  5.50601213e-01 -1.37923146e-05 -2.69604463e-05 -2.38442126e-08 
 1.26048055e-05  5.50641624e-01  5.50975422e-01  5.50626405e-01 -1.35844132e-05 -3.42710419e-05 -1.58806083e-08 
 1.26050000e-05  5.50671726e-01  5.50994053e-01  5.50651175e-01 -1.35049980e-05 -4.23939370e-05 -7.55161409e-09 
 1.26050047e-05  5.50671131e-01  5.50990737e-01  5.50651761e-01 -1.57510920e-05 -4.25998915e-05 -7.47529883e-09 
 1.26050141e-05  5.50670654e-01  5.50985000e-01  5.50652920e-01 -1.59771462e-05 -4.30111804e-05 -7.31416022e-09 
 1.26050329e-05  5.50670606e-01  5.50976682e-01  5.50655171e-01 -1.59087732e-05 -4.38276934e-05 -6.95750146e-09 
 1.26050705e-05  5.50670202e-01  5.50964604e-01  5.50659472e-01 -1.60053153e-05 -4.54339675e-05 -6.16466728e-09 
 1.26051458e-05  5.50670006e-01  5.50948911e-01  5.50667469e-01 -1.59477467e-05 -4.85430350e-05 -4.32953802e-09 
 1.26052573e-05  5.50669741e-01  5.50937992e-01  5.50678308e-01 -1.59832848e-05 -5.29049381e-05 -1.14189544e-09 
 1.26054061e-05  5.50669754e-01  5.50935591e-01  5.50691660e-01 -1.58964623e-05 -5.82942254e-05  3.81028479e-09 
 1.26056428e-05  5.50669769e-01  5.50942604e-01  5.50711535e-01 -1.59095109e-05 -6.59239587e-05  1.29883784e-08 
 1.26061161e-05  5.50670717e-01  5.50964215e-01  5.50748605e-01 -1.57917833e-05 -7.81917386e-05  3.45356995e-08 
 1.26070627e-05  5.50674423e-01  5.51001603e-01  5.50814433e-01 -1.57497924e-05 -9.35905713e-05  8.20282182e-08 
 1.26080287e-05  5.50680391e-01  5.51027908e-01  5.50870385e-01 -1.56386905e-05 -1.00409816e-04  1.27684626e-07 
 1.26092108e-05  5.50688980e-01  5.51047213e-01  5.50923785e-01 -1.56469501e-05 -1.01711365e-04  1.71129386e-07 
 1.26104101e-05  5.50698553e-01  5.51054353e-01  5.50962265e-01 -1.55730688e-05 -9.86684278e-05  1.99571543e-07 
 1.26119941e-05  5.50711012e-01  5.51049065e-01  5.50992045e-01 -1.56092250e-05 -9.17567016e-05  2.16913631e-07 
 1.26137864e-05  5.50724586e-01  5.51027767e-01  5.51001978e-01 -1.55537841e-05 -8.27049239e-05  2.17327043e-07 
 1.26162943e-05  5.50741563e-01  5.50980465e-01  5.50985002e-01 -1.56042735e-05 -7.05507721e-05  2.00450651e-07 
 1.26195209e-05  5.50760479e-01  5.50903724e-01  5.50929734e-01 -1.55591742e-05 -5.72708387e-05  1.69058917e-07 
 1.26237735e-05  5.50780646e-01  5.50796523e-01  5.50831235e-01 -1.56171069e-05 -4.38214721e-05  1.30195219e-07 
 1.26281375e-05  5.50797201e-01  5.50695294e-01  5.50726035e-01 -1.55758081e-05 -3.37389692e-05  9.93311524e-08 
 1.26333434e-05  5.50812479e-01  5.50598484e-01  5.50617204e-01 -1.56352449e-05 -2.50715054e-05  7.29426219e-08 
 1.26388391e-05  5.50824968e-01  5.50528673e-01  5.50532217e-01 -1.55951140e-05 -1.86131620e-05  5.35956358e-08 
 1.26454937e-05  5.50836094e-01  5.50486505e-01  5.50472660e-01 -1.56548455e-05 -1.31797400e-05  3.75927378e-08 
 1.26527939e-05  5.50845038e-01  5.50484468e-01  5.50455215e-01 -1.56146799e-05 -9.16808725e-06  2.59595398e-08 
 1.26616381e-05  5.50852386e-01  5.50525336e-01  5.50483533e-01 -1.56731835e-05 -5.98763129e-06  1.68603576e-08 
 1.26715661e-05  5.50857967e-01  5.50601844e-01  5.50553405e-01 -1.56313062e-05 -3.76004732e-06  1.05512592e-08 
 1.26836663e-05  5.50862029e-01  5.50703919e-01  5.50655224e-01 -1.56871905e-05 -2.14935098e-06  6.02364924e-09 
 1.26976562e-05  5.50864853e-01  5.50801218e-01  5.50758081e-01 -1.56426508e-05 -1.13239346e-06  3.17303218e-09 
 1.27150743e-05  5.50866496e-01  5.50872055e-01  5.50837355e-01 -1.56956301e-05 -5.06035214e-07  1.41922586e-09 
 1.27361858e-05  5.50867475e-01  5.50899225e-01  5.50870896e-01 -1.56485660e-05 -1.87204947e-07  5.23025182e-10 
 1.27639144e-05  5.50867753e-01  5.50900404e-01  5.50873226e-01 -1.56991583e-05 -4.62444096e-08  1.28896027e-10 
 1.28007440e-05  5.50867946e-01  5.50914029e-01  5.50884577e-01 -1.56502055e-05 -5.25191122e-09  1.61320457e-11 
 1.28389524e-05  5.50867888e-01  5.50945846e-01  5.50916084e-01 -1.56995189e-05 -4.02768210e-10  4.29866684e-12 
 1.29124958e-05  5.50868016e-01  5.50984752e-01  5.50956662e-01 -1.56502247e-05  3.86106607e-11  1.05335564e-12 
 1.30085246e-05  5.50867941e-01  5.51007494e-01  5.50979309e-01 -1.56995667e-05  2.55583551e-11  1.58022065e-12 
 1.31085246e-05  5.50868051e-01  5.51028301e-01  5.51000336e-01 -1.56502402e-05 -4.88560214e-11  1.37368025e-12 
 1.32085246e-05  5.50867971e-01  5.51037031e-01  5.51009440e-01 -1.56995654e-05  5.11715178e-11  1.09911423e-12 
 1.33085246e-05  5.50868069e-01  5.51042418e-01  5.51014647e-01 -1.56502574e-05 -5.42696773e-11  1.20568215e-12 
 1.34085246e-05  5.50867986e-01  5.51046721e-01  5.51019165e-01 -1.56995587e-05  4.90476110e-11  1.13514000e-12 
 1.35085246e-05  5.50868082e-01  5.51047668e-01  5.51020077e-01 -1.56502652e-05 -4.97626048e-11  1.04873478e-12 
 1.36085246e-05  5.50867997e-01  5.51049369e-01  5.51021772e-01 -1.56995564e-05  4.38187475e-11  1.16624690e-12 
 1.37085246e-05  5.50868093e-01  5.51049791e-01  5.51022260e-01 -1.56502676e-05 -4.46075197e-11  1.02630214e-12 
 1.38085246e-05  5.50868007e-01  5.51050111e-01  5.51022526e-01 -1.56995551e-05  3.89399654e-11  1.13113826e-12 
 1.39085246e-05  5.50868103e-01  5.51050479e-01  5.51022941e-01 -1.56502698e-05 -4.01165698e-11  1.05852577e-12 
 1.40085246e-05  5.50868016e-01  5.51050459e-01  5.51022897e-01 -1.56995526e-05  3.48196331e-11  1.09398948e-12 
 1.41085246e-05  5.50868112e-01  5.51050617e-01  5.51023068e-01 -1.56502730e-05 -3.63504561e-11  1.08150630e-12 
 1.42085246e-05  5.50868026e-01  5.51050643e-01  5.51023088e-01 -1.56995493e-05  3.13671218e-11  1.07743578e-12 
 1.43085246e-05  5.50868121e-01  5.51050646e-01  5.51023098e-01 -1.56502764e-05 -3.31823761e-11  1.09062634e-12 
 1.44085246e-05  5.50868035e-01  5.51050706e-01  5.51023149e-01 -1.56995460e-05  2.84545931e-11  1.06969295e-12 
 1.45085246e-05  5.50868131e-01  5.51050678e-01  5.51023133e-01 -1.56502796e-05 -3.05054671e-11  1.09798276e-12 
 1.46000000e-05  5.50868044e-01  5.51050716e-01  5.51023157e-01 -1.56995427e-05  2.58985812e-11  1.06046324e-12 
 1.46001288e-05  5.50865301e-01  5.51007075e-01  5.51021020e-01 -1.81727603e-05 -2.40911839e-08 -2.91524596e-09 
 1.46003863e-05  5.50862741e-01  5.50960452e-01  5.51014671e-01 -1.84433810e-05 -6.76279972e-08 -8.24517531e-09 
 1.46009014e-05  5.50860161e-01  5.50950745e-01  5.50998491e-01 -2.09254418e-05 -1.32356941e-07 -1.69917980e-08 
 1.46011699e-05  5.50860529e-01  5.50954582e-01  5.50991010e-01 -2.50691250e-05 -1.54664125e-07 -2.06301430e-08 
 1.46013494e-05  5.50862172e-01  5.50960064e-01  5.50986767e-01 -2.93998205e-05 -1.64436122e-07 -2.26170251e-08 
 1.46015932e-05  5.50866015e-01  5.50969820e-01  5.50982176e-01 -3.75773789e-05 -1.71161334e-07 -2.47544112e-08 
 1.46017691e-05  5.50869980e-01  5.50980867e-01  5.50979838e-01 -4.50653312e-05 -1.70462497e-07 -2.58046059e-08 
 1.46019122e-05  5.50873801e-01  5.50992832e-01  5.50978696e-01 -5.21076102e-05 -1.65413066e-07 -2.62663361e-08 
 1.46020337e-05  5.50877411e-01  5.51006704e-01  5.50978388e-01 -5.86679331e-05 -1.56942010e-07 -2.62955741e-08 
 1.46021371e-05  5.50880533e-01  5.51021983e-01  5.50978729e-01 -6.46038183e-05 -1.45640504e-07 -2.59691227e-08 
 1.46022267e-05  5.50883166e-01  5.51039308e-01  5.50979586e-01 -6.98901169e-05 -1.31738628e-07 -2.53318306e-08 
 1.46023052e-05  5.50885186e-01  5.51058831e-01  5.50980884e-01 -7.45619182e-05 -1.15274730e-07 -2.44056264e-08 
 1.46023751e-05  5.50886600e-01  5.51081124e-01  5.50982581e-01 -7.86162125e-05 -9.61603439e-08 -2.31924035e-08 
 1.46024390e-05  5.50887332e-01  5.51106992e-01  5.50984697e-01 -8.21365918e-05 -7.38664373e-08 -2.16589417e-08 
 1.46025012e-05  5.50887477e-01  5.51138777e-01  5.50987416e-01 -8.52803227e-05 -4.65192547e-08 -1.96617895e-08 
 1.46025730e-05  5.50887190e-01  5.51184333e-01  5.50991567e-01 -8.85155587e-05 -6.95272219e-09 -1.66274509e-08 
 1.46026416e-05  5.50887024e-01  5.51235671e-01  5.50996738e-01 -9.12467706e-05  3.87972423e-08 -1.29681012e-08 
 1.46027373e-05  5.50887504e-01  5.51314924e-01  5.51006161e-01 -9.46094773e-05  1.12173245e-07 -6.74376903e-09 
 1.46028151e-05  5.50888540e-01  5.51382811e-01  5.51015821e-01 -9.69436182e-05  1.74593714e-07 -8.32692550e-10 
 1.46028918e-05  5.50890121e-01  5.51450241e-01  5.51027091e-01 -9.88798483e-05  2.30405475e-07  5.60674144e-09 
 1.46029890e-05  5.50892985e-01  5.51533693e-01  5.51043766e-01 -1.00765748e-04  2.82530119e-07  1.44603183e-08 
 1.46030806e-05  5.50897064e-01  5.51606230e-01  5.51061720e-01 -1.02150281e-04  3.12785795e-07  2.33072485e-08 
 1.46031684e-05  5.50902095e-01  5.51665890e-01  5.51080598e-01 -1.03043542e-04  3.33082646e-07  3.20115674e-08 
 1.46032754e-05  5.50909120e-01  5.51720897e-01  5.51105116e-01 -1.02713696e-04  3.54149798e-07  4.25570241e-08 
 1.46033487e-05  5.50914207e-01  5.51742455e-01  5.51122417e-01 -1.00024055e-04  3.67258051e-07  4.94198571e-08 
 1.46034027e-05  5.50917781e-01  5.51744325e-01  5.51135113e-01 -9.53155368e-05  3.75591698e-07  5.39746223e-08 
 1.46034536e-05  5.50920854e-01  5.51730334e-01  5.51146681e-01 -8.86761952e-05  3.81554750e-07  5.75761752e-08 
 1.46035172e-05  5.50924063e-01  5.51688944e-01  5.51160127e-01 -7.83415141e-05  3.85784401e-07  6.08863033e-08 
 1.46035769e-05  5.50926437e-01  5.51628107e-01  5.51171242e-01 -6.77873737e-05  3.86256588e-07  6.27079462e-08 
 1.46036579e-05  5.50928609e-01  5.51521858e-01  5.51183231e-01 -5.40209304e-05  3.81830446e-07  6.33173664e-08 
 1.46037663e-05  5.50930027e-01  5.51362709e-01  5.51193060e-01 -3.92537830e-05  3.68497897e-07  6.15110292e-08 
 1.46038401e-05  5.50930224e-01  5.51258025e-01  5.51195669e-01 -3.23335975e-05  3.55911184e-07  5.91006724e-08 
 1.46039079e-05  5.50930084e-01  5.51172676e-01  5.51195458e-01 -2.78818797e-05  3.42780122e-07  5.64451182e-08 
 1.46039895e-05  5.50929616e-01  5.51086930e-01  5.51192465e-01 -2.42991307e-05  3.25765559e-07  5.29937205e-08 
 1.46040681e-05  5.50928999e-01  5.51021588e-01  5.51187334e-01 -2.22079085e-05  3.08584021e-07  4.95871132e-08 
 1.46041609e-05  5.50928126e-01  5.50963402e-01  5.51179229e-01 -2.07595373e-05  2.87833164e-07  4.56191195e-08 
 1.46042566e-05  5.50927162e-01  5.50920375e-01  5.51169271e-01 -1.99921089e-05  2.66256351e-07  4.16641570e-08 
 1.46043750e-05  5.50925909e-01  5.50883889e-01  5.51155646e-01 -1.95252511e-05  2.39824729e-07  3.70145856e-08 
 1.46045068e-05  5.50924505e-01  5.50857074e-01  5.51139573e-01 -1.93309175e-05  2.11028180e-07  3.21331305e-08 
 1.46046792e-05  5.50922656e-01  5.50833837e-01  5.51118130e-01 -1.92350308e-05  1.74911167e-07  2.61799060e-08 
 1.46048396e-05  5.50920959e-01  5.50818321e-01  5.51098264e-01 -1.92225408e-05  1.43086325e-07  2.10283152e-08 
 1.46050000e-05  5.50919268e-01  5.50805420e-01  5.51078750e-01 -1.92078345e-05  1.13065569e-07  1.62085186e-08 
 1.46050023e-05  5.50919773e-01  5.50807217e-01  5.51078475e-01 -1.70281036e-05  1.12955233e-07  1.62054273e-08 
 1.46050069e-05  5.50920245e-01  5.50810549e-01  5.51077929e-01 -1.66959937e-05  1.12782815e-07  1.61965329e-08 
 1.46050161e-05  5.50920174e-01  5.50815976e-01  5.51076856e-01 -1.65714920e-05  1.12524602e-07  1.61676118e-08 
 1.46050345e-05  5.50920223e-01  5.50824310e-01  5.51074773e-01 -1.63643868e-05  1.11956884e-07  1.60967899e-08 
 1.46050669e-05  5.50920179e-01  5.50835563e-01  5.51071267e-01 -1.60949351e-05  1.10862062e-07  1.59504173e-08 
 1.46051316e-05  5.50920152e-01  5.50851075e-01  5.51064732e-01 -1.57687555e-05  1.08447799e-07  1.56050481e-08 
 1.46052612e-05  5.50919971e-01  5.50865669e-01  5.51052918e-01 -1.55263134e-05  1.03334280e-07  1.48382656e-08 
 1.46055203e-05  5.50919653e-01  5.50866445e-01  5.51031793e-01 -1.54760254e-05  9.33994039e-08  1.33216492e-08 
 1.46058255e-05  5.50919247e-01  5.50853577e-01  5.51008852e-01 -1.54871184e-05  8.28158074e-08  1.17170158e-08 
 1.46063413e-05  5.50918693e-01  5.50831003e-01  5.50972553e-01 -1.54887963e-05  6.75202291e-08  9.42086090e-09 
 1.46072459e-05  5.50917832e-01  5.50797172e-01  5.50915558e-01 -1.54942151e-05  4.70414001e-08  6.37633241e-09 
 1.46090551e-05  5.50916663e-01  5.50749628e-01  5.50825378e-01 -1.55062788e-05  2.22281393e-08  2.76287088e-09 
 1.46126735e-05  5.50915375e-01  5.50712235e-01  5.50722947e-01 -1.55257932e-05  3.60145928e-09  2.09011940e-10 
 1.46178932e-05  5.50914737e-01  5.50738050e-01  5.50697062e-01 -1.55511026e-05 -1.29530084e-10 -1.29116352e-10 
 1.46248782e-05  5.50914470e-01  5.50828654e-01  5.50765546e-01 -1.55726831e-05  2.30551559e-12  1.82642855e-13 
 1.46324975e-05  5.50914438e-01  5.50933429e-01  5.50871757e-01 -1.55902032e-05  1.53474991e-11  2.80691422e-11 
 1.46431250e-05  5.50914425e-01  5.51040130e-01  5.50990733e-01 -1.56025353e-05  1.47914007e-11  2.66982686e-11 
 1.46583227e-05  5.50914474e-01  5.51107693e-01  5.51074445e-01 -1.56141117e-05  5.97641988e-12  1.13408585e-11 
 1.46799622e-05  5.50914432e-01  5.51101059e-01  5.51078307e-01 -1.56186441e-05 -3.00824730e-12 -1.83535386e-12 
 1.47028859e-05  5.50914394e-01  5.51060691e-01  5.51037285e-01 -1.56220535e-05 -2.83532789e-12 -3.89192644e-12 
 1.47276765e-05  5.50914330e-01  5.51044223e-01  5.51016682e-01 -1.56210719e-05 -1.69224769e-12 -1.93869226e-13 
 1.47567597e-05  5.50914352e-01  5.51057529e-01  5.51028019e-01 -1.56225659e-05  1.17030127e-12  2.59874696e-12 
 1.48000000e-05  5.50914355e-01  5.51078139e-01  5.51050003e-01 -1.56210492e-05 -5.49182444e-13  1.92941361e-12 
 1.48000296e-05  5.50917795e-01  5.51112861e-01  5.51050416e-01 -1.38072684e-05  3.46709863e-09  1.50285800e-09 
 1.48000887e-05  5.50921715e-01  5.51163957e-01  5.51051829e-01 -1.28362060e-05  9.52019849e-09  4.36185658e-09 
 1.48002071e-05  5.50928860e-01  5.51219304e-01  5.51057019e-01 -1.21536429e-05  1.77577821e-08  9.60006649e-09 
 1.48003752e-05  5.50939246e-01  5.51257712e-01  5.51067033e-01 -1.18740243e-05  2.55410879e-08  1.64342539e-08 
 1.48006793e-05  5.50957550e-01  5.51281931e-01  5.51087127e-01 -1.19124869e-05  3.63888734e-08  2.76367987e-08 
 1.48010374e-05  5.50979443e-01  5.51295786e-01  5.51110411e-01 -1.19083451e-05  4.69064563e-08  3.92235472e-08 
 1.48013211e-05  5.50996814e-01  5.51303057e-01  5.51127748e-01 -1.22634475e-05  5.16874526e-08  4.72434715e-08 
 1.48014874e-05  5.51007712e-01  5.51306574e-01  5.51137375e-01 -1.28068463e-05  4.90643956e-08  5.14335030e-08 
 1.48016493e-05  5.51018990e-01  5.51305607e-01  5.51146229e-01 -1.43293016e-05  3.42339886e-08  5.49876013e-08 
 1.48017776e-05  5.51029270e-01  5.51301135e-01  5.51152710e-01 -1.65530237e-05  5.01430200e-09  5.72697184e-08 
 1.48018979e-05  5.51039874e-01  5.51290811e-01  5.51158148e-01 -2.00728586e-05 -4.70868304e-08  5.87687096e-08 
 1.48020224e-05  5.51052229e-01  5.51273213e-01  5.51162827e-01 -2.52497956e-05 -1.38174067e-07  5.94473925e-08 
 1.48021536e-05  5.51065827e-01  5.51245303e-01  5.51166349e-01 -3.24431043e-05 -2.88605587e-07  5.89599281e-08 
 1.48022964e-05  5.51080623e-01  5.51204134e-01  5.51168060e-01 -4.13393438e-05 -5.31659565e-07  5.67737265e-08 
 1.48024327e-05  5.51092940e-01  5.51153196e-01  5.51167160e-01 -4.96035469e-05 -8.56180981e-07  5.28206450e-08 
 1.48025538e-05  5.51101464e-01  5.51096588e-01  5.51163858e-01 -5.51923410e-05 -1.23598420e-06  4.75082128e-08 
 1.48026653e-05  5.51106053e-01  5.51032515e-01  5.51158323e-01 -5.79343380e-05 -1.67671392e-06  4.08480429e-08 
 1.48027875e-05  5.51107160e-01  5.50950455e-01  5.51149049e-01 -5.88120130e-05 -2.26985807e-06  3.14738690e-08 
 1.48029203e-05  5.51103462e-01  5.50856039e-01  5.51134903e-01 -5.94019501e-05 -3.03636249e-06  1.91228110e-08 
 1.48030037e-05  5.51099010e-01  5.50799160e-01  5.51123917e-01 -5.97349484e-05 -3.57217430e-06  1.04745356e-08 
 1.48030989e-05  5.51092197e-01  5.50739829e-01  5.51109644e-01 -6.00214450e-05 -4.22266843e-06  2.13982508e-11 
 1.48032019e-05  5.51084591e-01  5.50684820e-01  5.51092489e-01 -6.00875538e-05 -4.95938666e-06 -1.17428398e-08 
 1.48032821e-05  5.51084426e-01  5.50651304e-01  5.51078220e-01 -5.98031641e-05 -5.54351717e-06 -2.10499042e-08 
 1.48033520e-05  5.51106016e-01  5.50631717e-01  5.51065422e-01 -5.92331988e-05 -6.04732535e-06 -2.91409321e-08 
 1.48034027e-05  5.51149512e-01  5.50625216e-01  5.51056089e-01 -5.84999270e-05 -6.40168054e-06 -3.49169712e-08 
 1.48034347e-05  5.51194480e-01  5.50626257e-01  5.51050269e-01 -5.77518584e-05 -6.61447881e-06 -3.84213009e-08 
 1.48034612e-05  5.51243593e-01  5.50632152e-01  5.51045542e-01 -5.68085532e-05 -6.77934241e-06 -4.11344008e-08 
 1.48034891e-05  5.51308309e-01  5.50645719e-01  5.51040713e-01 -5.53925268e-05 -6.93618400e-06 -4.36727653e-08 
 1.48035261e-05  5.51415963e-01  5.50677955e-01  5.51034746e-01 -5.28121471e-05 -7.10766279e-06 -4.63112373e-08 
 1.48035605e-05  5.51540023e-01  5.50722348e-01  5.51029800e-01 -4.98574425e-05 -7.22627769e-06 -4.79454774e-08 
 1.48036130e-05  5.51772626e-01  5.50809492e-01  5.51023745e-01 -4.47598530e-05 -7.33334669e-06 -4.90345249e-08 
 1.48036444e-05  5.51935427e-01  5.50868552e-01  5.51021096e-01 -4.16192960e-05 -7.35870515e-06 -4.89998022e-08 
 1.48036796e-05  5.52136768e-01  5.50936049e-01  5.51019046e-01 -3.81843390e-05 -7.35933776e-06 -4.85359238e-08 
 1.48037214e-05  5.52398492e-01  5.51013577e-01  5.51017856e-01 -3.44196931e-05 -7.32975006e-06 -4.75988682e-08 
 1.48037668e-05  5.52707935e-01  5.51090932e-01  5.51017979e-01 -3.07809655e-05 -7.26984542e-06 -4.63242467e-08 
 1.48038132e-05  5.53049270e-01  5.51160332e-01  5.51019452e-01 -2.76150465e-05 -7.18781117e-06 -4.49350434e-08 
 1.48038637e-05  5.53448039e-01  5.51224024e-01  5.51022356e-01 -2.47435052e-05 -7.08308634e-06 -4.34788011e-08 
 1.48039191e-05  5.53917616e-01  5.51280566e-01  5.51026792e-01 -2.22284873e-05 -6.95710609e-06 -4.20610628e-08 
 1.48039832e-05  5.54503369e-01  5.51331185e-01  5.51033152e-01 -1.99636821e-05 -6.80392090e-06 -4.07361970e-08 
 1.48040572e-05  5.55240825e-01  5.51374402e-01  5.51041670e-01 -1.80315503e-05 -6.62288343e-06 -3.96691086e-08 
 1.48041469e-05  5.56229210e-01  5.51411401e-01  5.51053087e-01 -1.63630256e-05 -6.40300592e-06 -3.90545535e-08 
 1.48042571e-05  5.57593911e-01  5.51442252e-01  5.51068019e-01 -1.50260973e-05 -6.13743686e-06 -3.93016867e-08 
 1.48043997e-05  5.59624128e-01  5.51469084e-01  5.51087988e-01 -1.39935643e-05 -5.80508546e-06 -4.12081347e-08 
 1.48045853e-05  5.62733990e-01  5.51493419e-01  5.51114157e-01 -1.33319084e-05 -5.39475961e-06 -4.62577276e-08 
 1.48047926e-05  5.66844863e-01  5.51514275e-01  5.51142999e-01 -1.29985942e-05 -4.96713381e-06 -5.51179551e-08 
 1.48050000e-05  5.71607539e-01  5.51532050e-01  5.51171083e-01 -1.28487865e-05 -4.57178202e-06 -6.70078368e-08 
 1.48050051e-05  5.71730844e-01  5.51524044e-01  5.51171747e-01 -1.40133509e-05 -4.56304850e-06 -6.76122167e-08 
 1.48050153e-05  5.71979303e-01  5.51510269e-01  5.51173044e-01 -1.43722654e-05 -4.54557892e-06 -6.87978193e-08 
 1.48050358e-05  5.72477240e-01  5.51490195e-01  5.51175485e-01 -1.45138500e-05 -4.51054472e-06 -7.11048946e-08 
 1.48050767e-05  5.73467990e-01  5.51460771e-01  5.51179904e-01 -1.49231333e-05 -4.44046275e-06 -7.55853134e-08 
 1.48051585e-05  5.75433998e-01  5.51421334e-01  5.51187423e-01 -1.51888222e-05 -4.30187611e-06 -8.41052813e-08 
 1.48053009e-05  5.78803841e-01  5.51386351e-01  5.51197884e-01 -1.53952086e-05 -4.06900189e-06 -9.78843397e-08 
 1.48054775e-05  5.82889206e-01  5.51372396e-01  5.51208386e-01 -1.53258424e-05 -3.79715037e-06 -1.13402532e-07 
 1.48057812e-05  5.89678001e-01  5.51373510e-01  5.51224077e-01 -1.53480466e-05 -3.37107345e-06 -1.36542210e-07 
 1.48062405e-05  5.99394858e-01  5.51396628e-01  5.51246531e-01 -1.52524817e-05 -2.81500365e-06 -1.64042715e-07 
 1.48071500e-05  6.16793971e-01  5.51483714e-01  5.51297649e-01 -1.52478532e-05 -1.96463868e-06 -1.97686184e-07 
 1.48089689e-05  6.45159116e-01  5.51822325e-01  5.51472529e-01 -1.51135471e-05 -9.34011814e-07 -2.12455940e-07 
 1.48110776e-05  6.69220366e-01  5.52497060e-01  5.51863836e-01 -1.51320626e-05 -3.89457622e-07 -1.85523690e-07 
 1.48133134e-05  6.87055194e-01  5.53548054e-01  5.52562853e-01 -1.50733651e-05 -1.53391647e-07 -1.43732123e-07 
 1.48155575e-05  6.99328630e-01  5.54939505e-01  5.53587158e-01 -1.51481215e-05 -6.05295229e-08 -1.05087087e-07 
 1.48180836e-05  7.08573724e-01  5.56872186e-01  5.55125067e-01 -1.51269696e-05 -2.10128946e-08 -7.12165046e-08 
 1.48208587e-05  7.15039822e-01  5.59378522e-01  5.57246911e-01 -1.52269593e-05 -6.49537687e-09 -4.52001449e-08 
 1.48241144e-05  7.19581380e-01  5.62727447e-01  5.60226820e-01 -1.52246128e-05 -1.43717125e-09 -2.57821938e-08 
 1.48278204e-05  7.22420259e-01  5.66943325e-01  5.64126482e-01 -1.53354392e-05  9.54633525e-11 -1.30499252e-08 
 1.48312462e-05  7.23809431e-01  5.71119643e-01  5.68092071e-01 -1.53246299e-05  5.87913198e-10 -6.53114444e-09 
 1.48350832e-05  7.24638658e-01  5.76015683e-01  5.72822215e-01 -1.54205591e-05  9.22478366e-10 -2.43965600e-09 
 1.48390164e-05  7.25067592e-01  5.81198700e-01  5.77891032e-01 -1.53984250e-05  1.16699881e-09 -1.61419382e-10 
 1.48435911e-05  7.25306736e-01  5.87358471e-01  5.83967129e-01 -1.54814428e-05  1.38462152e-09  1.25580378e-09 
 1.48485153e-05  7.25419284e-01  5.94077351e-01  5.90637212e-01 -1.54473121e-05  1.55421013e-09  2.05119262e-09 
 1.48542640e-05  7.25472590e-01  6.01961352e-01  5.98501744e-01 -1.55167296e-05  1.69864151e-09  2.53880060e-09 
 1.48606084e-05  7.25495701e-01  6.10633649e-01  6.07187633e-01 -1.54703952e-05  1.80142387e-09  2.82695253e-09 
 1.48680405e-05  7.25507501e-01  6.20653271e-01  6.17261110e-01 -1.55284701e-05  1.87311899e-09  3.00044512e-09 
 1.48764204e-05  7.25516354e-01  6.31633669e-01  6.28348218e-01 -1.54742298e-05  1.89439386e-09  3.07622528e-09 
 1.48863158e-05  7.25525024e-01  6.43943743e-01  6.40849170e-01 -1.55284937e-05  1.85682457e-09  3.03858981e-09 
 1.48977040e-05  7.25534912e-01  6.56864531e-01  6.54083714e-01 -1.54770415e-05  1.72360912e-09  2.84849909e-09 
 1.49096452e-05  7.25543882e-01  6.68510863e-01  6.66166436e-01 -1.55408382e-05  1.49398192e-09  2.48613433e-09 
 1.49221132e-05  7.25552091e-01  6.78143002e-01  6.76340311e-01 -1.55036289e-05  1.16798563e-09  1.97040830e-09 
 1.49347798e-05  7.25557852e-01  6.85111726e-01  6.83872971e-01 -1.55811315e-05  8.04175636e-10  1.37810557e-09 
 1.49485032e-05  7.25562055e-01  6.89806138e-01  6.89079339e-01 -1.55539243e-05  4.43037348e-10  7.92863383e-10 
 1.49650730e-05  7.25563881e-01  6.92796044e-01  6.92439751e-01 -1.56366331e-05  1.53251807e-10  3.07493520e-10 
 1.49823315e-05  7.25564451e-01  6.94526776e-01  6.94280459e-01 -1.56019340e-05  3.28365594e-11  1.02934469e-10 
 1.49993716e-05  7.25564157e-01  6.96159033e-01  6.95869559e-01 -1.56653102e-05  4.12691509e-11  1.01081142e-10 
 1.50148468e-05  7.25564585e-01  6.97996510e-01  6.97643238e-01 -1.56132361e-05  8.22825545e-11  1.66486395e-10 
 1.50323672e-05  7.25565028e-01  7.00394846e-01  7.00004402e-01 -1.56667965e-05  1.23045842e-10  2.25386244e-10 
 1.50547626e-05  7.25566446e-01  7.03496427e-01  7.03120922e-01 -1.56112211e-05  1.32681184e-10  2.44499441e-10 
 1.50894531e-05  7.25567972e-01  7.07595613e-01  7.07298479e-01 -1.56656230e-05  1.04911790e-10  1.92650534e-10 
 1.51220786e-05  7.25569367e-01  7.10545573e-01  7.10310258e-01 -1.56132804e-05  7.13652316e-11  1.39190645e-10 
 1.51629711e-05  7.25570181e-01  7.13471993e-01  7.13273774e-01 -1.56690612e-05  5.76730905e-11  1.08144891e-10 
 1.52204901e-05  7.25571585e-01  7.16748687e-01  7.16587368e-01 -1.56157714e-05  4.49126146e-11  8.81218274e-11 
 1.52733761e-05  7.25572209e-01  7.19004284e-01  7.18877329e-01 -1.56705956e-05  3.37505766e-11  6.28554605e-11 
 1.53485846e-05  7.25573234e-01  7.21241629e-01  7.21145772e-01 -1.56173341e-05  1.95745161e-11  4.14732793e-11 
 1.54193532e-05  7.25573519e-01  7.22667049e-01  7.22588768e-01 -1.56718636e-05  1.59334746e-11  2.91774122e-11 
 1.55080810e-05  7.25574167e-01  7.23841387e-01  7.23780210e-01 -1.56181082e-05  7.44006788e-12  1.85348224e-11 
 1.56001080e-05  7.25574203e-01  7.24576917e-01  7.24525202e-01 -1.56724883e-05  6.09656076e-12  1.07449442e-11 
 1.57001080e-05  7.25574596e-01  7.25059984e-01  7.25014745e-01 -1.56184940e-05  1.84710342e-12  7.87155334e-12 
 1.58001080e-05  7.25574471e-01  7.25335892e-01  7.25294623e-01 -1.56727126e-05  2.35698722e-12  3.70873926e-12 
 1.59001080e-05  7.25574747e-01  7.25495750e-01  7.25456394e-01 -1.56186438e-05 -3.04849678e-13  3.80119634e-12 
 1.60001080e-05  7.25574558e-01  7.25589565e-01  7.25551611e-01 -1.56727805e-05  1.23245966e-12  1.55868124e-12 
 1.61001080e-05  7.25574796e-01  7.25642131e-01  7.25604866e-01 -1.56186962e-05 -1.09305186e-12  2.33275080e-12 
 1.62001080e-05  7.25574584e-01  7.25673805e-01  7.25636906e-01 -1.56728028e-05  8.74164022e-13  8.63525343e-13 
 1.63001080e-05  7.25574810e-01  7.25691500e-01  7.25654932e-01 -1.56187139e-05 -1.34272389e-12  1.86784355e-12 
 1.64001080e-05  7.25574590e-01  7.25701842e-01  7.25665324e-01 -1.56728094e-05  7.29937161e-13  5.89420114e-13 
 1.65001080e-05  7.25574812e-01  7.25707983e-01  7.25671620e-01 -1.56187216e-05 -1.40553368e-12  1.74667176e-12 
 1.66001080e-05  7.25574589e-01  7.25711325e-01  7.25674955e-01 -1.56728090e-05  6.70146230e-13  4.78861634e-13 
 1.67001080e-05  7.25574810e-01  7.25713394e-01  7.25677090e-01 -1.56187271e-05 -1.42354423e-12  1.71105307e-12 
 1.68000000e-05  7.25574587e-01  7.25714558e-01  7.25678237e-01 -1.56728060e-05  6.52279229e-13  4.45089603e-13 
 1.68001405e-05  7.25559931e-01  7.25621513e-01  7.25673286e-01 -1.77727878e-05 -9.25149494e-09 -6.40206287e-09 
 1.68004216e-05  7.25535884e-01  7.25525709e-01  7.25658813e-01 -1.86805678e-05 -2.16271048e-08 -1.80885402e-08 
 1.68008830e-05  7.25501060e-01  7.25504900e-01  7.25628437e-01 -2.07667600e-05 -2.63252342e-08 -3.41097001e-08 
 1.68011695e-05  7.25483676e-01  7.25500416e-01  7.25610871e-01 -2.51914916e-05 -1.48697203e-08 -4.24448011e-08 
 1.68013702e-05  7.25475066e-01  7.25502307e-01  7.25599619e-01 -3.01550200e-05  7.28704024e-09 -4.74262759e-08 
 1.68016152e-05  7.25468906e-01  7.25506843e-01  7.25587350e-01 -3.86727830e-05  5.53676268e-08 -5.25700017e-08 
 1.68018082e-05  7.25467932e-01  7.25515980e-01  7.25579011e-01 -4.72221789e-05  1.15969210e-07 -5.57901478e-08 
 1.68019616e-05  7.25469854e-01  7.25526565e-01  7.25573413e-01 -5.51493607e-05  1.85249550e-07 -5.77146312e-08 
 1.68020884e-05  7.25473622e-01  7.25540011e-01  7.25569633e-01 -6.23444407e-05  2.62998931e-07 -5.87602080e-08 
 1.68021959e-05  7.25478495e-01  7.25555212e-01  7.25567179e-01 -6.88258025e-05  3.49608570e-07 -5.91395216e-08 
 1.68022890e-05  7.25484240e-01  7.25573226e-01  7.25565744e-01 -7.45971569e-05  4.46377668e-07 -5.89640654e-08 
 1.68023712e-05  7.25490532e-01  7.25594016e-01  7.25565149e-01 -7.97121170e-05  5.54987534e-07 -5.82885154e-08 
 1.68024455e-05  7.25497388e-01  7.25618679e-01  7.25565293e-01 -8.42161240e-05  6.79021743e-07 -5.71129333e-08 
 1.68025171e-05  7.25505073e-01  7.25649203e-01  7.25566207e-01 -8.83289975e-05  8.29066434e-07 -5.53224129e-08 
 1.68026021e-05  7.25516014e-01  7.25695255e-01  7.25568538e-01 -9.28037312e-05  1.05537177e-06 -5.21865273e-08 
 1.68026805e-05  7.25527639e-01  7.25745841e-01  7.25572110e-01 -9.65595984e-05  1.31472104e-06 -4.82788669e-08 
 1.68027916e-05  7.25544580e-01  7.25824937e-01  7.25579805e-01 -1.01391981e-04  1.76402320e-06 -4.12196326e-08 
 1.68029095e-05  7.25559642e-01  7.25911247e-01  7.25591413e-01 -1.05982669e-04  2.33594008e-06 -3.20894053e-08 
 1.68030327e-05  7.25573286e-01  7.25996208e-01  7.25607093e-01 -1.10403481e-04  3.01921566e-06 -2.11958347e-08 
 1.68031493e-05  7.25586419e-01  7.26066691e-01  7.25624781e-01 -1.14044137e-04  3.72511711e-06 -1.00413259e-08 
 1.68032612e-05  7.25600483e-01  7.26122430e-01  7.25643769e-01 -1.16562718e-04  4.43649648e-06  1.06141152e-09 
 1.68033583e-05  7.25613551e-01  7.26158336e-01  7.25661311e-01 -1.17052905e-04  5.06190822e-06  1.06534776e-08 
 1.68034303e-05  7.25623498e-01  7.26173667e-01  7.25674597e-01 -1.14945028e-04  5.51454939e-06  1.74188805e-08 
 1.68034872e-05  7.25630977e-01  7.26174647e-01  7.25685022e-01 -1.10500160e-04  5.85210009e-06  2.22643204e-08 
 1.68035430e-05  7.25637738e-01  7.26161983e-01  7.25694902e-01 -1.03596859e-04  6.15196081e-06  2.62929006e-08 
 1.68036118e-05  7.25644662e-01  7.26125589e-01  7.25706090e-01 -9.25726339e-05  6.46184948e-06  2.99543619e-08 
 1.68036776e-05  7.25649763e-01  7.26070839e-01  7.25715342e-01 -8.06627381e-05  6.68849112e-06  3.19978658e-08 
 1.68037634e-05  7.25653880e-01  7.25978357e-01  7.25724552e-01 -6.51652974e-05  6.87643308e-06  3.25685554e-08 
 1.68038708e-05  7.25655515e-01  7.25847375e-01  7.25730943e-01 -4.85910433e-05  6.95628196e-06  3.04991404e-08 
 1.68039504e-05  7.25654568e-01  7.25751450e-01  7.25731952e-01 -3.93486793e-05  6.92356208e-06  2.74784867e-08 
 1.68040251e-05  7.25652520e-01  7.25670118e-01  7.25730260e-01 -3.29655270e-05  6.84129941e-06  2.39391660e-08 
 1.68041177e-05  7.25648811e-01  7.25584983e-01  7.25725207e-01 -2.74937740e-05  6.69231555e-06  1.90360693e-08 
 1.68042014e-05  7.25644747e-01  7.25523375e-01  7.25718377e-01 -2.43625097e-05  6.52821977e-06  1.43730781e-08 
 1.68043018e-05  7.25639279e-01  7.25466777e-01  7.25708157e-01 -2.20512083e-05  6.31207056e-06  8.75594323e-09 
 1.68044014e-05  7.25633516e-01  7.25425683e-01  7.25696508e-01 -2.07870403e-05  6.08822206e-06  3.29540689e-09 
 1.68045264e-05  7.25625993e-01  7.25389219e-01  7.25680643e-01 -1.99560032e-05  5.80610230e-06 -3.28532111e-09 
 1.68046609e-05  7.25617758e-01  7.25362322e-01  7.25662765e-01 -1.95792555e-05  5.50887499e-06 -9.98931852e-09 
 1.68048376e-05  7.25606827e-01  7.25337760e-01  7.25638935e-01 -1.93849898e-05  5.13595880e-06 -1.81979228e-08 
 1.68050000e-05  7.25596782e-01  7.25320910e-01  7.25617178e-01 -1.93452775e-05  4.81325131e-06 -2.51754893e-08 
 1.68050030e-05  7.25597812e-01  7.25325875e-01  7.25616787e-01 -1.82353753e-05  4.80787346e-06 -2.51340059e-08 
 1.68050090e-05  7.25598579e-01  7.25334815e-01  7.25616017e-01 -1.78101947e-05  4.79716404e-06 -2.50609353e-08 
 1.68050209e-05  7.25598369e-01  7.25348811e-01  7.25614537e-01 -1.75859975e-05  4.77580071e-06 -2.49404825e-08 
 1.68050448e-05  7.25598586e-01  7.25369989e-01  7.25611764e-01 -1.71076522e-05  4.73304484e-06 -2.47274832e-08 
 1.68050857e-05  7.25598490e-01  7.25397124e-01  7.25607468e-01 -1.65822111e-05  4.66000326e-06 -2.44251122e-08 
 1.68051676e-05  7.25598616e-01  7.25433181e-01  7.25600102e-01 -1.59539186e-05  4.51557211e-06 -2.39537233e-08 
 1.68053314e-05  7.25598370e-01  7.25465439e-01  7.25588238e-01 -1.55917756e-05  4.23680552e-06 -2.32192045e-08 
 1.68056205e-05  7.25598171e-01  7.25472880e-01  7.25571254e-01 -1.55230436e-05  3.78274087e-06 -2.20427280e-08 
 1.68059651e-05  7.25597697e-01  7.25463470e-01  7.25553282e-01 -1.55460316e-05  3.30362741e-06 -2.06278746e-08 
 1.68065417e-05  7.25597278e-01  7.25447318e-01  7.25525539e-01 -1.55260682e-05  2.63216906e-06 -1.82917224e-08 
 1.68075043e-05  7.25596457e-01  7.25425692e-01  7.25485077e-01 -1.55451275e-05  1.79582800e-06 -1.46649157e-08 
 1.68094297e-05  7.25595606e-01  7.25399111e-01  7.25424498e-01 -1.55302400e-05  8.11039530e-07 -8.88464149e-09 
 1.68132804e-05  7.25594577e-01  7.25393618e-01  7.25368458e-01 -1.55573834e-05  1.12901009e-07 -2.56025153e-09 
 1.68188419e-05  7.25594321e-01  7.25448607e-01  7.25385714e-01 -1.55520032e-05 -4.96159383e-09 -1.19033615e-10 
 1.68265588e-05  7.25594174e-01  7.25563483e-01  7.25487732e-01 -1.55812560e-05  1.01832549e-09  4.21467785e-11 
 1.68395559e-05  7.25594404e-01  7.25726285e-01  7.25662315e-01 -1.55737770e-05 -4.20071027e-10  2.56195709e-11 
 1.68534718e-05  7.25594410e-01  7.25809324e-01  7.25764137e-01 -1.55964112e-05  2.13552583e-10  2.17298914e-11 
 1.68776210e-05  7.25594554e-01  7.25800771e-01  7.25771796e-01 -1.55825970e-05 -1.37297063e-10 -6.34320716e-12 
 1.69175969e-05  7.25594335e-01  7.25709183e-01  7.25677393e-01 -1.56017608e-05  9.98639929e-11 -2.68333007e-12 
 1.69587984e-05  7.25594401e-01  7.25704200e-01  7.25664934e-01 -1.55839562e-05 -8.04052645e-11  1.08850830e-12 
 1.70000000e-05  7.25594330e-01  7.25736673e-01  7.25699211e-01 -1.56014279e-05  6.44323824e-11  4.51091139e-12 
 1.70000318e-05  7.25595586e-01  7.25754675e-01  7.25699451e-01 -1.28710587e-05  4.69420936e-09  8.02698623e-10 
 1.70000953e-05  7.25596326e-01  7.25781395e-01  7.25700262e-01 -1.23018638e-05  1.37811593e-08  2.31396462e-09 
 1.70002224e-05  7.25597409e-01  7.25809912e-01  7.25703192e-01 -1.19998306e-05  3.05910393e-08  5.05607632e-09 
 1.70004033e-05  7.25599115e-01  7.25827875e-01  7.25708739e-01 -1.18677792e-05  5.26276584e-08  8.62283227e-09 
 1.70007089e-05  7.25601736e-01  7.25836558e-01  7.25718784e-01 -1.19307340e-05  8.63972599e-08  1.40674930e-08 
 1.70011030e-05  7.25605369e-01  7.25840315e-01  7.25730964e-01 -1.19659237e-05  1.24300208e-07  2.01720178e-08 
 1.70012896e-05  7.25607160e-01  7.25840378e-01  7.25736224e-01 -1.22285193e-05  1.40176113e-07  2.27055568e-08 
 1.70015349e-05  7.25610606e-01  7.25837864e-01  7.25742455e-01 -1.33336305e-05  1.58676339e-07  2.55670362e-08 
 1.70016743e-05  7.25613622e-01  7.25832005e-01  7.25745503e-01 -1.50555879e-05  1.67548831e-07  2.68114766e-08 
 1.70017911e-05  7.25617476e-01  7.25822494e-01  7.25747577e-01 -1.75386231e-05  1.73464990e-07  2.74661942e-08 
 1.70019080e-05  7.25622612e-01  7.25806299e-01  7.25748973e-01 -2.15701125e-05  1.77487360e-07  2.75965639e-08 
 1.70020302e-05  7.25629715e-01  7.25781053e-01  7.25749374e-01 -2.74342159e-05  1.79010648e-07  2.69840932e-08 
 1.70021572e-05  7.25638394e-01  7.25744293e-01  7.25748235e-01 -3.53305507e-05  1.77065084e-07  2.53282891e-08 
 1.70022944e-05  7.25648679e-01  7.25692124e-01  7.25744692e-01 -4.49023749e-05  1.70180806e-07  2.21453639e-08 
 1.70024237e-05  7.25657918e-01  7.25629624e-01  7.25738639e-01 -5.36906268e-05  1.58433340e-07  1.75768533e-08 
 1.70025346e-05  7.25664783e-01  7.25563135e-01  7.25730890e-01 -5.96160661e-05  1.43473570e-07  1.21816819e-08 
 1.70026369e-05  7.25669415e-01  7.25488680e-01  7.25721217e-01 -6.29838464e-05  1.24963242e-07  5.75056480e-09 
 1.70027492e-05  7.25672333e-01  7.25393914e-01  7.25707317e-01 -6.48414604e-05  9.90604931e-08 -3.03087910e-09 
 1.70028719e-05  7.25672560e-01  7.25284943e-01  7.25687961e-01 -6.65059078e-05  6.47914968e-08 -1.43876494e-08 
 1.70029666e-05  7.25670793e-01  7.25204837e-01  7.25670135e-01 -6.76018007e-05  3.44334363e-08 -2.40928353e-08 
 1.70030671e-05  7.25666978e-01  7.25129128e-01  7.25648882e-01 -6.84950675e-05 -3.34678631e-09 -3.49538586e-08 
 1.70031568e-05  7.25662224e-01  7.25073170e-01  7.25628286e-01 -6.88033103e-05 -5.59491064e-08 -4.49064191e-08 
 1.70032228e-05  7.25658629e-01  7.25042318e-01  7.25612489e-01 -6.85891865e-05 -1.34704041e-07 -5.21959068e-08 
 1.70032822e-05  7.25655988e-01  7.25024673e-01  7.25598048e-01 -6.79700552e-05 -2.70359161e-07 -5.85824411e-08 
 1.70033231e-05  7.25653463e-01  7.25020039e-01  7.25588111e-01 -6.71263083e-05 -4.12369524e-07 -6.27704757e-08 
 1.70033496e-05  7.25650670e-01  7.25022173e-01  7.25581752e-01 -6.62076003e-05 -5.27441380e-07 -6.52930272e-08 
 1.70033717e-05  7.25646910e-01  7.25028891e-01  7.25576525e-01 -6.50768075e-05 -6.37222494e-07 -6.72004906e-08 
 1.70033958e-05  7.25641203e-01  7.25043301e-01  7.25571001e-01 -6.33868908e-05 -7.69261416e-07 -6.89605813e-08 
 1.70034267e-05  7.25632073e-01  7.25074591e-01  7.25564273e-01 -6.05597712e-05 -9.55268612e-07 -7.06099035e-08 
 1.70034566e-05  7.25622567e-01  7.25118444e-01  7.25558269e-01 -5.73033941e-05 -1.15034761e-06 -7.14991787e-08 
 1.70035009e-05  7.25609252e-01  7.25201819e-01  7.25550636e-01 -5.19890012e-05 -1.45779058e-06 -7.16249228e-08 
 1.70035276e-05  7.25602326e-01  7.25259077e-01  7.25546856e-01 -4.87274172e-05 -1.65071720e-06 -7.11143686e-08 
 1.70035574e-05  7.25595684e-01  7.25325293e-01  7.25543409e-01 -4.51442416e-05 -1.87097597e-06 -7.01637399e-08 
 1.70035924e-05  7.25589376e-01  7.25402386e-01  7.25540408e-01 -4.12039814e-05 -2.13382824e-06 -6.86825698e-08 
 1.70036307e-05  7.25584120e-01  7.25482305e-01  7.25538363e-01 -3.72755443e-05 -2.42463211e-06 -6.67781673e-08 
 1.70036691e-05  7.25580270e-01  7.25554977e-01  7.25537510e-01 -3.38304514e-05 -2.71702850e-06 -6.47221605e-08 
 1.70037110e-05  7.25577311e-01  7.25624365e-01  7.25537773e-01 -3.05945385e-05 -3.03563372e-06 -6.24319083e-08 
 1.70037558e-05  7.25575162e-01  7.25687158e-01  7.25539224e-01 -2.77065469e-05 -3.37536835e-06 -6.00070316e-08 
 1.70038073e-05  7.25573619e-01  7.25745971e-01  7.25542104e-01 -2.49852432e-05 -3.76392634e-06 -5.73053115e-08 
 1.70038653e-05  7.25572669e-01  7.25797509e-01  7.25546535e-01 -2.25717920e-05 -4.19694447e-06 -5.44057524e-08 
 1.70039348e-05  7.25572317e-01  7.25843592e-01  7.25553056e-01 -2.03368769e-05 -4.71235500e-06 -5.11030022e-08 
 1.70040173e-05  7.25572722e-01  7.25882383e-01  7.25561936e-01 -1.83823500e-05 -5.32135811e-06 -4.73860997e-08 
 1.70041220e-05  7.25574477e-01  7.25915924e-01  7.25574289e-01 -1.66274102e-05 -6.10477813e-06 -4.28863422e-08 
 1.70042544e-05  7.25578881e-01  7.25944157e-01  7.25590774e-01 -1.52060452e-05 -7.15067937e-06 -3.74477036e-08 
 1.70044300e-05  7.25589172e-01  7.25969938e-01  7.25613160e-01 -1.41630222e-05 -8.75811957e-06 -3.05669570e-08 
 1.70046473e-05  7.25608213e-01  7.25994055e-01  7.25640863e-01 -1.36169275e-05 -1.13455421e-05 -2.25243908e-08 
 1.70048237e-05  7.25626239e-01  7.26010771e-01  7.25663025e-01 -1.34474118e-05 -1.40585138e-05 -1.63477581e-08 
 1.70050000e-05  7.25644161e-01  7.26026193e-01  7.25684773e-01 -1.33841490e-05 -1.73241679e-05 -1.03829252e-08 
 1.70050042e-05  7.25643521e-01  7.26023162e-01  7.25685279e-01 -1.56129108e-05 -1.74088821e-05 -1.03589181e-08 
 1.70050126e-05  7.25643005e-01  7.26017862e-01  7.25686282e-01 -1.58455481e-05 -1.75782887e-05 -1.03039170e-08 
 1.70050294e-05  7.25643016e-01  7.26010034e-01  7.25688234e-01 -1.57849609e-05 -1.79151914e-05 -1.01689941e-08 
 1.70050630e-05  7.25642677e-01  7.25998523e-01  7.25691969e-01 -1.58785608e-05 -1.85790918e-05 -9.85448949e-09 
 1.70051302e-05  7.25642604e-01  7.25982961e-01  7.25698931e-01 -1.58375877e-05 -1.98691669e-05 -9.09747590e-09 
 1.70052413e-05  7.25642500e-01  7.25969956e-01  7.25709419e-01 -1.58777636e-05 -2.18955246e-05 -7.60240757e-09 
 1.70053792e-05  7.25642706e-01  7.25966121e-01  7.25721352e-01 -1.58108761e-05 -2.42348654e-05 -5.44480281e-09 
 1.70056007e-05  7.25642906e-01  7.25971216e-01  7.25739261e-01 -1.58382241e-05 -2.76187170e-05 -1.44206274e-09 
 1.70060439e-05  7.25643856e-01  7.25990859e-01  7.25772718e-01 -1.57628322e-05 -3.31784243e-05  7.92106804e-09 
 1.70069301e-05  7.25646363e-01  7.26027900e-01  7.25833055e-01 -1.57654173e-05 -4.05559346e-05  2.87907080e-08 
 1.70084059e-05  7.25652237e-01  7.26071036e-01  7.25915153e-01 -1.56764049e-05 -4.56800086e-05  6.07391921e-08 
 1.70097986e-05  7.25658347e-01  7.26094749e-01  7.25972422e-01 -1.56993845e-05 -4.58632290e-05  8.22080211e-08 
 1.70116566e-05  7.25666690e-01  7.26105964e-01  7.26022074e-01 -1.56379044e-05 -4.33157619e-05  9.69749846e-08 
 1.70136884e-05  7.25675081e-01  7.26098533e-01  7.26047428e-01 -1.56728192e-05 -3.92846644e-05  1.00204140e-07 
 1.70168078e-05  7.25686670e-01  7.26061311e-01  7.26044502e-01 -1.56192210e-05 -3.31070802e-05  9.26228012e-08 
 1.70208345e-05  7.25698923e-01  7.25989126e-01  7.25994911e-01 -1.56572812e-05 -2.63865219e-05  7.63108375e-08 
 1.70271978e-05  7.25714019e-01  7.25863911e-01  7.25877662e-01 -1.56074440e-05 -1.86353088e-05  5.37583105e-08 
 1.70332397e-05  7.25724342e-01  7.25759557e-01  7.25765798e-01 -1.56505613e-05 -1.36255267e-05  3.88788734e-08 
 1.70412758e-05  7.25734372e-01  7.25662978e-01  7.25653832e-01 -1.56068341e-05 -9.11872291e-06  2.57975917e-08 
 1.70492832e-05  7.25741070e-01  7.25614874e-01  7.25590810e-01 -1.56534309e-05 -6.20708608e-06  1.74606016e-08 
 1.70599608e-05  7.25747133e-01  7.25608586e-01  7.25569888e-01 -1.56121627e-05 -3.75387189e-06  1.05152120e-08 
 1.70711639e-05  7.25750892e-01  7.25646517e-01  7.25599459e-01 -1.56595542e-05 -2.24146104e-06  6.26794761e-09 
 1.70859892e-05  7.25753915e-01  7.25719382e-01  7.25670064e-01 -1.56181195e-05 -1.13208980e-06  3.16821520e-09 
 1.71023239e-05  7.25755476e-01  7.25788414e-01  7.25742874e-01 -1.56646894e-05 -5.34910095e-07  1.49996695e-09 
 1.71243890e-05  7.25756554e-01  7.25834122e-01  7.25795222e-01 -1.56220772e-05 -1.87278457e-07  5.26407811e-10 
 1.71506093e-05  7.25756843e-01  7.25838938e-01  7.25803650e-01 -1.56674483e-05 -5.13117675e-08  1.42831062e-10 
 1.71886719e-05  7.25757037e-01  7.25831859e-01  7.25795621e-01 -1.56235567e-05 -4.86133544e-09  1.40299482e-11 
 1.72406852e-05  7.25756965e-01  7.25848207e-01  7.25810439e-01 -1.56678987e-05  2.87237750e-10  1.27228138e-12 
 1.73326184e-05  7.25757076e-01  7.25874323e-01  7.25838008e-01 -1.56235505e-05 -9.37639211e-11  1.60605996e-12 
 1.74326184e-05  7.25756988e-01  7.25879618e-01  7.25843094e-01 -1.56679199e-05  3.00593242e-11  8.11650172e-13 
 1.75326184e-05  7.25757082e-01  7.25889959e-01  7.25853383e-01 -1.56235634e-05 -1.17347870e-11  1.61801041e-12 
 1.76326184e-05  7.25756997e-01  7.25893211e-01  7.25857019e-01 -1.56679087e-05  1.47128598e-12  7.51639690e-13 
 1.77326184e-05  7.25757083e-01  7.25894607e-01  7.25858156e-01 -1.56235794e-05 -2.71888978e-12  1.37801559e-12 
 1.78326184e-05  7.25756997e-01  7.25897299e-01  7.25861021e-01 -1.56679000e-05 -7.81454328e-13  9.26632198e-13 
 1.79326184e-05  7.25757084e-01  7.25896961e-01  7.25860671e-01 -1.56235853e-05 -2.84568137e-12  1.20534165e-12 
 1.80326184e-05  7.25756996e-01  7.25897992e-01  7.25861647e-01 -1.56678982e-05  5.54996587e-14  9.92176447e-13 
 1.81326184e-05  7.25757084e-01  7.25898116e-01  7.25861863e-01 -1.56235865e-05 -3.90896647e-12  1.18429740e-12 
 1.82326184e-05  7.25756994e-01  7.25898137e-01  7.25861806e-01 -1.56678973e-05  1.15216972e-12  9.70517774e-13 
 1.83326184e-05  7.25757082e-01  7.25898418e-01  7.25862146e-01 -1.56235883e-05 -4.99612352e-12  1.20709150e-12 
 1.84326184e-05  7.25756993e-01  7.25898319e-01  7.25862012e-01 -1.56678948e-05  2.19298971e-12  9.52213731e-13 
 1.85326184e-05  7.25757081e-01  7.25898409e-01  7.25862124e-01 -1.56235913e-05 -5.97667922e-12  1.21141606e-12 
 1.86326184e-05  7.25756992e-01  7.25898438e-01  7.25862135e-01 -1.56678916e-05  3.09962342e-12  9.56329146e-13 
 1.87326184e-05  7.25757079e-01  7.25898392e-01  7.25862110e-01 -1.56235945e-05 -6.80734462e-12  1.20187237e-12 
 1.88326184e-05  7.25756990e-01  7.25898462e-01  7.25862156e-01 -1.56678886e-05  3.85603593e-12  9.66108487e-13 
 1.89163092e-05  7.25757078e-01  7.25898409e-01  7.25862131e-01 -1.56235977e-05 -7.54480462e-12  1.19304214e-12 
 1.90000000e-05  7.25756989e-01  7.25898448e-01  7.25862140e-01 -1.56678852e-05  4.58698249e-12  9.72676583e-13 
 1.90001179e-05  7.25754356e-01  7.25856850e-01  7.25860268e-01 -1.81369764e-05 -2.22127358e-08 -2.68823350e-09 
 1.90003536e-05  7.25751947e-01  7.25810943e-01  7.25854625e-01 -1.83726673e-05 -6.26449058e-08 -7.62041070e-09 
 1.90007229e-05  7.25749608e-01  7.25799348e-01  7.25842827e-01 -1.94386258e-05 -1.13083873e-07 -1.42111029e-08 
 1.90011041e-05  7.25749182e-01  7.25801193e-01  7.25831657e-01 -2.37855066e-05 -1.49914103e-07 -1.98010078e-08 
 1.90012996e-05  7.25750556e-01  7.25806028e-01  7.25826813e-01 -2.80247532e-05 -1.62048166e-07 -2.20955406e-08 
 1.90015131e-05  7.25753451e-01  7.25813458e-01  7.25822443e-01 -3.45811141e-05 -1.69806963e-07 -2.41296238e-08 
 1.90017102e-05  7.25757479e-01  7.25824265e-01  7.25819419e-01 -4.23729795e-05 -1.71234248e-07 -2.55011855e-08 
 1.90018676e-05  7.25761474e-01  7.25835996e-01  7.25817857e-01 -4.98040899e-05 -1.67424288e-07 -2.61624402e-08 
 1.90019964e-05  7.25765205e-01  7.25849368e-01  7.25817282e-01 -5.65637243e-05 -1.59976010e-07 -2.63250378e-08 
 1.90021051e-05  7.25768480e-01  7.25864043e-01  7.25817415e-01 -6.27130451e-05 -1.49565399e-07 -2.61085521e-08 
 1.90021988e-05  7.25771290e-01  7.25880707e-01  7.25818102e-01 -6.82028445e-05 -1.36498208e-07 -2.55690687e-08 
 1.90022807e-05  7.25773505e-01  7.25899434e-01  7.25819252e-01 -7.30822961e-05 -1.20869053e-07 -2.47359849e-08 
 1.90023532e-05  7.25775129e-01  7.25920784e-01  7.25820811e-01 -7.73268868e-05 -1.02645894e-07 -2.36173440e-08 
 1.90024186e-05  7.25776073e-01  7.25945327e-01  7.25822773e-01 -8.10136509e-05 -8.15053123e-08 -2.21968774e-08 
 1.90024807e-05  7.25776404e-01  7.25974815e-01  7.25825251e-01 -8.42481287e-05 -5.61546460e-08 -2.03781505e-08 
 1.90025460e-05  7.25776224e-01  7.26013455e-01  7.25828670e-01 -8.73199172e-05 -2.28119798e-08 -1.78614325e-08 
 1.90026157e-05  7.25775966e-01  7.26062869e-01  7.25833429e-01 -9.02170995e-05  2.06760404e-08 -1.44364366e-08 
 1.90026975e-05  7.25776100e-01  7.26128643e-01  7.25840710e-01 -9.32385228e-05  8.07150556e-08 -9.47911668e-09 
 1.90027953e-05  7.25777172e-01  7.26212780e-01  7.25851974e-01 -9.63640198e-05  1.58867409e-07 -2.40676673e-09 
 1.90028762e-05  7.25778663e-01  7.26284036e-01  7.25863444e-01 -9.84854774e-05  2.19937456e-07  4.24918776e-09 
 1.90029614e-05  7.25780991e-01  7.26358123e-01  7.25877568e-01 -1.00257508e-04  2.70180296e-07  1.18850750e-08 
 1.90030528e-05  7.25784598e-01  7.26432908e-01  7.25894862e-01 -1.01727825e-04  3.05056849e-07  2.05888027e-08 
 1.90031413e-05  7.25789421e-01  7.26496509e-01  7.25913426e-01 -1.02812928e-04  3.27293078e-07  2.93146098e-08 
 1.90032526e-05  7.25796491e-01  7.26559081e-01  7.25938597e-01 -1.02969848e-04  3.49865925e-07  4.03343407e-08 
 1.90033328e-05  7.25802101e-01  7.26587427e-01  7.25957493e-01 -1.00893524e-04  3.64559151e-07  4.79834548e-08 
 1.90033892e-05  7.25805859e-01  7.26593548e-01  7.25970799e-01 -9.67056801e-05  3.73706035e-07  5.28930636e-08 
 1.90034392e-05  7.25809024e-01  7.26584339e-01  7.25982330e-01 -9.07125525e-05  3.80102554e-07  5.66405503e-08 
 1.90034957e-05  7.25812026e-01  7.26554275e-01  7.25994629e-01 -8.19663551e-05  3.84824162e-07  5.99277945e-08 
 1.90035569e-05  7.25814723e-01  7.26499207e-01  7.26006609e-01 -7.13243448e-05  3.86491781e-07  6.22367919e-08 
 1.90036289e-05  7.25816942e-01  7.26410903e-01  7.26018312e-01 -5.87283382e-05  3.84074083e-07  6.33259168e-08 
 1.90037238e-05  7.25818666e-01  7.26274162e-01  7.26029041e-01 -4.44221777e-05  3.74574489e-07  6.25056467e-08 
 1.90037898e-05  7.25819121e-01  7.26176716e-01  7.26033210e-01 -3.68505157e-05  3.64701984e-07  6.07899441e-08 
 1.90038525e-05  7.25819236e-01  7.26090202e-01  7.26034795e-01 -3.14537352e-05  3.53570400e-07  5.86187387e-08 
 1.90039252e-05  7.25818999e-01  7.26001890e-01  7.26034077e-01 -2.69741451e-05  3.39270540e-07  5.57203607e-08 
 1.90040054e-05  7.25818523e-01  7.25921418e-01  7.26030645e-01 -2.37928409e-05  3.22326442e-07  5.23007583e-08 
 1.90040886e-05  7.25817815e-01  7.25856145e-01  7.26024816e-01 -2.17798425e-05  3.04046817e-07  4.87018225e-08 
 1.90041800e-05  7.25816957e-01  7.25802591e-01  7.26016492e-01 -2.05507575e-05  2.83528092e-07  4.48165428e-08 
 1.90042813e-05  7.25815903e-01  7.25760399e-01  7.26005715e-01 -1.98247022e-05  2.60728518e-07  4.06734744e-08 
 1.90044004e-05  7.25814654e-01  7.25726705e-01  7.25991829e-01 -1.94534101e-05  2.34210895e-07  3.60501042e-08 
 1.90045411e-05  7.25813133e-01  7.25700489e-01  7.25974609e-01 -1.92643312e-05  2.03713414e-07  3.09131400e-08 
 1.90047185e-05  7.25811248e-01  7.25678496e-01  7.25952590e-01 -1.92093839e-05  1.66970784e-07  2.48881061e-08 
 1.90048592e-05  7.25809742e-01  7.25665493e-01  7.25935236e-01 -1.91826965e-05  1.39335248e-07  2.04233121e-08 
 1.90050000e-05  7.25808270e-01  7.25654278e-01  7.25918169e-01 -1.91896419e-05  1.13076729e-07  1.62108483e-08 
 1.90050023e-05  7.25808774e-01  7.25656076e-01  7.25917895e-01 -1.70022499e-05  1.12968257e-07  1.62077339e-08 
 1.90050069e-05  7.25809239e-01  7.25659409e-01  7.25917350e-01 -1.66662370e-05  1.12798038e-07  1.61988047e-08 
 1.90050161e-05  7.25809170e-01  7.25664841e-01  7.25916279e-01 -1.65440267e-05  1.12539596e-07  1.61698663e-08 
 1.90050345e-05  7.25809218e-01  7.25673181e-01  7.25914199e-01 -1.63342667e-05  1.11971358e-07  1.60989638e-08 
 1.90050670e-05  7.25809174e-01  7.25684461e-01  7.25910692e-01 -1.60664224e-05  1.10873113e-07  1.59520988e-08 
 1.90051320e-05  7.25809147e-01  7.25699993e-01  7.25904156e-01 -1.57378915e-05  1.08450791e-07  1.56055148e-08 
 1.90052619e-05  7.25808963e-01  7.25714568e-01  7.25892345e-01 -1.54980746e-05  1.03321216e-07  1.48362677e-08 
 1.90055218e-05  7.25808641e-01  7.25715266e-01  7.25871227e-01 -1.54464447e-05  9.33584917e-08  1.33155894e-08 
 1.90058272e-05  7.25808231e-01  7.25702371e-01  7.25848349e-01 -1.54594763e-05  8.27750283e-08  1.17112901e-08 
 1.90063441e-05  7.25807669e-01  7.25679735e-01  7.25812069e-01 -1.54591535e-05  6.74537508e-08  9.41163627e-09 
 1.90072516e-05  7.25806795e-01  7.25645752e-01  7.25755041e-01 -1.54665274e-05  4.69399636e-08  6.36223876e-09 
 1.90090666e-05  7.25805606e-01  7.25597892e-01  7.25664755e-01 -1.54765582e-05  2.21217239e-08  2.74829800e-09 
 1.90126966e-05  7.25804298e-01  7.25559971e-01  7.25562035e-01 -1.54979815e-05  3.54885156e-09  2.02071837e-10 
 1.90179676e-05  7.25803652e-01  7.25585640e-01  7.25535855e-01 -1.55213887e-05 -1.46713342e-10 -1.30450375e-10 
 1.90251827e-05  7.25803390e-01  7.25678922e-01  7.25606910e-01 -1.55454085e-05  7.81676286e-12  3.20487370e-12 
 1.90376696e-05  7.25803363e-01  7.25836669e-01  7.25770577e-01 -1.55681411e-05  1.63149006e-11  3.35469712e-11 
 1.90495207e-05  7.25803374e-01  7.25926043e-01  7.25875349e-01 -1.55797507e-05  1.21852509e-11  2.06681754e-11 
 1.90712119e-05  7.25803408e-01  7.25962226e-01  7.25928157e-01 -1.55883908e-05 -5.99587003e-13  1.85121075e-12 
 1.91067506e-05  7.25803307e-01  7.25908515e-01  7.25877167e-01 -1.55928856e-05 -3.83177756e-12 -4.65491171e-12 
 1.91533753e-05  7.25803271e-01  7.25890777e-01  7.25852215e-01 -1.55924824e-05  3.74543712e-13  2.03814504e-12 
 1.92000000e-05  7.25803282e-01  7.25925611e-01  7.25887773e-01 -1.55928716e-05  6.29057787e-13  3.17794863e-12 
 1.92000319e-05  7.25806872e-01  7.25962295e-01  7.25888255e-01 -1.37409390e-05  3.69985961e-09  1.61442344e-09 
 1.92000956e-05  7.25811065e-01  7.26015770e-01  7.25889878e-01 -1.27400174e-05  1.00948022e-08  4.67925030e-09 
 1.92002231e-05  7.25818771e-01  7.26072049e-01  7.25895733e-01 -1.20746180e-05  1.86413834e-08  1.02778555e-08 
 1.92004030e-05  7.25829860e-01  7.26109147e-01  7.25906749e-01 -1.18359931e-05  2.66503539e-08  1.75186689e-08 
 1.92007090e-05  7.25848274e-01  7.26130908e-01  7.25927161e-01 -1.18845421e-05  3.73361338e-08  2.86614761e-08 
 1.92010867e-05  7.25871346e-01  7.26145347e-01  7.25951697e-01 -1.19030753e-05  4.81057483e-08  4.06925932e-08 
 1.92013162e-05  7.25885382e-01  7.26151007e-01  7.25965754e-01 -1.22116333e-05  5.18042627e-08  4.71154637e-08 
 1.92015185e-05  7.25898637e-01  7.26154931e-01  7.25977493e-01 -1.29862483e-05  4.72795246e-08  5.21586301e-08 
 1.92016511e-05  7.25907929e-01  7.26153803e-01  7.25984756e-01 -1.43138798e-05  3.41098038e-08  5.50269734e-08 
 1.92017801e-05  7.25918232e-01  7.26149165e-01  7.25991315e-01 -1.65764265e-05  4.27512938e-09  5.73087964e-08 
 1.92019052e-05  7.25929249e-01  7.26138145e-01  7.25996980e-01 -2.03048570e-05 -5.12805020e-08  5.88338506e-08 
 1.92020315e-05  7.25941760e-01  7.26119730e-01  7.26001693e-01 -2.56655595e-05 -1.46669660e-07  5.94547324e-08 
 1.92021628e-05  7.25955284e-01  7.26091050e-01  7.26005144e-01 -3.29705047e-05 -3.01700883e-07  5.88719191e-08 
 1.92023052e-05  7.25969793e-01  7.26049176e-01  7.26006732e-01 -4.18706029e-05 -5.49821497e-07  5.65735168e-08 
 1.92024416e-05  7.25981719e-01  7.25997346e-01  7.26005682e-01 -5.00629151e-05 -8.81014742e-07  5.24883457e-08 
 1.92025616e-05  7.25989660e-01  7.25940371e-01  7.26002254e-01 -5.54363708e-05 -1.26384119e-06  4.70966462e-08 
 1.92026733e-05  7.25993639e-01  7.25875291e-01  7.25996539e-01 -5.80107796e-05 -1.71220601e-06  4.02931183e-08 
 1.92027950e-05  7.25993831e-01  7.25792944e-01  7.25987099e-01 -5.88161257e-05 -2.31009147e-06  3.08249474e-08 
 1.92029317e-05  7.25988419e-01  7.25695842e-01  7.25972245e-01 -5.94254877e-05 -3.10745997e-06  1.79733803e-08 
 1.92030160e-05  7.25982337e-01  7.25638837e-01  7.25960934e-01 -5.97473645e-05 -3.65407054e-06  9.15801198e-09 
 1.92031097e-05  7.25972790e-01  7.25581164e-01  7.25946684e-01 -6.00183312e-05 -4.29890043e-06 -1.18698724e-09 
 1.92032106e-05  7.25959445e-01  7.25528286e-01  7.25929755e-01 -6.00422918e-05 -5.02217639e-06 -1.27023943e-08 
 1.92032873e-05  7.25949748e-01  7.25496961e-01  7.25916045e-01 -5.97375698e-05 -5.58132148e-06 -2.15598276e-08 
 1.92033562e-05  7.25952465e-01  7.25478297e-01  7.25903409e-01 -5.91247862e-05 -6.07728946e-06 -2.94228981e-08 
 1.92034049e-05  7.25968741e-01  7.25472539e-01  7.25894457e-01 -5.83546359e-05 -6.41604327e-06 -3.48061616e-08 
 1.92034361e-05  7.25987669e-01  7.25473898e-01  7.25888776e-01 -5.75495761e-05 -6.62299706e-06 -3.80791608e-08 
 1.92034626e-05  7.26009038e-01  7.25480187e-01  7.25884055e-01 -5.65330837e-05 -6.78681058e-06 -4.06252531e-08 
 1.92034909e-05  7.26037723e-01  7.25494545e-01  7.25879179e-01 -5.50056103e-05 -6.94394208e-06 -4.29676028e-08 
 1.92035276e-05  7.26085189e-01  7.25527354e-01  7.25873288e-01 -5.23581843e-05 -7.11149521e-06 -4.52216743e-08 
 1.92035627e-05  7.26143161e-01  7.25573369e-01  7.25868275e-01 -4.93037712e-05 -7.23001930e-06 -4.64764278e-08 
 1.92036166e-05  7.26255748e-01  7.25663470e-01  7.25862169e-01 -4.40958297e-05 -7.33483518e-06 -4.68309140e-08 
 1.92036474e-05  7.26332072e-01  7.25721139e-01  7.25859651e-01 -4.10841880e-05 -7.35698743e-06 -4.63128877e-08 
 1.92036829e-05  7.26429440e-01  7.25788657e-01  7.25857660e-01 -3.76857346e-05 -7.35544922e-06 -4.52562115e-08 
 1.92037255e-05  7.26556822e-01  7.25866637e-01  7.25856539e-01 -3.39471000e-05 -7.32311459e-06 -4.35421235e-08 
 1.92037710e-05  7.26702774e-01  7.25942732e-01  7.25856753e-01 -3.03955223e-05 -7.26135936e-06 -4.13923021e-08 
 1.92038181e-05  7.26862066e-01  7.26011545e-01  7.25858320e-01 -2.72785293e-05 -7.17698245e-06 -3.90082426e-08 
 1.92038689e-05  7.27041429e-01  7.26074028e-01  7.25861306e-01 -2.44694619e-05 -7.07063484e-06 -3.63951453e-08 
 1.92039253e-05  7.27246674e-01  7.26129787e-01  7.25865859e-01 -2.19943366e-05 -6.94196592e-06 -3.35642223e-08 
 1.92039901e-05  7.27490090e-01  7.26179210e-01  7.25872314e-01 -1.97806040e-05 -6.78665356e-06 -3.04572615e-08 
 1.92040654e-05  7.27783054e-01  7.26221458e-01  7.25880975e-01 -1.78902057e-05 -6.60225444e-06 -2.70750603e-08 
 1.92041566e-05  7.28154914e-01  7.26257341e-01  7.25892511e-01 -1.62715129e-05 -6.37917109e-06 -2.33158183e-08 
 1.92042690e-05  7.28650469e-01  7.26287342e-01  7.25907625e-01 -1.49842022e-05 -6.10876119e-06 -1.91801761e-08 
 1.92044144e-05  7.29382713e-01  7.26313622e-01  7.25927767e-01 -1.40087190e-05 -5.77117041e-06 -1.47223306e-08 
 1.92046037e-05  7.30566302e-01  7.26338313e-01  7.25954177e-01 -1.34032778e-05 -5.35449264e-06 -1.06670264e-08 
 1.92048019e-05  7.32159004e-01  7.26359293e-01  7.25981495e-01 -1.31240818e-05 -4.94767619e-06 -8.79777613e-09 
 1.92050000e-05  7.34144889e-01  7.26377950e-01  7.26008241e-01 -1.30045772e-05 -4.57028413e-06 -9.34436869e-09 
 1.92050047e-05  7.34195034e-01  7.26370523e-01  7.26008856e-01 -1.41531445e-05 -4.56221026e-06 -9.64198322e-09 
 1.92050142e-05  7.34297191e-01  7.26357668e-01  7.26010058e-01 -1.45062932e-05 -4.54606180e-06 -1.02175389e-08 
 1.92050330e-05  7.34503254e-01  7.26338784e-01  7.26012329e-01 -1.46434040e-05 -4.51367932e-06 -1.13190054e-08 
 1.92050708e-05  7.34912890e-01  7.26311053e-01  7.26016471e-01 -1.50412508e-05 -4.44887743e-06 -1.34398894e-08 
 1.92051463e-05  7.35727193e-01  7.26273451e-01  7.26023598e-01 -1.53249158e-05 -4.32050108e-06 -1.74292798e-08 
 1.92052898e-05  7.37251181e-01  7.26236998e-01  7.26034497e-01 -1.55658169e-05 -4.08472696e-06 -2.44253616e-08 
 1.92054576e-05  7.38996066e-01  7.26223823e-01  7.26044862e-01 -1.55121158e-05 -3.82465837e-06 -3.18886525e-08 
 1.92057507e-05  7.41948185e-01  7.26224076e-01  7.26060675e-01 -1.55452494e-05 -3.40917217e-06 -4.34000030e-08 
 1.92061879e-05  7.46136248e-01  7.26240115e-01  7.26082404e-01 -1.54740056e-05 -2.87110708e-06 -5.73739390e-08 
 1.92070541e-05  7.53725736e-01  7.26289998e-01  7.26125623e-01 -1.54971743e-05 -2.03792141e-06 -7.60992143e-08 
 1.92087865e-05  7.66457617e-01  7.26462965e-01  7.26236040e-01 -1.54038707e-05 -1.00525268e-06 -9.01238527e-08 
 1.92115303e-05  7.81342881e-01  7.26965560e-01  7.26549189e-01 -1.54222152e-05 -3.02817303e-07 -8.15979713e-08 
 1.92144688e-05  7.92045714e-01  7.27845424e-01  7.27156227e-01 -1.53618094e-05 -8.19909745e-08 -6.06854868e-08 
 1.92177768e-05  7.99834839e-01  7.29271730e-01  7.28243995e-01 -1.54202840e-05 -1.77834471e-08 -3.99932838e-08 
 1.92213411e-05  8.05015371e-01  7.31292432e-01  7.29910076e-01 -1.53861435e-05 -3.21198672e-09 -2.44425718e-08 
 1.92256373e-05  8.08635934e-01  7.34290099e-01  7.32539333e-01 -1.54614594e-05 -6.55994382e-11 -1.29647655e-08 
 1.92305830e-05  8.10817233e-01  7.38317041e-01  7.36246510e-01 -1.54365604e-05  5.12209211e-10 -5.75171831e-09 
 1.92367425e-05  8.12070937e-01  7.43883268e-01  7.41563683e-01 -1.55129076e-05  8.39975735e-10 -1.35853182e-09 
 1.92442527e-05  8.12651353e-01  7.51058049e-01  7.48611176e-01 -1.54817725e-05  1.10833631e-09  8.97645387e-10 
 1.92530046e-05  8.12857571e-01  7.59417478e-01  7.56997766e-01 -1.55443705e-05  1.27393064e-09  1.82628077e-09 
 1.92614490e-05  8.12911670e-01  7.67039680e-01  7.64777091e-01 -1.54991896e-05  1.29656877e-09  2.05357933e-09 
 1.92704854e-05  8.12930440e-01  7.74314655e-01  7.72324352e-01 -1.55551090e-05  1.21671065e-09  1.98612571e-09 
 1.92794820e-05  8.12938808e-01  7.80372247e-01  7.78726771e-01 -1.55117584e-05  1.04885464e-09  1.74589482e-09 
 1.92896580e-05  8.12944031e-01  7.85611566e-01  7.84394180e-01 -1.55745466e-05  8.06367332e-10  1.35931948e-09 
 1.93004428e-05  8.12947851e-01  7.89332111e-01  7.88545999e-01 -1.55401826e-05  5.26881123e-10  9.15093140e-10 
 1.93133238e-05  8.12949919e-01  7.91756801e-01  7.91368365e-01 -1.56112871e-05  2.46861485e-10  4.51597261e-10 
 1.93283235e-05  8.12950864e-01  7.92867547e-01  7.92724670e-01 -1.55810472e-05  3.96714256e-11  1.11313932e-10 
 1.93443900e-05  8.12950335e-01  7.93339990e-01  7.93242436e-01 -1.56456141e-05 -2.86667805e-11 -1.69244527e-11 
 1.93592432e-05  8.12950140e-01  7.93923879e-01  7.93765878e-01 -1.56009797e-05 -1.11714171e-11  8.85515554e-12 
 1.93761818e-05  8.12949866e-01  7.95075371e-01  7.94837589e-01 -1.56527178e-05  4.31827280e-11  8.66271322e-11 
 1.93933996e-05  8.12950477e-01  7.96622663e-01  7.96343558e-01 -1.56009403e-05  7.94673387e-11  1.49853298e-10 
 1.94178150e-05  8.12951184e-01  7.98894250e-01  7.98626156e-01 -1.56496348e-05  9.38547369e-11  1.67590570e-10 
 1.94492151e-05  8.12952483e-01  8.01332090e-01  8.01122663e-01 -1.55992330e-05  6.65518357e-11  1.27929130e-10 
 1.94830572e-05  8.12953029e-01  8.03274457e-01  8.03110046e-01 -1.56511035e-05  4.48154174e-11  8.43357615e-11 
 1.95236204e-05  8.12953857e-01  8.05112519e-01  8.04967561e-01 -1.56017160e-05  3.42715366e-11  6.98892816e-11 
 1.95850098e-05  8.12954450e-01  8.07365461e-01  8.07244369e-01 -1.56525352e-05  3.11352684e-11  5.65991910e-11 
 1.96515975e-05  8.12955314e-01  8.09111111e-01  8.09018195e-01 -1.56026661e-05  1.70678701e-11  3.73755357e-11 
 1.97515975e-05  8.12955678e-01  8.10764085e-01  8.10692310e-01 -1.56536946e-05  1.18774443e-11  2.10565071e-11 
 1.98515975e-05  8.12956240e-01  8.11748567e-01  8.11689371e-01 -1.56034910e-05  5.22045428e-12  1.47391041e-11 
 1.99515975e-05  8.12956223e-01  8.12307678e-01  8.12257282e-01 -1.56541139e-05  4.22470956e-12  6.75311125e-12 
 2.00515975e-05  8.12956539e-01  8.12631234e-01  8.12584050e-01 -1.56038009e-05  6.84531425e-13  6.19345059e-12 
 2.01515975e-05  8.12956392e-01  8.12824988e-01  8.12781054e-01 -1.56542378e-05  2.13963938e-12  2.72898246e-12 
 2.02515975e-05  8.12956633e-01  8.12930710e-01  8.12888013e-01 -1.56039036e-05 -1.07396275e-12  2.95601938e-12 
 2.03515975e-05  8.12956438e-01  8.12996433e-01  8.12954513e-01 -1.56542873e-05  1.47434560e-12  1.41803426e-12 
 2.04515975e-05  8.12956656e-01  8.13032811e-01  8.12991580e-01 -1.56039305e-05 -1.58883540e-12  2.00117061e-12 
 2.05515975e-05  8.12956443e-01  8.13053693e-01  8.13012574e-01 -1.56543076e-05  1.14872630e-12  8.08629205e-13 
 2.06515975e-05  8.12956653e-01  8.13066880e-01  8.13026025e-01 -1.56039400e-05 -1.68467735e-12  1.80407561e-12 
 2.07515975e-05  8.12956436e-01  8.13073410e-01  8.13032632e-01 -1.56543114e-05  1.00216602e-12  5.46885237e-13 
 2.08515975e-05  8.12956642e-01  8.13077925e-01  8.13037172e-01 -1.56039473e-05 -1.71283495e-12  1.74117415e-12 
 2.09515975e-05  8.12956423e-01  8.13080253e-01  8.13039581e-01 -1.56543086e-05  9.66280224e-13  4.82801028e-13 
 2.10515975e-05  8.12956628e-01  8.13081575e-01  8.13040878e-01 -1.56039531e-05 -1.73927474e-12  1.69140033e-12 
 2.11257988e-05  8.12956411e-01  8.13082319e-01  8.13041660e-01 -1.56543043e-05  9.68943892e-13  4.85831481e-13 
 2.12000000e-05  8.12956618e-01  8.13082673e-01  8.13042005e-01 -1.56039585e-05 -1.75395722e-12  1.66530646e-12 
 2.12001046e-05  8.12945027e-01  8.13003412e-01  8.13038823e-01 -1.76427964e-05 -7.54128110e-09 -4.87897238e-09 
 2.12003137e-05  8.12927132e-01  8.12913323e-01  8.13029098e-01 -1.84656321e-05 -1.80198101e-08 -1.38875599e-08 
 2.12007321e-05  8.12895299e-01  8.12875494e-01  8.13002023e-01 -1.95654402e-05 -2.70307634e-08 -2.92636536e-08 
 2.12011239e-05  8.12871314e-01  8.12868819e-01  8.12977243e-01 -2.42804400e-05 -1.79122499e-08 -4.12401410e-08 
 2.12013423e-05  8.12862266e-01  8.12870032e-01  8.12964816e-01 -2.93372029e-05  3.28324960e-09 -4.67977419e-08 
 2.12015687e-05  8.12856731e-01  8.12873230e-01  8.12953220e-01 -3.68406437e-05  4.38953013e-08 -5.16956611e-08 
 2.12017741e-05  8.12855680e-01  8.12882019e-01  8.12944045e-01 -4.55757411e-05  1.03272092e-07 -5.52912922e-08 
 2.12019361e-05  8.12857739e-01  8.12892136e-01  8.12937919e-01 -5.37617438e-05  1.71907809e-07 -5.74476045e-08 
 2.12020673e-05  8.12861788e-01  8.12905255e-01  8.12933835e-01 -6.10938709e-05  2.48139436e-07 -5.86317846e-08 
 2.12021779e-05  8.12867022e-01  8.12919941e-01  8.12931155e-01 -6.77236208e-05  3.33063153e-07 -5.91198808e-08 
 2.12022736e-05  8.12873303e-01  8.12937505e-01  8.12929538e-01 -7.36316078e-05  4.27984404e-07 -5.90369727e-08 
 2.12023577e-05  8.12880279e-01  8.12957700e-01  8.12928790e-01 -7.88955582e-05  5.34468957e-07 -5.84461972e-08 
 2.12024335e-05  8.12888072e-01  8.12981629e-01  8.12928797e-01 -8.35258274e-05  6.55594510e-07 -5.73568978e-08 
 2.12025055e-05  8.12896956e-01  8.13010889e-01  8.12929558e-01 -8.77391490e-05  8.00256306e-07 -5.56818095e-08 
 2.12025825e-05  8.12908742e-01  8.13050550e-01  8.12931394e-01 -9.19100869e-05  9.94842378e-07 -5.30447639e-08 
 2.12026644e-05  8.12924218e-01  8.13101107e-01  8.12934738e-01 -9.59998249e-05  1.25183891e-06 -4.92191153e-08 
 2.12027654e-05  8.12946505e-01  8.13170978e-01  8.12941100e-01 -1.00607882e-04  1.64014510e-06 -4.31374014e-08 
 2.12028550e-05  8.12966045e-01  8.13236082e-01  8.12948910e-01 -1.04309361e-04  2.04709072e-06 -3.66295536e-08 
 2.12029569e-05  8.12984581e-01  8.13309620e-01  8.12960230e-01 -1.08103189e-04  2.57360213e-06 -2.81792835e-08 
 2.12030639e-05  8.12999533e-01  8.13382062e-01  8.12974682e-01 -1.11680093e-04  3.18666187e-06 -1.83912418e-08 
 2.12031680e-05  8.13012833e-01  8.13444085e-01  8.12990897e-01 -1.14721791e-04  3.82640682e-06 -8.27921263e-09 
 2.12032726e-05  8.13026411e-01  8.13495473e-01  8.13008867e-01 -1.16860346e-04  4.49600262e-06  2.16270631e-09 
 2.12033666e-05  8.13039402e-01  8.13529425e-01  8.13025941e-01 -1.17126909e-04  5.10229492e-06  1.14475024e-08 
 2.12034371e-05  8.13049082e-01  8.13543567e-01  8.13039021e-01 -1.14764939e-04  5.54587168e-06  1.80576866e-08 
 2.12034938e-05  8.13056637e-01  8.13543494e-01  8.13049417e-01 -1.10087916e-04  5.88041527e-06  2.28369952e-08 
 2.12035502e-05  8.13063309e-01  8.13529289e-01  8.13059379e-01 -1.02864080e-04  6.18023771e-06  2.68290106e-08 
 2.12036183e-05  8.13070162e-01  8.13491490e-01  8.13070403e-01 -9.17646197e-05  6.48240102e-06  3.03449751e-08 
 2.12036855e-05  8.13075157e-01  8.13434081e-01  8.13079728e-01 -7.95233156e-05  6.70767784e-06  3.23026081e-08 
 2.12037720e-05  8.13079184e-01  8.13339268e-01  8.13088787e-01 -6.39686576e-05  6.88818177e-06  3.27002685e-08 
 2.12038856e-05  8.13080506e-01  8.13200134e-01  8.13095021e-01 -4.68016769e-05  6.95766581e-06  3.02482847e-08 
 2.12039699e-05  8.13079264e-01  8.13099937e-01  8.13095497e-01 -3.75673938e-05  6.90980746e-06  2.68516417e-08 
 2.12040463e-05  8.13076867e-01  8.13019288e-01  8.13093193e-01 -3.15453836e-05  6.81511268e-06  2.30954991e-08 
 2.12041373e-05  8.13073065e-01  8.12939109e-01  8.13087665e-01 -2.66644628e-05  6.66016169e-06  1.81895351e-08 
 2.12042227e-05  8.13068756e-01  8.12879501e-01  8.13080313e-01 -2.37699394e-05  6.48833931e-06  1.34107514e-08 
 2.12043240e-05  8.13063187e-01  8.12825802e-01  8.13069657e-01 -2.17050358e-05  6.26735658e-06  7.75037167e-09 
 2.12044271e-05  8.13057125e-01  8.12786140e-01  8.13057355e-01 -2.05490518e-05  6.03462148e-06  2.12923086e-09 
 2.12045550e-05  8.13049417e-01  8.12751623e-01  8.13040934e-01 -1.98365240e-05  5.74645214e-06 -4.54417189e-09 
 2.12046957e-05  8.13040750e-01  8.12725655e-01  8.13022160e-01 -1.95022252e-05  5.43791357e-06 -1.14687989e-08 
 2.12048479e-05  8.13031361e-01  8.12705573e-01  8.13001656e-01 -1.93733394e-05  5.11903101e-06 -1.84725817e-08 
 2.12050000e-05  8.13021922e-01  8.12689858e-01  8.12981305e-01 -1.93243136e-05  4.81704546e-06 -2.50059637e-08 
 2.12050025e-05  8.13022883e-01  8.12694050e-01  8.12980981e-01 -1.82584295e-05  4.81257713e-06 -2.49709200e-08 
 2.12050074e-05  8.13023691e-01  8.12701696e-01  8.12980339e-01 -1.78546558e-05  4.80367959e-06 -2.49087514e-08 
 2.12050173e-05  8.13023536e-01  8.12713965e-01  8.12979100e-01 -1.76368990e-05  4.78594253e-06 -2.48065823e-08 
 2.12050372e-05  8.13023704e-01  8.12732775e-01  8.12976759e-01 -1.72309454e-05  4.75043790e-06 -2.46249865e-08 
 2.12050715e-05  8.13023654e-01  8.12757523e-01  8.12973045e-01 -1.67243675e-05  4.68905335e-06 -2.43585134e-08 
 2.12051402e-05  8.13023758e-01  8.12792127e-01  8.12966573e-01 -1.60961296e-05  4.56726679e-06 -2.39380698e-08 
 2.12052775e-05  8.13023594e-01  8.12827651e-01  8.12956022e-01 -1.56305559e-05  4.33023765e-06 -2.32955339e-08 
 2.12055522e-05  8.13023380e-01  8.12842909e-01  8.12939212e-01 -1.55057889e-05  3.88858356e-06 -2.21845915e-08 
 2.12058633e-05  8.13022969e-01  8.12835428e-01  8.12922731e-01 -1.55243978e-05  3.44127327e-06 -2.09286130e-08 
 2.12063838e-05  8.13022544e-01  8.12820646e-01  8.12897210e-01 -1.55156014e-05  2.80354738e-06 -1.88274986e-08 
 2.12071790e-05  8.13021840e-01  8.12801529e-01  8.12862421e-01 -1.55215858e-05  2.04681358e-06 -1.57732795e-08 
 2.12087694e-05  8.13021001e-01  8.12775556e-01  8.12807149e-01 -1.55189090e-05  1.07323774e-06 -1.06022226e-08 
 2.12119502e-05  8.13019944e-01  8.12760239e-01  8.12745025e-01 -1.55306326e-05  2.48379752e-07 -4.11107974e-09 
 2.12174398e-05  8.13019462e-01  8.12802514e-01  8.12740540e-01 -1.55392071e-05 -9.26403706e-09 -3.05451319e-10 
 2.12241005e-05  8.13019311e-01  8.12902118e-01  8.12821809e-01 -1.55547123e-05  1.22545799e-09  5.08715325e-11 
 2.12355616e-05  8.13019477e-01  8.13067448e-01  8.12992152e-01 -1.55614933e-05 -4.47295887e-10  2.13737063e-11 
 2.12487254e-05  8.13019540e-01  8.13182094e-01  8.13125452e-01 -1.55715636e-05  2.20486705e-10  3.23841097e-11 
 2.12695436e-05  8.13019694e-01  8.13214776e-01  8.13177582e-01 -1.55718188e-05 -1.25824597e-10 -2.73506722e-12 
 2.13021908e-05  8.13019552e-01  8.13138517e-01  8.13105445e-01 -1.55780500e-05  8.62529108e-11 -3.26064967e-12 
 2.13510954e-05  8.13019531e-01  8.13096135e-01  8.13053237e-01 -1.55741994e-05 -7.41730308e-11 -1.47466073e-12 
 2.14000000e-05  8.13019495e-01  8.13137994e-01  8.13095286e-01 -1.55779710e-05  6.14255964e-11  6.34521147e-12 
 2.14000376e-05  8.13020801e-01  8.13158401e-01  8.13095619e-01 -1.28045750e-05  5.52709605e-09  9.43096940e-10 
 2.14001129e-05  8.13021634e-01  8.13187964e-01  8.13096714e-01 -1.22079598e-05  1.61833886e-08  2.71041336e-09 
 2.14002635e-05  8.13022934e-01  8.13217080e-01  8.13100523e-01 -1.19368487e-05  3.57510856e-08  5.89510904e-09 
 2.14004746e-05  8.13024891e-01  8.13232862e-01  8.13107311e-01 -1.18525892e-05  6.08516786e-08  9.95197585e-09 
 2.14007885e-05  8.13027598e-01  8.13239069e-01  8.13117709e-01 -1.19159229e-05  9.45203467e-08  1.53795468e-08 
 2.14012432e-05  8.13031891e-01  8.13242625e-01  8.13131461e-01 -1.21123843e-05  1.36351386e-07  2.21015455e-08 
 2.14013621e-05  8.13033154e-01  8.13242123e-01  8.13134724e-01 -1.23917164e-05  1.45975009e-07  2.36264996e-08 
 2.14015999e-05  8.13037036e-01  8.13237705e-01  8.13140584e-01 -1.39840994e-05  1.62976106e-07  2.61948938e-08 
 2.14017487e-05  8.13041036e-01  8.13228564e-01  8.13143584e-01 -1.65309673e-05  1.71482420e-07  2.72800489e-08 
 2.14018656e-05  8.13045763e-01  8.13215254e-01  8.13145305e-01 -1.98920195e-05  1.76248061e-07  2.76261103e-08 
 2.14019826e-05  8.13051881e-01  8.13194100e-01  8.13146161e-01 -2.49515986e-05  1.78738224e-07  2.73319080e-08 
 2.14021070e-05  8.13060011e-01  8.13162271e-01  8.13145742e-01 -3.19990679e-05  1.78233224e-07  2.61257656e-08 
 2.14022465e-05  8.13070174e-01  8.13113935e-01  8.13143120e-01 -4.15172403e-05  1.73090950e-07  2.34411762e-08 
 2.14023757e-05  8.13079772e-01  8.13056595e-01  8.13138157e-01 -5.05304214e-05  1.63301100e-07  1.94761776e-08 
 2.14024902e-05  8.13087330e-01  8.12993405e-01  8.13131267e-01 -5.74992626e-05  1.49858411e-07  1.45274581e-08 
 2.14025930e-05  8.13092808e-01  8.12924285e-01  8.13122687e-01 -6.17785958e-05  1.33238014e-07  8.69921458e-09 
 2.14027086e-05  8.13096669e-01  8.12831405e-01  8.13109782e-01 -6.42614813e-05  1.08733674e-07  3.48311693e-10 
 2.14028171e-05  8.13097960e-01  8.12735363e-01  8.13094191e-01 -6.57498849e-05  8.03348340e-08 -9.12177681e-09 
 2.14029306e-05  8.13096758e-01  8.12636510e-01  8.13074270e-01 -6.72164553e-05  4.58103489e-08 -2.03222720e-08 
 2.14030403e-05  8.13093302e-01  8.12550145e-01  8.13051855e-01 -6.82581735e-05  6.99794811e-09 -3.20161503e-08 
 2.14031373e-05  8.13088271e-01  8.12486115e-01  8.13030006e-01 -6.87854319e-05 -4.04606189e-08 -4.27284499e-08 
 2.14032054e-05  8.13083908e-01  8.12451397e-01  8.13013830e-01 -6.86048255e-05 -1.00587187e-07 -5.02848159e-08 
 2.14032659e-05  8.13079586e-01  8.12430548e-01  8.12999156e-01 -6.80282462e-05 -1.97464233e-07 -5.68637166e-08 
 2.14033122e-05  8.13075193e-01  8.12423135e-01  8.12987918e-01 -6.69753898e-05 -3.09373585e-07 -6.16811063e-08 
 2.14033426e-05  8.13071014e-01  8.12424166e-01  8.12980604e-01 -6.59569593e-05 -4.01833917e-07 -6.46456127e-08 
 2.14033660e-05  8.13066452e-01  8.12429979e-01  8.12975063e-01 -6.48029823e-05 -4.82212153e-07 -6.67265915e-08 
 2.14033894e-05  8.13060348e-01  8.12442138e-01  8.12969662e-01 -6.33091790e-05 -5.69000102e-07 -6.85284059e-08 
 2.14034176e-05  8.13051395e-01  8.12467173e-01  8.12963440e-01 -6.09543635e-05 -6.79495419e-07 -7.02034908e-08 
 2.14034479e-05  8.13040864e-01  8.12507317e-01  8.12957208e-01 -5.79114719e-05 -8.03240621e-07 -7.13243539e-08 
 2.14034863e-05  8.13027899e-01  8.12574645e-01  8.12950235e-01 -5.35190943e-05 -9.63505813e-07 -7.17472063e-08 
 2.14035189e-05  8.13018110e-01  8.12641741e-01  8.12945280e-01 -4.96178167e-05 -1.10038647e-06 -7.13437662e-08 
 2.14035484e-05  8.13010576e-01  8.12706203e-01  8.12941628e-01 -4.60977355e-05 -1.22391435e-06 -7.05116272e-08 
 2.14035811e-05  8.13003635e-01  8.12778426e-01  8.12938503e-01 -4.23684562e-05 -1.36071661e-06 -6.92111507e-08 
 2.14036206e-05  8.12997169e-01  8.12861980e-01  8.12936012e-01 -3.82274793e-05 -1.52428053e-06 -6.73059062e-08 
 2.14036576e-05  8.12992662e-01  8.12933968e-01  8.12934857e-01 -3.47910908e-05 -1.67595558e-06 -6.53348747e-08 
 2.14036997e-05  8.12988965e-01  8.13006500e-01  8.12934769e-01 -3.13973148e-05 -1.84661838e-06 -6.30149042e-08 
 2.14037422e-05  8.12986330e-01  8.13069114e-01  8.12935820e-01 -2.85104061e-05 -2.01674027e-06 -6.06793386e-08 
 2.14037929e-05  8.12984217e-01  8.13130648e-01  8.12938298e-01 -2.56712007e-05 -2.21669653e-06 -5.79726233e-08 
 2.14038474e-05  8.12982743e-01  8.13182892e-01  8.12942132e-01 -2.32353495e-05 -2.42784939e-06 -5.51919888e-08 
 2.14039144e-05  8.12981678e-01  8.13231514e-01  8.12948072e-01 -2.09041664e-05 -2.68236043e-06 -5.19514042e-08 
 2.14039909e-05  8.12981073e-01  8.13271430e-01  8.12955991e-01 -1.89130998e-05 -2.96582305e-06 -4.84611450e-08 
 2.14040897e-05  8.12980980e-01  8.13306904e-01  8.12967322e-01 -1.70693502e-05 -3.32243087e-06 -4.41997548e-08 
 2.14042106e-05  8.12981689e-01  8.13335766e-01  8.12982116e-01 -1.55695942e-05 -3.75076817e-06 -3.92488576e-08 
 2.14043740e-05  8.12984273e-01  8.13362001e-01  8.13002761e-01 -1.43853517e-05 -4.34335189e-06 -3.28912645e-08 
 2.14045762e-05  8.12990804e-01  8.13385297e-01  8.13028431e-01 -1.37006192e-05 -5.19577218e-06 -2.54825541e-08 
 2.14047881e-05  8.13001550e-01  8.13405092e-01  8.13054950e-01 -1.34272916e-05 -6.39271326e-06 -1.82451113e-08 
 2.14050000e-05  8.13014015e-01  8.13422702e-01  8.13080832e-01 -1.33324452e-05 -8.01619694e-06 -1.15138200e-08 
 2.14050054e-05  8.13013246e-01  8.13418895e-01  8.13081477e-01 -1.55908838e-05 -8.06462329e-06 -1.14955406e-08 
 2.14050163e-05  8.13012725e-01  8.13412391e-01  8.13082751e-01 -1.58059359e-05 -8.16156155e-06 -1.14488368e-08 
 2.14050380e-05  8.13012771e-01  8.13403092e-01  8.13085212e-01 -1.57385855e-05 -8.35406118e-06 -1.13256524e-08 
 2.14050815e-05  8.13012429e-01  8.13389686e-01  8.13089876e-01 -1.58421741e-05 -8.73170593e-06 -1.10313407e-08 
 2.14051685e-05  8.13012538e-01  8.13373049e-01  8.13098451e-01 -1.57814819e-05 -9.45989089e-06 -1.03255442e-08 
 2.14052815e-05  8.13012556e-01  8.13363695e-01  8.13108591e-01 -1.58323645e-05 -1.03548604e-05 -9.28801594e-09 
 2.14054466e-05  8.13012970e-01  8.13362349e-01  8.13122259e-01 -1.57597266e-05 -1.15635049e-05 -7.62938959e-09 
 2.14057058e-05  8.13013341e-01  8.13370910e-01  8.13142336e-01 -1.58068517e-05 -1.32448300e-05 -4.78368789e-09 
 2.14062241e-05  8.13014569e-01  8.13394445e-01  8.13179847e-01 -1.57341232e-05 -1.59344412e-05  1.41887160e-09 
 2.14072607e-05  8.13016953e-01  8.13435354e-01  8.13246610e-01 -1.57671949e-05 -1.93026522e-05  1.40188685e-08 
 2.14093340e-05  8.13022478e-01  8.13488429e-01  8.13348975e-01 -1.56817456e-05 -2.14190573e-05  3.38025279e-08 
 2.14112907e-05  8.13027350e-01  8.13510801e-01  8.13410838e-01 -1.57220436e-05 -2.06483852e-05  4.37038756e-08 
 2.14141567e-05  8.13034007e-01  8.13509860e-01  8.13453701e-01 -1.56505538e-05 -1.83626695e-05  4.70827720e-08 
 2.14173868e-05  8.13040137e-01  8.13478189e-01  8.13453427e-01 -1.56939636e-05 -1.56524376e-05  4.33894441e-08 
 2.14235102e-05  8.13049572e-01  8.13381083e-01  8.13382454e-01 -1.56220056e-05 -1.14924617e-05  3.28451514e-08 
 2.14319107e-05  8.13058391e-01  8.13239492e-01  8.13240990e-01 -1.56651267e-05 -7.60280921e-06  2.14154701e-08 
 2.14415206e-05  8.13065186e-01  8.13120171e-01  8.13107046e-01 -1.56027976e-05 -4.81634838e-06  1.34989246e-08 
 2.14524509e-05  8.13069812e-01  8.13053177e-01  8.13023303e-01 -1.56554803e-05 -2.89658735e-06  8.08627640e-09 
 2.14652731e-05  8.13073228e-01  8.13044897e-01  8.13001839e-01 -1.55990238e-05 -1.60776634e-06  4.48323342e-09 
 2.14807717e-05  8.13075280e-01  8.13086514e-01  8.13036944e-01 -1.56547466e-05 -7.88719371e-07  2.20475488e-09 
 2.14997867e-05  8.13076698e-01  8.13148455e-01  8.13100109e-01 -1.55998478e-05 -3.25753427e-07  9.15292410e-10 
 2.15237532e-05  8.13077235e-01  8.13190182e-01  8.13147359e-01 -1.56560925e-05 -1.02209784e-07  2.89219888e-10 
 2.15552222e-05  8.13077593e-01  8.13190504e-01  8.13151375e-01 -1.56011790e-05 -1.93302585e-08  5.34382406e-11 
 2.15992526e-05  8.13077499e-01  8.13176624e-01  8.13136166e-01 -1.56568931e-05 -3.45302877e-10  1.46941400e-12 
 2.16673235e-05  8.13077622e-01  8.13188249e-01  8.13146624e-01 -1.56013553e-05  3.30323876e-14  1.90236265e-12 
 2.17673235e-05  8.13077511e-01  8.13198706e-01  8.13158425e-01 -1.56568449e-05  4.47265280e-11  7.47671673e-13 
 2.18673235e-05  8.13077623e-01  8.13196764e-01  8.13155857e-01 -1.56013877e-05 -6.26794990e-11  1.23820480e-12 
 2.19673235e-05  8.13077504e-01  8.13203251e-01  8.13162509e-01 -1.56568352e-05  6.19355478e-11  1.17394603e-12 
 2.20673235e-05  8.13077622e-01  8.13202351e-01  8.13161812e-01 -1.56013884e-05 -6.33660700e-11  9.94137444e-13 
 2.21673235e-05  8.13077496e-01  8.13203378e-01  8.13162564e-01 -1.56568406e-05  5.70636904e-11  1.14295666e-12 
 2.22673235e-05  8.13077616e-01  8.13204475e-01  8.13163906e-01 -1.56013849e-05 -5.70999281e-11  1.11251931e-12 
 2.23673235e-05  8.13077490e-01  8.13203816e-01  8.13163108e-01 -1.56568415e-05  5.06486012e-11  9.92408738e-13 
 2.24673235e-05  8.13077609e-01  8.13204619e-01  8.13163967e-01 -1.56013874e-05 -5.10507303e-11  1.21451059e-12 
 2.25673235e-05  8.13077484e-01  8.13204398e-01  8.13163745e-01 -1.56568372e-05  4.50544857e-11  9.36741895e-13 
 2.26673235e-05  8.13077602e-01  8.13204445e-01  8.13163780e-01 -1.56013924e-05 -4.58984415e-11  1.22773547e-12 
 2.27673235e-05  8.13077477e-01  8.13204620e-01  8.13163960e-01 -1.56568325e-05  4.02971682e-11  9.40649414e-13 
 2.28673235e-05  8.13077595e-01  8.13204452e-01  8.13163804e-01 -1.56013967e-05 -4.15045890e-11  1.22038019e-12 
 2.29673235e-05  8.13077470e-01  8.13204597e-01  8.13163922e-01 -1.56568287e-05  3.62420987e-11  9.40999449e-13 
 2.30673235e-05  8.13077588e-01  8.13204521e-01  8.13163881e-01 -1.56014002e-05 -3.77715064e-11  1.22780903e-12 
 2.31673235e-05  8.13077463e-01  8.13204550e-01  8.13163874e-01 -1.56568253e-05  3.28127332e-11  9.27501403e-13 
 2.32673235e-05  8.13077582e-01  8.13204543e-01  8.13163901e-01 -1.56014036e-05 -3.46261359e-11  1.24364142e-12 
 2.33336618e-05  8.13077458e-01  8.13204545e-01  8.13163873e-01 -1.56568209e-05  2.91772923e-11  9.08629725e-13 
 2.34000000e-05  8.13077577e-01  8.13204528e-01  8.13163884e-01 -1.56014090e-05 -3.07127856e-11  1.26318492e-12 
 2.34000936e-05  8.13075102e-01  8.13168108e-01  8.13162569e-01 -1.81034862e-05 -1.79177163e-08 -2.17302256e-09 
 2.34002807e-05  8.13073042e-01  8.13124761e-01  8.13158471e-01 -1.82839553e-05 -5.10995758e-08 -6.19095209e-09 
 2.34005494e-05  8.13071097e-01  8.13108625e-01  8.13150064e-01 -1.86857922e-05 -9.11885696e-08 -1.12625174e-08 
 2.34008586e-05  8.13069487e-01  8.13105219e-01  8.13140302e-01 -2.04725623e-05 -1.28236999e-07 -1.63742736e-08 
 2.34010635e-05  8.13069536e-01  8.13107300e-01  8.13134420e-01 -2.30345311e-05 -1.46786941e-07 -1.92695743e-08 
 2.34012936e-05  8.13070949e-01  8.13111638e-01  8.13128648e-01 -2.78721380e-05 -1.61688744e-07 -2.20301040e-08 
 2.34015248e-05  8.13074161e-01  8.13120167e-01  8.13123929e-01 -3.49611815e-05 -1.70031411e-07 -2.42263522e-08 
 2.34017206e-05  8.13078166e-01  8.13130608e-01  8.13120974e-01 -4.28314003e-05 -1.71103076e-07 -2.55604342e-08 
 2.34018775e-05  8.13082247e-01  8.13142927e-01  8.13119461e-01 -5.02727483e-05 -1.66986152e-07 -2.61896926e-08 
 2.34020053e-05  8.13085917e-01  8.13156183e-01  8.13118934e-01 -5.70527371e-05 -1.59252726e-07 -2.63230597e-08 
 2.34021127e-05  8.13089200e-01  8.13171147e-01  8.13119106e-01 -6.31221772e-05 -1.48651530e-07 -2.60799323e-08 
 2.34022053e-05  8.13091923e-01  8.13187821e-01  8.13119823e-01 -6.85832616e-05 -1.35394415e-07 -2.55187461e-08 
 2.34022864e-05  8.13094132e-01  8.13206789e-01  8.13120999e-01 -7.33938151e-05 -1.19585858e-07 -2.46638617e-08 
 2.34023583e-05  8.13095672e-01  8.13228298e-01  8.13122582e-01 -7.76104325e-05 -1.01162631e-07 -2.35246132e-08 
 2.34024233e-05  8.13096599e-01  8.13253168e-01  8.13124573e-01 -8.12436234e-05 -7.97721671e-08 -2.20785605e-08 
 2.34024853e-05  8.13096859e-01  8.13283127e-01  8.13127095e-01 -8.44664316e-05 -5.40076063e-08 -2.02229744e-08 
 2.34025513e-05  8.13096679e-01  8.13322796e-01  8.13130616e-01 -8.75305289e-05 -1.97735745e-08 -1.76294998e-08 
 2.34026210e-05  8.13096413e-01  8.13372812e-01  8.13135469e-01 -9.04122444e-05  2.43334762e-08 -1.41453714e-08 
 2.34027050e-05  8.13096626e-01  8.13440824e-01  8.13143092e-01 -9.34745998e-05  8.65668966e-08 -8.98198418e-09 
 2.34027961e-05  8.13097639e-01  8.13519523e-01  8.13153704e-01 -9.63693308e-05  1.59587180e-07 -2.33956259e-09 
 2.34028755e-05  8.13099137e-01  8.13589443e-01  8.13164958e-01 -9.84489111e-05  2.19480386e-07  4.19060763e-09 
 2.34029608e-05  8.13101439e-01  8.13663676e-01  8.13179089e-01 -1.00229878e-04  2.69930067e-07  1.18324126e-08 
 2.34030522e-05  8.13105065e-01  8.13738548e-01  8.13196372e-01 -1.01700309e-04  3.04898605e-07  2.05330182e-08 
 2.34031408e-05  8.13109862e-01  8.13802271e-01  8.13214929e-01 -1.02790525e-04  3.27184590e-07  2.92571739e-08 
 2.34032522e-05  8.13116965e-01  8.13865114e-01  8.13240136e-01 -1.02954892e-04  3.49796129e-07  4.02929211e-08 
 2.34033326e-05  8.13122572e-01  8.13893673e-01  8.13259082e-01 -1.00888171e-04  3.64532768e-07  4.79609723e-08 
 2.34033890e-05  8.13126355e-01  8.13899921e-01  8.13272407e-01 -9.67055066e-05  3.73688349e-07  5.28772210e-08 
 2.34034391e-05  8.13129510e-01  8.13890843e-01  8.13283948e-01 -9.07213174e-05  3.80095258e-07  5.66270496e-08 
 2.34034955e-05  8.13132529e-01  8.13860970e-01  8.13296250e-01 -8.19880046e-05  3.84819487e-07  5.99153796e-08 
 2.34035566e-05  8.13135219e-01  8.13806083e-01  8.13308247e-01 -7.13506396e-05  3.86503198e-07  6.22292306e-08 
 2.34036286e-05  8.13137455e-01  8.13718021e-01  8.13319970e-01 -5.87618590e-05  3.84101294e-07  6.33237173e-08 
 2.34037233e-05  8.13139175e-01  8.13581640e-01  8.13330728e-01 -4.44670826e-05  3.74644159e-07  6.25135618e-08 
 2.34037895e-05  8.13139646e-01  8.13483872e-01  8.13334945e-01 -3.68571271e-05  3.64746418e-07  6.07959866e-08 
 2.34038524e-05  8.13139754e-01  8.13397237e-01  8.13336557e-01 -3.14486673e-05  3.53606178e-07  5.86232841e-08 
 2.34039251e-05  8.13139526e-01  8.13308921e-01  8.13335865e-01 -2.69664898e-05  3.39311201e-07  5.57264784e-08 
 2.34040053e-05  8.13139043e-01  8.13228401e-01  8.13332459e-01 -2.37819542e-05  3.22369716e-07  5.23071311e-08 
 2.34040884e-05  8.13138342e-01  8.13163106e-01  8.13326659e-01 -2.17676156e-05  3.04097930e-07  4.87098993e-08 
 2.34041798e-05  8.13137477e-01  8.13109497e-01  8.13318361e-01 -2.05365272e-05  2.83579866e-07  4.48243218e-08 
 2.34042811e-05  8.13136429e-01  8.13067278e-01  8.13307615e-01 -1.98099920e-05  2.60790326e-07  4.06830743e-08 
 2.34044002e-05  8.13135174e-01  8.13033548e-01  8.13293759e-01 -1.94375927e-05  2.34275291e-07  3.60597748e-08 
 2.34045408e-05  8.13133657e-01  8.13007319e-01  8.13276578e-01 -1.92486482e-05  2.03793851e-07  3.09255451e-08 
 2.34047181e-05  8.13131766e-01  8.12985313e-01  8.13254599e-01 -1.91929981e-05  1.67058430e-07  2.49014952e-08 
 2.34048590e-05  8.13130261e-01  8.12972286e-01  8.13237245e-01 -1.91667856e-05  1.39379420e-07  2.04298929e-08 
 2.34050000e-05  8.13128781e-01  8.12961055e-01  8.13220177e-01 -1.91731131e-05  1.13082934e-07  1.62113411e-08 
 2.34050023e-05  8.13129286e-01  8.12962853e-01  8.13219903e-01 -1.69861386e-05  1.12974288e-07  1.62082298e-08 
 2.34050069e-05  8.13129753e-01  8.12966186e-01  8.13219359e-01 -1.66502349e-05  1.12803859e-07  1.61993078e-08 
 2.34050161e-05  8.13129683e-01  8.12971618e-01  8.13218289e-01 -1.65275803e-05  1.12545405e-07  1.61703746e-08 
 2.34050345e-05  8.13129731e-01  8.12979959e-01  8.13216212e-01 -1.63179111e-05  1.11977138e-07  1.60994824e-08 
 2.34050670e-05  8.13129686e-01  8.12991228e-01  8.13212714e-01 -1.60501743e-05  1.10879948e-07  1.59527887e-08 
 2.34051319e-05  8.13129659e-01  8.13006751e-01  8.13206194e-01 -1.57219163e-05  1.08460077e-07  1.56066231e-08 
 2.34052617e-05  8.13129475e-01  8.13021333e-01  8.13194412e-01 -1.54818494e-05  1.03335410e-07  1.48382431e-08 
 2.34055213e-05  8.13129151e-01  8.13022068e-01  8.13173348e-01 -1.54301660e-05  9.33809839e-08  1.33190099e-08 
 2.34058267e-05  8.13128740e-01  8.13009188e-01  8.13150511e-01 -1.54430818e-05  8.27968341e-08  1.17147428e-08 
 2.34063432e-05  8.13128174e-01  8.12986561e-01  8.13114315e-01 -1.54428713e-05  6.74836611e-08  9.41646265e-09 
 2.34072497e-05  8.13127295e-01  8.12952556e-01  8.13057401e-01 -1.54500850e-05  4.69794336e-08  6.36856268e-09 
 2.34090628e-05  8.13126096e-01  8.12904543e-01  8.12967186e-01 -1.54601922e-05  2.21598817e-08  2.75413090e-09 
 2.34126889e-05  8.13124775e-01  8.12866126e-01  8.12864199e-01 -1.54813986e-05  3.56633564e-09  2.04064936e-10 
 2.34181747e-05  8.13124106e-01  8.12892985e-01  8.12837742e-01 -1.55057382e-05 -2.19102389e-10 -1.35773127e-10 
 2.34255515e-05  8.13123857e-01  8.12988974e-01  8.12912357e-01 -1.55297334e-05  2.44220197e-11  8.32399709e-12 
 2.34380653e-05  8.13123840e-01  8.13145385e-01  8.13075513e-01 -1.55520934e-05  9.85634382e-12  3.21458220e-11 
 2.34500322e-05  8.13123853e-01  8.13233176e-01  8.13178645e-01 -1.55634117e-05  1.43394237e-11  2.05046364e-11 
 2.34720169e-05  8.13123886e-01  8.13267095e-01  8.13228880e-01 -1.55720115e-05 -2.35931305e-12  1.26152534e-12 
 2.35089924e-05  8.13123781e-01  8.13212135e-01  8.13176158e-01 -1.55762821e-05 -2.53987933e-12 -4.31989893e-12 
 2.35544962e-05  8.13123749e-01  8.13197543e-01  8.13154575e-01 -1.55759021e-05 -5.08736933e-13  1.99617108e-12 
 2.36000000e-05  8.13123758e-01  8.13231287e-01  8.13189140e-01 -1.55761813e-05  1.33241747e-12  3.22136480e-12 
 2.36000311e-05  8.13127299e-01  8.13267331e-01  8.13189601e-01 -1.37361604e-05  3.62435119e-09  1.57798225e-09 
 2.36000933e-05  8.13131401e-01  8.13320035e-01  8.13191160e-01 -1.27445553e-05  9.90743056e-09  4.57478831e-09 
 2.36002178e-05  8.13138923e-01  8.13376045e-01  8.13196805e-01 -1.20734381e-05  1.83538008e-08  1.00544534e-08 
 2.36003938e-05  8.13149779e-01  8.13413620e-01  8.13207509e-01 -1.18215914e-05  2.62880361e-08  1.71614524e-08 
 2.36006991e-05  8.13168151e-01  8.13436216e-01  8.13227852e-01 -1.18674792e-05  3.70229666e-08  2.83223451e-08 
 2.36010703e-05  8.13190820e-01  8.13450547e-01  8.13252020e-01 -1.18774081e-05  4.77187978e-08  4.02069672e-08 
 2.36013160e-05  8.13205838e-01  8.13456749e-01  8.13267098e-01 -1.21977682e-05  5.17692488e-08  4.71095747e-08 
 2.36015069e-05  8.13218322e-01  8.13460616e-01  8.13278201e-01 -1.28871656e-05  4.80086903e-08  5.18906009e-08 
 2.36016481e-05  8.13228164e-01  8.13459592e-01  8.13285959e-01 -1.42586901e-05  3.45464051e-08  5.49665812e-08 
 2.36017736e-05  8.13238139e-01  8.13455287e-01  8.13292362e-01 -1.64091003e-05  6.37160953e-09  5.72089781e-08 
 2.36018957e-05  8.13248801e-01  8.13444927e-01  8.13297944e-01 -1.99479810e-05 -4.58218858e-08  5.87471800e-08 
 2.36020211e-05  8.13261136e-01  8.13427236e-01  8.13302716e-01 -2.51429843e-05 -1.37053570e-07  5.94441613e-08 
 2.36021523e-05  8.13274588e-01  8.13399326e-01  8.13306289e-01 -3.23205709e-05 -2.86830157e-07  5.89692770e-08 
 2.36022951e-05  8.13289184e-01  8.13358115e-01  8.13308054e-01 -4.12140509e-05 -5.29163191e-07  5.67980159e-08 
 2.36024313e-05  8.13301236e-01  8.13307227e-01  8.13307203e-01 -4.94820398e-05 -8.52384085e-07  5.28672781e-08 
 2.36025525e-05  8.13309459e-01  8.13250615e-01  8.13303939e-01 -5.51013864e-05 -1.23151577e-06  4.75691673e-08 
 2.36026640e-05  8.13313656e-01  8.13186643e-01  8.13298445e-01 -5.78730403e-05 -1.67101286e-06  4.09313510e-08 
 2.36027863e-05  8.13314109e-01  8.13104565e-01  8.13289207e-01 -5.87626890e-05 -2.26339380e-06  3.15720129e-08 
 2.36029185e-05  8.13309183e-01  8.13010429e-01  8.13275171e-01 -5.93512189e-05 -3.02530035e-06  1.92973454e-08 
 2.36030023e-05  8.13303374e-01  8.12953138e-01  8.13264164e-01 -5.96862955e-05 -3.56276816e-06  1.06251321e-08 
 2.36030973e-05  8.13293923e-01  8.12893651e-01  8.13249928e-01 -5.99736341e-05 -4.21191167e-06  2.01762989e-10 
 2.36032003e-05  8.13279837e-01  8.12838376e-01  8.13232800e-01 -6.00380894e-05 -4.94756883e-06 -1.15185849e-08 
 2.36032789e-05  8.13266140e-01  8.12805140e-01  8.13218816e-01 -5.97398259e-05 -5.52001529e-06 -2.05747221e-08 
 2.36033480e-05  8.13255922e-01  8.12785294e-01  8.13206158e-01 -5.90832281e-05 -6.01830882e-06 -2.84213294e-08 
 2.36034018e-05  8.13252226e-01  8.12778391e-01  8.13196251e-01 -5.80664039e-05 -6.39363793e-06 -3.42946347e-08 
 2.36034357e-05  8.13252696e-01  8.12779915e-01  8.13190087e-01 -5.70865628e-05 -6.61777994e-06 -3.77513325e-08 
 2.36034633e-05  8.13254763e-01  8.12786700e-01  8.13185178e-01 -5.59780838e-05 -6.78738407e-06 -4.02935791e-08 
 2.36034919e-05  8.13259273e-01  8.12801518e-01  8.13180262e-01 -5.44414311e-05 -6.94492125e-06 -4.25218905e-08 
 2.36035291e-05  8.13270742e-01  8.12835125e-01  8.13174312e-01 -5.18268395e-05 -7.11301789e-06 -4.45932047e-08 
 2.36035646e-05  8.13289633e-01  8.12881634e-01  8.13169296e-01 -4.88415804e-05 -7.23058317e-06 -4.56231080e-08 
 2.36036196e-05  8.13335544e-01  8.12973437e-01  8.13163148e-01 -4.36523932e-05 -7.33442200e-06 -4.55742581e-08 
 2.36036502e-05  8.13369693e-01  8.13030645e-01  8.13160692e-01 -4.07050216e-05 -7.35482728e-06 -4.48129408e-08 
 2.36036860e-05  8.13416142e-01  8.13098145e-01  8.13158745e-01 -3.73462117e-05 -7.35174668e-06 -4.34586208e-08 
 2.36037290e-05  8.13479661e-01  8.13176063e-01  8.13157682e-01 -3.36354917e-05 -7.31761001e-06 -4.13748706e-08 
 2.36037747e-05  8.13554324e-01  8.13251572e-01  8.13157962e-01 -3.01313450e-05 -7.25437404e-06 -3.88362440e-08 
 2.36038221e-05  8.13637607e-01  8.13319961e-01  8.13159600e-01 -2.70431178e-05 -7.16845015e-06 -3.60377022e-08 
 2.36038733e-05  8.13732127e-01  8.13381819e-01  8.13162652e-01 -2.42713036e-05 -7.06085523e-06 -3.29804583e-08 
 2.36039302e-05  8.13841030e-01  8.13437148e-01  8.13167291e-01 -2.18201811e-05 -6.93050823e-06 -2.96412580e-08 
 2.36039955e-05  8.13969477e-01  8.13486026e-01  8.13173830e-01 -1.96380010e-05 -6.77372106e-06 -2.59491716e-08 
 2.36040717e-05  8.14122753e-01  8.13527915e-01  8.13182615e-01 -1.77708965e-05 -6.58708592e-06 -2.18525279e-08 
 2.36041638e-05  8.14312359e-01  8.13563410e-01  8.13194282e-01 -1.61826513e-05 -6.36180365e-06 -1.71891881e-08 
 2.36042780e-05  8.14555622e-01  8.13593178e-01  8.13209610e-01 -1.49230409e-05 -6.08782310e-06 -1.17982120e-08 
 2.36044253e-05  8.14893870e-01  8.13619144e-01  8.13229985e-01 -1.39845370e-05 -5.74651034e-06 -5.42695858e-09 
 2.36046179e-05  8.15416665e-01  8.13643459e-01  8.13256730e-01 -1.34163701e-05 -5.32452514e-06  1.81163940e-09 
 2.36048089e-05  8.16080970e-01  8.13663063e-01  8.13282927e-01 -1.31758501e-05 -4.93363675e-06  7.57907524e-09 
 2.36050000e-05  8.16931724e-01  8.13680763e-01  8.13308570e-01 -1.30772339e-05 -4.57006588e-06  1.18119185e-08 
 2.36050044e-05  8.16951957e-01  8.13673734e-01  8.13309144e-01 -1.42143980e-05 -4.56248332e-06  1.16501723e-08 
 2.36050133e-05  8.16994257e-01  8.13661503e-01  8.13310268e-01 -1.45652040e-05 -4.54731947e-06  1.13444357e-08 
 2.36050310e-05  8.17080891e-01  8.13643389e-01  8.13312398e-01 -1.46961713e-05 -4.51691322e-06  1.07758140e-08 
 2.36050665e-05  8.17252684e-01  8.13616702e-01  8.13316297e-01 -1.50840176e-05 -4.45604627e-06  9.69829524e-09 
 2.36051373e-05  8.17595263e-01  8.13580116e-01  8.13323048e-01 -1.53762197e-05 -4.33530464e-06  7.71705864e-09 
 2.36052791e-05  8.18271264e-01  8.13542351e-01  8.13333940e-01 -1.56422300e-05 -4.10146731e-06  4.11368491e-09 
 2.36054413e-05  8.19030525e-01  8.13529096e-01  8.13344061e-01 -1.55983682e-05 -3.84872638e-06  3.43932537e-10 
 2.36057241e-05  8.20318087e-01  8.13529021e-01  8.13359514e-01 -1.56357661e-05 -3.44430060e-06 -5.59163295e-09 
 2.36061466e-05  8.22159863e-01  8.13542585e-01  8.13380651e-01 -1.55753466e-05 -2.91718080e-06 -1.30954535e-08 
 2.36069685e-05  8.25476839e-01  8.13576199e-01  8.13419633e-01 -1.56106078e-05 -2.10745549e-06 -2.38570188e-08 
 2.36086122e-05  8.31187767e-01  8.13668189e-01  8.13499738e-01 -1.55381502e-05 -1.08020668e-06 -3.47981390e-08 
 2.36118996e-05  8.39707811e-01  8.13986709e-01  8.13727453e-01 -1.55600182e-05 -2.33684390e-07 -3.58076123e-08 
 2.36161697e-05  8.46689609e-01  8.14729217e-01  8.14270821e-01 -1.54981244e-05 -2.09178793e-08 -2.46416251e-08 
 2.36207324e-05  8.50988760e-01  8.15971800e-01  8.15262265e-01 -1.55475462e-05 -1.20589089e-09 -1.42493745e-08 
 2.36260190e-05  8.53703975e-01  8.17948767e-01  8.16965654e-01 -1.55058432e-05  1.77120847e-10 -7.07528232e-09 
 2.36322408e-05  8.55274552e-01  8.20842231e-01  8.19614680e-01 -1.55646640e-05  3.73809629e-10 -2.73400013e-09 
 2.36399296e-05  8.56098164e-01  8.24903072e-01  8.23513249e-01 -1.55255820e-05  5.74422422e-10 -3.04229143e-10 
 2.36498270e-05  8.56453041e-01  8.30276426e-01  8.28874970e-01 -1.55818596e-05  7.10529505e-10  8.33166457e-10 
 2.36597121e-05  8.56544486e-01  8.35206631e-01  8.33955276e-01 -1.55379890e-05  7.08782298e-10  1.08320293e-09 
 2.36695426e-05  8.56569453e-01  8.39240151e-01  8.38232444e-01 -1.55919218e-05  6.16681203e-10  1.00024699e-09 
 2.36804414e-05  8.56578459e-01  8.42476431e-01  8.41774949e-01 -1.55513749e-05  4.49557498e-10  7.59963393e-10 
 2.36917047e-05  8.56581440e-01  8.44510772e-01  8.44097105e-01 -1.56102946e-05  2.71646537e-10  4.71532525e-10 
 2.37055404e-05  8.56582978e-01  8.45641104e-01  8.45473050e-01 -1.55746688e-05  9.18971193e-11  1.83589286e-10 
 2.37215061e-05  8.56582867e-01  8.45951232e-01  8.45900767e-01 -1.56349901e-05 -1.21859549e-11  1.49850239e-12 
 2.37388326e-05  8.56582639e-01  8.46058477e-01  8.45996672e-01 -1.55936253e-05 -3.26324356e-11 -3.34535104e-11 
 2.37568042e-05  8.56582152e-01  8.46488381e-01  8.46363509e-01 -1.56442301e-05  3.41910506e-12  1.44699016e-11 
 2.37764061e-05  8.56582467e-01  8.47372433e-01  8.47199408e-01 -1.55950084e-05  3.77447633e-11  7.46171730e-11 
 2.37999022e-05  8.56582754e-01  8.48627187e-01  8.48449425e-01 -1.56419839e-05  5.58885293e-11  9.84660719e-11 
 2.38343106e-05  8.56583670e-01  8.50184377e-01  8.50045311e-01 -1.55932214e-05  3.82509545e-11  7.55440947e-11 
 2.38756487e-05  8.56583966e-01  8.51468136e-01  8.51362778e-01 -1.56427076e-05  2.21107280e-11  4.15581425e-11 
 2.39193238e-05  8.56584484e-01  8.52493192e-01  8.52395172e-01 -1.55948798e-05  1.68030247e-11  3.69877736e-11 
 2.39927044e-05  8.56584782e-01  8.53888427e-01  8.53805070e-01 -1.56433844e-05  1.67533596e-11  2.95674919e-11 
 2.40694568e-05  8.56585338e-01  8.54851372e-01  8.54785434e-01 -1.55953670e-05  6.05244956e-12  1.68948582e-11 
 2.41694568e-05  8.56585386e-01  8.55614884e-01  8.55556739e-01 -1.56440202e-05  6.57649434e-12  1.07689826e-11 
 2.42694568e-05  8.56585754e-01  8.56084195e-01  8.56032949e-01 -1.55956975e-05  1.34073265e-12  7.67166327e-12 
 2.43694568e-05  8.56585632e-01  8.56339547e-01  8.56292213e-01 -1.56442167e-05  2.48047481e-12  3.25459435e-12 
 2.44694568e-05  8.56585876e-01  8.56494260e-01  8.56448160e-01 -1.55958489e-05 -5.53621168e-13  4.02166164e-12 
 2.45694568e-05  8.56585701e-01  8.56585151e-01  8.56540962e-01 -1.56442569e-05  1.50547608e-12  1.39402173e-12 
 2.46694568e-05  8.56585906e-01  8.56633616e-01  8.56589711e-01 -1.55959095e-05 -1.49012530e-12  2.31051067e-12 
 2.47694568e-05  8.56585708e-01  8.56666057e-01  8.56622654e-01 -1.56442711e-05  1.31483583e-12  9.80588007e-13 
 2.48694568e-05  8.56585905e-01  8.56682160e-01  8.56639079e-01 -1.55959254e-05 -1.81545881e-12  1.72750676e-12 
 2.49694568e-05  8.56585697e-01  8.56692487e-01  8.56649389e-01 -1.56442798e-05  1.19463489e-12  7.45092247e-13 
 2.50694568e-05  8.56585890e-01  8.56698696e-01  8.56655808e-01 -1.55959296e-05 -1.85789101e-12  1.64110121e-12 
 2.51694568e-05  8.56585680e-01  8.56701590e-01  8.56658669e-01 -1.56442812e-05  1.10583591e-12  5.89137517e-13 
 2.52694568e-05  8.56585872e-01  8.56703944e-01  8.56661079e-01 -1.55959341e-05 -1.85061255e-12  1.64417275e-12 
 2.53694568e-05  8.56585661e-01  8.56704899e-01  8.56662049e-01 -1.56442780e-05  1.07492335e-12  5.37588257e-13 
 2.54694568e-05  8.56585852e-01  8.56705571e-01  8.56662720e-01 -1.55959392e-05 -1.85733395e-12  1.62844185e-12 
 2.55347284e-05  8.56585645e-01  8.56705916e-01  8.56663074e-01 -1.56442727e-05  1.07722837e-12  5.42542411e-13 
 2.56000000e-05  8.56585839e-01  8.56706017e-01  8.56663185e-01 -1.55959456e-05 -1.86784984e-12  1.60859813e-12 
 2.56000921e-05  8.56575430e-01  8.56632404e-01  8.56660570e-01 -1.75855314e-05 -6.89583967e-09 -4.33625948e-09 
 2.56002762e-05  8.56559730e-01  8.56545524e-01  8.56652439e-01 -1.83875936e-05 -1.66170323e-08 -1.23754789e-08 
 2.56006446e-05  8.56531736e-01  8.56502570e-01  8.56628944e-01 -1.91170754e-05 -2.61543016e-08 -2.62762296e-08 
 2.56009842e-05  8.56509682e-01  8.56493760e-01  8.56606859e-01 -2.20109953e-05 -2.46830519e-08 -3.72524552e-08 
 2.56012203e-05  8.56498267e-01  8.56492920e-01  8.56592761e-01 -2.62280385e-05 -1.03006788e-08 -4.37715290e-08 
 2.56014646e-05  8.56490498e-01  8.56494042e-01  8.56579519e-01 -3.31114518e-05  2.27028818e-08 -4.95423068e-08 
 2.56016916e-05  8.56487716e-01  8.56501390e-01  8.56568693e-01 -4.18298959e-05  7.64380178e-08 -5.39371364e-08 
 2.56018725e-05  8.56488820e-01  8.56510540e-01  8.56561321e-01 -5.04241956e-05  1.42225090e-07 -5.66682218e-08 
 2.56020159e-05  8.56492375e-01  8.56522917e-01  8.56556448e-01 -5.81351797e-05  2.15636119e-07 -5.82216957e-08 
 2.56021344e-05  8.56497287e-01  8.56536624e-01  8.56553230e-01 -6.50761439e-05  2.96909524e-07 -5.89788241e-08 
 2.56022357e-05  8.56503381e-01  8.56553139e-01  8.56551197e-01 -7.12656262e-05  3.87472335e-07 -5.91211555e-08 
 2.56023243e-05  8.56510256e-01  8.56572050e-01  8.56550103e-01 -7.68086344e-05  4.88913669e-07 -5.87365865e-08 
 2.56024032e-05  8.56518008e-01  8.56594380e-01  8.56549801e-01 -8.16867672e-05  6.03453677e-07 -5.78550381e-08 
 2.56024761e-05  8.56526676e-01  8.56621047e-01  8.56550235e-01 -8.60608623e-05  7.36706502e-07 -5.64427624e-08 
 2.56025498e-05  8.56537541e-01  8.56655570e-01  8.56551550e-01 -9.01942257e-05  9.05915478e-07 -5.42740073e-08 
 2.56026326e-05  8.56552966e-01  8.56703353e-01  8.56554324e-01 -9.44998458e-05  1.14455862e-06 -5.08294485e-08 
 2.56027207e-05  8.56573336e-01  8.56761818e-01  8.56559011e-01 -9.87019262e-05  1.45640833e-06 -4.60181500e-08 
 2.56028256e-05  8.56600453e-01  8.56836340e-01  8.56567117e-01 -1.03311218e-04  1.90254884e-06 -3.89163426e-08 
 2.56029158e-05  8.56622302e-01  8.56901532e-01  8.56576298e-01 -1.06839719e-04  2.34644312e-06 -3.17783278e-08 
 2.56030224e-05  8.56642505e-01  8.56976113e-01  8.56589640e-01 -1.10551341e-04  2.93293138e-06 -2.23673538e-08 
 2.56031277e-05  8.56657789e-01  8.57043385e-01  8.56605214e-01 -1.13742883e-04  3.56552305e-06 -1.23046364e-08 
 2.56032283e-05  8.56671282e-01  8.57098086e-01  8.56621882e-01 -1.16218376e-04  4.20166813e-06 -2.31112712e-09 
 2.56033267e-05  8.56684679e-01  8.57140105e-01  8.56639416e-01 -1.17391846e-04  4.83779217e-06  7.52332923e-09 
 2.56034077e-05  8.56696043e-01  8.57162952e-01  8.56654383e-01 -1.16273866e-04  5.35650371e-06  1.53645657e-08 
 2.56034693e-05  8.56704393e-01  8.57169078e-01  8.56665786e-01 -1.12587514e-04  5.73292462e-06  2.08616909e-08 
 2.56035244e-05  8.56711395e-01  8.57161961e-01  8.56675757e-01 -1.06626654e-04  6.04299470e-06  2.51466417e-08 
 2.56035855e-05  8.56718088e-01  8.57137035e-01  8.56686151e-01 -9.75491361e-05  6.34159175e-06  2.88906229e-08 
 2.56036519e-05  8.56723968e-01  8.57089750e-01  8.56696238e-01 -8.58988045e-05  6.60195743e-06  3.15889069e-08 
 2.56037282e-05  8.56728599e-01  8.57014385e-01  8.56705648e-01 -7.18403814e-05  6.81064144e-06  3.28764724e-08 
 2.56038230e-05  8.56731421e-01  8.56902257e-01  8.56713454e-01 -5.58110164e-05  6.94057739e-06  3.20682952e-08 
 2.56039022e-05  8.56731540e-01  8.56804144e-01  8.56716476e-01 -4.49290642e-05  6.95337873e-06  2.97557144e-08 
 2.56039757e-05  8.56730269e-01  8.56717973e-01  8.56716526e-01 -3.71814391e-05  6.90424535e-06  2.66890743e-08 
 2.56040544e-05  8.56727757e-01  8.56636035e-01  8.56713973e-01 -3.10968309e-05  6.80389375e-06  2.27898405e-08 
 2.56041440e-05  8.56723936e-01  8.56558418e-01  8.56708358e-01 -2.64411762e-05  6.64901333e-06  1.79409817e-08 
 2.56042322e-05  8.56719462e-01  8.56498011e-01  8.56700623e-01 -2.35396102e-05  6.46998949e-06  1.29958543e-08 
 2.56043319e-05  8.56713934e-01  8.56446422e-01  8.56690024e-01 -2.16025320e-05  6.25170216e-06  7.43173273e-09 
 2.56044379e-05  8.56707698e-01  8.56406648e-01  8.56677297e-01 -2.04605330e-05  6.01218387e-06  1.66476772e-09 
 2.56045650e-05  8.56700015e-01  8.56373329e-01  8.56660940e-01 -1.98002098e-05  5.72641103e-06 -4.93831644e-09 
 2.56047099e-05  8.56691096e-01  8.56347287e-01  8.56641584e-01 -1.94723687e-05  5.40950456e-06 -1.20405529e-08 
 2.56048550e-05  8.56682129e-01  8.56328536e-01  8.56622048e-01 -1.93644234e-05  5.10649171e-06 -1.86908677e-08 
 2.56050000e-05  8.56673143e-01  8.56313621e-01  8.56602665e-01 -1.93136490e-05  4.81888524e-06 -2.49145329e-08 
 2.56050023e-05  8.56674063e-01  8.56317481e-01  8.56602369e-01 -1.82669943e-05  4.81479925e-06 -2.48823018e-08 
 2.56050068e-05  8.56674879e-01  8.56324561e-01  8.56601782e-01 -1.78745076e-05  4.80666369e-06 -2.48248716e-08 
 2.56050159e-05  8.56674760e-01  8.56336057e-01  8.56600645e-01 -1.76571541e-05  4.79045140e-06 -2.47305000e-08 
 2.56050340e-05  8.56674901e-01  8.56353803e-01  8.56598490e-01 -1.72838521e-05  4.75799851e-06 -2.45626956e-08 
 2.56050657e-05  8.56674873e-01  8.56377548e-01  8.56595012e-01 -1.67871272e-05  4.70120726e-06 -2.43111369e-08 
 2.56051292e-05  8.56674963e-01  8.56411343e-01  8.56588909e-01 -1.61633998e-05  4.58839450e-06 -2.39117658e-08 
 2.56052562e-05  8.56674836e-01  8.56447871e-01  8.56578898e-01 -1.56554981e-05  4.36812119e-06 -2.33047865e-08 
 2.56055101e-05  8.56674631e-01  8.56466523e-01  8.56562993e-01 -1.54997566e-05  3.95494236e-06 -2.22790024e-08 
 2.56058147e-05  8.56674242e-01  8.56460600e-01  8.56546654e-01 -1.55128480e-05  3.50895056e-06 -2.10609043e-08 
 2.56062988e-05  8.56673824e-01  8.56446813e-01  8.56522685e-01 -1.55094531e-05  2.90027187e-06 -1.91135682e-08 
 2.56070454e-05  8.56673155e-01  8.56428309e-01  8.56489439e-01 -1.55095461e-05  2.15916634e-06 -1.62291094e-08 
 2.56085386e-05  8.56672307e-01  8.56402460e-01  8.56435684e-01 -1.55123554e-05  1.18070414e-06 -1.12464927e-08 
 2.56115249e-05  8.56671244e-01  8.56384362e-01  8.56372046e-01 -1.55176050e-05  3.08229926e-07 -4.72035883e-09 
 2.56169674e-05  8.56670668e-01  8.56421820e-01  8.56359774e-01 -1.55320426e-05 -1.01585166e-08 -4.01484494e-10 
 2.56233022e-05  8.56670520e-01  8.56516347e-01  8.56434094e-01 -1.55416349e-05  1.08953599e-09  4.97309737e-11 
 2.56342887e-05  8.56670656e-01  8.56681686e-01  8.56601912e-01 -1.55544774e-05 -3.76248074e-10  2.09827337e-11 
 2.56472858e-05  8.56670744e-01  8.56807961e-01  8.56746460e-01 -1.55591195e-05  1.88638395e-10  3.52837093e-11 
 2.56670995e-05  8.56670895e-01  8.56855331e-01  8.56814088e-01 -1.55653399e-05 -1.01193266e-10 -3.79873325e-13 
 2.56977142e-05  8.56670790e-01  8.56789099e-01  8.56754410e-01 -1.55659636e-05  6.75443518e-11 -3.31368445e-12 
 2.57488571e-05  8.56670735e-01  8.56733667e-01  8.56689071e-01 -1.55681244e-05 -5.99667447e-11 -2.16640128e-12 
 2.58000000e-05  8.56670714e-01  8.56777534e-01  8.56732238e-01 -1.55660308e-05  5.01560230e-11  6.69798022e-12 
 2.58000393e-05  8.56672030e-01  8.56798615e-01  8.56732603e-01 -1.27820113e-05  5.75734554e-09  9.83376716e-10 
 2.58001180e-05  8.56672891e-01  8.56828945e-01  8.56733791e-01 -1.21787055e-05  1.68651915e-08  2.82421896e-09 
 2.58002754e-05  8.56674254e-01  8.56858130e-01  8.56737874e-01 -1.19178494e-05  3.72217231e-08  6.13529767e-09 
 2.58004952e-05  8.56676283e-01  8.56873306e-01  8.56745032e-01 -1.18448122e-05  6.31786297e-08  1.03291899e-08 
 2.58008119e-05  8.56679020e-01  8.56879016e-01  8.56755553e-01 -1.19078597e-05  9.68587578e-08  1.57582938e-08 
 2.58012853e-05  8.56683549e-01  8.56882463e-01  8.56769796e-01 -1.21895652e-05  1.39809299e-07  2.26525346e-08 
 2.58013918e-05  8.56684739e-01  8.56881814e-01  8.56772695e-01 -1.24877574e-05  1.48273672e-07  2.39889686e-08 
 2.58016048e-05  8.56688357e-01  8.56877395e-01  8.56777931e-01 -1.40155752e-05  1.63297440e-07  2.62453459e-08 
 2.58017488e-05  8.56692255e-01  8.56868374e-01  8.56780850e-01 -1.65138986e-05  1.71482518e-07  2.72833576e-08 
 2.58018665e-05  8.56697015e-01  8.56854947e-01  8.56782595e-01 -1.99116782e-05  1.76265374e-07  2.76279022e-08 
 2.58019845e-05  8.56703204e-01  8.56833552e-01  8.56783463e-01 -2.50320017e-05  1.78740125e-07  2.73222342e-08 
 2.58021091e-05  8.56711366e-01  8.56801521e-01  8.56783037e-01 -3.21209974e-05  1.78172345e-07  2.60977723e-08 
 2.58022484e-05  8.56721527e-01  8.56753063e-01  8.56780403e-01 -4.16412380e-05  1.72952491e-07  2.33946784e-08 
 2.58023776e-05  8.56731111e-01  8.56695551e-01  8.56775420e-01 -5.06467515e-05  1.63077578e-07  1.94079663e-08 
 2.58024919e-05  8.56738639e-01  8.56632245e-01  8.56768514e-01 -5.75783833e-05  1.49562135e-07  1.44425086e-08 
 2.58025946e-05  8.56744083e-01  8.56562967e-01  8.56759913e-01 -6.18209205e-05  1.32862118e-07  8.59501164e-09 
 2.58027101e-05  8.56747903e-01  8.56470018e-01  8.56746989e-01 -6.42747685e-05  1.08281397e-07  2.28808411e-10 
 2.58028189e-05  8.56749157e-01  8.56373614e-01  8.56731309e-01 -6.57662871e-05  7.96870701e-08 -9.29340999e-09 
 2.58029307e-05  8.56747947e-01  8.56276280e-01  8.56711672e-01 -6.72079362e-05  4.55981643e-08 -2.03346239e-08 
 2.58030399e-05  8.56744497e-01  8.56190329e-01  8.56689385e-01 -6.82423123e-05  6.96625634e-09 -3.19682874e-08 
 2.58031367e-05  8.56739356e-01  8.56126356e-01  8.56667589e-01 -6.87492853e-05 -3.92865221e-08 -4.26632817e-08 
 2.58032015e-05  8.56734694e-01  8.56093171e-01  8.56652227e-01 -6.85061046e-05 -9.08293846e-08 -4.98540373e-08 
 2.58032618e-05  8.56729268e-01  8.56072163e-01  8.56637621e-01 -6.77643770e-05 -1.71677163e-07 -5.64292046e-08 
 2.58033137e-05  8.56723210e-01  8.56064210e-01  8.56625048e-01 -6.65014242e-05 -2.73373268e-07 -6.18333849e-08 
 2.58033467e-05  8.56717971e-01  8.56066066e-01  8.56617133e-01 -6.54457900e-05 -3.52411098e-07 -6.50295072e-08 
 2.58033703e-05  8.56712662e-01  8.56072758e-01  8.56611594e-01 -6.42686821e-05 -4.13482861e-07 -6.70846105e-08 
 2.58033936e-05  8.56705915e-01  8.56085910e-01  8.56606257e-01 -6.27888637e-05 -4.76200758e-07 -6.88257601e-08 
 2.58034225e-05  8.56695982e-01  8.56113125e-01  8.56599944e-01 -6.03477328e-05 -5.54664077e-07 -7.04560680e-08 
 2.58034530e-05  8.56684796e-01  8.56155149e-01  8.56593776e-01 -5.72731805e-05 -6.36347341e-07 -7.14726827e-08 
 2.58034936e-05  8.56670626e-01  8.56228193e-01  8.56586604e-01 -5.26182111e-05 -7.40940714e-07 -7.17516805e-08 
 2.58035234e-05  8.56661457e-01  8.56290443e-01  8.56582211e-01 -4.90567875e-05 -8.14239624e-07 -7.12792478e-08 
 2.58035528e-05  8.56653804e-01  8.56354640e-01  8.56578685e-01 -4.55811729e-05 -8.83330120e-07 -7.03909631e-08 
 2.58035864e-05  8.56646565e-01  8.56428322e-01  8.56575614e-01 -4.17995512e-05 -9.59443787e-07 -6.90022293e-08 
 2.58036255e-05  8.56640098e-01  8.56510404e-01  8.56573295e-01 -3.77527411e-05 -1.04475182e-06 -6.70640204e-08 
 2.58036631e-05  8.56635475e-01  8.56582435e-01  8.56572255e-01 -3.43227375e-05 -1.12366157e-06 -6.50342697e-08 
 2.58037052e-05  8.56631765e-01  8.56653598e-01  8.56572304e-01 -3.10008099e-05 -1.20945703e-06 -6.26966518e-08 
 2.58037485e-05  8.56629047e-01  8.56716015e-01  8.56573502e-01 -2.81217175e-05 -1.29546697e-06 -6.03072966e-08 
 2.58037996e-05  8.56626903e-01  8.56776345e-01  8.56576128e-01 -2.53371735e-05 -1.39427086e-06 -5.75811832e-08 
 2.58038553e-05  8.56625350e-01  8.56828096e-01  8.56580169e-01 -2.29153240e-05 -1.49923332e-06 -5.47473831e-08 
 2.58039234e-05  8.56624223e-01  8.56875599e-01  8.56586313e-01 -2.06298053e-05 -1.62369847e-06 -5.14817405e-08 
 2.58040020e-05  8.56623500e-01  8.56914887e-01  8.56594553e-01 -1.86570863e-05 -1.76289683e-06 -4.79303030e-08 
 2.58041030e-05  8.56623229e-01  8.56949456e-01  8.56606227e-01 -1.68562072e-05 -1.93528005e-06 -4.36307582e-08 
 2.58042280e-05  8.56623552e-01  8.56977824e-01  8.56621569e-01 -1.53889619e-05 -2.14112128e-06 -3.86063645e-08 
 2.58043960e-05  8.56625087e-01  8.57003516e-01  8.56642783e-01 -1.42653548e-05 -2.41670406e-06 -3.22316304e-08 
 2.58046038e-05  8.56628825e-01  8.57026446e-01  8.56669066e-01 -1.36315105e-05 -2.80115296e-06 -2.48594935e-08 
 2.58048019e-05  8.56634434e-01  8.57044262e-01  8.56693721e-01 -1.34027606e-05 -3.28473580e-06 -1.83304785e-08 
 2.58050000e-05  8.56641190e-01  8.57060196e-01  8.56717783e-01 -1.33125966e-05 -3.94883291e-06 -1.22671095e-08 
 2.58050048e-05  8.56640417e-01  8.57056735e-01  8.56718356e-01 -1.55592310e-05 -3.96844385e-06 -1.22564693e-08 
 2.58050145e-05  8.56639867e-01  8.57050758e-01  8.56719489e-01 -1.57816781e-05 -4.00786571e-06 -1.22262545e-08 
 2.58050339e-05  8.56639926e-01  8.57042078e-01  8.56721685e-01 -1.57166230e-05 -4.08641218e-06 -1.21405370e-08 
 2.58050727e-05  8.56639586e-01  8.57029417e-01  8.56725862e-01 -1.58161273e-05 -4.24060888e-06 -1.19345025e-08 
 2.58051503e-05  8.56639666e-01  8.57012978e-01  8.56733579e-01 -1.57644103e-05 -4.53901776e-06 -1.14424514e-08 
 2.58052621e-05  8.56639677e-01  8.57001800e-01  8.56743679e-01 -1.58129234e-05 -4.94664270e-06 -1.06612081e-08 
 2.58054138e-05  8.56640060e-01  8.56999038e-01  8.56756273e-01 -1.57465621e-05 -5.46095488e-06 -9.55263351e-09 
 2.58056528e-05  8.56640363e-01  8.57005715e-01  8.56774824e-01 -1.57929364e-05 -6.18829855e-06 -7.75359067e-09 
 2.58061310e-05  8.56641339e-01  8.57027159e-01  8.56809523e-01 -1.57314707e-05 -7.37868327e-06 -4.09093170e-09 
 2.58070873e-05  8.56642947e-01  8.57066445e-01  8.56871957e-01 -1.57699341e-05 -8.94981363e-06  2.89864392e-09 
 2.58089999e-05  8.56646343e-01  8.57120553e-01  8.56970841e-01 -1.56978414e-05 -1.01425347e-05  1.36793040e-08 
 2.58119523e-05  8.56650629e-01  8.57156583e-01  8.57063564e-01 -1.57286969e-05 -9.75584548e-06  2.16265862e-08 
 2.58153438e-05  8.56654821e-01  8.57149293e-01  8.57101167e-01 -1.56597765e-05 -8.46977365e-06  2.24823340e-08 
 2.58202924e-05  8.56659307e-01  8.57091417e-01  8.57077623e-01 -1.56927342e-05 -6.71412513e-06  1.89392591e-08 
 2.58282360e-05  8.56664680e-01  8.56963815e-01  8.56963648e-01 -1.56215823e-05 -4.61878300e-06  1.29705577e-08 
 2.58404225e-05  8.56669590e-01  8.56800096e-01  8.56787037e-01 -1.56574995e-05 -2.61756626e-06  7.27448947e-09 
 2.58539743e-05  8.56672783e-01  8.56709842e-01  8.56677604e-01 -1.55987491e-05 -1.40455978e-06  3.90624986e-09 
 2.58705679e-05  8.56674626e-01  8.56700490e-01  8.56654134e-01 -1.56467844e-05 -6.53298029e-07  1.81712543e-09 
 2.58897855e-05  8.56675812e-01  8.56747455e-01  8.56696993e-01 -1.55941151e-05 -2.67257004e-07  7.52740754e-10 
 2.59155010e-05  8.56676285e-01  8.56801672e-01  8.56755153e-01 -1.56453638e-05 -7.53562028e-08  2.14804228e-10 
 2.59484748e-05  8.56676601e-01  8.56811221e-01  8.56769837e-01 -1.55942286e-05 -1.25592289e-08  3.59750896e-11 
 2.59971814e-05  8.56676495e-01  8.56789149e-01  8.56747183e-01 -1.56458576e-05  4.19170853e-10 -1.93225102e-12 
 2.60715964e-05  8.56676598e-01  8.56792321e-01  8.56748523e-01 -1.55943789e-05 -1.51386910e-10  2.91248210e-12 
 2.61715964e-05  8.56676493e-01  8.56800013e-01  8.56757678e-01 -1.56457893e-05  9.25928906e-11  4.70263477e-14 
 2.62715964e-05  8.56676593e-01  8.56793235e-01  8.56750265e-01 -1.55944108e-05 -7.28239879e-11  1.60932904e-12 
 2.63715964e-05  8.56676478e-01  8.56798531e-01  8.56755561e-01 -1.56457811e-05  5.83651987e-11  8.27829613e-13 
 2.64715964e-05  8.56676588e-01  8.56796682e-01  8.56754052e-01 -1.55944064e-05 -5.51850651e-11  1.27798081e-12 
 2.65715964e-05  8.56676467e-01  8.56796684e-01  8.56753658e-01 -1.56457892e-05  4.74344446e-11  8.47773457e-13 
 2.66715964e-05  8.56676579e-01  8.56797819e-01  8.56755098e-01 -1.55944009e-05 -4.72723117e-11  1.38242754e-12 
 2.67715964e-05  8.56676458e-01  8.56796724e-01  8.56753833e-01 -1.56457902e-05  4.10878616e-11  7.37741736e-13 
 2.68715964e-05  8.56676569e-01  8.56797460e-01  8.56754635e-01 -1.55944037e-05 -4.18641094e-11  1.43597715e-12 
 2.69715964e-05  8.56676449e-01  8.56797230e-01  8.56754392e-01 -1.56457855e-05  3.62935472e-11  7.43732929e-13 
 2.70715964e-05  8.56676559e-01  8.56797131e-01  8.56754298e-01 -1.55944089e-05 -3.75098123e-11  1.39059239e-12 
 2.71715964e-05  8.56676440e-01  8.56797379e-01  8.56754525e-01 -1.56457807e-05  3.22866961e-11  8.01530283e-13 
 2.72715964e-05  8.56676549e-01  8.56797128e-01  8.56754317e-01 -1.55944130e-05 -3.38064843e-11  1.33859465e-12 
 2.73715964e-05  8.56676430e-01  8.56797303e-01  8.56754432e-01 -1.56457772e-05  2.88661645e-11  8.39442882e-13 
 2.74715964e-05  8.56676540e-01  8.56797199e-01  8.56754396e-01 -1.55944161e-05 -3.06572838e-11  1.31442247e-12 
 2.75715964e-05  8.56676420e-01  8.56797240e-01  8.56754369e-01 -1.56457741e-05  2.59746771e-11  8.53993417e-13 
 2.76715964e-05  8.56676530e-01  8.56797213e-01  8.56754407e-01 -1.55944193e-05 -2.80081223e-11  1.30472857e-12 
 2.77357982e-05  8.56676413e-01  8.56797237e-01  8.56754371e-01 -1.56457699e-05  2.29777419e-11  8.64356113e-13 
 2.78000000e-05  8.56676524e-01  8.56797190e-01  8.56754380e-01 -1.55944246e-05 -2.47246663e-11  1.29212130e-12 
 2.78000906e-05  8.56674085e-01  8.56761480e-01  8.56753130e-01 -1.80924394e-05 -1.73771996e-08 -2.10856552e-09 
 2.78002717e-05  8.56672070e-01  8.56718560e-01  8.56749218e-01 -1.82675863e-05 -4.96349468e-08 -6.01119494e-09 
 2.78005331e-05  8.56670158e-01  8.56701769e-01  8.56741082e-01 -1.86315319e-05 -8.89755270e-08 -1.09734964e-08 
 2.78008351e-05  8.56668495e-01  8.56697860e-01  8.56731501e-01 -2.02517008e-05 -1.25800144e-07 -1.60167798e-08 
 2.78010551e-05  8.56668464e-01  8.56699836e-01  8.56725139e-01 -2.28891822e-05 -1.46120923e-07 -1.91587411e-08 
 2.78012912e-05  8.56669871e-01  8.56704170e-01  8.56719190e-01 -2.78010006e-05 -1.61571324e-07 -2.20050788e-08 
 2.78015224e-05  8.56673066e-01  8.56712659e-01  8.56714450e-01 -3.48677702e-05 -1.69991032e-07 -2.42084210e-08 
 2.78017192e-05  8.56677078e-01  8.56723094e-01  8.56711465e-01 -4.27615426e-05 -1.71124090e-07 -2.55541483e-08 
 2.78018767e-05  8.56681167e-01  8.56735416e-01  8.56709936e-01 -5.02192671e-05 -1.67030975e-07 -2.61885901e-08 
 2.78020046e-05  8.56684837e-01  8.56748647e-01  8.56709400e-01 -5.70032598e-05 -1.59317234e-07 -2.63245906e-08 
 2.78021120e-05  8.56688124e-01  8.56763593e-01  8.56709564e-01 -6.30753879e-05 -1.48735792e-07 -2.60836518e-08 
 2.78022048e-05  8.56690849e-01  8.56780246e-01  8.56710274e-01 -6.85404230e-05 -1.35495752e-07 -2.55244715e-08 
 2.78022859e-05  8.56693062e-01  8.56799196e-01  8.56711444e-01 -7.33546519e-05 -1.19704840e-07 -2.46714797e-08 
 2.78023578e-05  8.56694605e-01  8.56820685e-01  8.56713022e-01 -7.75754016e-05 -1.01298896e-07 -2.35341308e-08 
 2.78024229e-05  8.56695538e-01  8.56845530e-01  8.56715007e-01 -8.12117474e-05 -7.99312761e-08 -2.20902995e-08 
 2.78024849e-05  8.56695800e-01  8.56875449e-01  8.56717523e-01 -8.44367845e-05 -5.42040364e-08 -2.02381134e-08 
 2.78025508e-05  8.56695623e-01  8.56915034e-01  8.56721032e-01 -8.75003129e-05 -2.00508550e-08 -1.76515317e-08 
 2.78026205e-05  8.56695357e-01  8.56965005e-01  8.56725874e-01 -9.03843133e-05  2.40007523e-08 -1.41727753e-08 
 2.78027043e-05  8.56695565e-01  8.57032825e-01  8.56733463e-01 -9.34417383e-05  8.60298131e-08 -9.02858613e-09 
 2.78027960e-05  8.56696583e-01  8.57112022e-01  8.56744131e-01 -9.63574859e-05  1.59502566e-07 -2.34839350e-09 
 2.78028755e-05  8.56698084e-01  8.57182081e-01  8.56755403e-01 -9.84400970e-05  2.19500863e-07  4.19259569e-09 
 2.78029609e-05  8.56700387e-01  8.57256325e-01  8.56769531e-01 -1.00220959e-04  2.69934945e-07  1.18332227e-08 
 2.78030523e-05  8.56704015e-01  8.57331225e-01  8.56786816e-01 -1.01690859e-04  3.04899996e-07  2.05338137e-08 
 2.78031408e-05  8.56708816e-01  8.57394981e-01  8.56805376e-01 -1.02781394e-04  3.27184969e-07  2.92583802e-08 
 2.78032522e-05  8.56715921e-01  8.57457865e-01  8.56830586e-01 -1.02945108e-04  3.49795079e-07  4.02934401e-08 
 2.78033326e-05  8.56721530e-01  8.57486462e-01  8.56849535e-01 -1.00878559e-04  3.64530041e-07  4.79607781e-08 
 2.78033890e-05  8.56725315e-01  8.57492745e-01  8.56862863e-01 -9.66955669e-05  3.73685383e-07  5.28767637e-08 
 2.78034391e-05  8.56728472e-01  8.57483704e-01  8.56874408e-01 -9.07115638e-05  3.80091911e-07  5.66265547e-08 
 2.78034955e-05  8.56731493e-01  8.57453876e-01  8.56886716e-01 -8.19777178e-05  3.84816148e-07  5.99148751e-08 
 2.78035566e-05  8.56734185e-01  8.57399037e-01  8.56898720e-01 -7.13406994e-05  3.86499282e-07  6.22286031e-08 
 2.78036286e-05  8.56736423e-01  8.57311021e-01  8.56910452e-01 -5.87513378e-05  3.84096888e-07  6.33229794e-08 
 2.78037233e-05  8.56738145e-01  8.57174680e-01  8.56921224e-01 -4.44566594e-05  3.74638384e-07  6.25125567e-08 
 2.78037895e-05  8.56738617e-01  8.57076937e-01  8.56925451e-01 -3.68474593e-05  3.64741153e-07  6.07950140e-08 
 2.78038524e-05  8.56738725e-01  8.56990313e-01  8.56927073e-01 -3.14396032e-05  3.53600967e-07  5.86223527e-08 
 2.78039251e-05  8.56738498e-01  8.56901998e-01  8.56926391e-01 -2.69573012e-05  3.39305696e-07  5.57254966e-08 
 2.78040053e-05  8.56738015e-01  8.56821475e-01  8.56922997e-01 -2.37731301e-05  3.22364164e-07  5.23061992e-08 
 2.78040884e-05  8.56737313e-01  8.56756172e-01  8.56917209e-01 -2.17586524e-05  3.04092183e-07  4.87089658e-08 
 2.78041798e-05  8.56736448e-01  8.56702555e-01  8.56908922e-01 -2.05278042e-05  2.83573944e-07  4.48234298e-08 
 2.78042811e-05  8.56735399e-01  8.56660329e-01  8.56898189e-01 -1.98011036e-05  2.60784141e-07  4.06821915e-08 
 2.78044002e-05  8.56734143e-01  8.56626592e-01  8.56884346e-01 -1.94288936e-05  2.34268611e-07  3.60588931e-08 
 2.78045408e-05  8.56732626e-01  8.56600360e-01  8.56867180e-01 -1.92397749e-05  2.03786789e-07  3.09246724e-08 
 2.78047181e-05  8.56730733e-01  8.56578353e-01  8.56845218e-01 -1.91842941e-05  1.67050209e-07  2.49005298e-08 
 2.78048591e-05  8.56729229e-01  8.56565328e-01  8.56827879e-01 -1.91579095e-05  1.39374794e-07  2.04295573e-08 
 2.78050000e-05  8.56727748e-01  8.56554099e-01  8.56810826e-01 -1.91643998e-05  1.13081493e-07  1.62115688e-08 
 2.78050023e-05  8.56728252e-01  8.56555896e-01  8.56810552e-01 -1.69773955e-05  1.12972857e-07  1.62084584e-08 
 2.78050069e-05  8.56728719e-01  8.56559230e-01  8.56810008e-01 -1.66414755e-05  1.12802443e-07  1.61995384e-08 
 2.78050161e-05  8.56728650e-01  8.56564662e-01  8.56808939e-01 -1.65187303e-05  1.12543998e-07  1.61706088e-08 
 2.78050345e-05  8.56728697e-01  8.56573002e-01  8.56806864e-01 -1.63089857e-05  1.11975747e-07  1.60997222e-08 
 2.78050670e-05  8.56728653e-01  8.56584270e-01  8.56803368e-01 -1.60412989e-05  1.10878579e-07  1.59530374e-08 
 2.78051319e-05  8.56728626e-01  8.56599793e-01  8.56796853e-01 -1.57130132e-05  1.08458747e-07  1.56068895e-08 
 2.78052617e-05  8.56728441e-01  8.56614376e-01  8.56785081e-01 -1.54730024e-05  1.03334153e-07  1.48385444e-08 
 2.78055213e-05  8.56728117e-01  8.56615116e-01  8.56764037e-01 -1.54212953e-05  9.33798592e-08  1.33193717e-08 
 2.78058267e-05  8.56727704e-01  8.56602240e-01  8.56741221e-01 -1.54342468e-05  8.27958859e-08  1.17151620e-08 
 2.78063432e-05  8.56727137e-01  8.56579608e-01  8.56705054e-01 -1.54339946e-05  6.74829274e-08  9.41693212e-09 
 2.78072497e-05  8.56726253e-01  8.56545576e-01  8.56648175e-01 -1.54412329e-05  4.69788431e-08  6.36901685e-09 
 2.78090628e-05  8.56725049e-01  8.56497473e-01  8.56557971e-01 -1.54512825e-05  2.21594508e-08  2.75441361e-09 
 2.78126890e-05  8.56723721e-01  8.56458815e-01  8.56454853e-01 -1.54724878e-05  3.56600876e-09  2.03954514e-10 
 2.78183237e-05  8.56723038e-01  8.56486658e-01  8.56428426e-01 -1.54973406e-05 -2.67189198e-10 -1.39014764e-10 
 2.78258174e-05  8.56722799e-01  8.56584664e-01  8.56505694e-01 -1.55214471e-05  3.65582055e-11  1.19747747e-11 
 2.78383371e-05  8.56722789e-01  8.56740015e-01  8.56668362e-01 -1.55434007e-05  5.10216522e-12  3.11199507e-11 
 2.78503935e-05  8.56722801e-01  8.56826750e-01  8.56770410e-01 -1.55546549e-05  1.59723630e-11  2.04066546e-11 
 2.78725885e-05  8.56722834e-01  8.56858979e-01  8.56818749e-01 -1.55631021e-05 -3.68958163e-12  8.28668351e-13 
 2.79106819e-05  8.56722726e-01  8.56803022e-01  8.56764671e-01 -1.55673451e-05 -1.54114113e-12 -4.06605587e-12 
 2.79553410e-05  8.56722698e-01  8.56790728e-01  8.56745545e-01 -1.55668559e-05 -1.18834326e-12  1.96391129e-12 
 2.80000000e-05  8.56722706e-01  8.56823741e-01  8.56779451e-01 -1.55671840e-05  1.87393395e-12  3.26195283e-12 
 2.80000305e-05  8.56726209e-01  8.56859297e-01  8.56779898e-01 -1.37362336e-05  3.56712537e-09  1.55048832e-09 
 2.80000916e-05  8.56730243e-01  8.56911412e-01  8.56781409e-01 -1.27518628e-05  9.76501283e-09  4.49592393e-09 
 2.80002138e-05  8.56737625e-01  8.56967201e-01  8.56786898e-01 -1.20766368e-05  1.81344663e-08  9.88566021e-09 
 2.80003869e-05  8.56748305e-01  8.57005128e-01  8.56797364e-01 -1.18145554e-05  2.60123399e-08  1.68912288e-08 
 2.80006917e-05  8.56766649e-01  8.57028382e-01  8.56817655e-01 -1.18581127e-05  3.67870939e-08  2.80668062e-08 
 2.80010580e-05  8.56789018e-01  8.57042623e-01  8.56841546e-01 -1.18622517e-05  4.74205637e-08  3.98405347e-08 
 2.80013170e-05  8.56804845e-01  8.57049261e-01  8.56857457e-01 -1.21936859e-05  5.17416971e-08  4.71353055e-08 
 2.80014989e-05  8.56816731e-01  8.57053050e-01  8.56868052e-01 -1.28243605e-05  4.84683784e-08  5.17039943e-08 
 2.80016473e-05  8.56827047e-01  8.57052085e-01  8.56876219e-01 -1.42415119e-05  3.46318975e-08  5.49500796e-08 
 2.80017697e-05  8.56836760e-01  8.57047996e-01  8.56882477e-01 -1.63126214e-05  7.58090461e-09  5.71491014e-08 
 2.80018893e-05  8.56847151e-01  8.57038094e-01  8.56887979e-01 -1.97172019e-05 -4.22937487e-08  5.86868164e-08 
 2.80020142e-05  8.56859365e-01  8.57020899e-01  8.56892786e-01 -2.47976074e-05 -1.30736918e-07  5.94330877e-08 
 2.80021452e-05  8.56872776e-01  8.56993507e-01  8.56896441e-01 -3.18890789e-05 -2.77063352e-07  5.90299485e-08 
 2.80022884e-05  8.56887441e-01  8.56952744e-01  8.56898325e-01 -4.07750157e-05 -5.15584290e-07  5.69433825e-08 
 2.80024244e-05  8.56899587e-01  8.56902491e-01  8.56897607e-01 -4.90875936e-05 -8.33507800e-07  5.31152676e-08 
 2.80025465e-05  8.56908019e-01  8.56846121e-01  8.56894454e-01 -5.48697241e-05 -1.21018382e-06  4.78798954e-08 
 2.80026578e-05  8.56912385e-01  8.56782836e-01  8.56889102e-01 -5.77762763e-05 -1.64421805e-06  4.13457392e-08 
 2.80027805e-05  8.56913041e-01  8.56700937e-01  8.56879997e-01 -5.87287248e-05 -2.23313807e-06  3.20561006e-08 
 2.80029102e-05  8.56908447e-01  8.56608568e-01  8.56866447e-01 -5.93055504e-05 -2.97411988e-06  2.01229160e-08 
 2.80029958e-05  8.56902664e-01  8.56549707e-01  8.56855335e-01 -5.96552422e-05 -3.51989062e-06  1.13149747e-08 
 2.80030903e-05  8.56893380e-01  8.56490045e-01  8.56841290e-01 -5.99450370e-05 -4.16297922e-06  9.84271675e-10 
 2.80031932e-05  8.56879003e-01  8.56434059e-01  8.56824275e-01 -6.00243926e-05 -4.89622464e-06 -1.07029114e-08 
 2.80032708e-05  8.56862824e-01  8.56400433e-01  8.56810522e-01 -5.97094319e-05 -5.46095919e-06 -1.96319672e-08 
 2.80033342e-05  8.56844942e-01  8.56381019e-01  8.56798939e-01 -5.90237368e-05 -5.91902682e-06 -2.68217169e-08 
 2.80033934e-05  8.56824603e-01  8.56371915e-01  8.56788043e-01 -5.78814086e-05 -6.33408630e-06 -3.32681382e-08 
 2.80034317e-05  8.56810943e-01  8.56372612e-01  8.56781066e-01 -5.69050375e-05 -6.58914476e-06 -3.71527787e-08 
 2.80034603e-05  8.56800568e-01  8.56378766e-01  8.56775966e-01 -5.58440505e-05 -6.76657167e-06 -3.97682016e-08 
 2.80034883e-05  8.56790995e-01  8.56391969e-01  8.56771155e-01 -5.44734570e-05 -6.92251832e-06 -4.19300381e-08 
 2.80035221e-05  8.56781581e-01  8.56419939e-01  8.56765675e-01 -5.22416076e-05 -7.08126162e-06 -4.38559335e-08 
 2.80035580e-05  8.56776462e-01  8.56464084e-01  8.56760448e-01 -4.93562099e-05 -7.20910679e-06 -4.49755068e-08 
 2.80036069e-05  8.56779549e-01  8.56542347e-01  8.56754636e-01 -4.48474005e-05 -7.31619274e-06 -4.50533743e-08 
 2.80036410e-05  8.56788908e-01  8.56604739e-01  8.56751600e-01 -4.15762249e-05 -7.34929025e-06 -4.42627909e-08 
 2.80036760e-05  8.56804058e-01  8.56670552e-01  8.56749421e-01 -3.82656390e-05 -7.35389234e-06 -4.29189433e-08 
 2.80037168e-05  8.56827725e-01  8.56745461e-01  8.56748057e-01 -3.46644566e-05 -7.32931581e-06 -4.08736971e-08 
 2.80037630e-05  8.56860838e-01  8.56824000e-01  8.56747944e-01 -3.09931100e-05 -7.27221157e-06 -3.81709397e-08 
 2.80038088e-05  8.56898624e-01  8.56892809e-01  8.56749173e-01 -2.78704262e-05 -7.19383592e-06 -3.52835704e-08 
 2.80038597e-05  8.56944607e-01  8.56957465e-01  8.56751851e-01 -2.49669142e-05 -7.09056591e-06 -3.20135865e-08 
 2.80039139e-05  8.56996859e-01  8.57013642e-01  8.56755946e-01 -2.24774785e-05 -6.96870663e-06 -2.85581412e-08 
 2.80039775e-05  8.57060998e-01  8.57065083e-01  8.56761992e-01 -2.01876564e-05 -6.81746682e-06 -2.46255986e-08 
 2.80040494e-05  8.57135785e-01  8.57108351e-01  8.56769985e-01 -1.82653174e-05 -6.64196345e-06 -2.03753602e-08 
 2.80041376e-05  8.57229829e-01  8.57146080e-01  8.56780882e-01 -1.65799685e-05 -6.42592523e-06 -1.54354527e-08 
 2.80042437e-05  8.57345828e-01  8.57177063e-01  8.56794920e-01 -1.52483145e-05 -6.16960759e-06 -9.83972901e-09 
 2.80043819e-05  8.57503446e-01  8.57204264e-01  8.56813901e-01 -1.42094989e-05 -5.84581317e-06 -3.03339248e-09 
 2.80045590e-05  8.57726368e-01  8.57228572e-01  8.56838517e-01 -1.35552777e-05 -5.45065473e-06  4.95568611e-09 
 2.80047795e-05  8.58069476e-01  8.57251899e-01  8.56868832e-01 -1.32224102e-05 -4.99205957e-06  1.36878065e-08 
 2.80050000e-05  8.58523796e-01  8.57272052e-01  8.56898423e-01 -1.31088087e-05 -4.56994703e-06  2.09757473e-08 
 2.80050058e-05  8.58535368e-01  8.57263207e-01  8.56899166e-01 -1.42938508e-05 -4.56005222e-06  2.08346019e-08 
 2.80050173e-05  8.58560665e-01  8.57248166e-01  8.56900613e-01 -1.46564866e-05 -4.54025406e-06  2.05752759e-08 
 2.80050405e-05  8.58613196e-01  8.57226657e-01  8.56903318e-01 -1.48222342e-05 -4.50055370e-06  2.01093756e-08 
 2.80050867e-05  8.58716897e-01  8.57195668e-01  8.56908175e-01 -1.52540327e-05 -4.42124007e-06  1.92571873e-08 
 2.80051792e-05  8.58924112e-01  8.57156393e-01  8.56916346e-01 -1.55101944e-05 -4.26495819e-06  1.77537525e-08 
 2.80053245e-05  8.59244891e-01  8.57128250e-01  8.56926689e-01 -1.56908742e-05 -4.02894996e-06  1.56262542e-08 
 2.80055179e-05  8.59664410e-01  8.57119198e-01  8.56938174e-01 -1.56278945e-05 -3.73444218e-06  1.30116294e-08 
 2.80058483e-05  8.60358987e-01  8.57124202e-01  8.56955614e-01 -1.56779451e-05 -3.27987000e-06  8.95299862e-09 
 2.80063491e-05  8.61363138e-01  8.57140656e-01  8.56980006e-01 -1.56124297e-05 -2.69315574e-06  3.70036646e-09 
 2.80073506e-05  8.63205829e-01  8.57174703e-01  8.57025006e-01 -1.56618396e-05 -1.80875749e-06 -4.14483533e-09 
 2.80093538e-05  8.66319387e-01  8.57253025e-01  8.57108531e-01 -1.55866944e-05 -7.88402806e-07 -1.24266185e-08 
 2.80133600e-05  8.70797647e-01  8.57490421e-01  8.57304551e-01 -1.56253956e-05 -9.46666930e-08 -1.46853740e-08 
 2.80188197e-05  8.74381643e-01  8.58063863e-01  8.57753149e-01 -1.55544821e-05  3.18181691e-09 -9.22049567e-09 
 2.80255291e-05  8.76575722e-01  8.59209898e-01  8.58716721e-01 -1.56100171e-05 -3.66499941e-10 -4.01729348e-09 
 2.80330787e-05  8.77645596e-01  8.60983866e-01  8.60325571e-01 -1.55524749e-05  2.90121593e-10 -1.33642908e-09 
 2.80419583e-05  8.78124701e-01  8.63427715e-01  8.62676229e-01 -1.56133448e-05  2.95237237e-10 -4.89370539e-11 
 2.80536851e-05  8.78315623e-01  8.66649890e-01  8.65928333e-01 -1.55568319e-05  3.79904321e-10  4.90702485e-10 
 2.80656022e-05  8.78355986e-01  8.69388273e-01  8.68812853e-01 -1.56181253e-05  3.26454972e-10  5.22317746e-10 
 2.80782515e-05  8.78365775e-01  8.71383186e-01  8.71005075e-01 -1.55640704e-05  2.29323899e-10  3.85354386e-10 
 2.80919381e-05  8.78367981e-01  8.72524952e-01  8.72331371e-01 -1.56291167e-05  1.12111492e-10  1.99879482e-10 
 2.81079496e-05  8.78368807e-01  8.72958741e-01  8.72890469e-01 -1.55779380e-05  1.71657178e-11  4.55230525e-11 
 2.81279612e-05  8.78368366e-01  8.72995449e-01  8.72959245e-01 -1.56426135e-05 -2.25367164e-11 -2.70518044e-11 
 2.81471167e-05  8.78368346e-01  8.73104599e-01  8.73033993e-01 -1.55862595e-05 -1.03244722e-11 -7.62203056e-12 
 2.81738737e-05  8.78368099e-01  8.73664716e-01  8.73551322e-01 -1.56443896e-05  2.11511678e-11  3.85260366e-11 
 2.81982086e-05  8.78368631e-01  8.74360084e-01  8.74243807e-01 -1.55849216e-05  2.91935540e-11  5.55423769e-11 
 2.82403540e-05  8.78368830e-01  8.75320249e-01  8.75231836e-01 -1.56432516e-05  1.87652992e-11  3.48471078e-11 
 2.82941645e-05  8.78369339e-01  8.76071839e-01  8.76001202e-01 -1.55855989e-05  6.67638817e-12  1.74677037e-11 
 2.83508827e-05  8.78369265e-01  8.76675307e-01  8.76605079e-01 -1.56441652e-05  9.86145562e-12  1.79705799e-11 
 2.84508827e-05  8.78369812e-01  8.77464546e-01  8.77406978e-01 -1.55857750e-05  4.26506898e-12  1.19457128e-11 
 2.85508827e-05  8.78369689e-01  8.77877256e-01  8.77826105e-01 -1.56444978e-05  2.34354463e-12  4.35418845e-12 
 2.86508827e-05  8.78370019e-01  8.78136720e-01  8.78087029e-01 -1.55860365e-05  1.38952933e-12  6.31310255e-12 
 2.87508827e-05  8.78369818e-01  8.78287436e-01  8.78241583e-01 -1.56445430e-05  7.94126050e-13  1.39601384e-12 
 2.88508827e-05  8.78370078e-01  8.78365565e-01  8.78319685e-01 -1.55861503e-05 -3.58077283e-13  3.15955026e-12 
 2.89508827e-05  8.78369840e-01  8.78421493e-01  8.78376688e-01 -1.56445600e-05  6.71569788e-13  1.01648860e-12 
 2.90508827e-05  8.78370087e-01  8.78446798e-01  8.78402475e-01 -1.55861751e-05 -1.01990096e-12  2.00951528e-12 
 2.91508827e-05  8.78369831e-01  8.78464432e-01  8.78420037e-01 -1.56445791e-05  5.18922579e-13  6.86054403e-13 
 2.92508827e-05  8.78370074e-01  8.78474880e-01  8.78430890e-01 -1.55861761e-05 -1.08539111e-12  1.88824320e-12 
 2.93508827e-05  8.78369813e-01  8.78479293e-01  8.78435222e-01 -1.56445863e-05  3.45752073e-13  3.74172535e-13 
 2.94508827e-05  8.78370054e-01  8.78483610e-01  8.78439616e-01 -1.55861801e-05 -1.04890315e-12  1.94188377e-12 
 2.95508827e-05  8.78369793e-01  8.78484937e-01  8.78441016e-01 -1.56445834e-05  2.81309698e-13  2.59844772e-13 
 2.96508827e-05  8.78370032e-01  8.78486183e-01  8.78442200e-01 -1.55861867e-05 -1.05889364e-12  1.92451654e-12 
 2.97508827e-05  8.78369771e-01  8.78486920e-01  8.78443017e-01 -1.56445782e-05  2.88028065e-13  2.65142129e-13 
 2.98508827e-05  8.78370009e-01  8.78487106e-01  8.78443158e-01 -1.55861921e-05 -1.08397579e-12  1.88677139e-12 
 2.99254414e-05  8.78369751e-01  8.78487396e-01  8.78443478e-01 -1.56445733e-05  3.03142711e-13  2.83309021e-13 
 3.00000000e-05  8.78369992e-01  8.78487475e-01  8.78443543e-01 -1.55861974e-05 -1.09567780e-12  1.87395943e-12 
 3.00001051e-05  8.78358503e-01  8.78407998e-01  8.78440338e-01 -1.76309168e-05 -7.56509859e-09 -4.89953609e-09 
 3.00003152e-05  8.78340927e-01  8.78317800e-01  8.78430547e-01 -1.84547682e-05 -1.80731476e-08 -1.39441482e-08 
 3.00007356e-05  8.78310132e-01  8.78280131e-01  8.78403328e-01 -1.95725613e-05 -2.70486342e-08 -2.93709869e-08 
 3.00011303e-05  8.78287336e-01  8.78273482e-01  8.78378385e-01 -2.43899178e-05 -1.74863948e-08 -4.14010496e-08 
 3.00013482e-05  8.78278977e-01  8.78274753e-01  8.78366012e-01 -2.94901159e-05  4.05742939e-09 -4.69194929e-08 
 3.00015735e-05  8.78274036e-01  8.78278000e-01  8.78354490e-01 -3.70139960e-05  4.49943414e-08 -5.17720960e-08 
 3.00017780e-05  8.78273402e-01  8.78286814e-01  8.78345377e-01 -4.57451825e-05  1.04606471e-07 -5.53309109e-08 
 3.00019392e-05  8.78275763e-01  8.78296945e-01  8.78339293e-01 -5.39148855e-05  1.73383101e-07 -5.74623853e-08 
 3.00020699e-05  8.78280056e-01  8.78310081e-01  8.78335232e-01 -6.12338119e-05  2.49774747e-07 -5.86301581e-08 
 3.00021802e-05  8.78285550e-01  8.78324801e-01  8.78332567e-01 -6.78547630e-05  3.34914400e-07 -5.91055528e-08 
 3.00022757e-05  8.78292111e-01  8.78342413e-01  8.78330961e-01 -7.37566020e-05  4.30109785e-07 -5.90112092e-08 
 3.00023597e-05  8.78299439e-01  8.78362677e-01  8.78330222e-01 -7.90172779e-05  5.36950011e-07 -5.84087892e-08 
 3.00024355e-05  8.78307678e-01  8.78386711e-01  8.78330239e-01 -8.36499409e-05  6.58613444e-07 -5.73057395e-08 
 3.00025077e-05  8.78317224e-01  8.78416176e-01  8.78331016e-01 -8.78791600e-05  8.04344101e-07 -5.56090346e-08 
 3.00025855e-05  8.78330188e-01  8.78456327e-01  8.78332894e-01 -9.20993647e-05  1.00169339e-06 -5.29232308e-08 
 3.00026676e-05  8.78347564e-01  8.78507046e-01  8.78336285e-01 -9.62321108e-05  1.26063996e-06 -4.90564361e-08 
 3.00027714e-05  8.78374403e-01  8.78578363e-01  8.78342892e-01 -1.01035689e-04  1.66070743e-06 -4.27734320e-08 
 3.00028559e-05  8.78397755e-01  8.78639033e-01  8.78350269e-01 -1.04617515e-04  2.04355997e-06 -3.66350092e-08 
 3.00029410e-05  8.78419352e-01  8.78699981e-01  8.78359481e-01 -1.07880161e-04  2.47590360e-06 -2.96737151e-08 
 3.00030451e-05  8.78439671e-01  8.78771749e-01  8.78373044e-01 -1.11381175e-04  3.06102860e-06 -2.02892663e-08 
 3.00031539e-05  8.78455925e-01  8.78839431e-01  8.78389602e-01 -1.14533425e-04  3.72392672e-06 -9.76165820e-09 
 3.00032551e-05  8.78469748e-01  8.78891967e-01  8.78406741e-01 -1.16747447e-04  4.36963858e-06  3.50752012e-10 
 3.00033506e-05  8.78483015e-01  8.78929655e-01  8.78423991e-01 -1.17404383e-04  4.98818844e-06  9.86838281e-09 
 3.00034260e-05  8.78493570e-01  8.78947683e-01  8.78437986e-01 -1.15556798e-04  5.46736374e-06  1.70569002e-08 
 3.00034848e-05  8.78501479e-01  8.78950237e-01  8.78448844e-01 -1.11238698e-04  5.82051137e-06  2.21511304e-08 
 3.00035405e-05  8.78508311e-01  8.78939119e-01  8.78458801e-01 -1.04537257e-04  6.12420194e-06  2.62608603e-08 
 3.00036099e-05  8.78515504e-01  8.78904108e-01  8.78470263e-01 -9.35219844e-05  6.44342908e-06  3.00796719e-08 
 3.00036743e-05  8.78520627e-01  8.78851940e-01  8.78479511e-01 -8.18882339e-05  6.67159668e-06  3.21980801e-08 
 3.00037594e-05  8.78524979e-01  8.78761402e-01  8.78488996e-01 -6.63763128e-05  6.86780814e-06  3.29317981e-08 
 3.00038616e-05  8.78526830e-01  8.78636765e-01  8.78495655e-01 -5.02098354e-05  6.95712707e-06  3.11675853e-08 
 3.00039367e-05  8.78526227e-01  8.78545044e-01  8.78497174e-01 -4.10340469e-05  6.93747019e-06  2.84741221e-08 
 3.00040096e-05  8.78524447e-01  8.78463414e-01  8.78496116e-01 -3.43295656e-05  6.86717316e-06  2.51411796e-08 
 3.00040917e-05  8.78521416e-01  8.78383692e-01  8.78492350e-01 -2.89162709e-05  6.74473137e-06  2.08745801e-08 
 3.00041801e-05  8.78517312e-01  8.78313779e-01  8.78485835e-01 -2.50976335e-05  6.57923205e-06  1.59905315e-08 
 3.00042731e-05  8.78512396e-01  8.78256784e-01  8.78476910e-01 -2.26100131e-05  6.38315007e-06  1.07695026e-08 
 3.00043747e-05  8.78506593e-01  8.78210516e-01  8.78465466e-01 -2.10554032e-05  6.15654569e-06  5.14025424e-09 
 3.00044889e-05  8.78499787e-01  8.78173458e-01  8.78451291e-01 -2.01250925e-05  5.89814113e-06 -9.67790045e-10 
 3.00046221e-05  8.78491654e-01  8.78143571e-01  8.78433811e-01 -1.96322764e-05  5.60102819e-06 -7.74022163e-09 
 3.00047819e-05  8.78481797e-01  8.78118938e-01  8.78412352e-01 -1.93945031e-05  5.25827015e-06 -1.53461305e-08 
 3.00048910e-05  8.78475045e-01  8.78106245e-01  8.78397683e-01 -1.93443050e-05  5.03467629e-06 -2.02245006e-08 
 3.00050000e-05  8.78468294e-01  8.78095322e-01  8.78383136e-01 -1.93115359e-05  4.81989593e-06 -2.48658515e-08 
 3.00050020e-05  8.78469174e-01  8.78098842e-01  8.78382867e-01 -1.82828677e-05  4.81619596e-06 -2.48364336e-08 
 3.00050061e-05  8.78469994e-01  8.78105337e-01  8.78382336e-01 -1.79017581e-05  4.80883047e-06 -2.47837644e-08 
 3.00050143e-05  8.78469918e-01  8.78116021e-01  8.78381303e-01 -1.76835911e-05  4.79415966e-06 -2.46971266e-08 
 3.00050307e-05  8.78470031e-01  8.78132644e-01  8.78379337e-01 -1.73437647e-05  4.76479318e-06 -2.45431761e-08 
 3.00050598e-05  8.78470025e-01  8.78155306e-01  8.78376103e-01 -1.68602093e-05  4.71267144e-06 -2.43067492e-08 
 3.00051181e-05  8.78470102e-01  8.78188094e-01  8.78370385e-01 -1.62444482e-05  4.60901089e-06 -2.39282969e-08 
 3.00052345e-05  8.78470011e-01  8.78225361e-01  8.78360935e-01 -1.56950818e-05  4.40595654e-06 -2.33545715e-08 
 3.00054675e-05  8.78469818e-01  8.78247521e-01  8.78345943e-01 -1.55004771e-05  4.02248275e-06 -2.24079534e-08 
 3.00057663e-05  8.78469450e-01  8.78243610e-01  8.78329668e-01 -1.55054547e-05  3.57713744e-06 -2.12210808e-08 
 3.00062148e-05  8.78469040e-01  8.78230855e-01  8.78307219e-01 -1.55075817e-05  2.99851519e-06 -1.94194618e-08 
 3.00069187e-05  8.78468406e-01  8.78212868e-01  8.78275314e-01 -1.55019817e-05  2.27082802e-06 -1.66820032e-08 
 3.00083264e-05  8.78467550e-01  8.78187115e-01  8.78222924e-01 -1.55100092e-05  1.28790623e-06 -1.18698218e-08 
 3.00111419e-05  8.78466484e-01  8.78166534e-01  8.78158073e-01 -1.55091933e-05  3.71298568e-07 -5.32705112e-09 
 3.00165413e-05  8.78465817e-01  8.78198896e-01  8.78138068e-01 -1.55290872e-05 -1.07561353e-08 -5.05261905e-10 
 3.00225894e-05  8.78465671e-01  8.78287940e-01  8.78205339e-01 -1.55331401e-05  9.03964987e-10  4.50627902e-11 
 3.00331703e-05  8.78465777e-01  8.78451403e-01  8.78368890e-01 -1.55516313e-05 -2.94920286e-10  2.12354010e-11 
 3.00460466e-05  8.78465886e-01  8.78586396e-01  8.78521719e-01 -1.55512329e-05  1.53060529e-10  3.70023618e-11 
 3.00649979e-05  8.78466030e-01  8.78644735e-01  8.78600714e-01 -1.55629934e-05 -7.61260044e-11  1.96094584e-12 
 3.00940950e-05  8.78465958e-01  8.78587839e-01  8.78552318e-01 -1.55583826e-05  4.95665989e-11 -3.29234058e-12 
 3.01470475e-05  8.78465875e-01  8.78521795e-01  8.78476613e-01 -1.55661468e-05 -4.58582053e-11 -2.66423938e-12 
 3.02000000e-05  8.78465868e-01  8.78566271e-01  8.78519550e-01 -1.55585947e-05  3.86831374e-11  6.85498099e-12 
 3.02000407e-05  8.78467190e-01  8.78587890e-01  8.78519941e-01 -1.27666120e-05  5.94066711e-09  1.01571080e-09 
 3.02001222e-05  8.78468074e-01  8.78618820e-01  8.78521207e-01 -1.21583342e-05  1.74121786e-08  2.91572332e-09 
 3.02002851e-05  8.78469487e-01  8.78648027e-01  8.78525516e-01 -1.19060153e-05  3.84025427e-08  6.32828968e-09 
 3.02005118e-05  8.78471575e-01  8.78662720e-01  8.78532971e-01 -1.18412716e-05  6.50404709e-08  1.06311568e-08 
 3.02008310e-05  8.78474336e-01  8.78668077e-01  8.78543593e-01 -1.19041538e-05  9.87404097e-08  1.60631082e-08 
 3.02013198e-05  8.78479077e-01  8.78671386e-01  8.78558235e-01 -1.22751104e-05  1.42589078e-07  2.30933270e-08 
 3.02014177e-05  8.78480228e-01  8.78670613e-01  8.78560879e-01 -1.25928921e-05  1.50246456e-07  2.42978093e-08 
 3.02016135e-05  8.78483698e-01  8.78666066e-01  8.78565668e-01 -1.41090099e-05  1.63858578e-07  2.63273885e-08 
 3.02017541e-05  8.78487585e-01  8.78656888e-01  8.78568506e-01 -1.66275955e-05  1.71743242e-07  2.73127773e-08 
 3.02018724e-05  8.78492436e-01  8.78643063e-01  8.78570241e-01 -2.01210771e-05  1.76450619e-07  2.76313584e-08 
 3.02019912e-05  8.78498750e-01  8.78621094e-01  8.78571072e-01 -2.53646788e-05  1.78798262e-07  2.72832391e-08 
 3.02021161e-05  8.78507005e-01  8.78588419e-01  8.78570573e-01 -3.25653481e-05  1.78030359e-07  2.59986048e-08 
 3.02022550e-05  8.78517171e-01  8.78539447e-01  8.78567839e-01 -4.21059085e-05  1.72567722e-07  2.32283689e-08 
 3.02023842e-05  8.78526729e-01  8.78481230e-01  8.78562728e-01 -5.10894226e-05  1.62412980e-07  1.91583177e-08 
 3.02024981e-05  8.78534152e-01  8.78417470e-01  8.78555721e-01 -5.78909620e-05  1.48676843e-07  1.41306370e-08 
 3.02026006e-05  8.78539484e-01  8.78347593e-01  8.78547004e-01 -6.19956336e-05  1.31736174e-07  8.21165495e-09 
 3.02027155e-05  8.78543162e-01  8.78254377e-01  8.78533969e-01 -6.43513264e-05  1.06954695e-07 -2.11093585e-10 
 3.02028257e-05  8.78544293e-01  8.78156611e-01  8.78517907e-01 -6.58526045e-05  7.77170638e-08 -9.93234200e-09 
 3.02029312e-05  8.78543068e-01  8.78064816e-01  8.78499263e-01 -6.72082745e-05  4.53490888e-08 -2.03966023e-08 
 3.02030384e-05  8.78539677e-01  8.77980477e-01  8.78477421e-01 -6.82194211e-05  7.43025656e-09 -3.18065533e-08 
 3.02031352e-05  8.78534453e-01  8.77916394e-01  8.78455664e-01 -6.86994868e-05 -3.81197121e-08 -4.24970013e-08 
 3.02031977e-05  8.78529606e-01  8.77884225e-01  8.78440863e-01 -6.83831039e-05 -8.49802524e-08 -4.94422501e-08 
 3.02032575e-05  8.78523763e-01  8.77863033e-01  8.78426420e-01 -6.76095394e-05 -1.56492927e-07 -5.59709597e-08 
 3.02033131e-05  8.78516909e-01  8.77854090e-01  8.78412955e-01 -6.63572532e-05 -2.50184425e-07 -6.17823776e-08 
 3.02033473e-05  8.78511146e-01  8.77855907e-01  8.78404772e-01 -6.53001874e-05 -3.18180408e-07 -6.50938829e-08 
 3.02033708e-05  8.78505583e-01  8.77862557e-01  8.78399261e-01 -6.41533153e-05 -3.67112292e-07 -6.71395325e-08 
 3.02033939e-05  8.78498618e-01  8.77875546e-01  8.78393977e-01 -6.26992929e-05 -4.15569033e-07 -6.88635129e-08 
 3.02034228e-05  8.78488386e-01  8.77902608e-01  8.78387682e-01 -6.02838426e-05 -4.74169836e-07 -7.04885225e-08 
 3.02034533e-05  8.78476894e-01  8.77944481e-01  8.78381524e-01 -5.72229807e-05 -5.32153934e-07 -7.15008340e-08 
 3.02034939e-05  8.78462377e-01  8.78017345e-01  8.78374362e-01 -5.25843442e-05 -6.01537057e-07 -7.17730379e-08 
 3.02035238e-05  8.78452977e-01  8.78079597e-01  8.78369964e-01 -4.90216501e-05 -6.46889723e-07 -7.12934178e-08 
 3.02035531e-05  8.78445155e-01  8.78143704e-01  8.78366442e-01 -4.55519702e-05 -6.87155216e-07 -7.03980428e-08 
 3.02035867e-05  8.78437761e-01  8.78217279e-01  8.78363375e-01 -4.17750639e-05 -7.29075114e-07 -6.90013845e-08 
 3.02036259e-05  8.78431150e-01  8.78299321e-01  8.78361056e-01 -3.77292598e-05 -7.73516595e-07 -6.70526612e-08 
 3.02036634e-05  8.78426426e-01  8.78371280e-01  8.78360017e-01 -3.43024288e-05 -8.12637297e-07 -6.50145817e-08 
 3.02037055e-05  8.78422629e-01  8.78442412e-01  8.78360066e-01 -3.09803289e-05 -8.53612855e-07 -6.26676679e-08 
 3.02037488e-05  8.78419845e-01  8.78504767e-01  8.78361262e-01 -2.81044561e-05 -8.93453751e-07 -6.02717593e-08 
 3.02037999e-05  8.78417638e-01  8.78565071e-01  8.78363887e-01 -2.53192704e-05 -9.38205928e-07 -5.75389161e-08 
 3.02038557e-05  8.78416033e-01  8.78616774e-01  8.78367923e-01 -2.29006755e-05 -9.84843694e-07 -5.47024360e-08 
 3.02039237e-05  8.78414847e-01  8.78664257e-01  8.78374064e-01 -2.06144161e-05 -1.03932392e-06 -5.14364829e-08 
 3.02040023e-05  8.78414065e-01  8.78703508e-01  8.78382294e-01 -1.86451567e-05 -1.09933882e-06 -4.78927075e-08 
 3.02041033e-05  8.78413703e-01  8.78738059e-01  8.78393962e-01 -1.68437731e-05 -1.17259215e-06 -4.36103186e-08 
 3.02042283e-05  8.78413867e-01  8.78766392e-01  8.78409287e-01 -1.53802192e-05 -1.25854700e-06 -3.86230386e-08 
 3.02043963e-05  8.78414971e-01  8.78792050e-01  8.78430488e-01 -1.42561954e-05 -1.37152945e-06 -3.23150293e-08 
 3.02046040e-05  8.78417502e-01  8.78814885e-01  8.78456740e-01 -1.36252298e-05 -1.52744340e-06 -2.50510801e-08 
 3.02048020e-05  8.78421098e-01  8.78832541e-01  8.78481349e-01 -1.33946623e-05 -1.72751503e-06 -1.86393477e-08 
 3.02050000e-05  8.78425411e-01  8.78848258e-01  8.78505355e-01 -1.33053330e-05 -2.01436078e-06 -1.26996575e-08 
 3.02050048e-05  8.78424617e-01  8.78844795e-01  8.78505927e-01 -1.55506951e-05 -2.02348438e-06 -1.26917722e-08 
 3.02050145e-05  8.78424056e-01  8.78838814e-01  8.78507056e-01 -1.57730659e-05 -2.04196137e-06 -1.26669269e-08 
 3.02050339e-05  8.78424118e-01  8.78830125e-01  8.78509246e-01 -1.57079731e-05 -2.07891481e-06 -1.25924021e-08 
 3.02050727e-05  8.78423769e-01  8.78817446e-01  8.78513411e-01 -1.58070653e-05 -2.15123099e-06 -1.24115618e-08 
 3.02051502e-05  8.78423847e-01  8.78800970e-01  8.78521104e-01 -1.57552986e-05 -2.29096726e-06 -1.19800335e-08 
 3.02052619e-05  8.78423844e-01  8.78789745e-01  8.78531167e-01 -1.58040992e-05 -2.48161261e-06 -1.13084728e-08 
 3.02054134e-05  8.78424212e-01  8.78786931e-01  8.78543710e-01 -1.57388051e-05 -2.72226769e-06 -1.03861493e-08 
 3.02056521e-05  8.78424470e-01  8.78793553e-01  8.78562173e-01 -1.57865313e-05 -3.06274326e-06 -8.95421719e-09 
 3.02061295e-05  8.78425329e-01  8.78814954e-01  8.78596713e-01 -1.57280076e-05 -3.62133402e-06 -6.21063862e-09 
 3.02070843e-05  8.78426588e-01  8.78854337e-01  8.78658925e-01 -1.57701720e-05 -4.36275819e-06 -1.37354990e-09 
 3.02089938e-05  8.78429065e-01  8.78909126e-01  8.78757792e-01 -1.57022466e-05 -4.93669005e-06  5.51294673e-09 
 3.02128129e-05  8.78432463e-01  8.78950957e-01  8.78868920e-01 -1.57294249e-05 -4.66614519e-06  1.10520525e-08 
 3.02173088e-05  8.78435383e-01  8.78926828e-01  8.78893566e-01 -1.56566448e-05 -3.82779571e-06  1.06687190e-08 
 3.02245322e-05  8.78438295e-01  8.78825454e-01  8.78821036e-01 -1.56842212e-05 -2.75162454e-06  7.74414203e-09 
 3.02366256e-05  8.78441478e-01  8.78647885e-01  8.78639490e-01 -1.56104031e-05 -1.58258294e-06  4.36233047e-09 
 3.02484407e-05  8.78443023e-01  8.78538615e-01  8.78512776e-01 -1.56515901e-05 -9.28281022e-07  2.57092458e-09 
 3.02682186e-05  8.78444586e-01  8.78490263e-01  8.78445310e-01 -1.55927227e-05 -3.67370857e-07  1.01599384e-09 
 3.02906381e-05  8.78445154e-01  8.78533102e-01  8.78482021e-01 -1.56415167e-05 -1.26345728e-07  3.61222854e-10 
 3.03232552e-05  8.78445636e-01  8.78589365e-01  8.78543214e-01 -1.55894614e-05 -2.15315348e-08  6.30058627e-11 
 3.03625587e-05  8.78445589e-01  8.78584854e-01  8.78543158e-01 -1.56410071e-05 -1.69541282e-09  5.27979928e-12 
 3.04297813e-05  8.78445672e-01  8.78558200e-01  8.78514198e-01 -1.55897710e-05  3.05369699e-10 -1.29397448e-12 
 3.05297813e-05  8.78445559e-01  8.78570700e-01  8.78526248e-01 -1.56409962e-05 -1.08720812e-10  3.20027495e-12 
 3.06297813e-05  8.78445672e-01  8.78565196e-01  8.78522008e-01 -1.55897333e-05  3.20418013e-11 -6.80798842e-13 
 3.07297813e-05  8.78445541e-01  8.78562244e-01  8.78517792e-01 -1.56410342e-05 -8.55203213e-12  2.31364754e-12 
 3.08297813e-05  8.78445660e-01  8.78566345e-01  8.78522700e-01 -1.55897084e-05 -4.79500033e-12  2.82367012e-13 
 3.09297813e-05  8.78445532e-01  8.78562163e-01  8.78518182e-01 -1.56410419e-05  5.42883338e-12  1.57206816e-12 
 3.10297813e-05  8.78445646e-01  8.78564200e-01  8.78520227e-01 -1.55897125e-05 -1.04621340e-11  7.37522511e-13 
 3.11297813e-05  8.78445524e-01  8.78563603e-01  8.78519748e-01 -1.56410320e-05  8.00594899e-12  1.37202272e-12 
 3.12297813e-05  8.78445634e-01  8.78563043e-01  8.78519079e-01 -1.55897225e-05 -1.17647931e-11  7.95016396e-13 
 3.13297813e-05  8.78445513e-01  8.78563849e-01  8.78519918e-01 -1.56410242e-05  8.71238953e-12  1.36497524e-12 
 3.14297813e-05  8.78445623e-01  8.78563110e-01  8.78519223e-01 -1.55897276e-05 -1.21597736e-11  8.14332976e-13 
 3.15297813e-05  8.78445501e-01  8.78563519e-01  8.78519538e-01 -1.56410211e-05  8.95226037e-12  1.31424987e-12 
 3.16297813e-05  8.78445613e-01  8.78563354e-01  8.78519486e-01 -1.55897300e-05 -1.23337874e-11  8.92355959e-13 
 3.17297813e-05  8.78445490e-01  8.78563340e-01  8.78519363e-01 -1.56410187e-05  9.10992028e-12  1.22479918e-12 
 3.18297813e-05  8.78445602e-01  8.78563386e-01  8.78519505e-01 -1.55897327e-05 -1.24940314e-11  9.79268424e-13 
 3.19297813e-05  8.78445479e-01  8.78563349e-01  8.78519385e-01 -1.56410156e-05  9.27289755e-12  1.14891251e-12 
 3.20297813e-05  8.78445591e-01  8.78563325e-01  8.78519435e-01 -1.55897362e-05 -1.26537149e-11  1.04210569e-12 
 3.21148907e-05  8.78445469e-01  8.78563384e-01  8.78519422e-01 -1.56410117e-05  9.44809248e-12  1.09359044e-12 
 3.22000000e-05  8.78445581e-01  8.78563290e-01  8.78519401e-01 -1.55897403e-05 -1.28196995e-11  1.09228100e-12 
 3.22001199e-05  8.78442826e-01  8.78521341e-01  8.78517480e-01 -1.81075135e-05 -2.25562738e-08 -2.72991668e-09 
 3.22003596e-05  8.78440383e-01  8.78475290e-01  8.78511708e-01 -1.83502840e-05 -6.35600715e-08 -7.73507078e-09 
 3.22007444e-05  8.78437997e-01  8.78463951e-01  8.78499414e-01 -1.95392183e-05 -1.15581054e-07 -1.45598484e-08 
 3.22011356e-05  8.78437801e-01  8.78466435e-01  8.78488074e-01 -2.43400620e-05 -1.52198913e-07 -2.02002592e-08 
 3.22013398e-05  8.78439467e-01  8.78471883e-01  8.78483142e-01 -2.90727440e-05 -1.63980303e-07 -2.25198511e-08 
 3.22015529e-05  8.78442633e-01  8.78479894e-01  8.78478957e-01 -3.59929892e-05 -1.70594360e-07 -2.44512480e-08 
 3.22017427e-05  8.78446723e-01  8.78490990e-01  8.78476219e-01 -4.37900617e-05 -1.70869687e-07 -2.56746757e-08 
 3.22018938e-05  8.78450669e-01  8.78502910e-01  8.78474858e-01 -5.11030979e-05 -1.66283675e-07 -2.62283287e-08 
 3.22020181e-05  8.78454323e-01  8.78516501e-01  8.78474418e-01 -5.77344858e-05 -1.58250466e-07 -2.63127499e-08 
 3.22021237e-05  8.78457505e-01  8.78531467e-01  8.78474651e-01 -6.37615957e-05 -1.47329855e-07 -2.60326599e-08 
 3.22022150e-05  8.78460215e-01  8.78548491e-01  8.78475419e-01 -6.91323026e-05 -1.33778394e-07 -2.54365074e-08 
 3.22022949e-05  8.78462314e-01  8.78567657e-01  8.78476638e-01 -7.38948251e-05 -1.17669616e-07 -2.45498580e-08 
 3.22023659e-05  8.78463818e-01  8.78589544e-01  8.78478262e-01 -7.80265460e-05 -9.89384655e-08 -2.33771028e-08 
 3.22024304e-05  8.78464639e-01  8.78614838e-01  8.78480299e-01 -8.16173872e-05 -7.71547811e-08 -2.18932122e-08 
 3.22024924e-05  8.78464862e-01  8.78645620e-01  8.78482898e-01 -8.47938899e-05 -5.07084256e-08 -1.99760863e-08 
 3.22025651e-05  8.78464600e-01  8.78690681e-01  8.78486946e-01 -8.81188606e-05 -1.17027373e-08 -1.70009890e-08 
 3.22026321e-05  8.78464405e-01  8.78740087e-01  8.78491829e-01 -9.08216648e-05  3.20703964e-08 -1.35177547e-08 
 3.22027242e-05  8.78464765e-01  8.78815712e-01  8.78500583e-01 -9.41146431e-05  1.01708162e-07 -7.66915518e-09 
 3.22028030e-05  8.78465737e-01  8.78884311e-01  8.78510067e-01 -9.65394713e-05  1.65083829e-07 -1.79544429e-09 
 3.22028795e-05  8.78467234e-01  8.78951710e-01  8.78521035e-01 -9.85345666e-05  2.22207444e-07  4.53840194e-09 
 3.22029666e-05  8.78469628e-01  8.79027360e-01  8.78535581e-01 -1.00311568e-04  2.72678191e-07  1.23712107e-08 
 3.22030585e-05  8.78473376e-01  8.79102188e-01  8.78553096e-01 -1.01781630e-04  3.06713290e-07  2.11455911e-08 
 3.22031465e-05  8.78478215e-01  8.79164882e-01  8.78571658e-01 -1.02819725e-04  3.28427830e-07  2.98320397e-08 
 3.22032563e-05  8.78485266e-01  8.79225909e-01  8.78596579e-01 -1.02904681e-04  3.50562892e-07  4.07006748e-08 
 3.22033351e-05  8.78490760e-01  8.79253209e-01  8.78615150e-01 -1.00740427e-04  3.64946955e-07  4.81891318e-08 
 3.22033910e-05  8.78494506e-01  8.79258877e-01  8.78628349e-01 -9.64998052e-05  3.73947612e-07  5.30366195e-08 
 3.22034411e-05  8.78497651e-01  8.79249216e-01  8.78639895e-01 -9.04182173e-05  3.80295222e-07  5.67636228e-08 
 3.22034980e-05  8.78500680e-01  8.79218312e-01  8.78652271e-01 -8.15570960e-05  3.84934353e-07  6.00363631e-08 
 3.22035591e-05  8.78503344e-01  8.79162576e-01  8.78664218e-01 -7.08787464e-05  3.86477634e-07  6.22970373e-08 
 3.22036319e-05  8.78505571e-01  8.79072819e-01  8.78675963e-01 -5.81952527e-05  3.83857563e-07  6.33350596e-08 
 3.22037282e-05  8.78507265e-01  8.78933777e-01  8.78686677e-01 -4.38087744e-05  3.73977022e-07  6.24159500e-08 
 3.22037932e-05  8.78507698e-01  8.78838028e-01  8.78690662e-01 -3.64793850e-05  3.64115045e-07  6.06823170e-08 
 3.22038557e-05  8.78507789e-01  8.78752284e-01  8.78692157e-01 -3.11839129e-05  3.52956632e-07  5.84973036e-08 
 3.22039288e-05  8.78507546e-01  8.78664162e-01  8.78691354e-01 -2.67692776e-05  3.38517271e-07  5.55697396e-08 
 3.22040090e-05  8.78507054e-01  8.78584524e-01  8.78687854e-01 -2.36517474e-05  3.21548277e-07  5.21468324e-08 
 3.22040926e-05  8.78506340e-01  8.78519612e-01  8.78681938e-01 -2.16805779e-05  3.03126322e-07  4.85262884e-08 
 3.22041843e-05  8.78505471e-01  8.78466692e-01  8.78673562e-01 -2.04770433e-05  2.82558762e-07  4.46384944e-08 
 3.22042865e-05  8.78504408e-01  8.78424813e-01  8.78662676e-01 -1.97740828e-05  2.59563551e-07  4.04686008e-08 
 3.22044061e-05  8.78503146e-01  8.78391554e-01  8.78648723e-01 -1.94094639e-05  2.32938328e-07  3.58342638e-08 
 3.22045485e-05  8.78501608e-01  8.78365529e-01  8.78631333e-01 -1.92328587e-05  2.02138109e-07  3.06541839e-08 
 3.22047274e-05  8.78499700e-01  8.78343719e-01  8.78609178e-01 -1.91751971e-05  1.65166660e-07  2.45973647e-08 
 3.22048637e-05  8.78498243e-01  8.78331256e-01  8.78592428e-01 -1.91558629e-05  1.38470617e-07  2.02868252e-08 
 3.22050000e-05  8.78496813e-01  8.78320421e-01  8.78575948e-01 -1.91570462e-05  1.13069376e-07  1.62120598e-08 
 3.22050023e-05  8.78497316e-01  8.78322220e-01  8.78575675e-01 -1.69722158e-05  1.12960549e-07  1.62089571e-08 
 3.22050069e-05  8.78497784e-01  8.78325554e-01  8.78575131e-01 -1.66372189e-05  1.12789763e-07  1.62000463e-08 
 3.22050161e-05  8.78497714e-01  8.78330987e-01  8.78574062e-01 -1.65137764e-05  1.12531301e-07  1.61711046e-08 
 3.22050345e-05  8.78497762e-01  8.78339328e-01  8.78571987e-01 -1.63045308e-05  1.11963054e-07  1.61002010e-08 
 3.22050670e-05  8.78497717e-01  8.78350607e-01  8.78568488e-01 -1.60360642e-05  1.10864565e-07  1.59533089e-08 
 3.22051320e-05  8.78497690e-01  8.78366138e-01  8.78561969e-01 -1.57081503e-05  1.08441793e-07  1.56066583e-08 
 3.22052620e-05  8.78497505e-01  8.78380714e-01  8.78550190e-01 -1.54678778e-05  1.03311169e-07  1.48372754e-08 
 3.22055219e-05  8.78497179e-01  8.78381423e-01  8.78529132e-01 -1.54169263e-05  9.33468415e-08  1.33163884e-08 
 3.22058273e-05  8.78496766e-01  8.78368535e-01  8.78506327e-01 -1.54293768e-05  8.27653548e-08  1.17124153e-08 
 3.22063445e-05  8.78496197e-01  8.78345877e-01  8.78470137e-01 -1.54296055e-05  6.74412965e-08  9.41227645e-09 
 3.22072521e-05  8.78495312e-01  8.78311806e-01  8.78413224e-01 -1.54363710e-05  4.69287788e-08  6.36279225e-09 
 3.22090674e-05  8.78494105e-01  8.78263642e-01  8.78322973e-01 -1.54468948e-05  2.21136343e-08  2.74846387e-09 
 3.22126980e-05  8.78492774e-01  8.78224925e-01  8.78219824e-01 -1.54676278e-05  3.54525461e-09  2.01405714e-10 
 3.22184074e-05  8.78492084e-01  8.78253377e-01  8.78193612e-01 -1.54932115e-05 -2.89447458e-10 -1.40179132e-10 
 3.22259663e-05  8.78491851e-01  8.78352500e-01  8.78272355e-01 -1.55168847e-05  4.27146007e-11  1.38769968e-11 
 3.22384830e-05  8.78491843e-01  8.78507187e-01  8.78434661e-01 -1.55390967e-05  2.70881104e-12  3.05837523e-11 
 3.22505956e-05  8.78491857e-01  8.78593385e-01  8.78536163e-01 -1.55498317e-05  1.67835487e-11  2.03383827e-11 
 3.22729027e-05  8.78491888e-01  8.78624661e-01  8.78583432e-01 -1.55586845e-05 -4.36473730e-12  5.99764812e-13 
 3.23116506e-05  8.78491780e-01  8.78568157e-01  8.78528605e-01 -1.55624223e-05 -1.02817039e-12 -3.92598643e-12 
 3.23558253e-05  8.78491753e-01  8.78557133e-01  8.78510843e-01 -1.55623653e-05 -1.52494423e-12  1.94951943e-12 
 3.24000000e-05  8.78491760e-01  8.78589740e-01  8.78544381e-01 -1.55622284e-05  2.13715374e-12  3.28215677e-12 
 3.24000302e-05  8.78495242e-01  8.78625015e-01  8.78544819e-01 -1.37367744e-05  3.53415558e-09  1.53470575e-09 
 3.24000906e-05  8.78499238e-01  8.78676789e-01  8.78546304e-01 -1.27566332e-05  9.68284467e-09  4.45064378e-09 
 3.24002115e-05  8.78506539e-01  8.78732444e-01  8.78551703e-01 -1.20791407e-05  1.80076347e-08  9.78870095e-09 
 3.24003829e-05  8.78517119e-01  8.78770571e-01  8.78562034e-01 -1.18110908e-05  2.58531614e-08  1.67358789e-08 
 3.24006874e-05  8.78535446e-01  8.78794214e-01  8.78582295e-01 -1.18531756e-05  3.66518803e-08  2.79202924e-08 
 3.24010509e-05  8.78557645e-01  8.78808402e-01  8.78606026e-01 -1.18542488e-05  4.72472148e-08  3.96302568e-08 
 3.24013180e-05  8.78573965e-01  8.78815304e-01  8.78622444e-01 -1.21930264e-05  5.17249792e-08  4.71627800e-08 
 3.24014947e-05  8.78585503e-01  8.78819036e-01  8.78632738e-01 -1.27922452e-05  4.86970350e-08  5.16048701e-08 
 3.24016475e-05  8.78596114e-01  8.78818094e-01  8.78641154e-01 -1.42410561e-05  3.45768744e-08  5.49532793e-08 
 3.24017715e-05  8.78605960e-01  8.78813915e-01  8.78647488e-01 -1.63496572e-05  7.00431088e-09  5.71765249e-08 
 3.24018912e-05  8.78616373e-01  8.78803914e-01  8.78652983e-01 -1.97767053e-05 -4.33159929e-08  5.87047285e-08 
 3.24020159e-05  8.78628586e-01  8.78786617e-01  8.78657768e-01 -2.48744163e-05 -1.32256446e-07  5.94362484e-08 
 3.24021469e-05  8.78642002e-01  8.78759081e-01  8.78661402e-01 -3.19864848e-05 -2.79413864e-07  5.90157009e-08 
 3.24022900e-05  8.78656646e-01  8.78718188e-01  8.78663256e-01 -4.08749240e-05 -5.18856372e-07  5.69085750e-08 
 3.24024261e-05  8.78668764e-01  8.78667748e-01  8.78662502e-01 -4.91787032e-05 -8.38153797e-07  5.30543911e-08 
 3.24025480e-05  8.78677136e-01  8.78611296e-01  8.78659318e-01 -5.49216742e-05 -1.21548760e-06  4.78027305e-08 
 3.24026594e-05  8.78681448e-01  8.78547832e-01  8.78653927e-01 -5.77940746e-05 -1.65086740e-06  4.12429671e-08 
 3.24027820e-05  8.78682036e-01  8.78465874e-01  8.78644784e-01 -5.87306665e-05 -2.24064369e-06  3.19360157e-08 
 3.24029122e-05  8.78677328e-01  8.78373061e-01  8.78631112e-01 -5.93094648e-05 -2.98666001e-06  1.99205725e-08 
 3.24029973e-05  8.78671499e-01  8.78314609e-01  8.78620029e-01 -5.96545201e-05 -3.53002946e-06  1.11517496e-08 
 3.24030919e-05  8.78662051e-01  8.78255016e-01  8.78605945e-01 -5.99389714e-05 -4.17405505e-06  8.07027563e-10 
 3.24031944e-05  8.78646995e-01  8.78199410e-01  8.78588967e-01 -5.99918264e-05 -4.90490925e-06 -1.08396585e-08 
 3.24032683e-05  8.78629245e-01  8.78167441e-01  8.78575869e-01 -5.96193788e-05 -5.44259744e-06 -1.93362865e-08 
 3.24033304e-05  8.78606764e-01  8.78148268e-01  8.78564539e-01 -5.88784402e-05 -5.89093289e-06 -2.63602555e-08 
 3.24033930e-05  8.78576712e-01  8.78138416e-01  8.78553032e-01 -5.77291786e-05 -6.32950085e-06 -3.31396020e-08 
 3.24034327e-05  8.78555187e-01  8.78139110e-01  8.78545816e-01 -5.67632097e-05 -6.59324116e-06 -3.71213774e-08 
 3.24034613e-05  8.78538352e-01  8.78145335e-01  8.78540722e-01 -5.57200862e-05 -6.77024209e-06 -3.96964990e-08 
 3.24034891e-05  8.78521689e-01  8.78158532e-01  8.78535950e-01 -5.43721057e-05 -6.92465079e-06 -4.17969522e-08 
 3.24035229e-05  8.78502291e-01  8.78186656e-01  8.78530471e-01 -5.21467473e-05 -7.08304855e-06 -4.36607305e-08 
 3.24035588e-05  8.78485221e-01  8.78230919e-01  8.78525256e-01 -4.92671281e-05 -7.21022000e-06 -4.47019649e-08 
 3.24036081e-05  8.78469979e-01  8.78309874e-01  8.78519425e-01 -4.47314189e-05 -7.31695979e-06 -4.46588660e-08 
 3.24036420e-05  8.78465507e-01  8.78371831e-01  8.78516430e-01 -4.14884908e-05 -7.34906943e-06 -4.37861226e-08 
 3.24036770e-05  8.78465665e-01  8.78437679e-01  8.78514263e-01 -3.81798465e-05 -7.35312182e-06 -4.23509107e-08 
 3.24037180e-05  8.78471110e-01  8.78512728e-01  8.78512915e-01 -3.45746601e-05 -7.32787337e-06 -4.01929862e-08 
 3.24037642e-05  8.78482814e-01  8.78590990e-01  8.78512824e-01 -3.09183145e-05 -7.27029968e-06 -3.73749976e-08 
 3.24038101e-05  8.78498830e-01  8.78659712e-01  8.78514073e-01 -2.78011488e-05 -7.19139626e-06 -3.43666151e-08 
 3.24038610e-05  8.78520215e-01  8.78724146e-01  8.78516770e-01 -2.49085495e-05 -7.08779060e-06 -3.09697485e-08 
 3.24039154e-05  8.78545923e-01  8.78780240e-01  8.78520891e-01 -2.24245066e-05 -6.96536460e-06 -2.73723547e-08 
 3.24039791e-05  8.78578562e-01  8.78831518e-01  8.78526961e-01 -2.01432396e-05 -6.81369696e-06 -2.32810547e-08 
 3.24040513e-05  8.78617494e-01  8.78874708e-01  8.78534994e-01 -1.82274158e-05 -6.63747381e-06 -1.88473952e-08 
 3.24041398e-05  8.78667109e-01  8.78912344e-01  8.78545935e-01 -1.65497963e-05 -6.42073772e-06 -1.36903258e-08 
 3.24042464e-05  8.78728803e-01  8.78943309e-01  8.78560044e-01 -1.52259633e-05 -6.16329738e-06 -7.82991022e-09 
 3.24043852e-05  8.78812632e-01  8.78970518e-01  8.78579117e-01 -1.41956364e-05 -5.83819253e-06 -6.78973491e-10 
 3.24045634e-05  8.78929769e-01  8.78994866e-01  8.78603866e-01 -1.35515400e-05 -5.44129724e-06  7.79213383e-09 
 3.24047817e-05  8.79102761e-01  8.79017823e-01  8.78633864e-01 -1.32304180e-05 -4.98777832e-06  1.71326084e-08 
 3.24050000e-05  8.79327693e-01  8.79037574e-01  8.78663140e-01 -1.31241095e-05 -4.57000592e-06  2.53168597e-08 
 3.24050057e-05  8.79332330e-01  8.79028865e-01  8.78663868e-01 -1.43053965e-05 -4.56029600e-06  2.52072835e-08 
 3.24050170e-05  8.79343738e-01  8.79014029e-01  8.78665288e-01 -1.46671449e-05 -4.54086839e-06  2.50104629e-08 
 3.24050397e-05  8.79368554e-01  8.78992756e-01  8.78667945e-01 -1.48304089e-05 -4.50191079e-06  2.46675122e-08 
 3.24050851e-05  8.79417048e-01  8.78962054e-01  8.78672720e-01 -1.52597096e-05 -4.42406765e-06  2.40548468e-08 
 3.24051758e-05  8.79514744e-01  8.78922910e-01  8.78680770e-01 -1.55198644e-05 -4.27059769e-06  2.30099697e-08 
 3.24053209e-05  8.79668649e-01  8.78894137e-01  8.78691141e-01 -1.57067300e-05 -4.03450983e-06  2.15312416e-08 
 3.24055117e-05  8.79867913e-01  8.78884906e-01  8.78702492e-01 -1.56459401e-05 -3.74351428e-06  1.97255486e-08 
 3.24058380e-05  8.80198493e-01  8.78889537e-01  8.78719742e-01 -1.56966608e-05 -3.29312465e-06  1.68469760e-08 
 3.24063318e-05  8.80677303e-01  8.78904923e-01  8.78743751e-01 -1.56337936e-05 -2.71144144e-06  1.29777625e-08 
 3.24073194e-05  8.81559709e-01  8.78933727e-01  8.78787176e-01 -1.56859326e-05 -1.83130220e-06  6.77076522e-09 
 3.24092947e-05  8.83064573e-01  8.78986741e-01  8.78860303e-01 -1.56160730e-05 -8.08436376e-07 -9.52449856e-10 
 3.24132452e-05  8.85265855e-01  8.79104224e-01  8.78984976e-01 -1.56576558e-05 -1.02502997e-07 -5.95853608e-09 
 3.24187015e-05  8.87096428e-01  8.79356455e-01  8.79195174e-01 -1.55860496e-05  3.47514184e-09 -4.64851823e-09 
 3.24264760e-05  8.88377022e-01  8.79974124e-01  8.79713874e-01 -1.56355598e-05 -6.82577517e-10 -1.85464349e-09 
 3.24357193e-05  8.88958226e-01  8.81053230e-01  8.80694829e-01 -1.55738455e-05  3.21665557e-10 -4.44291502e-10 
 3.24463860e-05  8.89167985e-01  8.82517746e-01  8.82119973e-01 -1.56303181e-05  9.67439542e-11  1.03188821e-10 
 3.24616639e-05  8.89237742e-01  8.84443704e-01  8.84103889e-01 -1.55719177e-05  2.10855531e-10  2.74377450e-10 
 3.24766811e-05  8.89244721e-01  8.85750276e-01  8.85527584e-01 -1.56315346e-05  1.02505450e-10  2.01408290e-10 
 3.24952565e-05  8.89246365e-01  8.86490445e-01  8.86391893e-01 -1.55774223e-05  5.18875153e-11  8.02516194e-11 
 3.25133646e-05  8.89246204e-01  8.86624008e-01  8.86581545e-01 -1.56391257e-05 -8.52361909e-12  1.98449715e-12 
 3.25400699e-05  8.89246240e-01  8.86626282e-01  8.86580318e-01 -1.55840761e-05 -8.96018719e-12 -1.38163160e-11 
 3.25670204e-05  8.89245906e-01  8.86834714e-01  8.86758884e-01 -1.56420807e-05  4.32855184e-12  1.31243313e-11 
 3.26000621e-05  8.89246325e-01  8.87306183e-01  8.87223071e-01 -1.55833885e-05  1.75714343e-11  3.13093686e-11 
 3.26414542e-05  8.89246317e-01  8.87793461e-01  8.87726957e-01 -1.56411761e-05  8.20023975e-12  1.78705332e-11 
 3.27046041e-05  8.89246699e-01  8.88212995e-01  8.88156681e-01 -1.55838219e-05  3.12181227e-12  8.05531629e-12 
 3.27716867e-05  8.89246543e-01  8.88547584e-01  8.88490207e-01 -1.56416850e-05  4.21257126e-12  9.34541984e-12 
 3.28716867e-05  8.89246927e-01  8.88908924e-01  8.88858994e-01 -1.55838525e-05  1.96569670e-12  5.90584412e-12 
 3.29716867e-05  8.89246720e-01  8.89085423e-01  8.89037531e-01 -1.56418643e-05  3.42736907e-13  2.08827156e-12 
 3.30716867e-05  8.89247001e-01  8.89207626e-01  8.89160462e-01 -1.55839640e-05  9.62111901e-13  4.12562682e-12 
 3.31716867e-05  8.89246768e-01  8.89272902e-01  8.89227781e-01 -1.56418728e-05 -3.62346004e-13  4.99919821e-13 
 3.32716867e-05  8.89247012e-01  8.89307847e-01  8.89262317e-01 -1.55840302e-05  1.07834748e-15  2.64697959e-12 
 3.33716867e-05  8.89246765e-01  8.89334250e-01  8.89289494e-01 -1.56418676e-05 -1.66648813e-13  5.28208011e-13 
 3.34716867e-05  8.89247002e-01  8.89344253e-01  8.89299576e-01 -1.55840488e-05 -5.34492155e-13  1.93833252e-12 
 3.35716867e-05  8.89246746e-01  8.89353069e-01  8.89308376e-01 -1.56418730e-05 -5.05320612e-14  4.99709866e-13 
 3.36716867e-05  8.89246983e-01  8.89357422e-01  8.89312955e-01 -1.55840499e-05 -6.91123374e-13  1.84127415e-12 
 3.37716867e-05  8.89246724e-01  8.89359344e-01  8.89314788e-01 -1.56418762e-05 -4.29738710e-14  3.50444608e-13 
 3.38716867e-05  8.89246960e-01  8.89361509e-01  8.89317022e-01 -1.55840523e-05 -7.38109877e-13  1.89488459e-12 
 3.39716867e-05  8.89246700e-01  8.89361867e-01  8.89317404e-01 -1.56418734e-05 -1.58816103e-14  2.71432562e-13 
 3.40716867e-05  8.89246936e-01  8.89362574e-01  8.89318073e-01 -1.55840574e-05 -7.98602287e-13  1.90277850e-12 
 3.41716867e-05  8.89246677e-01  8.89362836e-01  8.89318390e-01 -1.56418685e-05  4.42402191e-14  2.70320929e-13 
 3.42716867e-05  8.89246912e-01  8.89362915e-01  8.89318427e-01 -1.55840624e-05 -8.66201642e-13  1.88143522e-12 
 3.43358433e-05  8.89246657e-01  8.89363052e-01  8.89318595e-01 -1.56418630e-05  1.17474606e-13  2.87725681e-13 
 3.44000000e-05  8.89246896e-01  8.89363074e-01  8.89318599e-01 -1.55840687e-05 -9.41847728e-13  1.86775275e-12 
 3.44000905e-05  8.89236681e-01  8.89290190e-01  8.89316052e-01 -1.75719140e-05 -6.81219085e-09 -4.26755542e-09 
 3.44002716e-05  8.89221409e-01  8.89203769e-01  8.89308118e-01 -1.83716370e-05 -1.64353319e-08 -1.21833673e-08 
 3.44006336e-05  8.89194323e-01  8.89160164e-01  8.89285076e-01 -1.90653013e-05 -2.59916767e-08 -2.58913741e-08 
 3.44009683e-05  8.89172918e-01  8.89151033e-01  8.89263251e-01 -2.17931145e-05 -2.51785090e-08 -3.67740550e-08 
 3.44012070e-05  8.89161484e-01  8.89149933e-01  8.89248922e-01 -2.59230351e-05 -1.14949014e-08 -4.34216603e-08 
 3.44014530e-05  8.89153690e-01  8.89150796e-01  8.89235512e-01 -3.27187164e-05  2.06255752e-08 -4.92819969e-08 
 3.44016821e-05  8.89150847e-01  8.89157948e-01  8.89224504e-01 -4.14108558e-05  7.36170181e-08 -5.37639216e-08 
 3.44018653e-05  8.89151924e-01  8.89166966e-01  8.89216977e-01 -5.00467726e-05  1.39056952e-07 -5.65644396e-08 
 3.44020101e-05  8.89155491e-01  8.89179254e-01  8.89212004e-01 -5.78020880e-05  2.12178189e-07 -5.81621940e-08 
 3.44021295e-05  8.89160438e-01  8.89192849e-01  8.89208719e-01 -6.47798159e-05  2.93080420e-07 -5.89503416e-08 
 3.44022315e-05  8.89166588e-01  8.89209250e-01  8.89206634e-01 -7.10021177e-05  3.83198461e-07 -5.91178210e-08 
 3.44023206e-05  8.89173546e-01  8.89228025e-01  8.89205498e-01 -7.65785559e-05  4.84136185e-07 -5.87556579e-08 
 3.44023999e-05  8.89181414e-01  8.89250198e-01  8.89205159e-01 -8.14882731e-05  5.98059874e-07 -5.78956176e-08 
 3.44024731e-05  8.89190231e-01  8.89276629e-01  8.89205557e-01 -8.58884213e-05  7.30338754e-07 -5.65080579e-08 
 3.44025467e-05  8.89201277e-01  8.89310718e-01  8.89206823e-01 -9.00332002e-05  8.97518313e-07 -5.43785691e-08 
 3.44026298e-05  8.89217172e-01  8.89358251e-01  8.89209545e-01 -9.43795170e-05  1.13475288e-06 -5.09652579e-08 
 3.44027171e-05  8.89238254e-01  8.89415817e-01  8.89214110e-01 -9.85809402e-05  1.44113515e-06 -4.62443939e-08 
 3.44028323e-05  8.89270547e-01  8.89497125e-01  8.89223024e-01 -1.03701630e-04  1.93057457e-06 -3.84483019e-08 
 3.44029219e-05  8.89295017e-01  8.89561436e-01  8.89232245e-01 -1.07230446e-04  2.37339035e-06 -3.13173621e-08 
 3.44030156e-05  8.89315894e-01  8.89626882e-01  8.89243914e-01 -1.10510212e-04  2.88704182e-06 -2.30597737e-08 
 3.44031154e-05  8.89332418e-01  8.89691784e-01  8.89258444e-01 -1.13520258e-04  3.48219347e-06 -1.35673250e-08 
 3.44032114e-05  8.89346065e-01  8.89746047e-01  8.89274116e-01 -1.15958172e-04  4.08636212e-06 -4.04386617e-09 
 3.44033090e-05  8.89359467e-01  8.89790450e-01  8.89291337e-01 -1.17386080e-04  4.71725240e-06  5.74858512e-09 
 3.44033945e-05  8.89371559e-01  8.89817393e-01  8.89307065e-01 -1.16771344e-04  5.26739090e-06  1.41101112e-08 
 3.44034593e-05  8.89380419e-01  8.89826413e-01  8.89319100e-01 -1.13504138e-04  5.66860561e-06  2.00155655e-08 
 3.44035148e-05  8.89387655e-01  8.89821869e-01  8.89329226e-01 -1.07970862e-04  5.98731402e-06  2.44755162e-08 
 3.44035740e-05  8.89394327e-01  8.89801026e-01  8.89339458e-01 -9.95528823e-05  6.28608950e-06  2.83082499e-08 
 3.44036406e-05  8.89400552e-01  8.89757302e-01  8.89349852e-01 -8.81171001e-05  6.56019103e-06  3.12838824e-08 
 3.44037137e-05  8.89405352e-01  8.89688394e-01  8.89359319e-01 -7.46296711e-05  6.77686205e-06  3.28411456e-08 
 3.44038045e-05  8.89408633e-01  8.89583287e-01  8.89367600e-01 -5.88327681e-05  6.92530495e-06  3.24924514e-08 
 3.44038903e-05  8.89409150e-01  8.89477002e-01  8.89371582e-01 -4.64694304e-05  6.95675638e-06  3.02728461e-08 
 3.44039657e-05  8.89408061e-01  8.89387360e-01  8.89372062e-01 -3.81594677e-05  6.91481483e-06  2.72435474e-08 
 3.44040432e-05  8.89405715e-01  8.89304972e-01  8.89369915e-01 -3.18691228e-05  6.82199159e-06  2.34734567e-08 
 3.44041335e-05  8.89401993e-01  8.89224472e-01  8.89364606e-01 -2.69013746e-05  6.67049776e-06  1.86226304e-08 
 3.44042200e-05  8.89397668e-01  8.89163193e-01  8.89357286e-01 -2.38697226e-05  6.49760760e-06  1.37815111e-08 
 3.44043194e-05  8.89392217e-01  8.89109592e-01  8.89346937e-01 -2.17908825e-05  6.28133292e-06  8.21582168e-09 
 3.44044228e-05  8.89386163e-01  8.89069027e-01  8.89334698e-01 -2.05773139e-05  6.04827531e-06  2.56571197e-09 
 3.44045483e-05  8.89378600e-01  8.89034407e-01  8.89318656e-01 -1.98561087e-05  5.76518546e-06 -4.00933055e-09 
 3.44046887e-05  8.89369968e-01  8.89007907e-01  8.89299980e-01 -1.94942948e-05  5.45670189e-06 -1.09495749e-08 
 3.44048443e-05  8.89360355e-01  8.88987062e-01  8.89279030e-01 -1.93633724e-05  5.12967196e-06 -1.81446592e-08 
 3.44050000e-05  8.89350705e-01  8.88970926e-01  8.89258228e-01 -1.93042046e-05  4.82029079e-06 -2.48455705e-08 
 3.44050026e-05  8.89351679e-01  8.88975294e-01  8.89257889e-01 -1.82321569e-05  4.81561430e-06 -2.48092799e-08 
 3.44050078e-05  8.89352481e-01  8.88983236e-01  8.89257219e-01 -1.78249625e-05  4.80630128e-06 -2.47450502e-08 
 3.44050181e-05  8.89352311e-01  8.88995905e-01  8.89255927e-01 -1.76048785e-05  4.78773238e-06 -2.46396200e-08 
 3.44050389e-05  8.89352492e-01  8.89015263e-01  8.89253492e-01 -1.71827588e-05  4.75056391e-06 -2.44525264e-08 
 3.44050747e-05  8.89352430e-01  8.89040565e-01  8.89249652e-01 -1.66701309e-05  4.68652454e-06 -2.41807361e-08 
 3.44051463e-05  8.89352540e-01  8.89075573e-01  8.89242986e-01 -1.60411160e-05  4.55956275e-06 -2.37543919e-08 
 3.44052895e-05  8.89352357e-01  8.89110476e-01  8.89232158e-01 -1.55982205e-05  4.31291624e-06 -2.31026501e-08 
 3.44055748e-05  8.89352137e-01  8.89123936e-01  8.89214947e-01 -1.54891938e-05  3.85678083e-06 -2.19676187e-08 
 3.44058901e-05  8.89351714e-01  8.89115837e-01  8.89198395e-01 -1.55090645e-05  3.40744243e-06 -2.07083835e-08 
 3.44064305e-05  8.89351282e-01  8.89100649e-01  8.89172137e-01 -1.54982821e-05  2.75422297e-06 -1.85531791e-08 
 3.44072560e-05  8.89350553e-01  8.89081293e-01  8.89136532e-01 -1.55066099e-05  1.98636910e-06 -1.54288476e-08 
 3.44089072e-05  8.89349708e-01  8.89055592e-01  8.89080654e-01 -1.55017763e-05  1.01428731e-06 -1.01885079e-08 
 3.44122094e-05  8.89348647e-01  8.89042938e-01  8.89020321e-01 -1.55162403e-05  2.16667867e-07 -3.76177608e-09 
 3.44177236e-05  8.89348208e-01  8.89090237e-01  8.89022225e-01 -1.55223670e-05 -8.56781463e-09 -2.57525739e-10 
 3.44245847e-05  8.89348060e-01  8.89196902e-01  8.89111181e-01 -1.55403032e-05  1.25999006e-09  5.08200789e-11 
 3.44363393e-05  8.89348249e-01  8.89370219e-01  8.89290671e-01 -1.55445597e-05 -4.72609356e-10  2.33655491e-11 
 3.44496453e-05  8.89348309e-01  8.89487172e-01  8.89426677e-01 -1.55568096e-05  2.34190982e-10  3.20006141e-11 
 3.44709864e-05  8.89348474e-01  8.89520262e-01  8.89479448e-01 -1.55545843e-05 -1.36180740e-10 -2.87973736e-12 
 3.45044776e-05  8.89348320e-01  8.89443267e-01  8.89406089e-01 -1.55631146e-05  9.46005969e-11 -3.25625323e-12 
 3.45522388e-05  8.89348311e-01  8.89406256e-01  8.89359385e-01 -1.55568167e-05 -8.04390725e-11 -1.19919911e-12 
 3.46000000e-05  8.89348267e-01  8.89449145e-01  8.89402558e-01 -1.55629901e-05  6.63093749e-11  6.27588612e-12 
 3.46000368e-05  8.89349567e-01  8.89469206e-01  8.89402880e-01 -1.27953469e-05  5.40831607e-09  9.22573244e-10 
 3.46001103e-05  8.89350387e-01  8.89498372e-01  8.89403936e-01 -1.22022083e-05  1.58330749e-08  2.65216853e-09 
 3.46002574e-05  8.89351656e-01  8.89527455e-01  8.89407622e-01 -1.19262185e-05  3.49954497e-08  5.77190969e-09 
 3.46004640e-05  8.89353576e-01  8.89543593e-01  8.89414245e-01 -1.18357235e-05  5.96523472e-08  9.75784379e-09 
 3.46007766e-05  8.89356271e-01  8.89550147e-01  8.89424618e-01 -1.18993097e-05  9.33199293e-08  1.51855490e-08 
 3.46012220e-05  8.89360455e-01  8.89553826e-01  8.89438178e-01 -1.20607395e-05  1.34571546e-07  2.18181121e-08 
 3.46013481e-05  8.89361767e-01  8.89553421e-01  8.89441672e-01 -1.23327883e-05  1.44870644e-07  2.34528507e-08 
 3.46016005e-05  8.89365829e-01  8.89548953e-01  8.89447921e-01 -1.39871161e-05  1.62993152e-07  2.61962907e-08 
 3.46017521e-05  8.89369929e-01  8.89539592e-01  8.89450976e-01 -1.65996192e-05  1.71630182e-07  2.72957119e-08 
 3.46018686e-05  8.89374681e-01  8.89526145e-01  8.89452679e-01 -1.99838053e-05  1.76324141e-07  2.76268117e-08 
 3.46019851e-05  8.89380806e-01  8.89504856e-01  8.89453515e-01 -2.50603006e-05  1.78741810e-07  2.73173743e-08 
 3.46021095e-05  8.89388962e-01  8.89472789e-01  8.89453070e-01 -3.21383659e-05  1.78161359e-07  2.60911656e-08 
 3.46022488e-05  8.89399125e-01  8.89424208e-01  8.89450410e-01 -4.16687369e-05  1.72924480e-07  2.33820670e-08 
 3.46023781e-05  8.89408718e-01  8.89366547e-01  8.89445393e-01 -5.06778760e-05  1.63018707e-07  1.93851311e-08 
 3.46024925e-05  8.89416233e-01  8.89303150e-01  8.89438460e-01 -5.76022463e-05  1.49480753e-07  1.44128959e-08 
 3.46025952e-05  8.89421668e-01  8.89233797e-01  8.89429832e-01 -6.18294785e-05  1.32758510e-07  8.55916448e-09 
 3.46027106e-05  8.89425470e-01  8.89140790e-01  8.89416879e-01 -6.42764290e-05  1.08154944e-07  1.87209066e-10 
 3.46028196e-05  8.89426713e-01  8.89044240e-01  8.89401147e-01 -6.57659744e-05  7.94919762e-08 -9.35254808e-09 
 3.46029306e-05  8.89425494e-01  8.88947472e-01  8.89381601e-01 -6.71979141e-05  4.55472256e-08 -2.03303762e-08 
 3.46030394e-05  8.89422035e-01  8.88861821e-01  8.89359388e-01 -6.82135073e-05  6.91848064e-09 -3.19185294e-08 
 3.46031355e-05  8.89416738e-01  8.88798382e-01  8.89337765e-01 -6.86522913e-05 -3.84436016e-08 -4.25288499e-08 
 3.46031971e-05  8.89411761e-01  8.88766795e-01  8.89323166e-01 -6.82796327e-05 -8.39153526e-08 -4.93753281e-08 
 3.46032582e-05  8.89405579e-01  8.88745225e-01  8.89308385e-01 -6.75020781e-05 -1.53680741e-07 -5.60543555e-08 
 3.46033144e-05  8.89398384e-01  8.88736353e-01  8.89294791e-01 -6.62647455e-05 -2.40706641e-07 -6.19141995e-08 
 3.46033481e-05  8.89392458e-01  8.88738260e-01  8.89286715e-01 -6.52278236e-05 -3.00517343e-07 -6.51750890e-08 
 3.46033714e-05  8.89386777e-01  8.88744916e-01  8.89281253e-01 -6.40920909e-05 -3.42664665e-07 -6.71962472e-08 
 3.46033945e-05  8.89379639e-01  8.88757998e-01  8.89275965e-01 -6.26359587e-05 -3.83855073e-07 -6.89144530e-08 
 3.46034267e-05  8.89367972e-01  8.88789120e-01  8.89268974e-01 -5.99071872e-05 -4.37269951e-07 -7.06714736e-08 
 3.46034557e-05  8.89356876e-01  8.88830136e-01  8.89263162e-01 -5.69565360e-05 -4.80156479e-07 -7.15635149e-08 
 3.46034995e-05  8.89341195e-01  8.88910165e-01  8.89255562e-01 -5.19212666e-05 -5.34212126e-07 -7.17395431e-08 
 3.46035274e-05  8.89332527e-01  8.88968803e-01  8.89251569e-01 -4.86017458e-05 -5.62175864e-07 -7.12188715e-08 
 3.46035572e-05  8.89324647e-01  8.89034286e-01  8.89248072e-01 -4.50804382e-05 -5.87501456e-07 -7.02564350e-08 
 3.46035919e-05  8.89317162e-01  8.89109944e-01  8.89245037e-01 -4.12185849e-05 -6.11971110e-07 -6.87665538e-08 
 3.46036308e-05  8.89310788e-01  8.89190502e-01  8.89242888e-01 -3.72650717e-05 -6.34575975e-07 -6.67984732e-08 
 3.46036689e-05  8.89306124e-01  8.89262507e-01  8.89241968e-01 -3.38458689e-05 -6.53125417e-07 -6.47118756e-08 
 3.46037110e-05  8.89302454e-01  8.89332288e-01  8.89242151e-01 -3.05932377e-05 -6.70719761e-07 -6.23592346e-08 
 3.46037552e-05  8.89299702e-01  8.89394505e-01  8.89243498e-01 -2.77239834e-05 -6.86952625e-07 -5.99153988e-08 
 3.46038068e-05  8.89297563e-01  8.89453618e-01  8.89246276e-01 -2.49910278e-05 -7.03863934e-07 -5.71703935e-08 
 3.46038639e-05  8.89295978e-01  8.89504832e-01  8.89250534e-01 -2.25871313e-05 -7.20806513e-07 -5.42817574e-08 
 3.46039331e-05  8.89294829e-01  8.89551184e-01  8.89256893e-01 -2.03445089e-05 -7.39489230e-07 -5.09880478e-08 
 3.46040141e-05  8.89294058e-01  8.89589791e-01  8.89265475e-01 -1.83950265e-05 -7.59353409e-07 -4.73688629e-08 
 3.46041177e-05  8.89293721e-01  8.89623432e-01  8.89277525e-01 -1.66350563e-05 -7.82310793e-07 -4.30190921e-08 
 3.46042473e-05  8.89293898e-01  8.89651276e-01  8.89293458e-01 -1.52080724e-05 -8.08237543e-07 -3.79056893e-08 
 3.46044205e-05  8.89294966e-01  8.89676448e-01  8.89315287e-01 -1.41462568e-05 -8.41608712e-07 -3.14950182e-08 
 3.46046342e-05  8.89297183e-01  8.89699050e-01  8.89342175e-01 -1.35704646e-05 -8.92633224e-07 -2.41574872e-08 
 3.46048171e-05  8.89299757e-01  8.89714951e-01  8.89364783e-01 -1.33815882e-05 -9.60545190e-07 -1.83433819e-08 
 3.46050000e-05  8.89302655e-01  8.89729272e-01  8.89386863e-01 -1.33015501e-05 -1.06662336e-06 -1.29327733e-08 
 3.46050043e-05  8.89301890e-01  8.89726177e-01  8.89387364e-01 -1.55322555e-05 -1.07034308e-06 -1.29276290e-08 
 3.46050128e-05  8.89301310e-01  8.89720768e-01  8.89388355e-01 -1.57627980e-05 -1.07800678e-06 -1.29095530e-08 
 3.46050298e-05  8.89301371e-01  8.89712773e-01  8.89390281e-01 -1.57023511e-05 -1.09352282e-06 -1.28514242e-08 
 3.46050638e-05  8.89301032e-01  8.89700982e-01  8.89393960e-01 -1.57957203e-05 -1.12375694e-06 -1.27090955e-08 
 3.46051319e-05  8.89301056e-01  8.89685017e-01  8.89400798e-01 -1.57541998e-05 -1.18215913e-06 -1.23653817e-08 
 3.46052427e-05  8.89301034e-01  8.89671792e-01  8.89410906e-01 -1.57989399e-05 -1.27215045e-06 -1.17560026e-08 
 3.46053812e-05  8.89301353e-01  8.89667658e-01  8.89422466e-01 -1.57393286e-05 -1.37714175e-06 -1.09915772e-08 
 3.46056028e-05  8.89301575e-01  8.89672426e-01  8.89439702e-01 -1.57813322e-05 -1.52914005e-06 -9.81471795e-09 
 3.46060459e-05  8.89302307e-01  8.89691727e-01  8.89471924e-01 -1.57298345e-05 -1.78224856e-06 -7.63733622e-09 
 3.46069321e-05  8.89303329e-01  8.89729153e-01  8.89530353e-01 -1.57686156e-05 -2.12925109e-06 -3.97495219e-09 
 3.46087046e-05  8.89305240e-01  8.89782868e-01  8.89625188e-01 -1.57090262e-05 -2.42465128e-06  1.02829600e-09 
 3.46122495e-05  8.89307580e-01  8.89829746e-01  8.89738556e-01 -1.57324627e-05 -2.35099926e-06  5.18822818e-09 
 3.46175913e-05  8.89309786e-01  8.89806642e-01  8.89774868e-01 -1.56606264e-05 -1.88207631e-06  5.37492334e-09 
 3.46245343e-05  8.89311253e-01  8.89708583e-01  8.89703081e-01 -1.56830110e-05 -1.37629306e-06  3.85569126e-09 
 3.46369266e-05  8.89312957e-01  8.89529236e-01  8.89519748e-01 -1.56132889e-05 -7.87369259e-07  2.15152931e-09 
 3.46484031e-05  8.89313641e-01  8.89423828e-01  8.89397591e-01 -1.56483652e-05 -4.70825666e-07  1.29087943e-09 
 3.46689915e-05  8.89314482e-01  8.89372425e-01  8.89326895e-01 -1.55939050e-05 -1.79339882e-07  4.95082330e-10 
 3.47001876e-05  8.89314830e-01  8.89428021e-01  8.89376643e-01 -1.56359857e-05 -3.42563825e-08  1.04706383e-10 
 3.47408573e-05  8.89315099e-01  8.89472143e-01  8.89428238e-01 -1.55899258e-05 -2.22300429e-09  7.23952116e-12 
 3.47979501e-05  8.89314980e-01  8.89440323e-01  8.89397940e-01 -1.56358835e-05  3.07811751e-10 -1.44530259e-12 
 3.48813882e-05  8.89315051e-01  8.89431637e-01  8.89385808e-01 -1.55901068e-05 -1.44529905e-10  1.99618230e-12 
 3.49813882e-05  8.89314966e-01  8.89442629e-01  8.89398866e-01 -1.56357782e-05  9.48813294e-11  1.11632622e-12 
 3.50813882e-05  8.89315046e-01  8.89428799e-01  8.89384348e-01 -1.55901442e-05 -7.77548176e-11  3.71502959e-13 
 3.51813882e-05  8.89314943e-01  8.89434716e-01  8.89389948e-01 -1.56357760e-05  6.35662701e-11  1.94947942e-12 
 3.52813882e-05  8.89315040e-01  8.89432278e-01  8.89388195e-01 -1.55901283e-05 -5.99710596e-11  2.84096965e-13 
 3.53813882e-05  8.89314928e-01  8.89430753e-01  8.89386007e-01 -1.56357924e-05  5.15369253e-11  1.66454909e-12 
 3.54813882e-05  8.89315028e-01  8.89432757e-01  8.89388443e-01 -1.55901183e-05 -5.08067215e-11  6.86887396e-13 
 3.55813882e-05  8.89314918e-01  8.89430797e-01  8.89386281e-01 -1.56357941e-05  4.40373718e-11  1.34067502e-12 
 3.56813882e-05  8.89315014e-01  8.89431693e-01  8.89387223e-01 -1.55901221e-05 -4.43458189e-11  8.83827137e-13 
 3.57813882e-05  8.89314907e-01  8.89431492e-01  8.89387032e-01 -1.56357877e-05  3.82667604e-11  1.25932061e-12 
 3.58813882e-05  8.89315002e-01  8.89431146e-01  8.89386684e-01 -1.55901285e-05 -3.90620301e-11  9.02294678e-13 
 3.59813882e-05  8.89314895e-01  8.89431589e-01  8.89387092e-01 -1.56357824e-05  3.33748148e-11  1.26043924e-12 
 3.60813882e-05  8.89314991e-01  8.89431185e-01  8.89386760e-01 -1.55901324e-05 -3.45221191e-11  9.10324333e-13 
 3.61813882e-05  8.89314883e-01  8.89431419e-01  8.89386898e-01 -1.56357794e-05  2.91765646e-11  1.23531572e-12 
 3.62813882e-05  8.89314980e-01  8.89431297e-01  8.89386880e-01 -1.55901351e-05 -3.06577851e-11  9.49603135e-13 
 3.63813882e-05  8.89314872e-01  8.89431329e-01  8.89386811e-01 -1.56357768e-05  2.56342072e-11  1.19001440e-12 
 3.64813882e-05  8.89314968e-01  8.89431303e-01  8.89386880e-01 -1.55901379e-05 -2.74155592e-11  9.94018344e-13 
 3.65406941e-05  8.89314863e-01  8.89431339e-01  8.89386829e-01 -1.56357727e-05  2.17812925e-11  1.13958398e-12 
 3.66000000e-05  8.89314961e-01  8.89431262e-01  8.89386834e-01 -1.55901433e-05 -2.31016339e-11  1.04554175e-12 
 3.66000837e-05  8.89312607e-01  8.89397228e-01  8.89385729e-01 -1.80802940e-05 -1.61378649e-08 -1.96041231e-09 
 3.66002512e-05  8.89310694e-01  8.89355392e-01  8.89382237e-01 -1.82446220e-05 -4.62504991e-08 -5.59649891e-09 
 3.66004980e-05  8.89308849e-01  8.89337024e-01  8.89374664e-01 -1.85370228e-05 -8.41087813e-08 -1.03420977e-08 
 3.66007835e-05  8.89307107e-01  8.89332037e-01  8.89365523e-01 -1.98338992e-05 -1.20245955e-07 -1.52159911e-08 
 3.66010343e-05  8.89306867e-01  8.89333653e-01  8.89358155e-01 -2.25582609e-05 -1.44453559e-07 -1.88834039e-08 
 3.66012816e-05  8.89308218e-01  8.89337910e-01  8.89351854e-01 -2.75520769e-05 -1.61101287e-07 -2.19047373e-08 
 3.66015131e-05  8.89311346e-01  8.89346274e-01  8.89347055e-01 -3.45291105e-05 -1.69816278e-07 -2.41349293e-08 
 3.66017127e-05  8.89315363e-01  8.89356675e-01  8.89343979e-01 -4.24695754e-05 -1.71209012e-07 -2.55217577e-08 
 3.66018719e-05  8.89319474e-01  8.89368986e-01  8.89342399e-01 -4.99689872e-05 -1.67257905e-07 -2.61788964e-08 
 3.66020005e-05  8.89323153e-01  8.89382150e-01  8.89341832e-01 -5.67749464e-05 -1.59652805e-07 -2.63293200e-08 
 3.66021086e-05  8.89326458e-01  8.89397034e-01  8.89341972e-01 -6.28666480e-05 -1.49170162e-07 -2.61001465e-08 
 3.66022017e-05  8.89329197e-01  8.89413607e-01  8.89342662e-01 -6.83535997e-05 -1.36019734e-07 -2.55515362e-08 
 3.66022832e-05  8.89331434e-01  8.89432473e-01  8.89343814e-01 -7.31887165e-05 -1.20319757e-07 -2.47085221e-08 
 3.66023554e-05  8.89332996e-01  8.89453860e-01  8.89345377e-01 -7.74310094e-05 -1.02006405e-07 -2.35811990e-08 
 3.66024207e-05  8.89333954e-01  8.89478570e-01  8.89347345e-01 -8.10849298e-05 -8.07576666e-08 -2.21490368e-08 
 3.66024827e-05  8.89334235e-01  8.89508259e-01  8.89349835e-01 -8.43215973e-05 -5.52270953e-08 -2.03146696e-08 
 3.66025483e-05  8.89334072e-01  8.89547380e-01  8.89353293e-01 -8.73831454e-05 -2.14937411e-08 -1.77639309e-08 
 3.66026180e-05  8.89333797e-01  8.89597081e-01  8.89358088e-01 -9.02793914e-05  2.22697588e-08 -1.43130061e-08 
 3.66027008e-05  8.89333981e-01  8.89663842e-01  8.89365509e-01 -9.33118422e-05  8.32372273e-08 -9.26822875e-09 
 3.66027955e-05  8.89335018e-01  8.89745598e-01  8.89376477e-01 -9.63389645e-05  1.59101192e-07 -2.38833186e-09 
 3.66028758e-05  8.89336526e-01  8.89816299e-01  8.89387844e-01 -9.84375549e-05  2.19645076e-07  4.20957060e-09 
 3.66029610e-05  8.89338835e-01  8.89890502e-01  8.89401966e-01 -1.00217646e-04  2.69994341e-07  1.18453728e-08 
 3.66030524e-05  8.89342464e-01  8.89965416e-01  8.89419254e-01 -1.01684921e-04  3.04934124e-07  2.05467588e-08 
 3.66031410e-05  8.89347272e-01  8.90029193e-01  8.89437822e-01 -1.02776487e-04  3.27208574e-07  2.92734484e-08 
 3.66032523e-05  8.89354375e-01  8.90092058e-01  8.89463027e-01 -1.02935829e-04  3.49806879e-07  4.03033873e-08 
 3.66033327e-05  8.89359985e-01  8.90120649e-01  8.89481967e-01 -1.00868502e-04  3.64529420e-07  4.79654099e-08 
 3.66033891e-05  8.89363768e-01  8.90126944e-01  8.89495295e-01 -9.66822931e-05  3.73682226e-07  5.28792931e-08 
 3.66034391e-05  8.89366927e-01  8.90117916e-01  8.89506843e-01 -9.06973291e-05  3.80085786e-07  5.66285609e-08 
 3.66034956e-05  8.89369949e-01  8.90088096e-01  8.89519156e-01 -8.19586353e-05  3.84809224e-07  5.99164341e-08 
 3.66035567e-05  8.89372643e-01  8.90033273e-01  8.89531165e-01 -7.13222648e-05  3.86487591e-07  6.22287617e-08 
 3.66036287e-05  8.89374881e-01  8.89945245e-01  8.89542905e-01 -5.87283239e-05  3.84080448e-07  6.33217093e-08 
 3.66037235e-05  8.89376605e-01  8.89808877e-01  8.89553685e-01 -4.44335588e-05  3.74610681e-07  6.25085214e-08 
 3.66037896e-05  8.89377075e-01  8.89711203e-01  8.89557914e-01 -3.68305971e-05  3.64715677e-07  6.07906331e-08 
 3.66038525e-05  8.89377184e-01  8.89624611e-01  8.89559540e-01 -3.14270983e-05  3.53574873e-07  5.86177829e-08 
 3.66039252e-05  8.89376956e-01  8.89536297e-01  8.89558864e-01 -2.69450735e-05  3.39276332e-07  5.57201016e-08 
 3.66040054e-05  8.89376473e-01  8.89455793e-01  8.89555476e-01 -2.37638306e-05  3.22333736e-07  5.23007692e-08 
 3.66040885e-05  8.89375771e-01  8.89390495e-01  8.89549694e-01 -2.17493023e-05  3.04059133e-07  4.87030892e-08 
 3.66041800e-05  8.89374906e-01  8.89336886e-01  8.89541414e-01 -2.05202574e-05  2.83538804e-07  4.48174493e-08 
 3.66042812e-05  8.89373856e-01  8.89294664e-01  8.89530687e-01 -1.97930560e-05  2.60745569e-07  4.06757569e-08 
 3.66044003e-05  8.89372600e-01  8.89260932e-01  8.89516851e-01 -1.94221068e-05  2.34225449e-07  3.60519689e-08 
 3.66045410e-05  8.89371082e-01  8.89234703e-01  8.89499693e-01 -1.92322327e-05  2.03738697e-07  3.09170972e-08 
 3.66047184e-05  8.89369188e-01  8.89212697e-01  8.89477737e-01 -1.91777473e-05  1.66992411e-07  2.48916188e-08 
 3.66048592e-05  8.89367684e-01  8.89199688e-01  8.89460424e-01 -1.91504932e-05  1.39344671e-07  2.04251623e-08 
 3.66050000e-05  8.89366204e-01  8.89188470e-01  8.89443396e-01 -1.91578764e-05  1.13076023e-07  1.62112111e-08 
 3.66050023e-05  8.89366708e-01  8.89190268e-01  8.89443123e-01 -1.69705537e-05  1.12967437e-07  1.62081009e-08 
 3.66050069e-05  8.89367175e-01  8.89193601e-01  8.89442579e-01 -1.66344798e-05  1.12797102e-07  1.61991820e-08 
 3.66050161e-05  8.89367106e-01  8.89199034e-01  8.89441511e-01 -1.65117707e-05  1.12538679e-07  1.61702575e-08 
 3.66050345e-05  8.89367153e-01  8.89207373e-01  8.89439437e-01 -1.63018769e-05  1.11970463e-07  1.60993784e-08 
 3.66050670e-05  8.89367109e-01  8.89218641e-01  8.89435943e-01 -1.60343072e-05  1.10873351e-07  1.59527049e-08 
 3.66051319e-05  8.89367081e-01  8.89234162e-01  8.89429433e-01 -1.57059207e-05  1.08453606e-07  1.56065776e-08 
 3.66052617e-05  8.89366896e-01  8.89248746e-01  8.89417668e-01 -1.54660327e-05  1.03329190e-07  1.48382731e-08 
 3.66055213e-05  8.89366571e-01  8.89249491e-01  8.89396638e-01 -1.54142358e-05  9.33752249e-08  1.33191750e-08 
 3.66058267e-05  8.89366158e-01  8.89236617e-01  8.89373838e-01 -1.54272901e-05  8.27916950e-08  1.17150490e-08 
 3.66063432e-05  8.89365589e-01  8.89213981e-01  8.89337695e-01 -1.54269319e-05  6.74794684e-08  9.41693370e-09 
 3.66072498e-05  8.89364703e-01  8.89179928e-01  8.89280842e-01 -1.54342643e-05  4.69758064e-08  6.36903964e-09 
 3.66090630e-05  8.89363495e-01  8.89131752e-01  8.89190644e-01 -1.54441963e-05  2.21572945e-08  2.75440147e-09 
 3.66126893e-05  8.89362162e-01  8.89092905e-01  8.89087422e-01 -1.54654750e-05  3.56510241e-09  2.03794128e-10 
 3.66184346e-05  8.89361468e-01  8.89121465e-01  8.89061018e-01 -1.54906270e-05 -3.02019584e-10 -1.41344117e-10 
 3.66260143e-05  8.89361236e-01  8.89220935e-01  8.89140224e-01 -1.55148827e-05  4.58075643e-11  1.46488494e-11 
 3.66385417e-05  8.89361230e-01  8.89375517e-01  8.89302527e-01 -1.55364663e-05  1.44201057e-12  3.03414920e-11 
 3.66506639e-05  8.89361243e-01  8.89461459e-01  8.89403759e-01 -1.55477453e-05  1.72590631e-11  2.03466451e-11 
 3.66730205e-05  8.89361275e-01  8.89492458e-01  8.89450714e-01 -1.55560049e-05 -4.72853766e-12  5.03943567e-13 
 3.67119800e-05  8.89361166e-01  8.89435807e-01  8.89395673e-01 -1.55603012e-05 -7.42503281e-13 -3.86086090e-12 
 3.67559900e-05  8.89361139e-01  8.89425189e-01  8.89378352e-01 -1.55596587e-05 -1.73249891e-12  1.93009459e-12 
 3.68000000e-05  8.89361146e-01  8.89457641e-01  8.89411744e-01 -1.55600970e-05  2.30351480e-12  3.29811368e-12 
 3.68000301e-05  8.89364621e-01  8.89492820e-01  8.89412180e-01 -1.37361494e-05  3.52297544e-09  1.52934604e-09 
 3.68000903e-05  8.89368603e-01  8.89544477e-01  8.89413655e-01 -1.27574405e-05  9.65488002e-09  4.43524794e-09 
 3.68002107e-05  8.89375878e-01  8.89600085e-01  8.89419024e-01 -1.20792140e-05  1.79643890e-08  9.75571596e-09 
 3.68003815e-05  8.89386423e-01  8.89638281e-01  8.89429309e-01 -1.18091062e-05  2.57989194e-08  1.66830133e-08 
 3.68006860e-05  8.89404745e-01  8.89662061e-01  8.89449560e-01 -1.18506833e-05  3.66059896e-08  2.78705195e-08 
 3.68010486e-05  8.89426886e-01  8.89676232e-01  8.89473238e-01 -1.18507419e-05  4.71879653e-08  3.95587621e-08 
 3.68013184e-05  8.89443379e-01  8.89683227e-01  8.89489833e-01 -1.21922094e-05  5.17191018e-08  4.71743149e-08 
 3.68014933e-05  8.89454798e-01  8.89686938e-01  8.89500023e-01 -1.27811005e-05  4.87689810e-08  5.15727005e-08 
 3.68016477e-05  8.89465512e-01  8.89686002e-01  8.89508527e-01 -1.42416555e-05  3.45399522e-08  5.49565901e-08 
 3.68017724e-05  8.89475422e-01  8.89681777e-01  8.89514896e-01 -1.63686531e-05  6.70804661e-09  5.71906253e-08 
 3.68018922e-05  8.89485853e-01  8.89671716e-01  8.89520390e-01 -1.98100074e-05 -4.38848124e-08  5.87145802e-08 
 3.68020168e-05  8.89498071e-01  8.89654356e-01  8.89525165e-01 -2.49194611e-05 -1.33143774e-07  5.94379872e-08 
 3.68021479e-05  8.89511491e-01  8.89626737e-01  8.89528787e-01 -3.20437006e-05 -2.80789326e-07  5.90072870e-08 
 3.68022910e-05  8.89526123e-01  8.89585770e-01  8.89530623e-01 -4.09334870e-05 -5.20771705e-07  5.68881579e-08 
 3.68024271e-05  8.89538224e-01  8.89535224e-01  8.89529849e-01 -4.92317522e-05 -8.40856640e-07  5.30189500e-08 
 3.68025489e-05  8.89546563e-01  8.89478726e-01  8.89526647e-01 -5.49517823e-05 -1.21856424e-06  4.77579681e-08 
 3.68026603e-05  8.89550845e-01  8.89415158e-01  8.89521233e-01 -5.78045291e-05 -1.65473130e-06  4.11832639e-08 
 3.68027828e-05  8.89551395e-01  8.89333168e-01  8.89512070e-01 -5.87319621e-05 -2.24500659e-06  3.18662593e-08 
 3.68029134e-05  8.89546617e-01  8.89240094e-01  8.89498326e-01 -5.93117598e-05 -2.99399806e-06  1.98022461e-08 
 3.68029982e-05  8.89540751e-01  8.89181898e-01  8.89487264e-01 -5.96531841e-05 -3.53579475e-06  1.10590240e-08 
 3.68030928e-05  8.89531164e-01  8.89122375e-01  8.89473165e-01 -5.99320915e-05 -4.18008057e-06  7.10682987e-10 
 3.68031949e-05  8.89515519e-01  8.89067082e-01  8.89456234e-01 -5.99589635e-05 -4.90843917e-06 -1.08950931e-08 
 3.68032672e-05  8.89496607e-01  8.89035918e-01  8.89443438e-01 -5.95435829e-05 -5.43358916e-06 -1.91913398e-08 
 3.68033300e-05  8.89471204e-01  8.89016508e-01  8.89431978e-01 -5.87909657e-05 -5.88708462e-06 -2.62884894e-08 
 3.68033939e-05  8.89436157e-01  8.89006484e-01  8.89420248e-01 -5.76534666e-05 -6.33404901e-06 -3.31784081e-08 
 3.68034335e-05  8.89410860e-01  8.89007245e-01  8.89413045e-01 -5.66992369e-05 -6.59714302e-06 -3.71303433e-08 
 3.68034620e-05  8.89390781e-01  8.89013513e-01  8.89407980e-01 -5.56656120e-05 -6.77298777e-06 -3.96697637e-08 
 3.68034897e-05  8.89370426e-01  8.89026797e-01  8.89403217e-01 -5.43180321e-05 -6.92688732e-06 -4.17408115e-08 
 3.68035237e-05  8.89345773e-01  8.89055219e-01  8.89397722e-01 -5.20815877e-05 -7.08539337e-06 -4.35717389e-08 
 3.68035596e-05  8.89322536e-01  8.89099711e-01  8.89392515e-01 -4.91951424e-05 -7.21188311e-06 -4.45633012e-08 
 3.68036093e-05  8.89297688e-01  8.89179541e-01  8.89386665e-01 -4.46205557e-05 -7.31820658e-06 -4.44412103e-08 
 3.68036429e-05  8.89286274e-01  8.89241036e-01  8.89383717e-01 -4.14059827e-05 -7.34920738e-06 -4.35220602e-08 
 3.68036780e-05  8.89278734e-01  8.89306975e-01  8.89381566e-01 -3.80968329e-05 -7.35264750e-06 -4.20322124e-08 
 3.68037192e-05  8.89274790e-01  8.89382233e-01  8.89380237e-01 -3.44836305e-05 -7.32664580e-06 -3.98055013e-08 
 3.68037653e-05  8.89275552e-01  8.89460214e-01  8.89380173e-01 -3.08432703e-05 -7.26856466e-06 -3.69265020e-08 
 3.68038114e-05  8.89280388e-01  8.89528878e-01  8.89381450e-01 -2.77295102e-05 -7.18906627e-06 -3.38497897e-08 
 3.68038623e-05  8.89289168e-01  8.89593075e-01  8.89384171e-01 -2.48490717e-05 -7.08510809e-06 -3.03867944e-08 
 3.68039168e-05  8.89301240e-01  8.89649096e-01  8.89388327e-01 -2.23686357e-05 -6.96202993e-06 -2.67095860e-08 
 3.68039807e-05  8.89317724e-01  8.89700182e-01  8.89394430e-01 -2.00971741e-05 -6.80991490e-06 -2.25342495e-08 
 3.68040532e-05  8.89338265e-01  8.89743280e-01  8.89402516e-01 -1.81863687e-05 -6.63285334e-06 -1.79976260e-08 
 3.68041420e-05  8.89365147e-01  8.89780778e-01  8.89413509e-01 -1.65176177e-05 -6.41538098e-06 -1.27233402e-08 
 3.68042492e-05  8.89399179e-01  8.89811689e-01  8.89427708e-01 -1.52002496e-05 -6.15662708e-06 -6.71367696e-09 
 3.68043888e-05  8.89445845e-01  8.89838856e-01  8.89446886e-01 -1.41792830e-05 -5.83012651e-06  6.23936768e-10 
 3.68045681e-05  8.89511003e-01  8.89863228e-01  8.89471792e-01 -1.35436137e-05 -5.43119824e-06  9.35262713e-09 
 3.68047841e-05  8.89603877e-01  8.89885836e-01  8.89501457e-01 -1.32334634e-05 -4.98314283e-06  1.89025767e-08 
 3.68050000e-05  8.89721813e-01  8.89905274e-01  8.89530406e-01 -1.31311179e-05 -4.57005545e-06  2.74386530e-08 
 3.68050056e-05  8.89723243e-01  8.89896714e-01  8.89531119e-01 -1.43087513e-05 -4.56054410e-06  2.73443792e-08 
 3.68050167e-05  8.89728215e-01  8.89882106e-01  8.89532511e-01 -1.46695307e-05 -4.54151447e-06  2.71776104e-08 
 3.68050389e-05  8.89740187e-01  8.89861100e-01  8.89535118e-01 -1.48299326e-05 -4.50335466e-06  2.68932961e-08 
 3.68050833e-05  8.89763089e-01  8.89830724e-01  8.89539810e-01 -1.52563432e-05 -4.42709152e-06  2.63939163e-08 
 3.68051722e-05  8.89809975e-01  8.89791730e-01  8.89547737e-01 -1.55203583e-05 -4.27664693e-06  2.55647797e-08 
 3.68053172e-05  8.89885151e-01  8.89762215e-01  8.89558148e-01 -1.57137796e-05 -4.04050928e-06  2.43879292e-08 
 3.68055050e-05  8.89981561e-01  8.89752711e-01  8.89569363e-01 -1.56548435e-05 -3.75327880e-06  2.29652959e-08 
 3.68058270e-05  8.90141596e-01  8.89756938e-01  8.89586421e-01 -1.57053482e-05 -3.30732790e-06  2.06481630e-08 
 3.68063135e-05  8.90373730e-01  8.89771672e-01  8.89610081e-01 -1.56441386e-05 -2.73097127e-06  1.74455431e-08 
 3.68072866e-05  8.90802395e-01  8.89797876e-01  8.89652506e-01 -1.56972549e-05 -1.85542106e-06  1.20493468e-08 
 3.68092327e-05  8.91537843e-01  8.89838878e-01  8.89720525e-01 -1.56304453e-05 -8.30076211e-07  4.66296054e-09 
 3.68131249e-05  8.92624724e-01  8.89899431e-01  8.89811693e-01 -1.56733593e-05 -1.11239501e-07 -1.57486292e-09 
 3.68185717e-05  8.93554081e-01  8.89993158e-01  8.89905655e-01 -1.56020598e-05  3.70462477e-09 -2.28813278e-09 
 3.68262516e-05  8.94209002e-01  8.90228955e-01  8.90100563e-01 -1.56486499e-05 -7.30792136e-10 -9.99707851e-10 
 3.68374766e-05  8.94560169e-01  8.90805962e-01  8.90615810e-01 -1.55839452e-05  3.28802728e-10 -1.61318592e-10 
 3.68489905e-05  8.94648611e-01  8.91548782e-01  8.91336761e-01 -1.56379843e-05 -2.65924867e-11  6.69785300e-11 
 3.68683211e-05  8.94677465e-01  8.92639246e-01  8.92469171e-01 -1.55786468e-05  1.39276886e-10  1.33204462e-10 
 3.68888255e-05  8.94677285e-01  8.93278746e-01  8.93184987e-01 -1.56367407e-05 -1.25958011e-12  6.22863507e-11 
 3.69125422e-05  8.94677719e-01  8.93456601e-01  8.93412967e-01 -1.55816245e-05  2.28361067e-11  5.62680913e-12 
 3.69400739e-05  8.94677358e-01  8.93440041e-01  8.93397199e-01 -1.56404473e-05 -2.39164701e-11 -1.07055462e-11 
 3.69768401e-05  8.94677544e-01  8.93580900e-01  8.93517973e-01 -1.55832043e-05  1.66492692e-11  1.14637596e-11 
 3.70178001e-05  8.94677428e-01  8.93879827e-01  8.93816898e-01 -1.56399357e-05 -8.78201158e-13  1.51502473e-11 
 3.70759428e-05  8.94677797e-01  8.94150716e-01  8.94099911e-01 -1.55828738e-05  9.05922169e-12  6.27873648e-12 
 3.71759428e-05  8.94677598e-01  8.94387625e-01  8.94337146e-01 -1.56403380e-05 -5.43772471e-12  3.12553434e-12 
 3.72759428e-05  8.94677908e-01  8.94576262e-01  8.94527767e-01 -1.55829913e-05  7.49956174e-12  5.53819366e-12 
 3.73759428e-05  8.94677683e-01  8.94661630e-01  8.94616244e-01 -1.56403501e-05 -5.93766963e-12 -9.79588047e-14 
 3.74759428e-05  8.94677927e-01  8.94714003e-01  8.94667368e-01 -1.55831048e-05  5.25476494e-12  3.60823936e-12 
 3.75759428e-05  8.94677691e-01  8.94753138e-01  8.94708260e-01 -1.56403216e-05 -4.59819661e-12  2.12250898e-13 
 3.76759428e-05  8.94677923e-01  8.94764891e-01  8.94719725e-01 -1.55831450e-05  3.42556669e-12  2.19064740e-12 
 3.77759428e-05  8.94677673e-01  8.94779769e-01  8.94734713e-01 -1.56403249e-05 -3.48767109e-12  5.00922437e-13 
 3.78759428e-05  8.94677907e-01  8.94784753e-01  8.94740068e-01 -1.55831442e-05  2.41576702e-12  1.86830239e-12 
 3.79759428e-05  8.94677650e-01  8.94787842e-01  8.94742911e-01 -1.56403348e-05 -2.83512059e-12  3.42241589e-13 
 3.80759428e-05  8.94677884e-01  8.94791189e-01  8.94746467e-01 -1.55831421e-05  1.81191889e-12  1.96334604e-12 
 3.81759428e-05  8.94677627e-01  8.94791287e-01  8.94746531e-01 -1.56403351e-05 -2.32724343e-12  1.89847920e-13 
 3.82759428e-05  8.94677859e-01  8.94792657e-01  8.94747872e-01 -1.55831467e-05  1.29815841e-12  2.00245593e-12 
 3.83759428e-05  8.94677602e-01  8.94792852e-01  8.94748149e-01 -1.56403298e-05 -1.84416588e-12  1.82498439e-13 
 3.84759428e-05  8.94677834e-01  8.94793005e-01  8.94748230e-01 -1.55831527e-05  8.32000267e-13  1.95908226e-12 
 3.85759428e-05  8.94677578e-01  8.94793311e-01  8.94748594e-01 -1.56403247e-05 -1.41941016e-12  2.25506679e-13 
 3.86759428e-05  8.94677809e-01  8.94793229e-01  8.94748478e-01 -1.55831572e-05  4.46671996e-13  1.91758740e-12 
 3.87379714e-05  8.94677557e-01  8.94793308e-01  8.94748577e-01 -1.56403197e-05 -9.88075290e-13  2.55527153e-13 
 3.88000000e-05  8.94677794e-01  8.94793360e-01  8.94748613e-01 -1.55831632e-05 -1.29080774e-14  1.89704486e-12 
 3.88000875e-05  8.94667849e-01  8.94721916e-01  8.94746197e-01 -1.75580598e-05 -6.65159040e-09 -4.13691458e-09 
 3.88002626e-05  8.94653069e-01  8.94636412e-01  8.94738634e-01 -1.83530072e-05 -1.60850733e-08 -1.18181804e-08 
 3.88006128e-05  8.94626825e-01  8.94591597e-01  8.94716465e-01 -1.89846663e-05 -2.56522680e-08 -2.51594960e-08 
 3.88009387e-05  8.94605694e-01  8.94581862e-01  8.94695110e-01 -2.14221253e-05 -2.59690540e-08 -3.58834612e-08 
 3.88011828e-05  8.94593655e-01  8.94580287e-01  8.94680331e-01 -2.53952465e-05 -1.35469917e-08 -4.27877213e-08 
 3.88014315e-05  8.94585393e-01  8.94580709e-01  8.94666629e-01 -3.20221246e-05  1.69506971e-08 -4.88118430e-08 
 3.88016643e-05  8.94582148e-01  8.94587526e-01  8.94655308e-01 -4.06492050e-05  6.85041949e-08 -5.34513538e-08 
 3.88018516e-05  8.94582973e-01  8.94596323e-01  8.94647500e-01 -4.93552230e-05  1.33272050e-07 -5.63823920e-08 
 3.88019992e-05  8.94586406e-01  8.94608465e-01  8.94642348e-01 -5.71902863e-05  2.05856984e-07 -5.80635310e-08 
 3.88021204e-05  8.94591258e-01  8.94621871e-01  8.94638945e-01 -6.42325070e-05  2.86071132e-07 -5.89095805e-08 
 3.88022236e-05  8.94597342e-01  8.94638073e-01  8.94636772e-01 -7.05110829e-05  3.75353249e-07 -5.91239205e-08 
 3.88023137e-05  8.94604244e-01  8.94656601e-01  8.94635563e-01 -7.61430538e-05  4.75325069e-07 -5.88038271e-08 
 3.88023937e-05  8.94612066e-01  8.94678483e-01  8.94635162e-01 -8.11035816e-05  5.88048791e-07 -5.79847690e-08 
 3.88024672e-05  8.94620801e-01  8.94704471e-01  8.94635497e-01 -8.55412376e-05  7.18423332e-07 -5.66450810e-08 
 3.88025404e-05  8.94631628e-01  8.94737723e-01  8.94636676e-01 -8.96890062e-05  8.81588172e-07 -5.45932137e-08 
 3.88026239e-05  8.94647386e-01  8.94784840e-01  8.94639303e-01 -9.40874052e-05  1.11614518e-06 -5.12422280e-08 
 3.88027093e-05  8.94667823e-01  8.94840670e-01  8.94643624e-01 -9.82223355e-05  1.41123871e-06 -4.67117878e-08 
 3.88028413e-05  8.94705190e-01  8.94933520e-01  8.94653849e-01 -1.04108089e-04  1.97183812e-06 -3.77860926e-08 
 3.88029340e-05  8.94730557e-01  8.94999936e-01  8.94663609e-01 -1.07703519e-04  2.43550554e-06 -3.03154735e-08 
 3.88030283e-05  8.94751406e-01  8.95065490e-01  8.94675622e-01 -1.10960059e-04  2.95920186e-06 -2.18988426e-08 
 3.88031282e-05  8.94767700e-01  8.95129583e-01  8.94690399e-01 -1.13897184e-04  3.55958696e-06 -1.23328558e-08 
 3.88032243e-05  8.94781410e-01  8.95182763e-01  8.94706278e-01 -1.16246199e-04  4.16761955e-06 -2.76296128e-09 
 3.88033219e-05  8.94794840e-01  8.95225589e-01  8.94723627e-01 -1.17460177e-04  4.79926833e-06  7.01889541e-09 
 3.88034048e-05  8.94806635e-01  8.95249961e-01  8.94738945e-01 -1.16483186e-04  5.33170113e-06  1.50827170e-08 
 3.88034677e-05  8.94815149e-01  8.95256928e-01  8.94750616e-01 -1.12848340e-04  5.71790180e-06  2.07339038e-08 
 3.88035231e-05  8.94822293e-01  8.95250402e-01  8.94760660e-01 -1.06962368e-04  6.03100241e-06  2.50731885e-08 
 3.88035837e-05  8.94828935e-01  8.95226424e-01  8.94771018e-01 -9.80181494e-05  6.32947994e-06  2.88338756e-08 
 3.88036501e-05  8.94834938e-01  8.95179950e-01  8.94781179e-01 -8.64182257e-05  6.59285248e-06  3.15923943e-08 
 3.88037257e-05  8.94839576e-01  8.95106021e-01  8.94790619e-01 -7.24659898e-05  6.80351218e-06  3.29411732e-08 
 3.88038195e-05  8.94842542e-01  8.94995459e-01  8.94798553e-01 -5.64887142e-05  6.93775035e-06  3.22369500e-08 
 3.88038999e-05  8.94842717e-01  8.94895695e-01  8.94801791e-01 -4.52926975e-05  6.95457042e-06  2.99461191e-08 
 3.88039738e-05  8.94841520e-01  8.94808755e-01  8.94801957e-01 -3.74255115e-05  6.90724909e-06  2.68907543e-08 
 3.88040522e-05  8.94839028e-01  8.94726662e-01  8.94799519e-01 -3.12787239e-05  6.80882186e-06  2.30223362e-08 
 3.88041418e-05  8.94835254e-01  8.94648316e-01  8.94793994e-01 -2.65546717e-05  6.65485856e-06  1.81730379e-08 
 3.88042296e-05  8.94830802e-01  8.94587663e-01  8.94786378e-01 -2.36117379e-05  6.47744350e-06  1.32534059e-08 
 3.88043292e-05  8.94825311e-01  8.94535546e-01  8.94775853e-01 -2.16471830e-05  6.25969462e-06  7.68764635e-09 
 3.88044345e-05  8.94819111e-01  8.94495563e-01  8.94763267e-01 -2.04792305e-05  6.02192644e-06  1.95069659e-09 
 3.88045612e-05  8.94811471e-01  8.94461898e-01  8.94746999e-01 -1.98114067e-05  5.73679028e-06 -4.64850434e-09 
 3.88047048e-05  8.94802620e-01  8.94435750e-01  8.94727842e-01 -1.94673224e-05  5.42224987e-06 -1.17071195e-08 
 3.88048524e-05  8.94793508e-01  8.94416495e-01  8.94707976e-01 -1.93616785e-05  5.11342793e-06 -1.84914965e-08 
 3.88050000e-05  8.94784354e-01  8.94401282e-01  8.94688261e-01 -1.93009895e-05  4.82053480e-06 -2.48334628e-08 
 3.88050023e-05  8.94785287e-01  8.94405266e-01  8.94687954e-01 -1.82512326e-05  4.81630548e-06 -2.48002853e-08 
 3.88050070e-05  8.94786106e-01  8.94412557e-01  8.94687348e-01 -1.78561617e-05  4.80788315e-06 -2.47412746e-08 
 3.88050164e-05  8.94785972e-01  8.94424344e-01  8.94686174e-01 -1.76372639e-05  4.79109643e-06 -2.46444642e-08 
 3.88050352e-05  8.94786123e-01  8.94442487e-01  8.94683951e-01 -1.72527914e-05  4.75749417e-06 -2.44723966e-08 
 3.88050679e-05  8.94786087e-01  8.94466608e-01  8.94680388e-01 -1.67510104e-05  4.69896460e-06 -2.42167636e-08 
 3.88051333e-05  8.94786182e-01  8.94500723e-01  8.94674152e-01 -1.61262014e-05  4.58275207e-06 -2.38124869e-08 
 3.88052641e-05  8.94786042e-01  8.94536912e-01  8.94663949e-01 -1.56329617e-05  4.35611165e-06 -2.31981211e-08 
 3.88055258e-05  8.94785833e-01  8.94554321e-01  8.94647731e-01 -1.54905094e-05  3.93204504e-06 -2.21516038e-08 
 3.88058327e-05  8.94785435e-01  8.94547810e-01  8.94631376e-01 -1.55049471e-05  3.48547116e-06 -2.09308686e-08 
 3.88063301e-05  8.94785012e-01  8.94533699e-01  8.94606881e-01 -1.55004752e-05  2.86564189e-06 -1.89421185e-08 
 3.88070938e-05  8.94784330e-01  8.94515054e-01  8.94573165e-01 -1.55017872e-05  2.11882336e-06 -1.60155673e-08 
 3.88086211e-05  8.94783480e-01  8.94489312e-01  8.94519016e-01 -1.55035248e-05  1.14174907e-06 -1.09883526e-08 
 3.88116757e-05  8.94782413e-01  8.94472579e-01  8.94456218e-01 -1.55101756e-05  2.85996250e-07 -4.49162691e-09 
 3.88171341e-05  8.94781867e-01  8.94512910e-01  8.94447663e-01 -1.55234108e-05 -9.84431427e-09 -3.66104916e-10 
 3.88235827e-05  8.94781719e-01  8.94611225e-01  8.94526160e-01 -1.55342120e-05  1.14351363e-09  5.08097909e-11 
 3.88347319e-05  8.94781870e-01  8.94780751e-01  8.94698891e-01 -1.55457948e-05 -4.02308718e-10  2.17415809e-11 
 3.88478014e-05  8.94781955e-01  8.94907896e-01  8.94844553e-01 -1.55514772e-05  2.01095005e-10  3.51895086e-11 
 3.88679160e-05  8.94782112e-01  8.94955150e-01  8.94912193e-01 -1.55564715e-05 -1.09683767e-10 -6.77199507e-13 
 3.88989994e-05  8.94781999e-01  8.94887957e-01  8.94851232e-01 -1.55582123e-05  7.39202931e-11 -3.26989656e-12 
 3.89494997e-05  8.94781952e-01  8.94835814e-01  8.94789198e-01 -1.55591557e-05 -6.49465772e-11 -2.05454951e-12 
 3.90000000e-05  8.94781925e-01  8.94880279e-01  8.94833070e-01 -1.55582442e-05  5.41533242e-11  6.70035701e-12 
 3.90000389e-05  8.94783239e-01  8.94901169e-01  8.94833427e-01 -1.27774253e-05  5.69208837e-09  9.71929202e-10 
 3.90001166e-05  8.94784093e-01  8.94931284e-01  8.94834592e-01 -1.21759017e-05  1.66704685e-08  2.79169261e-09 
 3.90002720e-05  8.94785438e-01  8.94960464e-01  8.94838604e-01 -1.19121539e-05  3.68010240e-08  6.06657179e-09 
 3.90004892e-05  8.94787447e-01  8.94975836e-01  8.94845667e-01 -1.18359754e-05  6.25136699e-08  1.02213847e-08 
 3.90008052e-05  8.94790176e-01  8.94981712e-01  8.94856171e-01 -1.18991532e-05  9.61887749e-08  1.56498007e-08 
 3.90012731e-05  8.94794636e-01  8.94985240e-01  8.94870302e-01 -1.21538069e-05  1.38818527e-07  2.24950209e-08 
 3.90013830e-05  8.94795844e-01  8.94984643e-01  8.94873307e-01 -1.24460092e-05  1.47595315e-07  2.38823825e-08 
 3.90016027e-05  8.94799528e-01  8.94980261e-01  8.94878728e-01 -1.39858351e-05  1.63157824e-07  2.62244524e-08 
 3.90017480e-05  8.94803444e-01  8.94971249e-01  8.94881681e-01 -1.64887350e-05  1.71441232e-07  2.72782265e-08 
 3.90018654e-05  8.94808184e-01  8.94957901e-01  8.94883432e-01 -1.98659311e-05  1.76232645e-07  2.76269362e-08 
 3.90019831e-05  8.94814341e-01  8.94936627e-01  8.94884310e-01 -2.49574160e-05  1.78729162e-07  2.73295597e-08 
 3.90021076e-05  8.94822482e-01  8.94904717e-01  8.94883903e-01 -3.20223073e-05  1.78202253e-07  2.61172605e-08 
 3.90022471e-05  8.94832641e-01  8.94856340e-01  8.94881292e-01 -4.15388927e-05  1.73032385e-07  2.34274325e-08 
 3.90023762e-05  8.94842228e-01  8.94798948e-01  8.94876337e-01 -5.05486670e-05  1.63214244e-07  1.94570382e-08 
 3.90024907e-05  8.94849775e-01  8.94735717e-01  8.94869453e-01 -5.75061971e-05  1.49744201e-07  1.45038746e-08 
 3.90025934e-05  8.94855239e-01  8.94666544e-01  8.94860875e-01 -6.17762641e-05  1.33091730e-07  8.67015085e-09 
 3.90027090e-05  8.94859084e-01  8.94573638e-01  8.94847973e-01 -6.42503679e-05  1.08548471e-07  3.15041973e-10 
 3.90028176e-05  8.94860358e-01  8.94477475e-01  8.94832364e-01 -6.57392540e-05  8.00596088e-08 -9.16985507e-09 
 3.90029304e-05  8.94859144e-01  8.94379155e-01  8.94812558e-01 -6.71919030e-05  4.56042449e-08 -2.03097020e-08 
 3.90030397e-05  8.94855657e-01  8.94293197e-01  8.94790274e-01 -6.82062462e-05  6.72355354e-09 -3.19430031e-08 
 3.90031353e-05  8.94850322e-01  8.94230064e-01  8.94768739e-01 -6.86168909e-05 -3.86420215e-08 -4.25167100e-08 
 3.90031969e-05  8.94845265e-01  8.94198578e-01  8.94754170e-01 -6.82271154e-05 -8.37341689e-08 -4.93556174e-08 
 3.90032591e-05  8.94838882e-01  8.94176732e-01  8.94739151e-01 -6.74488566e-05 -1.52880185e-07 -5.61467752e-08 
 3.90033150e-05  8.94831553e-01  8.94168008e-01  8.94725624e-01 -6.62250555e-05 -2.35565674e-07 -6.19793555e-08 
 3.90033484e-05  8.94825577e-01  8.94169936e-01  8.94717644e-01 -6.52019495e-05 -2.90929853e-07 -6.52018697e-08 
 3.90033716e-05  8.94819842e-01  8.94176568e-01  8.94712211e-01 -6.40731995e-05 -3.29623203e-07 -6.72124520e-08 
 3.90033947e-05  8.94812625e-01  8.94189663e-01  8.94706923e-01 -6.26172014e-05 -3.67090676e-07 -6.89301407e-08 
 3.90034268e-05  8.94800881e-01  8.94220735e-01  8.94699950e-01 -5.98949957e-05 -4.14466258e-07 -7.06818636e-08 
 3.90034559e-05  8.94789688e-01  8.94261825e-01  8.94694132e-01 -5.69395086e-05 -4.51364186e-07 -7.15728848e-08 
 3.90034997e-05  8.94773925e-01  8.94341807e-01  8.94686544e-01 -5.19091000e-05 -4.95267912e-07 -7.17441592e-08 
 3.90035275e-05  8.94765208e-01  8.94400448e-01  8.94682555e-01 -4.85891472e-05 -5.16309671e-07 -7.12207438e-08 
 3.90035574e-05  8.94757288e-01  8.94465911e-01  8.94679063e-01 -4.50697167e-05 -5.33899318e-07 -7.02557181e-08 
 3.90035920e-05  8.94749765e-01  8.94541555e-01  8.94676033e-01 -4.12082253e-05 -5.49112295e-07 -6.87629455e-08 
 3.90036309e-05  8.94743360e-01  8.94622093e-01  8.94673890e-01 -3.72561781e-05 -5.61108983e-07 -6.67920011e-08 
 3.90036690e-05  8.94738672e-01  8.94694091e-01  8.94672974e-01 -3.38369265e-05 -5.69122620e-07 -6.47026729e-08 
 3.90037111e-05  8.94734982e-01  8.94763856e-01  8.94673162e-01 -3.05854263e-05 -5.75042170e-07 -6.23476706e-08 
 3.90037554e-05  8.94732214e-01  8.94826067e-01  8.94674515e-01 -2.77161464e-05 -5.79022223e-07 -5.99016127e-08 
 3.90038069e-05  8.94730061e-01  8.94885167e-01  8.94677298e-01 -2.49842340e-05 -5.81776595e-07 -5.71549991e-08 
 3.90038640e-05  8.94728464e-01  8.94936375e-01  8.94681562e-01 -2.25803826e-05 -5.83239758e-07 -5.42651441e-08 
 3.90039332e-05  8.94727302e-01  8.94982717e-01  8.94687929e-01 -2.03387745e-05 -5.83524940e-07 -5.09715415e-08 
 3.90040142e-05  8.94726517e-01  8.95021321e-01  8.94696520e-01 -1.83894476e-05 -5.82370949e-07 -4.73537356e-08 
 3.90041179e-05  8.94726162e-01  8.95054957e-01  8.94708582e-01 -1.66305661e-05 -5.79247925e-07 -4.30087210e-08 
 3.90042475e-05  8.94726307e-01  8.95082805e-01  8.94724530e-01 -1.52039837e-05 -5.73641856e-07 -3.79043759e-08 
 3.90044208e-05  8.94727293e-01  8.95107979e-01  8.94746377e-01 -1.41434630e-05 -5.65442473e-07 -3.15124204e-08 
 3.90046346e-05  8.94729262e-01  8.95130581e-01  8.94773286e-01 -1.35681213e-05 -5.60616051e-07 -2.42043197e-08 
 3.90048173e-05  8.94731433e-01  8.95146451e-01  8.94795883e-01 -1.33799561e-05 -5.69167777e-07 -1.84259927e-08 
 3.90050000e-05  8.94733792e-01  8.95160731e-01  8.94817949e-01 -1.32995760e-05 -5.97582330e-07 -1.30514862e-08 
 3.90050042e-05  8.94733023e-01  8.95157640e-01  8.94818449e-01 -1.55301754e-05 -5.99245505e-07 -1.30470090e-08 
 3.90050127e-05  8.94732440e-01  8.95152237e-01  8.94819439e-01 -1.57607954e-05 -6.02799114e-07 -1.30302467e-08 
 3.90050297e-05  8.94732501e-01  8.95144249e-01  8.94821363e-01 -1.57003730e-05 -6.10142084e-07 -1.29748237e-08 
 3.90050637e-05  8.94732160e-01  8.95132467e-01  8.94825038e-01 -1.57936082e-05 -6.24250691e-07 -1.28384282e-08 
 3.90051317e-05  8.94732181e-01  8.95116508e-01  8.94831869e-01 -1.57521340e-05 -6.51259158e-07 -1.25083549e-08 
 3.90052424e-05  8.94732153e-01  8.95103261e-01  8.94841981e-01 -1.57968937e-05 -6.92584766e-07 -1.19250138e-08 
 3.90053808e-05  8.94732464e-01  8.95099116e-01  8.94853535e-01 -1.57374969e-05 -7.40640779e-07 -1.12009180e-08 
 3.90056022e-05  8.94732672e-01  8.95103872e-01  8.94870763e-01 -1.57797526e-05 -8.10109955e-07 -1.01023654e-08 
 3.90060448e-05  8.94733370e-01  8.95123181e-01  8.94902973e-01 -1.57288937e-05 -9.25595157e-07 -8.11844509e-09 
 3.90069301e-05  8.94734302e-01  8.95160680e-01  8.94961402e-01 -1.57684592e-05 -1.08314162e-06 -4.91197947e-09 
 3.90087007e-05  8.94735992e-01  8.95214657e-01  8.95056340e-01 -1.57098715e-05 -1.21441659e-06 -7.70456386e-10 
 3.90122420e-05  8.94737849e-01  8.95262338e-01  8.95170275e-01 -1.57337486e-05 -1.17027225e-06  2.48483743e-09 
 3.90176026e-05  8.94739407e-01  8.95240445e-01  8.95207898e-01 -1.56617299e-05 -9.38212152e-07  2.75126035e-09 
 3.90245553e-05  8.94740220e-01  8.95143567e-01  8.95137339e-01 -1.56836924e-05 -6.88075748e-07  1.92693051e-09 
 3.90369870e-05  8.94741153e-01  8.94965049e-01  8.94955077e-01 -1.56134503e-05 -3.94510316e-07  1.05970133e-09 
 3.90484795e-05  8.94741421e-01  8.94859638e-01  8.94833162e-01 -1.56480536e-05 -2.36230564e-07  6.35937242e-10 
 3.90691391e-05  8.94741876e-01  8.94806602e-01  8.94761051e-01 -1.55931673e-05 -8.98621378e-08  2.47027420e-10 
 3.91006822e-05  8.94742030e-01  8.94859605e-01  8.94808203e-01 -1.56348352e-05 -1.67016485e-08  5.48483126e-11 
 3.91580531e-05  8.94742270e-01  8.94902850e-01  8.94860233e-01 -1.55887199e-05  1.77955791e-09 -4.94997836e-12 
 3.92168910e-05  8.94742118e-01  8.94861026e-01  8.94817767e-01 -1.56346622e-05 -1.76464141e-10 -3.24837162e-13 
 3.93165840e-05  8.94742204e-01  8.94863417e-01  8.94817221e-01 -1.55888752e-05  3.28215931e-11  2.41800460e-12 
 3.94165840e-05  8.94742113e-01  8.94867500e-01  8.94823881e-01 -1.56345460e-05  1.39412240e-11  3.02503628e-13 
 3.95165840e-05  8.94742190e-01  8.94854524e-01  8.94809386e-01 -1.55889451e-05 -3.40657331e-11  1.11486514e-12 
 3.96165840e-05  8.94742092e-01  8.94862788e-01  8.94818013e-01 -1.56345169e-05  3.48346005e-11  1.42926458e-12 
 3.97165840e-05  8.94742185e-01  8.94857300e-01  8.94812852e-01 -1.55889445e-05 -3.78064277e-11  5.99378945e-13 
 3.98165840e-05  8.94742075e-01  8.94858028e-01  8.94812988e-01 -1.56345288e-05  3.26514217e-11  1.47084666e-12 
 3.99165840e-05  8.94742174e-01  8.94858982e-01  8.94814466e-01 -1.55889323e-05 -3.39219664e-11  8.38226190e-13 
 4.00165840e-05  8.94742063e-01  8.94857107e-01  8.94812252e-01 -1.56345349e-05  2.86421236e-11  1.18424059e-12 
 4.01165840e-05  8.94742161e-01  8.94858410e-01  8.94813711e-01 -1.55889323e-05 -3.02263689e-11  1.05996884e-12 
 4.02165840e-05  8.94742052e-01  8.94857713e-01  8.94812968e-01 -1.56345307e-05  2.53086070e-11  1.06954571e-12 
 4.03165840e-05  8.94742148e-01  8.94857722e-01  8.94812985e-01 -1.55889382e-05 -2.71784821e-11  1.09219377e-12 
 4.04165840e-05  8.94742041e-01  8.94858008e-01  8.94813250e-01 -1.56345250e-05  2.24786962e-11  1.08201994e-12 
 4.05165840e-05  8.94742136e-01  8.94857608e-01  8.94812901e-01 -1.55889428e-05 -2.45301516e-11  1.07116247e-12 
 4.06165840e-05  8.94742029e-01  8.94857912e-01  8.94813126e-01 -1.56345214e-05  2.00057284e-11  1.09283833e-12 
 4.07165840e-05  8.94742124e-01  8.94857709e-01  8.94813019e-01 -1.55889458e-05 -2.22356521e-11  1.07607261e-12 
 4.08165840e-05  8.94742017e-01  8.94857797e-01  8.94813007e-01 -1.56345187e-05  1.78924807e-11  1.07618054e-12 
 4.09082920e-05  8.94742113e-01  8.94857749e-01  8.94813055e-01 -1.55889487e-05 -2.02157709e-11  1.09906821e-12 
 4.10000000e-05  8.94742006e-01  8.94857775e-01  8.94812991e-01 -1.56345155e-05  1.59729699e-11  1.05271385e-12 
 4.10001291e-05  8.94739262e-01  8.94814064e-01  8.94810846e-01 -1.81103750e-05 -2.41509384e-08 -2.92189838e-09 
 4.10003873e-05  8.94736693e-01  8.94767370e-01  8.94804476e-01 -1.83819845e-05 -6.77784926e-08 -8.26349606e-09 
 4.10009036e-05  8.94734108e-01  8.94757565e-01  8.94788236e-01 -2.08867204e-05 -1.32581323e-07 -1.70251328e-08 
 4.10011693e-05  8.94734468e-01  8.94761240e-01  8.94780811e-01 -2.49932417e-05 -1.54626916e-07 -2.06227514e-08 
 4.10013479e-05  8.94736092e-01  8.94766589e-01  8.94776560e-01 -2.92950248e-05 -1.64374091e-07 -2.26021057e-08 
 4.10015928e-05  8.94739938e-01  8.94776221e-01  8.94771900e-01 -3.75005949e-05 -1.71159339e-07 -2.47522349e-08 
 4.10017689e-05  8.94743895e-01  8.94787148e-01  8.94769523e-01 -4.49880363e-05 -1.70470719e-07 -2.58038261e-08 
 4.10019118e-05  8.94747709e-01  8.94799011e-01  8.94768345e-01 -5.20256397e-05 -1.65433143e-07 -2.62664314e-08 
 4.10020334e-05  8.94751314e-01  8.94812807e-01  8.94768005e-01 -5.85868117e-05 -1.56970858e-07 -2.62968458e-08 
 4.10021369e-05  8.94754433e-01  8.94828030e-01  8.94768316e-01 -6.45239316e-05 -1.45676858e-07 -2.59714334e-08 
 4.10022264e-05  8.94757065e-01  8.94845316e-01  8.94769147e-01 -6.98116072e-05 -1.31782570e-07 -2.53351039e-08 
 4.10023050e-05  8.94759085e-01  8.94864818e-01  8.94770422e-01 -7.44848434e-05 -1.15325698e-07 -2.44098023e-08 
 4.10023750e-05  8.94760499e-01  8.94887107e-01  8.94772099e-01 -7.85405838e-05 -9.62190649e-08 -2.31974897e-08 
 4.10024388e-05  8.94761233e-01  8.94912985e-01  8.94774197e-01 -8.20620152e-05 -7.39353250e-08 -2.16651148e-08 
 4.10025010e-05  8.94761380e-01  8.94944793e-01  8.94776899e-01 -8.52061721e-05 -4.66069391e-08 -1.96697089e-08 
 4.10025728e-05  8.94761096e-01  8.94990410e-01  8.94781033e-01 -8.84427069e-05 -7.05208525e-09 -1.66367085e-08 
 4.10026415e-05  8.94760933e-01  8.95041788e-01  8.94786187e-01 -9.11730591e-05  3.86564502e-08 -1.29811749e-08 
 4.10027370e-05  8.94761418e-01  8.95121088e-01  8.94795584e-01 -9.45338025e-05  1.11952817e-07 -6.76513538e-09 
 4.10028148e-05  8.94762460e-01  8.95189049e-01  8.94805225e-01 -9.68678926e-05  1.74344955e-07 -8.60083130e-10 
 4.10028914e-05  8.94764048e-01  8.95256591e-01  8.94816482e-01 -9.88050624e-05  2.30179853e-07  5.57466882e-09 
 4.10029887e-05  8.94766924e-01  8.95340302e-01  8.94833164e-01 -1.00693934e-04  2.82409976e-07  1.44311498e-08 
 4.10030802e-05  8.94771007e-01  8.95412976e-01  8.94851094e-01 -1.02077572e-04  3.12672347e-07  2.32633396e-08 
 4.10031680e-05  8.94776045e-01  8.95472878e-01  8.94869970e-01 -1.02973692e-04  3.32978426e-07  3.19605630e-08 
 4.10032750e-05  8.94783092e-01  8.95528338e-01  8.94894529e-01 -1.02654385e-04  3.54067834e-07  4.25132926e-08 
 4.10033484e-05  8.94788202e-01  8.95550285e-01  8.94911880e-01 -9.99799897e-05  3.67198815e-07  4.93869845e-08 
 4.10034025e-05  8.94791794e-01  8.95552500e-01  8.94924614e-01 -9.52847821e-05  3.75548151e-07  5.39486644e-08 
 4.10034533e-05  8.94794881e-01  8.95538894e-01  8.94936211e-01 -8.86607505e-05  3.81521413e-07  5.75536597e-08 
 4.10035169e-05  8.94798112e-01  8.95497961e-01  8.94949718e-01 -7.83290915e-05  3.85771330e-07  6.08725603e-08 
 4.10035765e-05  8.94800501e-01  8.95437613e-01  8.94960878e-01 -6.77902195e-05  3.86260471e-07  6.26987973e-08 
 4.10036575e-05  8.94802693e-01  8.95331885e-01  8.94972952e-01 -5.40274669e-05  3.81863556e-07  6.33175563e-08 
 4.10037654e-05  8.94804127e-01  8.95173676e-01  8.94982892e-01 -3.92935670e-05  3.68626839e-07  6.15329919e-08 
 4.10038389e-05  8.94804335e-01  8.95069406e-01  8.94985610e-01 -3.23712844e-05  3.56127290e-07  5.91431126e-08 
 4.10039066e-05  8.94804202e-01  8.94984030e-01  8.94985512e-01 -2.78979737e-05  3.43047225e-07  5.64993977e-08 
 4.10039882e-05  8.94803738e-01  8.94897869e-01  8.94982642e-01 -2.42827250e-05  3.26033259e-07  5.30479139e-08 
 4.10040667e-05  8.94803124e-01  8.94832316e-01  8.94977627e-01 -2.21769114e-05  3.08890265e-07  4.96475629e-08 
 4.10041594e-05  8.94802251e-01  8.94773831e-01  8.94969640e-01 -2.07153818e-05  2.88161809e-07  4.56816216e-08 
 4.10042549e-05  8.94801288e-01  8.94730630e-01  8.94959813e-01 -1.99412444e-05  2.66646152e-07  4.17354840e-08 
 4.10043730e-05  8.94800034e-01  8.94693935e-01  8.94946324e-01 -1.94688259e-05  2.40258352e-07  3.70909952e-08 
 4.10045044e-05  8.94798630e-01  8.94667014e-01  8.94930418e-01 -1.92717968e-05  2.11551712e-07  3.22226027e-08 
 4.10046763e-05  8.94796781e-01  8.94643699e-01  8.94909165e-01 -1.91742424e-05  1.75522043e-07  2.62819593e-08 
 4.10048381e-05  8.94795061e-01  8.94627985e-01  8.94889217e-01 -1.91610661e-05  1.43376587e-07  2.10779013e-08 
 4.10050000e-05  8.94793347e-01  8.94614959e-01  8.94869618e-01 -1.91462034e-05  1.13068295e-07  1.62121283e-08 
 4.10050023e-05  8.94793853e-01  8.94616756e-01  8.94869344e-01 -1.69667176e-05  1.12957960e-07  1.62090440e-08 
 4.10050069e-05  8.94794324e-01  8.94620088e-01  8.94868801e-01 -1.66347637e-05  1.12785547e-07  1.62001626e-08 
 4.10050161e-05  8.94794254e-01  8.94625518e-01  8.94867734e-01 -1.65094020e-05  1.12527360e-07  1.61712605e-08 
 4.10050345e-05  8.94794302e-01  8.94633855e-01  8.94865662e-01 -1.63019086e-05  1.11959701e-07  1.61004728e-08 
 4.10050669e-05  8.94794257e-01  8.94645106e-01  8.94862175e-01 -1.60327294e-05  1.10865005e-07  1.59541639e-08 
 4.10051316e-05  8.94794230e-01  8.94660619e-01  8.94855677e-01 -1.57064766e-05  1.08451016e-07  1.56089220e-08 
 4.10052612e-05  8.94794046e-01  8.94675224e-01  8.94843935e-01 -1.54643099e-05  1.03338029e-07  1.48423828e-08 
 4.10055202e-05  8.94793721e-01  8.94676035e-01  8.94822946e-01 -1.54139246e-05  9.34040526e-08  1.33261546e-08 
 4.10058255e-05  8.94793307e-01  8.94663184e-01  8.94800150e-01 -1.54251667e-05  8.28204119e-08  1.17216899e-08 
 4.10063412e-05  8.94792739e-01  8.94640578e-01  8.94764059e-01 -1.54266394e-05  6.75254210e-08  9.42569261e-09 
 4.10072458e-05  8.94791855e-01  8.94606572e-01  8.94707309e-01 -1.54321205e-05  4.70466186e-08  6.38083374e-09 
 4.10090549e-05  8.94790646e-01  8.94558412e-01  8.94617213e-01 -1.54438616e-05  2.22318012e-08  2.76567890e-09 
 4.10126731e-05  8.94789312e-01  8.94519411e-01  8.94513908e-01 -1.54632649e-05  3.60158451e-09  2.08432638e-10 
 4.10184359e-05  8.94788613e-01  8.94547853e-01  8.94487135e-01 -1.54903344e-05 -3.09969468e-10 -1.42501051e-10 
 4.10260157e-05  8.94788382e-01  8.94647312e-01  8.94566334e-01 -1.55127525e-05  4.73404013e-11  1.48967956e-11 
 4.10385585e-05  8.94788376e-01  8.94802022e-01  8.94728779e-01 -1.55361831e-05  8.03936561e-13  3.02385542e-11 
 4.10506693e-05  8.94788390e-01  8.94887834e-01  8.94829865e-01 -1.55456106e-05  1.74831850e-11  2.03835607e-11 
 4.10730447e-05  8.94788421e-01  8.94918853e-01  8.94876840e-01 -1.55557026e-05 -4.85900447e-12  4.72433128e-13 
 4.11120060e-05  8.94788312e-01  8.94862234e-01  8.94821823e-01 -1.55581620e-05 -6.51732574e-13 -3.83565808e-12 
 4.11560030e-05  8.94788285e-01  8.94851633e-01  8.94804528e-01 -1.55593504e-05 -1.79316804e-12  1.91323091e-12 
 4.12000000e-05  8.94788293e-01  8.94884050e-01  8.94837882e-01 -1.55579579e-05  2.34013980e-12  3.30812824e-12 
 4.12000301e-05  8.94791766e-01  8.94919222e-01  8.94838318e-01 -1.37350384e-05  3.52215894e-09  1.52893308e-09 
 4.12000903e-05  8.94795748e-01  8.94970868e-01  8.94839792e-01 -1.27564698e-05  9.65273550e-09  4.43404159e-09 
 4.12002107e-05  8.94803020e-01  8.95026473e-01  8.94845159e-01 -1.20781618e-05  1.79610340e-08  9.75311864e-09 
 4.12003814e-05  8.94813563e-01  8.95064675e-01  8.94855440e-01 -1.18079245e-05  2.57947145e-08  1.66788666e-08 
 4.12006859e-05  8.94831884e-01  8.95088468e-01  8.94875690e-01 -1.18494326e-05  3.66023948e-08  2.78665713e-08 
 4.12010484e-05  8.94854021e-01  8.95102640e-01  8.94899364e-01 -1.18494447e-05  4.71833451e-08  3.95531484e-08 
 4.12013185e-05  8.94870527e-01  8.95109644e-01  8.94915974e-01 -1.21911027e-05  5.17186718e-08  4.71753459e-08 
 4.12014932e-05  8.94881937e-01  8.95113353e-01  8.94926157e-01 -1.27792164e-05  4.87745437e-08  5.15702179e-08 
 4.12016477e-05  8.94892660e-01  8.95112418e-01  8.94934668e-01 -1.42407038e-05  3.45364247e-08  5.49569367e-08 
 4.12017725e-05  8.94902575e-01  8.95108189e-01  8.94941040e-01 -1.63692444e-05  6.68309385e-09  5.71918184e-08 
 4.12018923e-05  8.94913007e-01  8.95098122e-01  8.94946534e-01 -1.98117599e-05 -4.39325856e-08  5.87154107e-08 
 4.12020169e-05  8.94925225e-01  8.95080756e-01  8.94951309e-01 -2.49222432e-05 -1.33218550e-07  5.94381380e-08 
 4.12021480e-05  8.94938646e-01  8.95053128e-01  8.94954930e-01 -3.20474810e-05 -2.80905391e-07  5.90065829e-08 
 4.12022911e-05  8.94953276e-01  8.95012151e-01  8.94956764e-01 -4.09374156e-05 -5.20933372e-07  5.68864448e-08 
 4.12024272e-05  8.94965377e-01  8.94961594e-01  8.94955988e-01 -4.92351842e-05 -8.41084645e-07  5.30159765e-08 
 4.12025489e-05  8.94973712e-01  8.94905091e-01  8.94952784e-01 -5.49533182e-05 -1.21882393e-06  4.77542155e-08 
 4.12026603e-05  8.94977991e-01  8.94841512e-01  8.94947368e-01 -5.78043752e-05 -1.65505870e-06  4.11782421e-08 
 4.12027829e-05  8.94978535e-01  8.94759518e-01  8.94938203e-01 -5.87309945e-05 -2.24537653e-06  3.18603976e-08 
 4.12029135e-05  8.94973741e-01  8.94666419e-01  8.94924452e-01 -5.93104502e-05 -2.99462665e-06  1.97921770e-08 
 4.12029982e-05  8.94967852e-01  8.94608271e-01  8.94913397e-01 -5.96503452e-05 -3.53603575e-06  1.10552188e-08 
 4.12030928e-05  8.94958180e-01  8.94548788e-01  8.94899305e-01 -5.99251251e-05 -4.17994114e-06  7.12962308e-10 
 4.12031947e-05  8.94942157e-01  8.94493635e-01  8.94882411e-01 -5.99356980e-05 -4.90665178e-06 -1.08665490e-08 
 4.12032666e-05  8.94922510e-01  8.94462648e-01  8.94869686e-01 -5.95012378e-05 -5.42891275e-06 -1.91162822e-08 
 4.12033302e-05  8.94895473e-01  8.94442999e-01  8.94858088e-01 -5.87498829e-05 -5.88785886e-06 -2.62945751e-08 
 4.12033943e-05  8.94858070e-01  8.94432960e-01  8.94846318e-01 -5.76205400e-05 -6.33630522e-06 -3.31971899e-08 
 4.12034337e-05  8.94830983e-01  8.94433730e-01  8.94839150e-01 -5.66773753e-05 -6.59804720e-06 -3.71187775e-08 
 4.12034621e-05  8.94809282e-01  8.94439979e-01  8.94834100e-01 -5.56484488e-05 -6.77332461e-06 -3.96410357e-08 
 4.12034898e-05  8.94787052e-01  8.94453259e-01  8.94829340e-01 -5.43038369e-05 -6.92711268e-06 -4.17002333e-08 
 4.12035239e-05  8.94759727e-01  8.94481726e-01  8.94823840e-01 -5.20658296e-05 -7.08571555e-06 -4.35171481e-08 
 4.12035598e-05  8.94733332e-01  8.94526243e-01  8.94818634e-01 -4.91796377e-05 -7.21208918e-06 -4.44889714e-08 
 4.12036096e-05  8.94703577e-01  8.94606184e-01  8.94812781e-01 -4.46004743e-05 -7.31832574e-06 -4.43360557e-08 
 4.12036431e-05  8.94688594e-01  8.94667603e-01  8.94809839e-01 -4.13904327e-05 -7.34915484e-06 -4.33962878e-08 
 4.12036782e-05  8.94677113e-01  8.94733542e-01  8.94807691e-01 -3.80819600e-05 -7.35249572e-06 -4.18834115e-08 
 4.12037194e-05  8.94668351e-01  8.94808824e-01  8.94806364e-01 -3.44676331e-05 -7.32637308e-06 -3.96282742e-08 
 4.12037655e-05  8.94663539e-01  8.94886755e-01  8.94806303e-01 -3.08302090e-05 -7.26820963e-06 -3.67195742e-08 
 4.12038116e-05  8.94662663e-01  8.94955402e-01  8.94807583e-01 -2.77171048e-05 -7.18861848e-06 -3.36119612e-08 
 4.12038625e-05  8.94665032e-01  8.95019562e-01  8.94810306e-01 -2.48389258e-05 -7.08459983e-06 -3.01160846e-08 
 4.12039171e-05  8.94670139e-01  8.95075568e-01  8.94814466e-01 -2.23591246e-05 -6.96142316e-06 -2.64026402e-08 
 4.12039810e-05  8.94678404e-01  8.95126629e-01  8.94820572e-01 -2.00895555e-05 -6.80922836e-06 -2.21863268e-08 
 4.12040536e-05  8.94689552e-01  8.95169718e-01  8.94828664e-01 -1.81795914e-05 -6.63204275e-06 -1.76030714e-08 
 4.12041424e-05  8.94704863e-01  8.95207206e-01  8.94839665e-01 -1.65126386e-05 -6.41443877e-06 -1.22733465e-08 
 4.12042497e-05  8.94724781e-01  8.95238122e-01  8.94853876e-01 -1.51963436e-05 -6.15549075e-06 -6.19743931e-09 
 4.12043894e-05  8.94752592e-01  8.95265302e-01  8.94873071e-01 -1.41773527e-05 -5.82874349e-06  1.22530237e-09 
 4.12045689e-05  8.94791536e-01  8.95289691e-01  8.94898000e-01 -1.35431514e-05 -5.42951683e-06  1.00678575e-08 
 4.12047845e-05  8.94845965e-01  8.95312238e-01  8.94927608e-01 -1.32356078e-05 -4.98238062e-06  1.97551454e-08 
 4.12050000e-05  8.94913061e-01  8.95331596e-01  8.94956501e-01 -1.31343865e-05 -4.57008043e-06  2.84880405e-08 
 4.12050055e-05  8.94912993e-01  8.95323060e-01  8.94957212e-01 -1.43115673e-05 -4.56060165e-06  2.84004170e-08 
 4.12050166e-05  8.94914962e-01  8.95308488e-01  8.94958598e-01 -1.46722041e-05 -4.54163730e-06  2.82468247e-08 
 4.12050387e-05  8.94920938e-01  8.95287523e-01  8.94961197e-01 -1.48321721e-05 -4.50360836e-06  2.79884740e-08 
 4.12050830e-05  8.94931892e-01  8.95257196e-01  8.94965874e-01 -1.52581123e-05 -4.42760452e-06  2.75398129e-08 
 4.12051716e-05  8.94955046e-01  8.95218225e-01  8.94973780e-01 -1.55228203e-05 -4.27765686e-06  2.68081080e-08 
 4.12053165e-05  8.94992125e-01  8.95188591e-01  8.94984196e-01 -1.57174445e-05 -4.04149756e-06  2.57771592e-08 
 4.12055040e-05  8.95039938e-01  8.95179052e-01  8.94995387e-01 -1.56589418e-05 -3.75488192e-06  2.45301146e-08 
 4.12058252e-05  8.95119009e-01  8.95183201e-01  8.95012411e-01 -1.57096434e-05 -3.30963904e-06  2.24725744e-08 
 4.12063106e-05  8.95234036e-01  8.95197698e-01  8.95035997e-01 -1.56490053e-05 -2.73416380e-06  1.95782863e-08 
 4.12072812e-05  8.95446264e-01  8.95222745e-01  8.95078094e-01 -1.57028022e-05 -1.85938182e-06  1.45631686e-08 
 4.12092225e-05  8.95811313e-01  8.95258146e-01  8.95143871e-01 -1.56372407e-05 -8.33649685e-07  7.35611200e-09 
 4.12131051e-05  8.96352276e-01  8.95291756e-01  8.95219333e-01 -1.56810661e-05 -1.12695247e-07  5.88292603e-10 
 4.12185519e-05  8.96818620e-01  8.95308259e-01  8.95256781e-01 -1.56098208e-05  3.76839473e-09 -1.07235227e-09 
 4.12262175e-05  8.97148760e-01  8.95358765e-01  8.95295475e-01 -1.56553166e-05 -7.50844192e-10 -5.29379782e-10 
 4.12389584e-05  8.97342669e-01  8.95591489e-01  8.95489210e-01 -1.55883752e-05  3.35368669e-10 -6.45769149e-11 
 4.12511359e-05  8.97378727e-01  8.95932009e-01  8.95812132e-01 -1.56415431e-05 -9.70917975e-11  2.98485923e-11 
 4.12731500e-05  8.97389983e-01  8.96492039e-01  8.96390860e-01 -1.55813193e-05  1.16142051e-10  6.43684197e-11 
 4.13005267e-05  8.97389145e-01  8.96827056e-01  8.96769435e-01 -1.56384653e-05 -4.58076251e-11  1.69778179e-11 
 4.13309000e-05  8.97389570e-01  8.96860900e-01  8.96820444e-01 -1.55823368e-05  3.46219010e-11 -2.57170571e-12 
 4.13712464e-05  8.97389205e-01  8.96883684e-01  8.96832912e-01 -1.56398788e-05 -3.08516609e-11 -4.86410445e-13 
 4.14268383e-05  8.97389526e-01  8.97068505e-01  8.97013355e-01 -1.55823307e-05  2.99689269e-11  1.17369530e-11 
 4.14878980e-05  8.97389346e-01  8.97213820e-01  8.97166703e-01 -1.56395557e-05 -2.09124725e-11  1.09247230e-12 
 4.15878980e-05  8.97389597e-01  8.97312085e-01  8.97264586e-01 -1.55825737e-05  1.93032589e-11  3.77062606e-12 
 4.16878980e-05  8.97389378e-01  8.97405456e-01  8.97358527e-01 -1.56396123e-05 -1.64006655e-11  1.64455542e-12 
 4.17878980e-05  8.97389627e-01  8.97444160e-01  8.97399312e-01 -1.55825635e-05  1.47066727e-11  2.05740790e-12 
 4.18878980e-05  8.97389372e-01  8.97466676e-01  8.97420713e-01 -1.56396791e-05 -1.37091254e-11  6.17255216e-13 
 4.19878980e-05  8.97389616e-01  8.97487273e-01  8.97442408e-01 -1.55825442e-05  1.20158276e-11  2.40362846e-12 
 4.20878980e-05  8.97389357e-01  8.97490864e-01  8.97445814e-01 -1.56396955e-05 -1.15323153e-11 -1.58539577e-13 
 4.21878980e-05  8.97389593e-01  8.97498671e-01  8.97453587e-01 -1.55825533e-05  9.73215670e-12  2.53157597e-12 
 4.22878980e-05  8.97389337e-01  8.97500857e-01  8.97456071e-01 -1.56396856e-05 -9.41561239e-12 -2.08481940e-13 
 4.23878980e-05  8.97389568e-01  8.97501993e-01  8.97456987e-01 -1.55825670e-05  7.66806584e-12  2.31679742e-12 
 4.24878980e-05  8.97389313e-01  8.97503917e-01  8.97459072e-01 -1.56396769e-05 -7.55024493e-12 -2.51884017e-14 
 4.25878980e-05  8.97389543e-01  8.97503685e-01  8.97458797e-01 -1.55825735e-05  5.97248314e-12  2.13159975e-12 
 4.26878980e-05  8.97389288e-01  8.97504428e-01  8.97459533e-01 -1.56396735e-05 -6.05555558e-12  7.83193497e-14 
 4.27878980e-05  8.97389518e-01  8.97504523e-01  8.97459665e-01 -1.55825763e-05  4.64063792e-12  2.06557671e-12 
 4.28878980e-05  8.97389262e-01  8.97504513e-01  8.97459626e-01 -1.56396709e-05 -4.87151205e-12  1.07397435e-13 
 4.29878980e-05  8.97389493e-01  8.97504733e-01  8.97459862e-01 -1.55825795e-05  3.57406400e-12  2.04216375e-12 
 4.30878980e-05  8.97389237e-01  8.97504622e-01  8.97459752e-01 -1.56396673e-05 -3.90782502e-12  1.29754009e-13 
 4.31439490e-05  8.97389473e-01  8.97504686e-01  8.97459805e-01 -1.55825853e-05  2.39849156e-12  2.00055434e-12 
 4.32000000e-05  8.97389223e-01  8.97504697e-01  8.97459830e-01 -1.56396598e-05 -2.59055364e-12  1.86596832e-13 
 4.32000792e-05  8.97380242e-01  8.97437500e-01  8.97457768e-01 -1.75208475e-05 -6.19590166e-09 -3.76809442e-09 
 4.32002375e-05  8.97366779e-01  8.97354886e-01  8.97451232e-01 -1.82997244e-05 -1.50789899e-08 -1.07842193e-08 
 4.32005542e-05  8.97342746e-01  8.97306736e-01  8.97431541e-01 -1.87971755e-05 -2.45195297e-08 -2.30699688e-08 
 4.32008591e-05  8.97322149e-01  8.97295008e-01  8.97411361e-01 -2.05696731e-05 -2.73091632e-08 -3.34236657e-08 
 4.32011214e-05  8.97308158e-01  8.97292023e-01  8.97395143e-01 -2.41702019e-05 -1.80155021e-08 -4.11427793e-08 
 4.32013768e-05  8.97298634e-01  8.97291312e-01  8.97380725e-01 -3.03369206e-05  8.37880613e-09 -4.75791012e-08 
 4.32016172e-05  8.97294288e-01  8.97297221e-01  8.97368676e-01 -3.87022633e-05  5.58400483e-08 -5.25970783e-08 
 4.32018154e-05  8.97294373e-01  8.97305413e-01  8.97360118e-01 -4.75579937e-05  1.18687486e-07 -5.58808088e-08 
 4.32019706e-05  8.97297400e-01  8.97317182e-01  8.97354476e-01 -5.56017951e-05  1.89910729e-07 -5.77895732e-08 
 4.32020965e-05  8.97301978e-01  8.97330114e-01  8.97350757e-01 -6.28107850e-05  2.68415838e-07 -5.87899551e-08 
 4.32022030e-05  8.97307851e-01  8.97345823e-01  8.97348352e-01 -6.92355179e-05  3.55612264e-07 -5.91269214e-08 
 4.32022955e-05  8.97314576e-01  8.97363737e-01  8.97346955e-01 -7.50079916e-05  4.53166985e-07 -5.89155948e-08 
 4.32023774e-05  8.97322233e-01  8.97384901e-01  8.97346391e-01 -8.01007522e-05  5.62938767e-07 -5.82011247e-08 
 4.32024519e-05  8.97330726e-01  8.97409833e-01  8.97346571e-01 -8.46391870e-05  6.88825465e-07 -5.69793831e-08 
 4.32025244e-05  8.97340980e-01  8.97441150e-01  8.97347544e-01 -8.88089698e-05  8.42828574e-07 -5.51096684e-08 
 4.32026094e-05  8.97356293e-01  8.97487328e-01  8.97349946e-01 -9.33515042e-05  1.07149262e-06 -5.19052646e-08 
 4.32026906e-05  8.97375008e-01  8.97539293e-01  8.97353732e-01 -9.73404956e-05  1.34174497e-06 -4.77975412e-08 
 4.32028108e-05  8.97408467e-01  8.97623084e-01  8.97362307e-01 -1.02813729e-04  1.83157576e-06 -4.00370561e-08 
 4.32028999e-05  8.97434055e-01  8.97687017e-01  8.97370987e-01 -1.06431275e-04  2.25892766e-06 -3.31582826e-08 
 4.32029871e-05  8.97455753e-01  8.97748531e-01  8.97381334e-01 -1.09611316e-04  2.72440585e-06 -2.56630348e-08 
 4.32030873e-05  8.97474370e-01  8.97815488e-01  8.97395318e-01 -1.12751625e-04  3.30871927e-06 -1.63140970e-08 
 4.32031941e-05  8.97490163e-01  8.97878372e-01  8.97412331e-01 -1.15595726e-04  3.97372155e-06 -5.79630726e-09 
 4.32032947e-05  8.97504090e-01  8.97926255e-01  8.97429879e-01 -1.17299012e-04  4.62202251e-06  4.29760884e-09 
 4.32033836e-05  8.97516632e-01  8.97956407e-01  8.97446178e-01 -1.17047079e-04  5.19610343e-06  1.30560910e-08 
 4.32034511e-05  8.97525976e-01  8.97967740e-01  8.97458729e-01 -1.14136724e-04  5.61765637e-06  1.92961153e-08 
 4.32035072e-05  8.97533342e-01  8.97965109e-01  8.97469003e-01 -1.08919875e-04  5.94395355e-06  2.39027906e-08 
 4.32035651e-05  8.97540060e-01  8.97947128e-01  8.97479128e-01 -1.00992802e-04  6.24319371e-06  2.78032211e-08 
 4.32036321e-05  8.97546507e-01  8.97905924e-01  8.97489775e-01 -8.96905644e-05  6.52837957e-06  3.09946355e-08 
 4.32037026e-05  8.97551437e-01  8.97841917e-01  8.97499214e-01 -7.67082801e-05  6.74928972e-06  3.27297906e-08 
 4.32037914e-05  8.97555014e-01  8.97741280e-01  8.97507847e-01 -6.10074450e-05  6.91139838e-06  3.27003344e-08 
 4.32038870e-05  8.97555874e-01  8.97623191e-01  8.97512707e-01 -4.68929351e-05  6.95764406e-06  3.04149246e-08 
 4.32039657e-05  8.97554751e-01  8.97529397e-01  8.97513287e-01 -3.81541387e-05  6.91538607e-06  2.72741599e-08 
 4.32040427e-05  8.97552441e-01  8.97447364e-01  8.97511170e-01 -3.19061977e-05  6.82325607e-06  2.35265940e-08 
 4.32041332e-05  8.97548694e-01  8.97366459e-01  8.97505864e-01 -2.69055698e-05  6.67143386e-06  1.86599521e-08 
 4.32042191e-05  8.97544420e-01  8.97305520e-01  8.97498615e-01 -2.38967430e-05  6.49997294e-06  1.38552785e-08 
 4.32043190e-05  8.97538933e-01  8.97251522e-01  8.97488234e-01 -2.17921569e-05  6.28274557e-06  8.26136315e-09 
 4.32044218e-05  8.97532924e-01  8.97211069e-01  8.97476068e-01 -2.05869972e-05  6.05089568e-06  2.63831543e-09 
 4.32045478e-05  8.97525328e-01  8.97176243e-01  8.97459984e-01 -1.98531510e-05  5.76685937e-06 -3.96105224e-09 
 4.32046875e-05  8.97516748e-01  8.97149812e-01  8.97441404e-01 -1.94974690e-05  5.45978693e-06 -1.08711782e-08 
 4.32048437e-05  8.97507088e-01  8.97128840e-01  8.97420374e-01 -1.93588627e-05  5.13134271e-06 -1.80989949e-08 
 4.32050000e-05  8.97497408e-01  8.97112633e-01  8.97399493e-01 -1.93052171e-05  4.82068213e-06 -2.48283705e-08 
 4.32050026e-05  8.97498385e-01  8.97117035e-01  8.97399151e-01 -1.82292591e-05  4.81596562e-06 -2.47918423e-08 
 4.32050078e-05  8.97499182e-01  8.97125033e-01  8.97398476e-01 -1.78200769e-05  4.80657322e-06 -2.47272181e-08 
 4.32050183e-05  8.97499010e-01  8.97137778e-01  8.97397173e-01 -1.76004027e-05  4.78784557e-06 -2.46211035e-08 
 4.32050392e-05  8.97499192e-01  8.97157240e-01  8.97394719e-01 -1.71744849e-05  4.75035946e-06 -2.44328688e-08 
 4.32050753e-05  8.97499129e-01  8.97182650e-01  8.97390855e-01 -1.66613955e-05  4.68580329e-06 -2.41598592e-08 
 4.32051475e-05  8.97499240e-01  8.97217733e-01  8.97384150e-01 -1.60316562e-05  4.55783505e-06 -2.37320134e-08 
 4.32052919e-05  8.97499053e-01  8.97252509e-01  8.97373267e-01 -1.55937964e-05  4.30932336e-06 -2.30777482e-08 
 4.32055773e-05  8.97498835e-01  8.97265601e-01  8.97356086e-01 -1.54872914e-05  3.85336725e-06 -2.19444511e-08 
 4.32058942e-05  8.97498408e-01  8.97257442e-01  8.97339464e-01 -1.55076607e-05  3.40224045e-06 -2.06800612e-08 
 4.32064364e-05  8.97497976e-01  8.97242220e-01  8.97313149e-01 -1.54959375e-05  2.74804352e-06 -1.85205242e-08 
 4.32072689e-05  8.97497241e-01  8.97222772e-01  8.97277318e-01 -1.55052994e-05  1.97639462e-06 -1.53759996e-08 
 4.32089338e-05  8.97496395e-01  8.97197066e-01  8.97221231e-01 -1.54994561e-05  1.00308505e-06 -1.01127712e-08 
 4.32122637e-05  8.97495333e-01  8.97184894e-01  8.97161179e-01 -1.55150598e-05  2.10276841e-07 -3.69174260e-09 
 4.32177790e-05  8.97494904e-01  8.97233007e-01  8.97164235e-01 -1.55201033e-05 -8.33640149e-09 -2.49326203e-10 
 4.32246822e-05  8.97494756e-01  8.97340829e-01  8.97254501e-01 -1.55391136e-05  1.25129640e-09  5.06787820e-11 
 4.32364928e-05  8.97494949e-01  8.97515108e-01  8.97435202e-01 -1.55422756e-05 -4.71504952e-10  2.36990109e-11 
 4.32498295e-05  8.97495008e-01  8.97631891e-01  8.97571098e-01 -1.55555506e-05  2.34149167e-10  3.17793243e-11 
 4.32712784e-05  8.97495173e-01  8.97664392e-01  8.97623265e-01 -1.55522410e-05 -1.36661560e-10 -2.95603592e-12 
 4.33049800e-05  8.97495017e-01  8.97586960e-01  8.97549302e-01 -1.55618171e-05  9.51340070e-11 -3.26489438e-12 
 4.33613835e-05  8.97495007e-01  8.97552232e-01  8.97504140e-01 -1.55544268e-05 -8.30126931e-11 -3.05941741e-13 
 4.34215791e-05  8.97494976e-01  8.97604218e-01  8.97558077e-01 -1.55616586e-05  7.15763434e-11  5.90322691e-12 
 4.35215791e-05  8.97495057e-01  8.97597515e-01  8.97554100e-01 -1.55543705e-05 -6.54579136e-11 -3.25532515e-12 
 4.36215791e-05  8.97494955e-01  8.97599159e-01  8.97552880e-01 -1.55617618e-05  5.81622764e-11  4.62158686e-12 
 4.37215791e-05  8.97495052e-01  8.97612446e-01  8.97568203e-01 -1.55543005e-05 -5.28301337e-11 -1.34229222e-12 
 4.38215791e-05  8.97494952e-01  8.97603785e-01  8.97558744e-01 -1.55617942e-05  4.66690363e-11  2.79558299e-12 
 4.39215791e-05  8.97495034e-01  8.97611052e-01  8.97565975e-01 -1.55543029e-05 -4.27321772e-11 -1.97932057e-13 
 4.40215791e-05  8.97494946e-01  8.97609454e-01  8.97564832e-01 -1.55617761e-05  3.78285825e-11  2.22308483e-12 
 4.41215791e-05  8.97495020e-01  8.97609098e-01  8.97564005e-01 -1.55543247e-05 -3.49689396e-11 -3.53535018e-14 
 4.42215791e-05  8.97494935e-01  8.97611046e-01  8.97566269e-01 -1.55617592e-05  3.09037010e-11  2.19947248e-12 
 4.43215791e-05  8.97495009e-01  8.97609497e-01  8.97564600e-01 -1.55543352e-05 -2.87208443e-11 -9.28662529e-15 
 4.44215791e-05  8.97494921e-01  8.97610540e-01  8.97565629e-01 -1.55617540e-05  2.52176335e-11  2.09390838e-12 
 4.45215791e-05  8.97494998e-01  8.97610264e-01  8.97565429e-01 -1.55543380e-05 -2.35403663e-11  1.65744697e-13 
 4.46215791e-05  8.97494909e-01  8.97610147e-01  8.97565235e-01 -1.55617517e-05  2.05069362e-11  1.88036560e-12 
 4.47215791e-05  8.97494985e-01  8.97610447e-01  8.97565585e-01 -1.55543411e-05 -1.92743044e-11  3.79149782e-13 
 4.48215791e-05  8.97494897e-01  8.97610185e-01  8.97565304e-01 -1.55617474e-05  1.66559750e-11  1.68910182e-12 
 4.49215791e-05  8.97494973e-01  8.97610334e-01  8.97565451e-01 -1.55543462e-05 -1.58051311e-11  5.39568715e-13 
 4.50215791e-05  8.97494885e-01  8.97610289e-01  8.97565417e-01 -1.55617420e-05  1.35318206e-11  1.55628592e-12 
 4.51215791e-05  8.97494961e-01  8.97610257e-01  8.97565374e-01 -1.55543516e-05 -1.29900225e-11  6.51880405e-13 
 4.52215791e-05  8.97494873e-01  8.97610303e-01  8.97565426e-01 -1.55617368e-05  1.09925539e-11  1.45711514e-12 
 4.53215791e-05  8.97494949e-01  8.97610253e-01  8.97565375e-01 -1.55543567e-05 -1.06976355e-11  7.42666508e-13 
 4.54215791e-05  8.97494861e-01  8.97610272e-01  8.97565393e-01 -1.55617318e-05  8.92208204e-12  1.37242393e-12 
 4.55215791e-05  8.97494937e-01  8.97610259e-01  8.97565383e-01 -1.55543616e-05 -8.82754655e-12  8.21683325e-13 
 4.56215791e-05  8.97494849e-01  8.97610250e-01  8.97565370e-01 -1.55617270e-05  7.23338446e-12  1.29938042e-12 
 4.57215791e-05  8.97494925e-01  8.97610250e-01  8.97565373e-01 -1.55543664e-05 -7.30315743e-12  8.88413149e-13 
 4.58215791e-05  8.97494836e-01  8.97610239e-01  8.97565361e-01 -1.55617221e-05  5.85771492e-12  1.23896244e-12 
 4.59215791e-05  8.97494912e-01  8.97610235e-01  8.97565357e-01 -1.55543713e-05 -6.06193286e-12  9.42867746e-13 
 4.60215791e-05  8.97494824e-01  8.97610230e-01  8.97565352e-01 -1.55617173e-05  4.73788261e-12  1.18989811e-12 
 4.61215791e-05  8.97494900e-01  8.97610221e-01  8.97565344e-01 -1.55543762e-05 -5.05164010e-12  9.87168355e-13 
 4.62215791e-05  8.97494812e-01  8.97610219e-01  8.97565340e-01 -1.55617124e-05  3.82641770e-12  1.14978833e-12 
 4.63215791e-05  8.97494888e-01  8.97610209e-01  8.97565332e-01 -1.55543810e-05 -4.22936035e-12  1.02355727e-12 
 4.64215791e-05  8.97494800e-01  8.97610206e-01  8.97565327e-01 -1.55617076e-05  3.08464755e-12  1.11675111e-12 
 4.65215791e-05  8.97494876e-01  8.97610198e-01  8.97565320e-01 -1.55543858e-05 -3.56028770e-12  1.05353936e-12 
 4.66215791e-05  8.97494788e-01  8.97610194e-01  8.97565315e-01 -1.55617029e-05  2.48123267e-12  1.08956973e-12 
 4.67215791e-05  8.97494864e-01  8.97610185e-01  8.97565308e-01 -1.55543905e-05 -3.01617520e-12  1.07815140e-12 
 4.68107896e-05  8.97494776e-01  8.97610182e-01  8.97565303e-01 -1.55616978e-05  1.96410531e-12  1.06609957e-12 
 4.69000000e-05  8.97494853e-01  8.97610175e-01  8.97565297e-01 -1.55543958e-05 -2.52635998e-12  1.10043637e-12 
 4.69100000e-05  8.97494811e-01  8.97610175e-01  8.97565297e-01 -1.55580397e-05 -7.80519529e-13  1.06042735e-12 
 4.69300000e-05  8.97494810e-01  8.97610174e-01  8.97565296e-01 -1.55580513e-05 -1.72338272e-13  1.08829471e-12 
 4.69650000e-05  8.97494808e-01  8.97610172e-01  8.97565294e-01 -1.55580398e-05 -5.61175238e-13  1.07051992e-12 
 4.70000000e-05  8.97494806e-01  8.97610170e-01  8.97565291e-01 -1.55580512e-05 -2.76031802e-13  1.08338815e-12 
 4.70000258e-05  8.97496819e-01  8.97625874e-01  8.97565452e-01 -1.40515213e-05  1.66696708e-09  3.81548765e-09 
 4.70000774e-05  8.97498681e-01  8.97649811e-01  8.97566014e-01 -1.34792597e-05  4.70899679e-09  1.14597595e-08 
 4.70001805e-05  8.97501879e-01  8.97677583e-01  8.97568149e-01 -1.31124743e-05  9.64089001e-09  2.61316230e-08 
 4.70003295e-05  8.97506739e-01  8.97697806e-01  8.97572469e-01 -1.28999530e-05  1.56689241e-08  4.61005348e-08 
 4.70006274e-05  8.97516051e-01  8.97709862e-01  8.97582196e-01 -1.29484601e-05  2.66170637e-08  8.27335495e-08 
 4.70010003e-05  8.97527986e-01  8.97712364e-01  8.97593861e-01 -1.29350330e-05  3.88307817e-08  1.23329904e-07 
 4.70012741e-05  8.97536760e-01  8.97711748e-01  8.97601475e-01 -1.32276585e-05  4.65499345e-08  1.50138521e-07 
 4.70014658e-05  8.97543618e-01  8.97709918e-01  8.97606234e-01 -1.38189498e-05  5.09204577e-08  1.67685870e-07 
 4.70016201e-05  8.97549856e-01  8.97705032e-01  8.97609610e-01 -1.52415149e-05  5.31701647e-08  1.81334419e-07 
 4.70017453e-05  8.97556210e-01  8.97697465e-01  8.97611894e-01 -1.73833647e-05  5.34626199e-08  1.92419339e-07 
 4.70018647e-05  8.97563394e-01  8.97684782e-01  8.97613496e-01 -2.09142148e-05  5.17430744e-08  2.04015313e-07 
 4.70019883e-05  8.97572478e-01  8.97664877e-01  8.97614290e-01 -2.62771082e-05  4.72600307e-08  2.19782622e-07 
 4.70021177e-05  8.97583071e-01  8.97635185e-01  8.97613829e-01 -3.39632455e-05  3.91412627e-08  2.47984725e-07 
 4.70022616e-05  8.97595310e-01  8.97591492e-01  8.97611289e-01 -4.42146022e-05  2.58139141e-08  3.15429625e-07 
 4.70023963e-05  8.97605059e-01  8.97539877e-01  8.97606544e-01 -5.43211590e-05  9.23006377e-09  4.53204548e-07 
 4.70025194e-05  8.97610973e-01  8.97482050e-01  8.97599792e-01 -6.25225970e-05 -9.71000396e-09  6.99504286e-07 
 4.70026317e-05  8.97612230e-01  8.97417928e-01  8.97591238e-01 -6.81035561e-05 -3.06223273e-08  1.08700881e-06 
 4.70027560e-05  8.97608235e-01  8.97334427e-01  8.97578630e-01 -7.20510254e-05 -5.75404670e-08  1.78174870e-06 
 4.70028773e-05  8.97598370e-01  8.97246931e-01  8.97562858e-01 -7.54083593e-05 -8.53781704e-08  2.81366371e-06 
 4.70029888e-05  8.97584687e-01  8.97170136e-01  8.97545438e-01 -7.83476479e-05 -1.09572981e-07  4.13584481e-06 
 4.70031068e-05  8.97565661e-01  8.97098352e-01  8.97524412e-01 -8.10255119e-05 -1.31792196e-07  5.97637447e-06 
 4.70032152e-05  8.97543770e-01  8.97044307e-01  8.97503288e-01 -8.28423973e-05 -1.47935732e-07  8.10107814e-06 
 4.70032912e-05  8.97523433e-01  8.97016131e-01  8.97487780e-01 -8.34654591e-05 -1.55766048e-07  9.87038398e-06 
 4.70033547e-05  8.97501571e-01  8.97001300e-01  8.97474630e-01 -8.34550483e-05 -1.59085680e-07  1.15730140e-05 
 4.70033986e-05  8.97482900e-01  8.96997502e-01  8.97465582e-01 -8.29520563e-05 -1.58959938e-07  1.28974328e-05 
 4.70034279e-05  8.97468208e-01  8.96999622e-01  8.97459611e-01 -8.22294541e-05 -1.57169986e-07  1.38631163e-05 
 4.70034544e-05  8.97452713e-01  8.97006881e-01  8.97454329e-01 -8.10678199e-05 -1.53676270e-07  1.47959557e-05 
 4.70034826e-05  8.97433921e-01  8.97022743e-01  8.97448890e-01 -7.91623130e-05 -1.47180100e-07  1.58578056e-05 
 4.70035187e-05  8.97407927e-01  8.97057616e-01  8.97442399e-01 -7.56073562e-05 -1.33959322e-07  1.73159272e-05 
 4.70035531e-05  8.97383122e-01  8.97105580e-01  8.97436843e-01 -7.12625572e-05 -1.16320926e-07  1.88161983e-05 
 4.70036057e-05  8.97348557e-01  8.97197031e-01  8.97429974e-01 -6.35336287e-05 -8.27032411e-08  2.12812899e-05 
 4.70036359e-05  8.97331259e-01  8.97255268e-01  8.97426981e-01 -5.88399445e-05 -6.10218168e-08  2.27908517e-05 
 4.70036707e-05  8.97313812e-01  8.97322055e-01  8.97424448e-01 -5.35138606e-05 -3.56472173e-08  2.45952691e-05 
 4.70037126e-05  8.97295942e-01  8.97397925e-01  8.97422635e-01 -4.75268914e-05 -5.93043771e-09  2.68468435e-05 
 4.70037572e-05  8.97280032e-01  8.97470253e-01  8.97422043e-01 -4.17890382e-05  2.36122618e-08  2.93357452e-05 
 4.70038035e-05  8.97266104e-01  8.97534060e-01  8.97422691e-01 -3.66838869e-05  5.11328306e-08  3.20013011e-05 
 4.70038536e-05  8.97253224e-01  8.97589958e-01  8.97424563e-01 -3.20963989e-05  7.69831258e-08  3.49585026e-05 
 4.70039092e-05  8.97240652e-01  8.97637934e-01  8.97427742e-01 -2.80460388e-05  1.01312441e-07  3.83288902e-05 
 4.70039729e-05  8.97227726e-01  8.97678098e-01  8.97432410e-01 -2.44875723e-05  1.24392318e-07  4.22889876e-05 
 4.70040472e-05  8.97213853e-01  8.97710173e-01  8.97438754e-01 -2.14985401e-05  1.46290519e-07  4.70170498e-05 
 4.70041362e-05  8.97198217e-01  8.97734898e-01  8.97447116e-01 -1.90402729e-05  1.67656938e-07  5.28423086e-05 
 4.70042454e-05  8.97179866e-01  8.97753293e-01  8.97457892e-01 -1.71573968e-05  1.89293018e-07  6.01894071e-05 
 4.70043838e-05  8.97157389e-01  8.97767194e-01  8.97471759e-01 -1.58064732e-05  2.12710007e-07  6.97927018e-05 
 4.70045613e-05  8.97129238e-01  8.97778453e-01  8.97489322e-01 -1.50008383e-05  2.39411116e-07  8.25356355e-05 
 4.70047893e-05  8.97093742e-01  8.97788677e-01  8.97511078e-01 -1.46143887e-05  2.70801990e-07  9.95101445e-05 
 4.70050000e-05  8.97061467e-01  8.97796150e-01  8.97530200e-01 -1.45251249e-05  2.97773481e-07  1.15683252e-04 
 4.70050058e-05  8.97060043e-01  8.97791771e-01  8.97530701e-01 -1.56284043e-05  2.98097755e-07  1.16132357e-04 
 4.70050174e-05  8.97059177e-01  8.97784288e-01  8.97531685e-01 -1.58727434e-05  2.98762430e-07  1.17027752e-04 
 4.70050406e-05  8.97059164e-01  8.97773411e-01  8.97533554e-01 -1.58459547e-05  3.00160975e-07  1.18801174e-04 
 4.70050870e-05  8.97058271e-01  8.97757211e-01  8.97536991e-01 -1.60009085e-05  3.03020518e-07  1.22278921e-04 
 4.70051798e-05  8.97057637e-01  8.97736316e-01  8.97543001e-01 -1.59777346e-05  3.08337240e-07  1.28964748e-04 
 4.70053184e-05  8.97056105e-01  8.97721855e-01  8.97550620e-01 -1.60377730e-05  3.14434426e-07  1.38309220e-04 
 4.70055109e-05  8.97054236e-01  8.97717195e-01  8.97559816e-01 -1.59706243e-05  3.19069134e-07  1.50098792e-04 
 4.70058353e-05  8.97049570e-01  8.97721663e-01  8.97573797e-01 -1.60313380e-05  3.18599039e-07  1.67186616e-04 
 4.70063769e-05  8.97040475e-01  8.97735623e-01  8.97595289e-01 -1.59779531e-05  3.01199971e-07  1.89214990e-04 
 4.70069724e-05  8.97028033e-01  8.97751834e-01  8.97617332e-01 -1.60392133e-05  2.66877215e-07  2.05956026e-04 
 4.70076400e-05  8.97013173e-01  8.97770606e-01  8.97640657e-01 -1.59847612e-05  2.19607279e-07  2.17816890e-04 
 4.70083403e-05  8.96996532e-01  8.97790791e-01  8.97664037e-01 -1.60419103e-05  1.67656263e-07  2.24530042e-04 
 4.70091559e-05  8.96977805e-01  8.97814714e-01  8.97690356e-01 -1.59851206e-05  1.10280539e-07  2.27123425e-04 
 4.70100527e-05  8.96957652e-01  8.97841276e-01  8.97718569e-01 -1.60372877e-05  5.48888104e-08  2.25444134e-04 
 4.70111066e-05  8.96935960e-01  8.97872533e-01  8.97751104e-01 -1.59764912e-05  1.95766188e-09  2.19473445e-04 
 4.70122776e-05  8.96913351e-01  8.97906914e-01  8.97786676e-01 -1.60225986e-05 -4.19740096e-08  2.09706430e-04 
 4.70136448e-05  8.96889879e-01  8.97946066e-01  8.97827442e-01 -1.59566367e-05 -7.64325751e-08  1.96086602e-04 
 4.70151894e-05  8.96865968e-01  8.97988342e-01  8.97872223e-01 -1.59959355e-05 -9.87218472e-08  1.79550266e-04 
 4.70170488e-05  8.96841584e-01  8.98035618e-01  8.97923652e-01 -1.59231283e-05 -1.09795991e-07  1.59617321e-04 
 4.70192773e-05  8.96816929e-01  8.98085977e-01  8.97980531e-01 -1.59530810e-05 -1.09744622e-07  1.36998492e-04 
 4.70221538e-05  8.96792271e-01  8.98139432e-01  8.98044276e-01 -1.58689884e-05 -9.95711432e-08  1.10921866e-04 
 4.70250898e-05  8.96772861e-01  8.98179676e-01  8.98096347e-01 -1.58921158e-05 -8.50273963e-08  8.83142657e-05 
 4.70279936e-05  8.96758718e-01  8.98205099e-01  8.98133920e-01 -1.58107260e-05 -7.04576661e-08  6.98311985e-05 
 4.70308416e-05  8.96747860e-01  8.98216668e-01  8.98157186e-01 -1.58382947e-05 -5.74713075e-08  5.50757093e-05 
 4.70337771e-05  8.96739719e-01  8.98215787e-01  8.98167643e-01 -1.57613035e-05 -4.59290391e-08  4.28751490e-05 
 4.70367936e-05  8.96733072e-01  8.98202771e-01  8.98165181e-01 -1.57919790e-05 -3.60720840e-08  3.29921039e-05 
 4.70399866e-05  8.96728173e-01  8.98177466e-01  8.98149615e-01 -1.57183937e-05 -2.76710897e-08  2.48998963e-05 
 4.70433478e-05  8.96724046e-01  8.98140221e-01  8.98120930e-01 -1.57518377e-05 -2.07693492e-08  1.84528594e-05 
 4.70469759e-05  8.96721177e-01  8.98090465e-01  8.98078467e-01 -1.56814737e-05 -1.51359065e-08  1.33125839e-05 
 4.70508849e-05  8.96718665e-01  8.98028830e-01  8.98022548e-01 -1.57176416e-05 -1.07029367e-08  9.33857237e-06 
 4.70551952e-05  8.96717106e-01  8.97954849e-01  8.97952541e-01 -1.56504346e-05 -7.26738096e-09  6.29925594e-06 
 4.70599590e-05  8.96715636e-01  8.97869908e-01  8.97869541e-01 -1.56893903e-05 -4.71748692e-09  4.06515992e-06 
 4.70653495e-05  8.96714908e-01  8.97774567e-01  8.97773883e-01 -1.56253675e-05 -2.88120499e-09  2.46779883e-06 
 4.70714985e-05  8.96714082e-01  8.97672059e-01  8.97668589e-01 -1.56672380e-05 -1.63537737e-09  1.38992369e-06 
 4.70787077e-05  8.96713842e-01  8.97565732e-01  8.97556902e-01 -1.56064493e-05 -8.37794089e-10  7.03419767e-07 
 4.70873088e-05  8.96713372e-01  8.97462712e-01  8.97446165e-01 -1.56513331e-05 -3.74606050e-10  3.07557317e-07 
 4.70979644e-05  8.96713384e-01  8.97371375e-01  8.97345445e-01 -1.55937420e-05 -1.35955886e-10  1.06576822e-07 
 4.71116468e-05  8.96713092e-01  8.97302591e-01  8.97267334e-01 -1.56415839e-05 -3.50086379e-11  2.47231282e-08 
 4.71303735e-05  8.96713239e-01  8.97261265e-01  8.97219554e-01 -1.55869622e-05 -3.85303356e-12  1.95677553e-09 
 4.71581709e-05  8.96713048e-01  8.97230864e-01  8.97188449e-01 -1.56375108e-05 -5.24862272e-14 -2.24239777e-10 
 4.72058077e-05  8.96713210e-01  8.97154745e-01  8.97115140e-01 -1.55853568e-05 -2.45549176e-12  8.74554651e-11 
 4.72896034e-05  8.96712916e-01  8.97021236e-01  8.96979246e-01 -1.56373415e-05 -1.68478274e-12 -5.11087428e-11 
 4.73896034e-05  8.96713047e-01  8.96946525e-01  8.96902651e-01 -1.55853397e-05 -6.00668603e-13  3.68262334e-11 
 4.74896034e-05  8.96712823e-01  8.96897089e-01  8.96853722e-01 -1.56372558e-05 -1.12503691e-12 -1.78852275e-11 
 4.75896034e-05  8.96712978e-01  8.96865361e-01  8.96820695e-01 -1.55853580e-05 -5.05029612e-13  1.64904253e-11 
 4.76896034e-05  8.96712777e-01  8.96853108e-01  8.96808691e-01 -1.56372196e-05 -5.79416723e-13 -3.60162860e-12 
 4.77896034e-05  8.96712950e-01  8.96840502e-01  8.96795879e-01 -1.55853597e-05 -6.16330988e-13  8.32821193e-12 
 4.78896034e-05  8.96712750e-01  8.96836289e-01  8.96791455e-01 -1.56372151e-05 -4.06485392e-13  1.59025402e-12 
 4.79896034e-05  8.96712931e-01  8.96832994e-01  8.96788307e-01 -1.55853546e-05 -5.71899732e-13  5.52215939e-12 
 4.80896034e-05  8.96712732e-01  8.96830515e-01  8.96785656e-01 -1.56372153e-05 -4.33770641e-13  3.39733086e-12 
 4.81896034e-05  8.96712914e-01  8.96830098e-01  8.96785296e-01 -1.55853546e-05 -5.00925907e-13  4.42024786e-12 
 4.82896034e-05  8.96712717e-01  8.96828978e-01  8.96784158e-01 -1.56372118e-05 -4.63983886e-13  4.23532395e-12 
 4.83896034e-05  8.96712899e-01  8.96828803e-01  8.96783955e-01 -1.55853587e-05 -4.80577383e-13  3.81098197e-12 
 4.84896034e-05  8.96712702e-01  8.96828585e-01  8.96783765e-01 -1.56372069e-05 -4.59896878e-13  4.71526090e-12 
 4.85896034e-05  8.96712884e-01  8.96828351e-01  8.96783506e-01 -1.55853631e-05 -4.88023250e-13  3.46772757e-12 
 4.86896034e-05  8.96712688e-01  8.96828383e-01  8.96783547e-01 -1.56372028e-05 -4.49275166e-13  4.96084960e-12 
 4.87896034e-05  8.96712870e-01  8.96828257e-01  8.96783421e-01 -1.55853668e-05 -4.94108010e-13  3.30448565e-12 
 4.88896034e-05  8.96712674e-01  8.96828257e-01  8.96783415e-01 -1.56371992e-05 -4.45986780e-13  5.07362641e-12 
 4.89896034e-05  8.96712856e-01  8.96828237e-01  8.96783401e-01 -1.55853703e-05 -4.94271724e-13  3.22402288e-12 
 4.90896034e-05  8.96712659e-01  8.96828205e-01  8.96783365e-01 -1.56371957e-05 -4.46676550e-13  5.13861469e-12 
 4.91896034e-05  8.96712841e-01  8.96828210e-01  8.96783372e-01 -1.55853739e-05 -4.93388750e-13  3.16739685e-12 
 4.92896034e-05  8.96712645e-01  8.96828190e-01  8.96783350e-01 -1.56371920e-05 -4.46936542e-13  5.19122695e-12 
 4.93896034e-05  8.96712827e-01  8.96828184e-01  8.96783345e-01 -1.55853776e-05 -4.93665655e-13  3.11838630e-12 
 4.94896034e-05  8.96712631e-01  8.96828178e-01  8.96783339e-01 -1.56371883e-05 -4.46223137e-13  5.23650979e-12 
 4.95896034e-05  8.96712813e-01  8.96828166e-01  8.96783327e-01 -1.55853813e-05 -4.94522609e-13  3.07713322e-12 
 4.96896034e-05  8.96712616e-01  8.96828163e-01  8.96783323e-01 -1.56371847e-05 -4.45374640e-13  5.27402937e-12 
 4.97896034e-05  8.96712798e-01  8.96828152e-01  8.96783314e-01 -1.55853850e-05 -4.95265070e-13  3.04315053e-12 
 4.98896034e-05  8.96712602e-01  8.96828147e-01  8.96783307e-01 -1.56371810e-05 -4.44734744e-13  5.30525813e-12 
 4.99896034e-05  8.96712784e-01  8.96828139e-01  8.96783300e-01 -1.55853886e-05 -4.95827771e-13  3.01418710e-12 
 5.00896034e-05  8.96712588e-01  8.96828132e-01  8.96783292e-01 -1.56371773e-05 -4.44205436e-13  5.33232079e-12 
 5.01896034e-05  8.96712770e-01  8.96828124e-01  8.96783286e-01 -1.55853923e-05 -4.96349923e-13  2.98876478e-12 
 5.02896034e-05  8.96712573e-01  8.96828118e-01  8.96783278e-01 -1.56371737e-05 -4.43676129e-13  5.35615242e-12 
 5.03896034e-05  8.96712755e-01  8.96828110e-01  8.96783271e-01 -1.55853960e-05 -4.96886386e-13  2.96634147e-12 
 5.04896034e-05  8.96712559e-01  8.96828104e-01  8.96783264e-01 -1.56371700e-05 -4.43135546e-13  5.37724986e-12 
 5.05896034e-05  8.96712741e-01  8.96828095e-01  8.96783257e-01 -1.55853996e-05 -4.97423500e-13  2.94661848e-12 
 5.06896034e-05  8.96712545e-01  8.96828089e-01  8.96783250e-01 -1.56371664e-05 -4.42606238e-13  5.39562253e-12 
 5.07896034e-05  8.96712727e-01  8.96828081e-01  8.96783243e-01 -1.55854033e-05 -4.97942182e-13  2.92937284e-12 
 5.08896034e-05  8.96712530e-01  8.96828075e-01  8.96783235e-01 -1.56371627e-05 -4.42096663e-13  5.41179487e-12 
 5.09896034e-05  8.96712712e-01  8.96828067e-01  8.96783228e-01 -1.55854070e-05 -4.98444602e-13  2.91421845e-12 
 5.10896034e-05  8.96712516e-01  8.96828061e-01  8.96783221e-01 -1.56371590e-05 -4.41602050e-13  5.42602101e-12 
 5.11896034e-05  8.96712698e-01  8.96828052e-01  8.96783214e-01 -1.55854106e-05 -4.98935095e-13  2.90090180e-12 
 5.12896034e-05  8.96712502e-01  8.96828046e-01  8.96783207e-01 -1.56371554e-05 -4.41114593e-13  5.43850940e-12 
 5.13896034e-05  8.96712684e-01  8.96828038e-01  8.96783200e-01 -1.55854143e-05 -4.99416047e-13  2.88914991e-12 
 5.14896034e-05  8.96712488e-01  8.96828032e-01  8.96783193e-01 -1.56371517e-05 -4.40638411e-13  5.44945962e-12 
 5.15896034e-05  8.96712669e-01  8.96828024e-01  8.96783185e-01 -1.55854180e-05 -4.99886807e-13  2.87890913e-12 
 5.16896034e-05  8.96712473e-01  8.96828018e-01  8.96783178e-01 -1.56371481e-05 -4.40171987e-13  5.45905584e-12 
 5.17896034e-05  8.96712655e-01  8.96828009e-01  8.96783171e-01 -1.55854216e-05 -5.00348894e-13  2.86992988e-12 
 5.18896034e-05  8.96712459e-01  8.96828003e-01  8.96783164e-01 -1.56371444e-05 -4.39712719e-13  5.46751641e-12 
 5.19896034e-05  8.96712641e-01  8.96827995e-01  8.96783157e-01 -1.55854253e-05 -5.00803825e-13  2.86206470e-12 
 5.20896034e-05  8.96712445e-01  8.96827989e-01  8.96783150e-01 -1.56371407e-05 -4.39261908e-13  5.47485733e-12 
 5.21896034e-05  8.96712626e-01  8.96827981e-01  8.96783142e-01 -1.55854289e-05 -5.01251384e-13  2.85512678e-12 
 5.22896034e-05  8.96712430e-01  8.96827975e-01  8.96783135e-01 -1.56371371e-05 -4.38818253e-13  5.48128155e-12 
 5.23896034e-05  8.96712612e-01  8.96827966e-01  8.96783128e-01 -1.55854326e-05 -5.01694606e-13  2.84912377e-12 
 5.24896034e-05  8.96712416e-01  8.96827961e-01  8.96783121e-01 -1.56371334e-05 -4.38379151e-13  5.48696689e-12 
 5.25896034e-05  8.96712598e-01  8.96827952e-01  8.96783114e-01 -1.55854363e-05 -5.02129805e-13  2.84383037e-12 
 5.26896034e-05  8.96712402e-01  8.96827946e-01  8.96783107e-01 -1.56371298e-05 -4.37943952e-13  5.49188039e-12 
 5.27896034e-05  8.96712583e-01  8.96827938e-01  8.96783099e-01 -1.55854399e-05 -5.02559149e-13  2.83930019e-12 
 5.28896034e-05  8.96712387e-01  8.96827932e-01  8.96783092e-01 -1.56371261e-05 -4.37516993e-13  5.49622804e-12 
 5.29896034e-05  8.96712569e-01  8.96827923e-01  8.96783085e-01 -1.55854436e-05 -5.02985240e-13  2.83524712e-12 
 5.30896034e-05  8.96712373e-01  8.96827918e-01  8.96783078e-01 -1.56371225e-05 -4.37094154e-13  5.49994165e-12 
 5.31896034e-05  8.96712555e-01  8.96827909e-01  8.96783071e-01 -1.55854473e-05 -5.03406344e-13  2.83179648e-12 
 5.32896034e-05  8.96712359e-01  8.96827903e-01  8.96783064e-01 -1.56371188e-05 -4.36674568e-13  5.50316894e-12 
 5.33896034e-05  8.96712540e-01  8.96827895e-01  8.96783056e-01 -1.55854509e-05 -5.03822244e-13  2.82873247e-12 
 5.34896034e-05  8.96712344e-01  8.96827889e-01  8.96783049e-01 -1.56371152e-05 -4.36259752e-13  5.50603015e-12 
 5.35896034e-05  8.96712526e-01  8.96827881e-01  8.96783042e-01 -1.55854546e-05 -5.04236410e-13  2.82615820e-12 
 5.36896034e-05  8.96712330e-01  8.96827875e-01  8.96783035e-01 -1.56371115e-05 -4.35847755e-13  5.50842461e-12 
 5.37896034e-05  8.96712512e-01  8.96827866e-01  8.96783028e-01 -1.55854582e-05 -5.04648840e-13  2.82386923e-12 
 5.38896034e-05  8.96712316e-01  8.96827860e-01  8.96783021e-01 -1.56371079e-05 -4.35440095e-13  5.51052080e-12 
 5.39896034e-05  8.96712497e-01  8.96827852e-01  8.96783014e-01 -1.55854619e-05 -5.05056717e-13  2.82195269e-12 
 5.40896034e-05  8.96712302e-01  8.96827846e-01  8.96783006e-01 -1.56371042e-05 -4.35032435e-13  5.51228898e-12 
 5.41896034e-05  8.96712483e-01  8.96827838e-01  8.96782999e-01 -1.55854655e-05 -5.05459173e-13  2.82026567e-12 
 5.42896034e-05  8.96712287e-01  8.96827832e-01  8.96782992e-01 -1.56371006e-05 -4.34629763e-13  5.51388367e-12 
 5.43896034e-05  8.96712469e-01  8.96827823e-01  8.96782985e-01 -1.55854692e-05 -5.05860978e-13  2.81893877e-12 
 5.44896034e-05  8.96712273e-01  8.96827817e-01  8.96782978e-01 -1.56370969e-05 -4.34229692e-13  5.51513799e-12 
 5.45896034e-05  8.96712454e-01  8.96827809e-01  8.96782971e-01 -1.55854729e-05 -5.06260615e-13  2.81766461e-12 
 5.46896034e-05  8.96712259e-01  8.96827803e-01  8.96782963e-01 -1.56370933e-05 -4.33831573e-13  5.51630665e-12 
 5.47896034e-05  8.96712440e-01  8.96827795e-01  8.96782956e-01 -1.55854765e-05 -5.06655915e-13  2.81671724e-12 
 5.48896034e-05  8.96712244e-01  8.96827789e-01  8.96782949e-01 -1.56370896e-05 -4.33435839e-13  5.51718220e-12 
 5.49896034e-05  8.96712426e-01  8.96827780e-01  8.96782942e-01 -1.55854802e-05 -5.07051215e-13  2.81585492e-12 
 5.50896034e-05  8.96712230e-01  8.96827774e-01  8.96782935e-01 -1.56370860e-05 -4.33042057e-13  5.51792168e-12 
 5.51896034e-05  8.96712411e-01  8.96827766e-01  8.96782928e-01 -1.55854838e-05 -5.07445648e-13  2.81514677e-12 
 5.52896034e-05  8.96712216e-01  8.96827760e-01  8.96782921e-01 -1.56370823e-05 -4.32649576e-13  5.51858570e-12 
 5.53896034e-05  8.96712397e-01  8.96827752e-01  8.96782913e-01 -1.55854875e-05 -5.07835961e-13  2.81460510e-12 
 5.54896034e-05  8.96712201e-01  8.96827746e-01  8.96782906e-01 -1.56370787e-05 -4.32260347e-13  5.51903748e-12 
 5.55896034e-05  8.96712383e-01  8.96827737e-01  8.96782899e-01 -1.55854911e-05 -5.08226707e-13  2.81412870e-12 
 5.56896034e-05  8.96712187e-01  8.96827732e-01  8.96782892e-01 -1.56370750e-05 -4.31871769e-13  5.51944634e-12 
 5.57896034e-05  8.96712368e-01  8.96827723e-01  8.96782885e-01 -1.55854948e-05 -5.08614418e-13  2.81378680e-12 
 5.58896034e-05  8.96712173e-01  8.96827717e-01  8.96782878e-01 -1.56370714e-05 -4.31483842e-13  5.51974596e-12 
 5.59896034e-05  8.96712354e-01  8.96827709e-01  8.96782870e-01 -1.55854984e-05 -5.08999093e-13  2.81357137e-12 
 5.60896034e-05  8.96712159e-01  8.96827703e-01  8.96782863e-01 -1.56370677e-05 -4.31098083e-13  5.51994550e-12 
 5.61896034e-05  8.96712340e-01  8.96827694e-01  8.96782856e-01 -1.55855021e-05 -5.09384418e-13  2.81341243e-12 
 5.62896034e-05  8.96712144e-01  8.96827689e-01  8.96782849e-01 -1.56370641e-05 -4.30715576e-13  5.52012526e-12 
 5.63896034e-05  8.96712325e-01  8.96827680e-01  8.96782842e-01 -1.55855057e-05 -5.09768009e-13  2.81328314e-12 
 5.64896034e-05  8.96712130e-01  8.96827674e-01  8.96782835e-01 -1.56370604e-05 -4.30332202e-13  5.52020056e-12 
 5.65896034e-05  8.96712311e-01  8.96827666e-01  8.96782827e-01 -1.55855094e-05 -5.10152250e-13  2.81323098e-12 
 5.66896034e-05  8.96712116e-01  8.96827660e-01  8.96782820e-01 -1.56370568e-05 -4.29950780e-13  5.52013649e-12 
 5.67896034e-05  8.96712297e-01  8.96827651e-01  8.96782813e-01 -1.55855130e-05 -5.10531938e-13  2.81321451e-12 
 5.68896034e-05  8.96712101e-01  8.96827646e-01  8.96782806e-01 -1.56370531e-05 -4.29570659e-13  5.52012694e-12 
 5.69896034e-05  8.96712282e-01  8.96827637e-01  8.96782799e-01 -1.55855167e-05 -5.10911192e-13  2.81334195e-12 
 5.70896034e-05  8.96712087e-01  8.96827631e-01  8.96782792e-01 -1.56370495e-05 -4.29191838e-13  5.52001126e-12 
 5.71896034e-05  8.96712268e-01  8.96827623e-01  8.96782784e-01 -1.55855203e-05 -5.11290012e-13  2.81343671e-12 
 5.72896034e-05  8.96712073e-01  8.96827617e-01  8.96782777e-01 -1.56370459e-05 -4.28813235e-13  5.51996187e-12 
 5.73896034e-05  8.96712254e-01  8.96827608e-01  8.96782770e-01 -1.55855240e-05 -5.11665146e-13  2.81358639e-12 
 5.74896034e-05  8.96712058e-01  8.96827603e-01  8.96782763e-01 -1.56370422e-05 -4.28437667e-13  5.51977729e-12 
 5.75896034e-05  8.96712239e-01  8.96827594e-01  8.96782756e-01 -1.55855276e-05 -5.12040930e-13  2.81376230e-12 
 5.76896034e-05  8.96712044e-01  8.96827588e-01  8.96782749e-01 -1.56370386e-05 -4.28063618e-13  5.51960935e-12 
 5.77896034e-05  8.96712225e-01  8.96827580e-01  8.96782742e-01 -1.55855313e-05 -5.12416064e-13  2.81394520e-12 
 5.78896034e-05  8.96712030e-01  8.96827574e-01  8.96782734e-01 -1.56370349e-05 -4.27689351e-13  5.51932285e-12 
 5.79896034e-05  8.96712211e-01  8.96827565e-01  8.96782727e-01 -1.55855349e-05 -5.12787946e-13  2.81414578e-12 
 5.80896034e-05  8.96712015e-01  8.96827560e-01  8.96782720e-01 -1.56370313e-05 -4.27315301e-13  5.51914390e-12 
 5.81896034e-05  8.96712196e-01  8.96827551e-01  8.96782713e-01 -1.55855386e-05 -5.13160694e-13  2.81446085e-12 
 5.82896034e-05  8.96712001e-01  8.96827546e-01  8.96782706e-01 -1.56370277e-05 -4.26943637e-13  5.51883870e-12 
 5.83896034e-05  8.96712182e-01  8.96827537e-01  8.96782699e-01 -1.55855422e-05 -5.13532142e-13  2.81474431e-12 
 5.84896034e-05  8.96711987e-01  8.96827531e-01  8.96782691e-01 -1.56370240e-05 -4.26573273e-13  5.51858109e-12 
 5.85896034e-05  8.96712168e-01  8.96827522e-01  8.96782684e-01 -1.55855459e-05 -5.13902072e-13  2.81505548e-12 
 5.86896034e-05  8.96711973e-01  8.96827517e-01  8.96782677e-01 -1.56370204e-05 -4.26203777e-13  5.51827160e-12 
 5.87896034e-05  8.96712153e-01  8.96827508e-01  8.96782670e-01 -1.55855495e-05 -5.14270050e-13  2.81524766e-12 
 5.88896034e-05  8.96711958e-01  8.96827503e-01  8.96782663e-01 -1.56370167e-05 -4.25835799e-13  5.51796217e-12 
 5.89896034e-05  8.96712139e-01  8.96827494e-01  8.96782656e-01 -1.55855532e-05 -5.14638462e-13  2.81559736e-12 
 5.90896034e-05  8.96711944e-01  8.96827488e-01  8.96782649e-01 -1.56370131e-05 -4.25469122e-13  5.51764651e-12 
 5.91896034e-05  8.96712125e-01  8.96827480e-01  8.96782641e-01 -1.55855568e-05 -5.15005356e-13  2.81594171e-12 
 5.92896034e-05  8.96711930e-01  8.96827474e-01  8.96782634e-01 -1.56370095e-05 -4.25101794e-13  5.51727148e-12 
 5.93896034e-05  8.96712110e-01  8.96827465e-01  8.96782627e-01 -1.55855604e-05 -5.15373117e-13  2.81625298e-12 
 5.94896034e-05  8.96711915e-01  8.96827460e-01  8.96782620e-01 -1.56370058e-05 -4.24736635e-13  5.51692649e-12 
 5.95896034e-05  8.96712096e-01  8.96827451e-01  8.96782613e-01 -1.55855641e-05 -5.15737193e-13  2.81666780e-12 
 5.96896034e-05  8.96711901e-01  8.96827445e-01  8.96782606e-01 -1.56370022e-05 -4.24371909e-13  5.51661711e-12 
 5.97896034e-05  8.96712082e-01  8.96827437e-01  8.96782598e-01 -1.55855677e-05 -5.16100183e-13  2.81703859e-12 
 5.98896034e-05  8.96711887e-01  8.96827431e-01  8.96782591e-01 -1.56369986e-05 -4.24008918e-13  5.51623233e-12 
 5.99896034e-05  8.96712067e-01  8.96827422e-01  8.96782584e-01 -1.55855714e-05 -5.16462741e-13  2.81736163e-12 
 6.00896034e-05  8.96711872e-01  8.96827417e-01  8.96782577e-01 -1.56369949e-05 -4.23646361e-13  5.51581854e-12 
 6.01896034e-05  8.96712053e-01  8.96827408e-01  8.96782570e-01 -1.55855750e-05 -5.16824647e-13  2.81778610e-12 
 6.02896034e-05  8.96711858e-01  8.96827402e-01  8.96782563e-01 -1.56369913e-05 -4.23287056e-13  5.51550488e-12 
 6.03896034e-05  8.96712039e-01  8.96827394e-01  8.96782555e-01 -1.55855787e-05 -5.17183952e-13  2.81812410e-12 
 6.04896034e-05  8.96711844e-01  8.96827388e-01  8.96782548e-01 -1.56369877e-05 -4.22926451e-13  5.51510844e-12 
 6.05896034e-05  8.96712024e-01  8.96827379e-01  8.96782541e-01 -1.55855823e-05 -5.17544124e-13  2.81855984e-12 
 6.06896034e-05  8.96711829e-01  8.96827374e-01  8.96782534e-01 -1.56369840e-05 -4.22566929e-13  5.51470089e-12 
 6.07896034e-05  8.96712010e-01  8.96827365e-01  8.96782527e-01 -1.55855859e-05 -5.17904730e-13  2.81894815e-12 
 6.08896034e-05  8.96711815e-01  8.96827359e-01  8.96782520e-01 -1.56369804e-05 -4.22206974e-13  5.51436593e-12 
 6.09896034e-05  8.96711996e-01  8.96827351e-01  8.96782512e-01 -1.55855896e-05 -5.18261866e-13  2.81933136e-12 
 6.10896034e-05  8.96711801e-01  8.96827345e-01  8.96782505e-01 -1.56369768e-05 -4.21850705e-13  5.51396087e-12 
 6.11896034e-05  8.96711981e-01  8.96827336e-01  8.96782498e-01 -1.55855932e-05 -5.18619436e-13  2.81970665e-12 
 6.12896034e-05  8.96711787e-01  8.96827331e-01  8.96782491e-01 -1.56369731e-05 -4.21494870e-13  5.51348019e-12 
 6.13896034e-05  8.96711967e-01  8.96827322e-01  8.96782484e-01 -1.55855968e-05 -5.18972669e-13  2.82011133e-12 
 6.14896034e-05  8.96711772e-01  8.96827317e-01  8.96782477e-01 -1.56369695e-05 -4.21139686e-13  5.51312311e-12 
 6.15896034e-05  8.96711953e-01  8.96827308e-01  8.96782470e-01 -1.55856005e-05 -5.19326986e-13  2.82049254e-12 
 6.16896034e-05  8.96711758e-01  8.96827302e-01  8.96782462e-01 -1.56369659e-05 -4.20786886e-13  5.51272092e-12 
 6.17896034e-05  8.96711938e-01  8.96827293e-01  8.96782455e-01 -1.55856041e-05 -5.19681086e-13  2.82093137e-12 
 6.18896034e-05  8.96711744e-01  8.96827288e-01  8.96782448e-01 -1.56369622e-05 -4.20433653e-13  5.51231727e-12 
 6.19896034e-05  8.96711924e-01  8.96827279e-01  8.96782441e-01 -1.55856078e-05 -5.20033235e-13  2.82137069e-12 
 6.20896034e-05  8.96711729e-01  8.96827274e-01  8.96782434e-01 -1.56369586e-05 -4.20080203e-13  5.51191276e-12 
 6.21896034e-05  8.96711910e-01  8.96827265e-01  8.96782427e-01 -1.55856114e-05 -5.20386035e-13  2.82176241e-12 
 6.22896034e-05  8.96711715e-01  8.96827259e-01  8.96782419e-01 -1.56369550e-05 -4.19730440e-13  5.51150819e-12 
 6.23896034e-05  8.96711895e-01  8.96827250e-01  8.96782412e-01 -1.55856150e-05 -5.20736666e-13  2.82210832e-12 
 6.24896034e-05  8.96711701e-01  8.96827245e-01  8.96782405e-01 -1.56369514e-05 -4.19381543e-13  5.51110947e-12 
 6.25896034e-05  8.96711881e-01  8.96827236e-01  8.96782398e-01 -1.55856187e-05 -5.21085562e-13  2.82257263e-12 
 6.26896034e-05  8.96711686e-01  8.96827231e-01  8.96782391e-01 -1.56369477e-05 -4.19031997e-13  5.51063020e-12 
 6.27896034e-05  8.96711867e-01  8.96827222e-01  8.96782384e-01 -1.55856223e-05 -5.21432940e-13  2.82300599e-12 
 6.28896034e-05  8.96711672e-01  8.96827216e-01  8.96782377e-01 -1.56369441e-05 -4.18683968e-13  5.51027881e-12 
 6.29896034e-05  8.96711852e-01  8.96827207e-01  8.96782369e-01 -1.55856259e-05 -5.21781186e-13  2.82343962e-12 
 6.30896034e-05  8.96711658e-01  8.96827202e-01  8.96782362e-01 -1.56369405e-05 -4.18337457e-13  5.50978642e-12 
 6.31896034e-05  8.96711838e-01  8.96827193e-01  8.96782355e-01 -1.55856295e-05 -5.22127914e-13  2.82384158e-12 
 6.32896034e-05  8.96711644e-01  8.96827188e-01  8.96782348e-01 -1.56369369e-05 -4.17991379e-13  5.50939763e-12 
 6.33896034e-05  8.96711824e-01  8.96827179e-01  8.96782341e-01 -1.55856332e-05 -5.22474208e-13  2.82421688e-12 
 6.34896034e-05  8.96711629e-01  8.96827173e-01  8.96782334e-01 -1.56369332e-05 -4.17646386e-13  5.50895636e-12 
 6.35896034e-05  8.96711809e-01  8.96827164e-01  8.96782326e-01 -1.55856368e-05 -5.22818117e-13  2.82465842e-12 
 6.36896034e-05  8.96711615e-01  8.96827159e-01  8.96782319e-01 -1.56369296e-05 -4.17300526e-13  5.50852219e-12 
 6.37896034e-05  8.96711795e-01  8.96827150e-01  8.96782312e-01 -1.55856404e-05 -5.23160942e-13  2.82503307e-12 
 6.38896034e-05  8.96711601e-01  8.96827145e-01  8.96782305e-01 -1.56369260e-05 -4.16957701e-13  5.50814038e-12 
 6.39896034e-05  8.96711781e-01  8.96827136e-01  8.96782298e-01 -1.55856441e-05 -5.23503766e-13  2.82551825e-12 
 6.40896034e-05  8.96711586e-01  8.96827130e-01  8.96782291e-01 -1.56369224e-05 -4.16614876e-13  5.50771055e-12 
 6.41896034e-05  8.96711766e-01  8.96827121e-01  8.96782283e-01 -1.55856477e-05 -5.23845724e-13  2.82591517e-12 
 6.42896034e-05  8.96711572e-01  8.96827116e-01  8.96782276e-01 -1.56369187e-05 -4.16275087e-13  5.50728885e-12 
 6.43896034e-05  8.96711752e-01  8.96827107e-01  8.96782269e-01 -1.55856513e-05 -5.24184862e-13  2.82640339e-12 
 6.44896034e-05  8.96711558e-01  8.96827102e-01  8.96782262e-01 -1.56369151e-05 -4.15934431e-13  5.50688580e-12 
 6.45896034e-05  8.96711738e-01  8.96827093e-01  8.96782255e-01 -1.55856550e-05 -5.24524434e-13  2.82683783e-12 
 6.46896034e-05  8.96711543e-01  8.96827088e-01  8.96782248e-01 -1.56369115e-05 -4.15597244e-13  5.50644133e-12 
 6.47896034e-05  8.96711723e-01  8.96827079e-01  8.96782240e-01 -1.55856586e-05 -5.24862922e-13  2.82719600e-12 
 6.48896034e-05  8.96711529e-01  8.96827073e-01  8.96782233e-01 -1.56369079e-05 -4.15259407e-13  5.50597681e-12 
 6.49896034e-05  8.96711709e-01  8.96827064e-01  8.96782226e-01 -1.55856622e-05 -5.25203362e-13  2.82763835e-12 
 6.50896034e-05  8.96711515e-01  8.96827059e-01  8.96782219e-01 -1.56369043e-05 -4.14920919e-13  5.50561230e-12 
 6.51896034e-05  8.96711695e-01  8.96827050e-01  8.96782212e-01 -1.55856658e-05 -5.25538597e-13  2.82800953e-12 
 6.52896034e-05  8.96711500e-01  8.96827045e-01  8.96782205e-01 -1.56369006e-05 -4.14585250e-13  5.50516761e-12 
 6.53896034e-05  8.96711680e-01  8.96827036e-01  8.96782198e-01 -1.55856695e-05 -5.25873832e-13  2.82854090e-12 
 6.54896034e-05  8.96711486e-01  8.96827030e-01  8.96782190e-01 -1.56368970e-05 -4.14250448e-13  5.50470601e-12 
 6.55896034e-05  8.96711666e-01  8.96827021e-01  8.96782183e-01 -1.55856731e-05 -5.26207767e-13  2.82893500e-12 
 6.56896034e-05  8.96711472e-01  8.96827016e-01  8.96782176e-01 -1.56368934e-05 -4.13916948e-13  5.50436817e-12 
 6.57896034e-05  8.96711652e-01  8.96827007e-01  8.96782169e-01 -1.55856767e-05 -5.26540834e-13  2.82935155e-12 
 6.58896034e-05  8.96711458e-01  8.96827002e-01  8.96782162e-01 -1.56368898e-05 -4.13584314e-13  5.50388543e-12 
 6.59896034e-05  8.96711637e-01  8.96826993e-01  8.96782155e-01 -1.55856803e-05 -5.26872816e-13  2.82980199e-12 
 6.60896034e-05  8.96711443e-01  8.96826987e-01  8.96782147e-01 -1.56368862e-05 -4.13252115e-13  5.50341240e-12 
 6.61896034e-05  8.96711623e-01  8.96826978e-01  8.96782140e-01 -1.55856840e-05 -5.27204365e-13  2.83017755e-12 
 6.62896034e-05  8.96711429e-01  8.96826973e-01  8.96782133e-01 -1.56368826e-05 -4.12921867e-13  5.50301672e-12 
 6.63896034e-05  8.96711609e-01  8.96826964e-01  8.96782126e-01 -1.55856876e-05 -5.27535697e-13  2.83064934e-12 
 6.64896034e-05  8.96711415e-01  8.96826959e-01  8.96782119e-01 -1.56368789e-05 -4.12590751e-13  5.50268159e-12 
 6.65896034e-05  8.96711594e-01  8.96826950e-01  8.96782112e-01 -1.55856912e-05 -5.27864644e-13  2.83105890e-12 
 6.66896034e-05  8.96711400e-01  8.96826944e-01  8.96782105e-01 -1.56368753e-05 -4.12262021e-13  5.50217977e-12 
 6.67896034e-05  8.96711580e-01  8.96826935e-01  8.96782097e-01 -1.55856948e-05 -5.28193158e-13  2.83154912e-12 
 6.68896034e-05  8.96711386e-01  8.96826930e-01  8.96782090e-01 -1.56368717e-05 -4.11934592e-13  5.50171996e-12 
 6.69896034e-05  8.96711566e-01  8.96826921e-01  8.96782083e-01 -1.55856984e-05 -5.28520153e-13  2.83197088e-12 
 6.70896034e-05  8.96711372e-01  8.96826916e-01  8.96782076e-01 -1.56368681e-05 -4.11607380e-13  5.50134385e-12 
 6.71896034e-05  8.96711551e-01  8.96826907e-01  8.96782069e-01 -1.55857021e-05 -5.28846932e-13  2.83233625e-12 
 6.72896034e-05  8.96711357e-01  8.96826901e-01  8.96782062e-01 -1.56368645e-05 -4.11282119e-13  5.50085715e-12 
 6.73896034e-05  8.96711537e-01  8.96826892e-01  8.96782054e-01 -1.55857057e-05 -5.29170891e-13  2.83279200e-12 
 6.74896034e-05  8.96711343e-01  8.96826887e-01  8.96782047e-01 -1.56368609e-05 -4.10956425e-13  5.50041642e-12 
 6.75896034e-05  8.96711523e-01  8.96826878e-01  8.96782040e-01 -1.55857093e-05 -5.29495718e-13  2.83325468e-12 
 6.76896034e-05  8.96711329e-01  8.96826873e-01  8.96782033e-01 -1.56368573e-05 -4.10632899e-13  5.50002627e-12 
 6.77896034e-05  8.96711508e-01  8.96826864e-01  8.96782026e-01 -1.55857129e-05 -5.29819461e-13  2.83362965e-12 
 6.78896034e-05  8.96711314e-01  8.96826859e-01  8.96782019e-01 -1.56368537e-05 -4.10308723e-13  5.49957627e-12 
 6.79896034e-05  8.96711494e-01  8.96826849e-01  8.96782011e-01 -1.55857165e-05 -5.30141469e-13  2.83408919e-12 
 6.80896034e-05  8.96711300e-01  8.96826844e-01  8.96782004e-01 -1.56368500e-05 -4.09987799e-13  5.49916016e-12 
 6.81896034e-05  8.96711480e-01  8.96826835e-01  8.96781997e-01 -1.55857201e-05 -5.30462826e-13  2.83454044e-12 
 6.82896034e-05  8.96711286e-01  8.96826830e-01  8.96781990e-01 -1.56368464e-05 -4.09667309e-13  5.49873244e-12 
 6.83896034e-05  8.96711465e-01  8.96826821e-01  8.96781983e-01 -1.55857238e-05 -5.30783317e-13  2.83491102e-12 
 6.84896034e-05  8.96711272e-01  8.96826816e-01  8.96781976e-01 -1.56368428e-05 -4.09346602e-13  5.49828764e-12 
 6.85896034e-05  8.96711451e-01  8.96826806e-01  8.96781968e-01 -1.55857274e-05 -5.31102289e-13  2.83541002e-12 
 6.86896034e-05  8.96711257e-01  8.96826801e-01  8.96781961e-01 -1.56368392e-05 -4.09027846e-13  5.49787435e-12 
 6.87896034e-05  8.96711437e-01  8.96826792e-01  8.96781954e-01 -1.55857310e-05 -5.31420394e-13  2.83582668e-12 
 6.88896034e-05  8.96711243e-01  8.96826787e-01  8.96781947e-01 -1.56368356e-05 -4.08711476e-13  5.49742310e-12 
 6.89896034e-05  8.96711422e-01  8.96826778e-01  8.96781940e-01 -1.55857346e-05 -5.31737631e-13  2.83625608e-12 
 6.90896034e-05  8.96711229e-01  8.96826773e-01  8.96781933e-01 -1.56368320e-05 -4.08393805e-13  5.49696904e-12 
 6.91896034e-05  8.96711408e-01  8.96826763e-01  8.96781926e-01 -1.55857382e-05 -5.32056604e-13  2.83667306e-12 
 6.92896034e-05  8.96711214e-01  8.96826758e-01  8.96781918e-01 -1.56368284e-05 -4.08077868e-13  5.49655119e-12 
 6.93896034e-05  8.96711394e-01  8.96826749e-01  8.96781911e-01 -1.55857418e-05 -5.32372323e-13  2.83711005e-12 
 6.94896034e-05  8.96711200e-01  8.96826744e-01  8.96781904e-01 -1.56368248e-05 -4.07761715e-13  5.49614515e-12 
 6.95896034e-05  8.96711379e-01  8.96826735e-01  8.96781897e-01 -1.55857454e-05 -5.32686742e-13  2.83756157e-12 
 6.96896034e-05  8.96711186e-01  8.96826730e-01  8.96781890e-01 -1.56368212e-05 -4.07448164e-13  5.49569813e-12 
 6.97896034e-05  8.96711365e-01  8.96826720e-01  8.96781883e-01 -1.55857491e-05 -5.33000293e-13  2.83798278e-12 
 6.98896034e-05  8.96711171e-01  8.96826715e-01  8.96781875e-01 -1.56368176e-05 -4.07135480e-13  5.49527302e-12 
 6.99896034e-05  8.96711351e-01  8.96826706e-01  8.96781868e-01 -1.55857527e-05 -5.33312327e-13  2.83841342e-12 
 7.00896034e-05  8.96711157e-01  8.96826701e-01  8.96781861e-01 -1.56368140e-05 -4.06823663e-13  5.49488081e-12 
 7.01896034e-05  8.96711336e-01  8.96826692e-01  8.96781854e-01 -1.55857563e-05 -5.33622408e-13  2.83884710e-12 
 7.02896034e-05  8.96711143e-01  8.96826687e-01  8.96781847e-01 -1.56368104e-05 -4.06513581e-13  5.49440045e-12 
 7.03896034e-05  8.96711322e-01  8.96826678e-01  8.96781840e-01 -1.55857599e-05 -5.33932924e-13  2.83924224e-12 
 7.04896034e-05  8.96711129e-01  8.96826673e-01  8.96781833e-01 -1.56368068e-05 -4.06203500e-13  5.49398905e-12 
 7.05896034e-05  8.96711308e-01  8.96826663e-01  8.96781825e-01 -1.55857635e-05 -5.34242572e-13  2.83975561e-12 
 7.06896034e-05  8.96711114e-01  8.96826658e-01  8.96781818e-01 -1.56368032e-05 -4.05894719e-13  5.49353282e-12 
 7.07896034e-05  8.96711294e-01  8.96826649e-01  8.96781811e-01 -1.55857671e-05 -5.34550269e-13  2.84020111e-12 
 7.08896034e-05  8.96711100e-01  8.96826644e-01  8.96781804e-01 -1.56367996e-05 -4.05585288e-13  5.49309518e-12 
 7.09896034e-05  8.96711279e-01  8.96826635e-01  8.96781797e-01 -1.55857707e-05 -5.34857532e-13  2.84060167e-12 
 7.10896034e-05  8.96711086e-01  8.96826630e-01  8.96781790e-01 -1.56367960e-05 -4.05279759e-13  5.49272287e-12 
 7.11896034e-05  8.96711265e-01  8.96826620e-01  8.96781782e-01 -1.55857743e-05 -5.35165228e-13  2.84107926e-12 
 7.12896034e-05  8.96711071e-01  8.96826615e-01  8.96781775e-01 -1.56367924e-05 -4.04973798e-13  5.49228382e-12 
 7.13896034e-05  8.96711251e-01  8.96826606e-01  8.96781768e-01 -1.55857779e-05 -5.35470106e-13  2.84149364e-12 
 7.14896034e-05  8.96711057e-01  8.96826601e-01  8.96781761e-01 -1.56367888e-05 -4.04668269e-13  5.49178395e-12 
 7.15896034e-05  8.96711236e-01  8.96826592e-01  8.96781754e-01 -1.55857815e-05 -5.35773899e-13  2.84191502e-12 
 7.16896034e-05  8.96711043e-01  8.96826587e-01  8.96781747e-01 -1.56367852e-05 -4.04364476e-13  5.49137932e-12 
 7.17896034e-05  8.96711222e-01  8.96826577e-01  8.96781739e-01 -1.55857851e-05 -5.36077476e-13  2.84239196e-12 
 7.18896034e-05  8.96711028e-01  8.96826572e-01  8.96781732e-01 -1.56367816e-05 -4.04062200e-13  5.49095735e-12 
 7.19896034e-05  8.96711208e-01  8.96826563e-01  8.96781725e-01 -1.55857887e-05 -5.36382353e-13  2.84278682e-12 
 7.20896034e-05  8.96711014e-01  8.96826558e-01  8.96781718e-01 -1.56367780e-05 -4.03759925e-13  5.49053197e-12 
 7.21896034e-05  8.96711193e-01  8.96826549e-01  8.96781711e-01 -1.55857924e-05 -5.36682244e-13  2.84322766e-12 
 7.22896034e-05  8.96711000e-01  8.96826544e-01  8.96781704e-01 -1.56367744e-05 -4.03455915e-13  5.49002467e-12 
 7.23896034e-05  8.96711179e-01  8.96826534e-01  8.96781696e-01 -1.55857960e-05 -5.36983218e-13  2.84362914e-12 
 7.24896034e-05  8.96710985e-01  8.96826529e-01  8.96781689e-01 -1.56367708e-05 -4.03157542e-13  5.48965376e-12 
 7.25896034e-05  8.96711165e-01  8.96826520e-01  8.96781682e-01 -1.55857996e-05 -5.37282675e-13  2.84406472e-12 
 7.26896034e-05  8.96710971e-01  8.96826515e-01  8.96781675e-01 -1.56367672e-05 -4.02858085e-13  5.48917351e-12 
 7.27896034e-05  8.96711150e-01  8.96826506e-01  8.96781668e-01 -1.55858032e-05 -5.37581481e-13  2.84451298e-12 
 7.28896034e-05  8.96710957e-01  8.96826501e-01  8.96781661e-01 -1.56367636e-05 -4.02560147e-13  5.48872693e-12 
 7.29896034e-05  8.96711136e-01  8.96826491e-01  8.96781654e-01 -1.55858068e-05 -5.37879203e-13  2.84496970e-12 
 7.30896034e-05  8.96710943e-01  8.96826486e-01  8.96781646e-01 -1.56367600e-05 -4.02263943e-13  5.48832317e-12 
 7.31896034e-05  8.96711122e-01  8.96826477e-01  8.96781639e-01 -1.55858104e-05 -5.38174973e-13  2.84537818e-12 
 7.32896034e-05  8.96710928e-01  8.96826472e-01  8.96781632e-01 -1.56367564e-05 -4.01967955e-13  5.48789367e-12 
 7.33896034e-05  8.96711107e-01  8.96826463e-01  8.96781625e-01 -1.55858140e-05 -5.38472695e-13  2.84581446e-12 
 7.34896034e-05  8.96710914e-01  8.96826458e-01  8.96781618e-01 -1.56367528e-05 -4.01672185e-13  5.48737612e-12 
 7.35896034e-05  8.96711093e-01  8.96826448e-01  8.96781611e-01 -1.55858176e-05 -5.38766731e-13  2.84625302e-12 
 7.36896034e-05  8.96710900e-01  8.96826444e-01  8.96781603e-01 -1.56367492e-05 -4.01377065e-13  5.48698646e-12 
 7.37896034e-05  8.96711079e-01  8.96826434e-01  8.96781596e-01 -1.55858212e-05 -5.39059682e-13  2.84671592e-12 
 7.38896034e-05  8.96710885e-01  8.96826429e-01  8.96781589e-01 -1.56367456e-05 -4.01084331e-13  5.48655939e-12 
 7.39896034e-05  8.96711064e-01  8.96826420e-01  8.96781582e-01 -1.55858248e-05 -5.39352417e-13  2.84708401e-12 
 7.40896034e-05  8.96710871e-01  8.96826415e-01  8.96781575e-01 -1.56367420e-05 -4.00791379e-13  5.48611086e-12 
 7.41896034e-05  8.96711050e-01  8.96826405e-01  8.96781568e-01 -1.55858284e-05 -5.39645151e-13  2.84753162e-12 
 7.42896034e-05  8.96710857e-01  8.96826401e-01  8.96781561e-01 -1.56367384e-05 -4.00500596e-13  5.48573535e-12 
 7.43896034e-05  8.96711036e-01  8.96826391e-01  8.96781553e-01 -1.55858320e-05 -5.39935284e-13  2.84800249e-12 
 7.44896034e-05  8.96710842e-01  8.96826386e-01  8.96781546e-01 -1.56367348e-05 -4.00211982e-13  5.48522312e-12 
 7.45896034e-05  8.96711021e-01  8.96826377e-01  8.96781539e-01 -1.55858356e-05 -5.40225416e-13  2.84847937e-12 
 7.46896034e-05  8.96710828e-01  8.96826372e-01  8.96781532e-01 -1.56367312e-05 -3.99922283e-13  5.48478792e-12 
 7.47896034e-05  8.96711007e-01  8.96826362e-01  8.96781525e-01 -1.55858392e-05 -5.40515983e-13  2.84886524e-12 
 7.48896034e-05  8.96710814e-01  8.96826358e-01  8.96781518e-01 -1.56367277e-05 -3.99633018e-13  5.48436145e-12 
 7.49896034e-05  8.96710993e-01  8.96826348e-01  8.96781510e-01 -1.55858428e-05 -5.40803730e-13  2.84935405e-12 
 7.50896034e-05  8.96710799e-01  8.96826343e-01  8.96781503e-01 -1.56367241e-05 -3.99344837e-13  5.48395801e-12 
 7.51896034e-05  8.96710978e-01  8.96826334e-01  8.96781496e-01 -1.55858463e-05 -5.41089959e-13  2.84976247e-12 
 7.52896034e-05  8.96710785e-01  8.96826329e-01  8.96781489e-01 -1.56367205e-05 -3.99059041e-13  5.48353040e-12 
 7.53896034e-05  8.96710964e-01  8.96826319e-01  8.96781482e-01 -1.55858499e-05 -5.41377056e-13  2.85024543e-12 
 7.54896034e-05  8.96710771e-01  8.96826315e-01  8.96781475e-01 -1.56367169e-05 -3.98773462e-13  5.48308426e-12 
 7.55896034e-05  8.96710950e-01  8.96826305e-01  8.96781467e-01 -1.55858535e-05 -5.41661334e-13  2.85061915e-12 
 7.56896034e-05  8.96710757e-01  8.96826300e-01  8.96781460e-01 -1.56367133e-05 -3.98488534e-13  5.48260298e-12 
 7.57896034e-05  8.96710935e-01  8.96826291e-01  8.96781453e-01 -1.55858571e-05 -5.41945395e-13  2.85111100e-12 
 7.58896034e-05  8.96710742e-01  8.96826286e-01  8.96781446e-01 -1.56367097e-05 -3.98204907e-13  5.48217683e-12 
 7.59896034e-05  8.96710921e-01  8.96826277e-01  8.96781439e-01 -1.55858607e-05 -5.42228588e-13  2.85158176e-12 
 7.60896034e-05  8.96710728e-01  8.96826272e-01  8.96781432e-01 -1.56367061e-05 -3.97922797e-13  5.48179530e-12 
 7.61896034e-05  8.96710907e-01  8.96826262e-01  8.96781425e-01 -1.55858643e-05 -5.42510481e-13  2.85195327e-12 
 7.62896034e-05  8.96710714e-01  8.96826257e-01  8.96781417e-01 -1.56367025e-05 -3.97639820e-13  5.48131424e-12 
 7.63896034e-05  8.96710892e-01  8.96826248e-01  8.96781410e-01 -1.55858679e-05 -5.42792590e-13  2.85243384e-12 
 7.64896034e-05  8.96710699e-01  8.96826243e-01  8.96781403e-01 -1.56366990e-05 -3.97357060e-13  5.48089899e-12 
 7.65896034e-05  8.96710878e-01  8.96826234e-01  8.96781396e-01 -1.55858715e-05 -5.43072748e-13  2.85285776e-12 
 7.66896034e-05  8.96710685e-01  8.96826229e-01  8.96781389e-01 -1.56366954e-05 -3.97077987e-13  5.48044867e-12 
 7.67896034e-05  8.96710864e-01  8.96826219e-01  8.96781382e-01 -1.55858751e-05 -5.43351388e-13  2.85331481e-12 
 7.68896034e-05  8.96710671e-01  8.96826215e-01  8.96781374e-01 -1.56366918e-05 -3.96798913e-13  5.47998908e-12 
 7.69896034e-05  8.96710849e-01  8.96826205e-01  8.96781367e-01 -1.55858787e-05 -5.43629594e-13  2.85373624e-12 
 7.70896034e-05  8.96710656e-01  8.96826200e-01  8.96781360e-01 -1.56366882e-05 -3.96520490e-13  5.47955745e-12 
 7.71896034e-05  8.96710835e-01  8.96826191e-01  8.96781353e-01 -1.55858823e-05 -5.43906933e-13  2.85416726e-12 
 7.72896034e-05  8.96710642e-01  8.96826186e-01  8.96781346e-01 -1.56366846e-05 -3.96244886e-13  5.47914947e-12 
 7.73896034e-05  8.96710821e-01  8.96826176e-01  8.96781339e-01 -1.55858859e-05 -5.44184706e-13  2.85463499e-12 
 7.74896034e-05  8.96710628e-01  8.96826172e-01  8.96781331e-01 -1.56366810e-05 -3.95968414e-13  5.47869996e-12 
 7.75896034e-05  8.96710806e-01  8.96826162e-01  8.96781324e-01 -1.55858894e-05 -5.44459660e-13  2.85504611e-12 
 7.76896034e-05  8.96710614e-01  8.96826157e-01  8.96781317e-01 -1.56366775e-05 -3.95692593e-13  5.47820161e-12 
 7.77896034e-05  8.96710792e-01  8.96826148e-01  8.96781310e-01 -1.55858930e-05 -5.44736999e-13  2.85544277e-12 
 7.78896034e-05  8.96710599e-01  8.96826143e-01  8.96781303e-01 -1.56366739e-05 -3.95417423e-13  5.47775535e-12 
 7.79896034e-05  8.96710778e-01  8.96826133e-01  8.96781296e-01 -1.55858966e-05 -5.45010868e-13  2.85595885e-12 
 7.80896034e-05  8.96710585e-01  8.96826129e-01  8.96781289e-01 -1.56366703e-05 -3.95144421e-13  5.47734178e-12 
 7.81896034e-05  8.96710763e-01  8.96826119e-01  8.96781281e-01 -1.55859002e-05 -5.45283220e-13  2.85633637e-12 
 7.82896034e-05  8.96710571e-01  8.96826114e-01  8.96781274e-01 -1.56366667e-05 -3.94872720e-13  5.47692946e-12 
 7.83896034e-05  8.96710749e-01  8.96826105e-01  8.96781267e-01 -1.55859038e-05 -5.45555138e-13  2.85680084e-12 
 7.84896034e-05  8.96710556e-01  8.96826100e-01  8.96781260e-01 -1.56366631e-05 -3.94600585e-13  5.47648640e-12 
 7.85896034e-05  8.96710735e-01  8.96826090e-01  8.96781253e-01 -1.55859074e-05 -5.45825754e-13  2.85723371e-12 
 7.86896034e-05  8.96710542e-01  8.96826086e-01  8.96781246e-01 -1.56366596e-05 -3.94331269e-13  5.47605722e-12 
 7.87896034e-05  8.96710720e-01  8.96826076e-01  8.96781238e-01 -1.55859110e-05 -5.46095287e-13  2.85772935e-12 
 7.88896034e-05  8.96710528e-01  8.96826071e-01  8.96781231e-01 -1.56366560e-05 -3.94060435e-13  5.47558662e-12 
 7.89896034e-05  8.96710706e-01  8.96826062e-01  8.96781224e-01 -1.55859145e-05 -5.46365253e-13  2.85814124e-12 
 7.90896034e-05  8.96710513e-01  8.96826057e-01  8.96781217e-01 -1.56366524e-05 -3.93792421e-13  5.47511488e-12 
 7.91896034e-05  8.96710692e-01  8.96826047e-01  8.96781210e-01 -1.55859181e-05 -5.46634352e-13  2.85857785e-12 
 7.92896034e-05  8.96710499e-01  8.96826043e-01  8.96781203e-01 -1.56366488e-05 -3.93522671e-13  5.47471974e-12 
 7.93896034e-05  8.96710677e-01  8.96826033e-01  8.96781195e-01 -1.55859217e-05 -5.46901500e-13  2.85898681e-12 
 7.94896034e-05  8.96710485e-01  8.96826028e-01  8.96781188e-01 -1.56366453e-05 -3.93258343e-13  5.47422833e-12 
 7.95896034e-05  8.96710663e-01  8.96826019e-01  8.96781181e-01 -1.55859253e-05 -5.47167780e-13  2.85945557e-12 
 7.96896034e-05  8.96710470e-01  8.96826014e-01  8.96781174e-01 -1.56366417e-05 -3.92991629e-13  5.47379335e-12 
 7.97896034e-05  8.96710649e-01  8.96826004e-01  8.96781167e-01 -1.55859289e-05 -5.47433843e-13  2.85991608e-12 
 7.98896034e-05  8.96710456e-01  8.96826000e-01  8.96781160e-01 -1.56366381e-05 -3.92725782e-13  5.47344624e-12 
 7.99896034e-05  8.96710634e-01  8.96825990e-01  8.96781153e-01 -1.55859324e-05 -5.47696437e-13  2.86034770e-12 
 8.00896034e-05  8.96710442e-01  8.96825986e-01  8.96781145e-01 -1.56366345e-05 -3.92462538e-13  5.47293509e-12 
 8.01896034e-05  8.96710620e-01  8.96825976e-01  8.96781138e-01 -1.55859360e-05 -5.47960765e-13  2.86076956e-12 
 8.02896034e-05  8.96710428e-01  8.96825971e-01  8.96781131e-01 -1.56366310e-05 -3.92198860e-13  5.47246260e-12 
 8.03896034e-05  8.96710606e-01  8.96825961e-01  8.96781124e-01 -1.55859396e-05 -5.48224443e-13  2.86119392e-12 
 8.04896034e-05  8.96710413e-01  8.96825957e-01  8.96781117e-01 -1.56366274e-05 -3.91935616e-13  5.47210178e-12 
 8.05896034e-05  8.96710591e-01  8.96825947e-01  8.96781110e-01 -1.55859432e-05 -5.48486820e-13  2.86164251e-12 
 8.06896034e-05  8.96710399e-01  8.96825943e-01  8.96781102e-01 -1.56366238e-05 -3.91674106e-13  5.47158976e-12 
 8.07896034e-05  8.96710577e-01  8.96825933e-01  8.96781095e-01 -1.55859468e-05 -5.48746812e-13  2.86212986e-12 
 8.08896034e-05  8.96710385e-01  8.96825928e-01  8.96781088e-01 -1.56366202e-05 -3.91413030e-13  5.47117836e-12 
 8.09896034e-05  8.96710563e-01  8.96825919e-01  8.96781081e-01 -1.55859503e-05 -5.49006804e-13  2.86256023e-12 
 8.10896034e-05  8.96710370e-01  8.96825914e-01  8.96781074e-01 -1.56366167e-05 -3.91152822e-13  5.47070521e-12 
 8.11896034e-05  8.96710548e-01  8.96825904e-01  8.96781067e-01 -1.55859539e-05 -5.49267229e-13  2.86298242e-12 
 8.12896034e-05  8.96710356e-01  8.96825900e-01  8.96781059e-01 -1.56366131e-05 -3.90893914e-13  5.47029484e-12 
 8.13896034e-05  8.96710534e-01  8.96825890e-01  8.96781052e-01 -1.55859575e-05 -5.49523534e-13  2.86343985e-12 
 8.14896034e-05  8.96710342e-01  8.96825885e-01  8.96781045e-01 -1.56366095e-05 -3.90636308e-13  5.46983346e-12 
 8.15896034e-05  8.96710520e-01  8.96825876e-01  8.96781038e-01 -1.55859611e-05 -5.49781574e-13  2.86389564e-12 
 8.16896034e-05  8.96710327e-01  8.96825871e-01  8.96781031e-01 -1.56366060e-05 -3.90379569e-13  5.46940536e-12 
 8.17896034e-05  8.96710505e-01  8.96825861e-01  8.96781024e-01 -1.55859646e-05 -5.50038097e-13  2.86435231e-12 
 8.18896034e-05  8.96710313e-01  8.96825857e-01  8.96781017e-01 -1.56366024e-05 -3.90123264e-13  5.46897808e-12 
 8.19896034e-05  8.96710491e-01  8.96825847e-01  8.96781009e-01 -1.55859682e-05 -5.50297438e-13  2.86480486e-12 
 8.20896034e-05  8.96710299e-01  8.96825842e-01  8.96781002e-01 -1.56365988e-05 -3.89868693e-13  5.46850765e-12 
 8.21896034e-05  8.96710477e-01  8.96825833e-01  8.96780995e-01 -1.55859718e-05 -5.50550491e-13  2.86523181e-12 
 8.22896034e-05  8.96710284e-01  8.96825828e-01  8.96780988e-01 -1.56365953e-05 -3.89612387e-13  5.46806258e-12 
 8.23896034e-05  8.96710462e-01  8.96825818e-01  8.96780981e-01 -1.55859754e-05 -5.50804411e-13  2.86569005e-12 
 8.24896034e-05  8.96710270e-01  8.96825814e-01  8.96780974e-01 -1.56365917e-05 -3.89359118e-13  5.46770360e-12 
 8.25896034e-05  8.96710448e-01  8.96825804e-01  8.96780966e-01 -1.55859789e-05 -5.51057464e-13  2.86614460e-12 
 8.26896034e-05  8.96710256e-01  8.96825799e-01  8.96780959e-01 -1.56365881e-05 -3.89106282e-13  5.46719544e-12 
 8.27896034e-05  8.96710434e-01  8.96825790e-01  8.96780952e-01 -1.55859825e-05 -5.51311167e-13  2.86655552e-12 
 8.28896034e-05  8.96710242e-01  8.96825785e-01  8.96780945e-01 -1.56365846e-05 -3.88854964e-13  5.46673378e-12 
 8.29896034e-05  8.96710419e-01  8.96825775e-01  8.96780938e-01 -1.55859861e-05 -5.51560317e-13  2.86694111e-12 
 8.30896034e-05  8.96710227e-01  8.96825771e-01  8.96780931e-01 -1.56365810e-05 -3.88604513e-13  5.46630303e-12 
 8.31896034e-05  8.96710405e-01  8.96825761e-01  8.96780923e-01 -1.55859897e-05 -5.51811418e-13  2.86744500e-12 
 8.32896034e-05  8.96710213e-01  8.96825757e-01  8.96780916e-01 -1.56365774e-05 -3.88353629e-13  5.46585986e-12 
 8.33896034e-05  8.96710391e-01  8.96825747e-01  8.96780909e-01 -1.55859932e-05 -5.52061868e-13  2.86790177e-12 
 8.34896034e-05  8.96710199e-01  8.96825742e-01  8.96780902e-01 -1.56365739e-05 -3.88104696e-13  5.46538064e-12 
 8.35896034e-05  8.96710376e-01  8.96825732e-01  8.96780895e-01 -1.55859968e-05 -5.52309934e-13  2.86833502e-12 
 8.36896034e-05  8.96710184e-01  8.96825728e-01  8.96780888e-01 -1.56365703e-05 -3.87857715e-13  5.46498578e-12 
 8.37896034e-05  8.96710362e-01  8.96825718e-01  8.96780881e-01 -1.55860004e-05 -5.52557783e-13  2.86880984e-12 
 8.38896034e-05  8.96710170e-01  8.96825714e-01  8.96780873e-01 -1.56365667e-05 -3.87610083e-13  5.46457844e-12 
 8.39896034e-05  8.96710348e-01  8.96825704e-01  8.96780866e-01 -1.55860039e-05 -5.52805197e-13  2.86919810e-12 
 8.40896034e-05  8.96710156e-01  8.96825699e-01  8.96780859e-01 -1.56365632e-05 -3.87362451e-13  5.46404057e-12 
 8.41896034e-05  8.96710333e-01  8.96825689e-01  8.96780852e-01 -1.55860075e-05 -5.53051528e-13  2.86967536e-12 
 8.42896034e-05  8.96710141e-01  8.96825685e-01  8.96780845e-01 -1.56365596e-05 -3.87116988e-13  5.46362174e-12 
 8.43896034e-05  8.96710319e-01  8.96825675e-01  8.96780838e-01 -1.55860111e-05 -5.53296341e-13  2.87011728e-12 
 8.44896034e-05  8.96710127e-01  8.96825671e-01  8.96780830e-01 -1.56365561e-05 -3.86872825e-13  5.46322921e-12 
 8.45896034e-05  8.96710305e-01  8.96825661e-01  8.96780823e-01 -1.55860146e-05 -5.53540720e-13  2.87057091e-12 
 8.46896034e-05  8.96710113e-01  8.96825656e-01  8.96780816e-01 -1.56365525e-05 -3.86628229e-13  5.46273541e-12 
 8.47896034e-05  8.96710290e-01  8.96825646e-01  8.96780809e-01 -1.55860182e-05 -5.53784015e-13  2.87101685e-12 
 8.48896034e-05  8.96710099e-01  8.96825642e-01  8.96780802e-01 -1.56365489e-05 -3.86384934e-13  5.46232379e-12 
 8.49896034e-05  8.96710276e-01  8.96825632e-01  8.96780795e-01 -1.55860218e-05 -5.54027093e-13  2.87142510e-12 
 8.50896034e-05  8.96710084e-01  8.96825628e-01  8.96780788e-01 -1.56365454e-05 -3.86141639e-13  5.46187092e-12 
 8.51896034e-05  8.96710262e-01  8.96825618e-01  8.96780780e-01 -1.55860253e-05 -5.54269521e-13  2.87190557e-12 
 8.52896034e-05  8.96710070e-01  8.96825613e-01  8.96780773e-01 -1.56365418e-05 -3.85900079e-13  5.46138200e-12 
 8.53896034e-05  8.96710247e-01  8.96825603e-01  8.96780766e-01 -1.55860289e-05 -5.54511515e-13  2.87230450e-12 
 8.54896034e-05  8.96710056e-01  8.96825599e-01  8.96780759e-01 -1.56365383e-05 -3.85659170e-13  5.46095488e-12 
 8.55896034e-05  8.96710233e-01  8.96825589e-01  8.96780752e-01 -1.55860325e-05 -5.54751124e-13  2.87279104e-12 
 8.56896034e-05  8.96710041e-01  8.96825585e-01  8.96780745e-01 -1.56365347e-05 -3.85419778e-13  5.46051529e-12 
 8.57896034e-05  8.96710219e-01  8.96825575e-01  8.96780737e-01 -1.55860360e-05 -5.54989648e-13  2.87316785e-12 
 8.58896034e-05  8.96710027e-01  8.96825570e-01  8.96780730e-01 -1.56365312e-05 -3.85181253e-13  5.46007987e-12 
 8.59896034e-05  8.96710204e-01  8.96825561e-01  8.96780723e-01 -1.55860396e-05 -5.55228823e-13  2.87371629e-12 
 8.60896034e-05  8.96710013e-01  8.96825556e-01  8.96780716e-01 -1.56365276e-05 -3.84943596e-13  5.45961128e-12 
 8.61896034e-05  8.96710190e-01  8.96825546e-01  8.96780709e-01 -1.55860432e-05 -5.55465613e-13  2.87409761e-12 
 8.62896034e-05  8.96709998e-01  8.96825542e-01  8.96780702e-01 -1.56365240e-05 -3.84705939e-13  5.45914952e-12 
 8.63896034e-05  8.96710176e-01  8.96825532e-01  8.96780694e-01 -1.55860467e-05 -5.55703920e-13  2.87454397e-12 
 8.64896034e-05  8.96709984e-01  8.96825528e-01  8.96780687e-01 -1.56365205e-05 -3.84468065e-13  5.45879422e-12 
 8.65896034e-05  8.96710161e-01  8.96825518e-01  8.96780680e-01 -1.55860503e-05 -5.55939192e-13  2.87501354e-12 
 8.66896034e-05  8.96709970e-01  8.96825513e-01  8.96780673e-01 -1.56365169e-05 -3.84233661e-13  5.45830080e-12 
 8.67896034e-05  8.96710147e-01  8.96825503e-01  8.96780666e-01 -1.55860538e-05 -5.56175115e-13  2.87545947e-12 
 8.68896034e-05  8.96709955e-01  8.96825499e-01  8.96780659e-01 -1.56365134e-05 -3.83997738e-13  5.45784213e-12 
 8.69896034e-05  8.96710133e-01  8.96825489e-01  8.96780651e-01 -1.55860574e-05 -5.56408652e-13  2.87592552e-12 
 8.70896034e-05  8.96709941e-01  8.96825485e-01  8.96780644e-01 -1.56365098e-05 -3.83764418e-13  5.45738482e-12 
 8.71896034e-05  8.96710118e-01  8.96825475e-01  8.96780637e-01 -1.55860610e-05 -5.56641538e-13  2.87634575e-12 
 8.72896034e-05  8.96709927e-01  8.96825470e-01  8.96780630e-01 -1.56365063e-05 -3.83531748e-13  5.45697705e-12 
 8.73896034e-05  8.96710104e-01  8.96825460e-01  8.96780623e-01 -1.55860645e-05 -5.56875509e-13  2.87684985e-12 
 8.74896034e-05  8.96709913e-01  8.96825456e-01  8.96780616e-01 -1.56365027e-05 -3.83299512e-13  5.45650157e-12 
 8.75896034e-05  8.96710090e-01  8.96825446e-01  8.96780609e-01 -1.55860681e-05 -5.57108179e-13  2.87724505e-12 
 8.76896034e-05  8.96709898e-01  8.96825442e-01  8.96780601e-01 -1.56364992e-05 -3.83068143e-13  5.45608697e-12 
 8.77896034e-05  8.96710075e-01  8.96825432e-01  8.96780594e-01 -1.55860716e-05 -5.57339331e-13  2.87772616e-12 
 8.78896034e-05  8.96709884e-01  8.96825427e-01  8.96780587e-01 -1.56364956e-05 -3.82836991e-13  5.45565427e-12 
 8.79896034e-05  8.96710061e-01  8.96825417e-01  8.96780580e-01 -1.55860752e-05 -5.57569832e-13  2.87811127e-12 
 8.80896034e-05  8.96709870e-01  8.96825413e-01  8.96780573e-01 -1.56364921e-05 -3.82606707e-13  5.45516361e-12 
 8.81896034e-05  8.96710047e-01  8.96825403e-01  8.96780566e-01 -1.55860787e-05 -5.57799033e-13  2.87854636e-12 
 8.82896034e-05  8.96709855e-01  8.96825399e-01  8.96780558e-01 -1.56364885e-05 -3.82377290e-13  5.45468396e-12 
 8.83896034e-05  8.96710032e-01  8.96825389e-01  8.96780551e-01 -1.55860823e-05 -5.58028016e-13  2.87901354e-12 
 8.84896034e-05  8.96709841e-01  8.96825384e-01  8.96780544e-01 -1.56364850e-05 -3.82149824e-13  5.45428882e-12 
 8.85896034e-05  8.96710018e-01  8.96825374e-01  8.96780537e-01 -1.55860858e-05 -5.58255915e-13  2.87951574e-12 
 8.86896034e-05  8.96709827e-01  8.96825370e-01  8.96780530e-01 -1.56364814e-05 -3.81921925e-13  5.45386680e-12 
 8.87896034e-05  8.96710004e-01  8.96825360e-01  8.96780523e-01 -1.55860894e-05 -5.58482297e-13  2.87995187e-12 
 8.88896034e-05  8.96709812e-01  8.96825356e-01  8.96780516e-01 -1.56364779e-05 -3.81695977e-13  5.45334546e-12 
 8.89896034e-05  8.96709989e-01  8.96825346e-01  8.96780508e-01 -1.55860930e-05 -5.58708028e-13  2.88037319e-12 
 8.90896034e-05  8.96709798e-01  8.96825341e-01  8.96780501e-01 -1.56364743e-05 -3.81470029e-13  5.45301006e-12 
 8.91896034e-05  8.96709975e-01  8.96825331e-01  8.96780494e-01 -1.55860965e-05 -5.58936361e-13  2.88086585e-12 
 8.92896034e-05  8.96709784e-01  8.96825327e-01  8.96780487e-01 -1.56364708e-05 -3.81244949e-13  5.45251534e-12 
 8.93896034e-05  8.96709961e-01  8.96825317e-01  8.96780480e-01 -1.55861001e-05 -5.59160791e-13  2.88132999e-12 
 8.94896034e-05  8.96709769e-01  8.96825313e-01  8.96780473e-01 -1.56364672e-05 -3.81017917e-13  5.45205840e-12 
 8.95896034e-05  8.96709946e-01  8.96825303e-01  8.96780465e-01 -1.55861036e-05 -5.59383919e-13  2.88174508e-12 
 8.96896034e-05  8.96709755e-01  8.96825299e-01  8.96780458e-01 -1.56364637e-05 -3.80795655e-13  5.45159854e-12 
 8.97896034e-05  8.96709932e-01  8.96825288e-01  8.96780451e-01 -1.55861072e-05 -5.59607048e-13  2.88217654e-12 
 8.98896034e-05  8.96709741e-01  8.96825284e-01  8.96780444e-01 -1.56364602e-05 -3.80572743e-13  5.45119977e-12 
 8.99896034e-05  8.96709918e-01  8.96825274e-01  8.96780437e-01 -1.55861107e-05 -5.59829310e-13  2.88259645e-12 
 9.00896034e-05  8.96709727e-01  8.96825270e-01  8.96780430e-01 -1.56364566e-05 -3.80351133e-13  5.45076386e-12 
 9.01896034e-05  8.96709903e-01  8.96825260e-01  8.96780422e-01 -1.55861143e-05 -5.60050921e-13  2.88307729e-12 
 9.02896034e-05  8.96709712e-01  8.96825256e-01  8.96780415e-01 -1.56364531e-05 -3.80129522e-13  5.45025423e-12 
 9.03896034e-05  8.96709889e-01  8.96825245e-01  8.96780408e-01 -1.55861178e-05 -5.60270797e-13  2.88353651e-12 
 9.04896034e-05  8.96709698e-01  8.96825241e-01  8.96780401e-01 -1.56364495e-05 -3.79909862e-13  5.44986793e-12 
 9.05896034e-05  8.96709875e-01  8.96825231e-01  8.96780394e-01 -1.55861214e-05 -5.60491974e-13  2.88403112e-12 
 9.06896034e-05  8.96709684e-01  8.96825227e-01  8.96780387e-01 -1.56364460e-05 -3.79690637e-13  5.44936931e-12 
 9.07896034e-05  8.96709860e-01  8.96825217e-01  8.96780379e-01 -1.55861249e-05 -5.60711633e-13  2.88446697e-12 
 9.08896034e-05  8.96709669e-01  8.96825213e-01  8.96780372e-01 -1.56364424e-05 -3.79470977e-13  5.44896702e-12 
 9.09896034e-05  8.96709846e-01  8.96825203e-01  8.96780365e-01 -1.55861285e-05 -5.60930209e-13  2.88487870e-12 
 9.10896034e-05  8.96709655e-01  8.96825198e-01  8.96780358e-01 -1.56364389e-05 -3.79253486e-13  5.44842860e-12 
 9.11896034e-05  8.96709832e-01  8.96825188e-01  8.96780351e-01 -1.55861320e-05 -5.61147266e-13  2.88534789e-12 
 9.12896034e-05  8.96709641e-01  8.96825184e-01  8.96780344e-01 -1.56364354e-05 -3.79036863e-13  5.44809906e-12 
 9.13896034e-05  8.96709817e-01  8.96825174e-01  8.96780337e-01 -1.55861356e-05 -5.61363673e-13  2.88576725e-12 
 9.14896034e-05  8.96709626e-01  8.96825170e-01  8.96780329e-01 -1.56364318e-05 -3.78820022e-13  5.44753310e-12 
 9.15896034e-05  8.96709803e-01  8.96825160e-01  8.96780322e-01 -1.55861391e-05 -5.61580730e-13  2.88619665e-12 
 9.16896034e-05  8.96709612e-01  8.96825155e-01  8.96780315e-01 -1.56364283e-05 -3.78604049e-13  5.44714252e-12 
 9.17896034e-05  8.96709789e-01  8.96825145e-01  8.96780308e-01 -1.55861426e-05 -5.61795402e-13  2.88665825e-12 
 9.18896034e-05  8.96709598e-01  8.96825141e-01  8.96780301e-01 -1.56364247e-05 -3.78389377e-13  5.44669041e-12 
 9.19896034e-05  8.96709774e-01  8.96825131e-01  8.96780294e-01 -1.55861462e-05 -5.62009423e-13  2.88716132e-12 
 9.20896034e-05  8.96709584e-01  8.96825127e-01  8.96780286e-01 -1.56364212e-05 -3.78174705e-13  5.44627256e-12 
 9.21896034e-05  8.96709760e-01  8.96825117e-01  8.96780279e-01 -1.55861497e-05 -5.62224312e-13  2.88758405e-12 
 9.22896034e-05  8.96709569e-01  8.96825112e-01  8.96780272e-01 -1.56364177e-05 -3.77959383e-13  5.44580234e-12 
 9.23896034e-05  8.96709746e-01  8.96825102e-01  8.96780265e-01 -1.55861533e-05 -5.62436382e-13  2.88798645e-12 
 9.24896034e-05  8.96709555e-01  8.96825098e-01  8.96780258e-01 -1.56364141e-05 -3.77746445e-13  5.44533808e-12 
 9.25896034e-05  8.96709731e-01  8.96825088e-01  8.96780251e-01 -1.55861568e-05 -5.62648452e-13  2.88842219e-12 
 9.26896034e-05  8.96709541e-01  8.96825084e-01  8.96780244e-01 -1.56364106e-05 -3.77535459e-13  5.44489540e-12 
 9.27896034e-05  8.96709717e-01  8.96825074e-01  8.96780236e-01 -1.55861604e-05 -5.62860088e-13  2.88893958e-12 
 9.28896034e-05  8.96709526e-01  8.96825070e-01  8.96780229e-01 -1.56364071e-05 -3.77324040e-13  5.44445299e-12 
 9.29896034e-05  8.96709703e-01  8.96825059e-01  8.96780222e-01 -1.55861639e-05 -5.63071725e-13  2.88936919e-12 
 9.30896034e-05  8.96709512e-01  8.96825055e-01  8.96780215e-01 -1.56364035e-05 -3.77113054e-13  5.44397231e-12 
 9.31896034e-05  8.96709688e-01  8.96825045e-01  8.96780208e-01 -1.55861674e-05 -5.63280759e-13  2.88979523e-12 
 9.32896034e-05  8.96709498e-01  8.96825041e-01  8.96780201e-01 -1.56364000e-05 -3.76903803e-13  5.44352372e-12 
 9.33896034e-05  8.96709674e-01  8.96825031e-01  8.96780193e-01 -1.55861710e-05 -5.63490227e-13  2.89019400e-12 
 9.34896034e-05  8.96709483e-01  8.96825027e-01  8.96780186e-01 -1.56363965e-05 -3.76694769e-13  5.44309102e-12 
 9.35896034e-05  8.96709660e-01  8.96825016e-01  8.96780179e-01 -1.55861745e-05 -5.63701646e-13  2.89071859e-12 
 9.36896034e-05  8.96709469e-01  8.96825012e-01  8.96780172e-01 -1.56363929e-05 -3.76486819e-13  5.44263376e-12 
 9.37896034e-05  8.96709646e-01  8.96825002e-01  8.96780165e-01 -1.55861781e-05 -5.63910247e-13  2.89110744e-12 
 9.38896034e-05  8.96709455e-01  8.96824998e-01  8.96780158e-01 -1.56363894e-05 -3.76277785e-13  5.44215541e-12 
 9.39896034e-05  8.96709631e-01  8.96824988e-01  8.96780150e-01 -1.55861816e-05 -5.64115378e-13  2.89161300e-12 
 9.40896034e-05  8.96709440e-01  8.96824984e-01  8.96780143e-01 -1.56363859e-05 -3.76072220e-13  5.44173631e-12 
 9.41896034e-05  8.96709617e-01  8.96824973e-01  8.96780136e-01 -1.55861851e-05 -5.64322243e-13  2.89203112e-12 
 9.42896034e-05  8.96709426e-01  8.96824969e-01  8.96780129e-01 -1.56363823e-05 -3.75865354e-13  5.44131005e-12 
 9.43896034e-05  8.96709603e-01  8.96824959e-01  8.96780122e-01 -1.55861887e-05 -5.64528025e-13  2.89252248e-12 
 9.44896034e-05  8.96709412e-01  8.96824955e-01  8.96780115e-01 -1.56363788e-05 -3.75660874e-13  5.44084840e-12 
 9.45896034e-05  8.96709588e-01  8.96824945e-01  8.96780107e-01 -1.55861922e-05 -5.64732289e-13  2.89295091e-12 
 9.46896034e-05  8.96709398e-01  8.96824941e-01  8.96780100e-01 -1.56363753e-05 -3.75455526e-13  5.44039347e-12 
 9.47896034e-05  8.96709574e-01  8.96824930e-01  8.96780093e-01 -1.55861958e-05 -5.64935035e-13  2.89341901e-12 
 9.48896034e-05  8.96709383e-01  8.96824926e-01  8.96780086e-01 -1.56363717e-05 -3.75251913e-13  5.43998977e-12 
 9.49896034e-05  8.96709560e-01  8.96824916e-01  8.96780079e-01 -1.55861993e-05 -5.65140382e-13  2.89385307e-12 
 9.50896034e-05  8.96709369e-01  8.96824912e-01  8.96780072e-01 -1.56363682e-05 -3.75049167e-13  5.43949299e-12 
 9.51896034e-05  8.96709545e-01  8.96824902e-01  8.96780065e-01 -1.55862028e-05 -5.65344212e-13  2.89433988e-12 
 9.52896034e-05  8.96709355e-01  8.96824898e-01  8.96780057e-01 -1.56363647e-05 -3.74845771e-13  5.43905296e-12 
 9.53896034e-05  8.96709531e-01  8.96824887e-01  8.96780050e-01 -1.55862064e-05 -5.65546091e-13  2.89472591e-12 
 9.54896034e-05  8.96709340e-01  8.96824883e-01  8.96780043e-01 -1.56363611e-05 -3.74643675e-13  5.43862384e-12 
 9.55896034e-05  8.96709517e-01  8.96824873e-01  8.96780036e-01 -1.55862099e-05 -5.65746451e-13  2.89516002e-12 
 9.56896034e-05  8.96709326e-01  8.96824869e-01  8.96780029e-01 -1.56363576e-05 -3.74444616e-13  5.43809881e-12 
 9.57896034e-05  8.96709502e-01  8.96824859e-01  8.96780022e-01 -1.55862134e-05 -5.65947246e-13  2.89562374e-12 
 9.58896034e-05  8.96709312e-01  8.96824855e-01  8.96780014e-01 -1.56363541e-05 -3.74244255e-13  5.43770313e-12 
 9.59896034e-05  8.96709488e-01  8.96824845e-01  8.96780007e-01 -1.55862170e-05 -5.66147389e-13  2.89609455e-12 
 9.60896034e-05  8.96709297e-01  8.96824841e-01  8.96780000e-01 -1.56363506e-05 -3.74044762e-13  5.43725915e-12 
 9.61896034e-05  8.96709474e-01  8.96824830e-01  8.96779993e-01 -1.55862205e-05 -5.66346232e-13  2.89654130e-12 
 9.62896034e-05  8.96709283e-01  8.96824826e-01  8.96779986e-01 -1.56363470e-05 -3.73844835e-13  5.43681311e-12 
 9.63896034e-05  8.96709459e-01  8.96824816e-01  8.96779979e-01 -1.55862240e-05 -5.66544641e-13  2.89700192e-12 
 9.64896034e-05  8.96709269e-01  8.96824812e-01  8.96779972e-01 -1.56363435e-05 -3.73646860e-13  5.43632636e-12 
 9.65896034e-05  8.96709445e-01  8.96824802e-01  8.96779964e-01 -1.55862276e-05 -5.66743917e-13  2.89743549e-12 
 9.66896034e-05  8.96709254e-01  8.96824798e-01  8.96779957e-01 -1.56363400e-05 -3.73448885e-13  5.43586015e-12 
 9.67896034e-05  8.96709431e-01  8.96824787e-01  8.96779950e-01 -1.55862311e-05 -5.66940592e-13  2.89791184e-12 
 9.68896034e-05  8.96709240e-01  8.96824783e-01  8.96779943e-01 -1.56363365e-05 -3.73252427e-13  5.43547477e-12 
 9.69896034e-05  8.96709416e-01  8.96824773e-01  8.96779936e-01 -1.55862346e-05 -5.67135965e-13  2.89832757e-12 
 9.70896034e-05  8.96709226e-01  8.96824769e-01  8.96779929e-01 -1.56363329e-05 -3.73056403e-13  5.43501366e-12 
 9.71896034e-05  8.96709402e-01  8.96824759e-01  8.96779921e-01 -1.55862381e-05 -5.67331555e-13  2.89876310e-12 
 9.72896034e-05  8.96709212e-01  8.96824755e-01  8.96779914e-01 -1.56363294e-05 -3.72861247e-13  5.43449373e-12 
 9.73896034e-05  8.96709388e-01  8.96824744e-01  8.96779907e-01 -1.55862417e-05 -5.67527796e-13  2.89923229e-12 
 9.74896034e-05  8.96709197e-01  8.96824740e-01  8.96779900e-01 -1.56363259e-05 -3.72666091e-13  5.43411214e-12 
 9.75896034e-05  8.96709373e-01  8.96824730e-01  8.96779893e-01 -1.55862452e-05 -5.67722085e-13  2.89973747e-12 
 9.76896034e-05  8.96709183e-01  8.96824726e-01  8.96779886e-01 -1.56363224e-05 -3.72472452e-13  5.43364979e-12 
 9.77896034e-05  8.96709359e-01  8.96824716e-01  8.96779878e-01 -1.55862487e-05 -5.67914205e-13  2.90014914e-12 
 9.78896034e-05  8.96709169e-01  8.96824712e-01  8.96779871e-01 -1.56363189e-05 -3.72279681e-13  5.43317263e-12 
 9.79896034e-05  8.96709345e-01  8.96824701e-01  8.96779864e-01 -1.55862523e-05 -5.68111096e-13  2.90058293e-12 
 9.80896034e-05  8.96709154e-01  8.96824697e-01  8.96779857e-01 -1.56363153e-05 -3.72087344e-13  5.43274692e-12 
 9.81896034e-05  8.96709330e-01  8.96824687e-01  8.96779850e-01 -1.55862558e-05 -5.68302783e-13  2.90101341e-12 
 9.82896034e-05  8.96709140e-01  8.96824683e-01  8.96779843e-01 -1.56363118e-05 -3.71892621e-13  5.43229752e-12 
 9.83896034e-05  8.96709316e-01  8.96824673e-01  8.96779835e-01 -1.55862593e-05 -5.68494037e-13  2.90149431e-12 
 9.84896034e-05  8.96709126e-01  8.96824669e-01  8.96779828e-01 -1.56363083e-05 -3.71701368e-13  5.43179607e-12 
 9.85896034e-05  8.96709302e-01  8.96824658e-01  8.96779821e-01 -1.55862628e-05 -5.68684856e-13  2.90192029e-12 
 9.86896034e-05  8.96709111e-01  8.96824654e-01  8.96779814e-01 -1.56363048e-05 -3.71511632e-13  5.43140229e-12 
 9.87896034e-05  8.96709287e-01  8.96824644e-01  8.96779807e-01 -1.55862664e-05 -5.68874158e-13  2.90240222e-12 
 9.88896034e-05  8.96709097e-01  8.96824640e-01  8.96779800e-01 -1.56363013e-05 -3.71321680e-13  5.43092990e-12 
 9.89896034e-05  8.96709273e-01  8.96824630e-01  8.96779793e-01 -1.55862699e-05 -5.69064110e-13  2.90283281e-12 
 9.90896034e-05  8.96709083e-01  8.96824626e-01  8.96779785e-01 -1.56362977e-05 -3.71132595e-13  5.43050067e-12 
 9.91896034e-05  8.96709259e-01  8.96824615e-01  8.96779778e-01 -1.55862734e-05 -5.69252761e-13  2.90332076e-12 
 9.92896034e-05  8.96709068e-01  8.96824612e-01  8.96779771e-01 -1.56362942e-05 -3.70943944e-13  5.43005820e-12 
 9.93896034e-05  8.96709244e-01  8.96824601e-01  8.96779764e-01 -1.55862769e-05 -5.69441629e-13  2.90376994e-12 
 9.94896034e-05  8.96709054e-01  8.96824597e-01  8.96779757e-01 -1.56362907e-05 -3.70757028e-13  5.42960495e-12 
 9.95896034e-05  8.96709230e-01  8.96824587e-01  8.96779750e-01 -1.55862805e-05 -5.69629196e-13  2.90424721e-12 
 9.96896034e-05  8.96709040e-01  8.96824583e-01  8.96779742e-01 -1.56362872e-05 -3.70569244e-13  5.42916265e-12 
 9.97896034e-05  8.96709216e-01  8.96824572e-01  8.96779735e-01 -1.55862840e-05 -5.69816113e-13  2.90464988e-12 
 9.98896034e-05  8.96709026e-01  8.96824569e-01  8.96779728e-01 -1.56362837e-05 -3.70382110e-13  5.42869390e-12 
 9.99896034e-05  8.96709201e-01  8.96824558e-01  8.96779721e-01 -1.55862875e-05 -5.70003029e-13  2.90511907e-12 
 1.00089603e-04  8.96709011e-01  8.96824554e-01  8.96779714e-01 -1.56362802e-05 -3.70196495e-13  5.42825680e-12 
 1.00189603e-04  8.96709187e-01  8.96824544e-01  8.96779707e-01 -1.55862910e-05 -5.70187994e-13  2.90557303e-12 
 1.00289603e-04  8.96708997e-01  8.96824540e-01  8.96779700e-01 -1.56362767e-05 -3.70012397e-13  5.42774555e-12 
 1.00389603e-04  8.96709173e-01  8.96824529e-01  8.96779692e-01 -1.55862945e-05 -5.70372308e-13  2.90602948e-12 
 1.00489603e-04  8.96708983e-01  8.96824526e-01  8.96779685e-01 -1.56362731e-05 -3.69828083e-13  5.42734369e-12 
 1.00589603e-04  8.96709158e-01  8.96824515e-01  8.96779678e-01 -1.55862981e-05 -5.70557056e-13  2.90646565e-12 
 1.00689603e-04  8.96708968e-01  8.96824511e-01  8.96779671e-01 -1.56362696e-05 -3.69642034e-13  5.42692909e-12 
 1.00789603e-04  8.96709144e-01  8.96824501e-01  8.96779664e-01 -1.55863016e-05 -5.70741371e-13  2.90691820e-12 
 1.00889603e-04  8.96708954e-01  8.96824497e-01  8.96779657e-01 -1.56362661e-05 -3.69460105e-13  5.42644629e-12 
 1.00989603e-04  8.96709130e-01  8.96824487e-01  8.96779649e-01 -1.55863051e-05 -5.70924167e-13  2.90737036e-12 
 1.01089603e-04  8.96708940e-01  8.96824483e-01  8.96779642e-01 -1.56362626e-05 -3.69276007e-13  5.42600958e-12 
 1.01189603e-04  8.96709115e-01  8.96824472e-01  8.96779635e-01 -1.55863086e-05 -5.71106530e-13  2.90784465e-12 
 1.01289603e-04  8.96708925e-01  8.96824468e-01  8.96779628e-01 -1.56362591e-05 -3.69093211e-13  5.42551496e-12 
 1.01389603e-04  8.96709101e-01  8.96824458e-01  8.96779621e-01 -1.55863121e-05 -5.71288459e-13  2.90824038e-12 
 1.01489603e-04  8.96708911e-01  8.96824454e-01  8.96779614e-01 -1.56362556e-05 -3.68912366e-13  5.42508112e-12 
 1.01589603e-04  8.96709087e-01  8.96824444e-01  8.96779606e-01 -1.55863156e-05 -5.71468220e-13  2.90874540e-12 
 1.01689603e-04  8.96708897e-01  8.96824440e-01  8.96779599e-01 -1.56362521e-05 -3.68732822e-13  5.42464467e-12 
 1.01789603e-04  8.96709072e-01  8.96824429e-01  8.96779592e-01 -1.55863192e-05 -5.71649065e-13  2.90917496e-12 
 1.01889603e-04  8.96708883e-01  8.96824426e-01  8.96779585e-01 -1.56362486e-05 -3.68551327e-13  5.42419413e-12 
 1.01989603e-04  8.96709058e-01  8.96824415e-01  8.96779578e-01 -1.55863227e-05 -5.71828826e-13  2.90964789e-12 
 1.02089603e-04  8.96708868e-01  8.96824411e-01  8.96779571e-01 -1.56362451e-05 -3.68372650e-13  5.42372402e-12 
 1.02189603e-04  8.96709044e-01  8.96824401e-01  8.96779563e-01 -1.55863262e-05 -5.72008586e-13  2.91011220e-12 
 1.02289603e-04  8.96708854e-01  8.96824397e-01  8.96779556e-01 -1.56362415e-05 -3.68193106e-13  5.42330097e-12 
 1.02389603e-04  8.96709029e-01  8.96824386e-01  8.96779549e-01 -1.55863297e-05 -5.72188564e-13  2.91057109e-12 
 1.02489603e-04  8.96708840e-01  8.96824383e-01  8.96779542e-01 -1.56362380e-05 -3.68016381e-13  5.42288209e-12 
 1.02589603e-04  8.96709015e-01  8.96824372e-01  8.96779535e-01 -1.55863332e-05 -5.72366373e-13  2.91102439e-12 
 1.02689603e-04  8.96708825e-01  8.96824368e-01  8.96779528e-01 -1.56362345e-05 -3.67837054e-13  5.42242076e-12 
 1.02789603e-04  8.96709001e-01  8.96824358e-01  8.96779521e-01 -1.55863367e-05 -5.72543965e-13  2.91141969e-12 
 1.02889603e-04  8.96708811e-01  8.96824354e-01  8.96779513e-01 -1.56362310e-05 -3.67659896e-13  5.42191281e-12 
 1.02989603e-04  8.96708986e-01  8.96824343e-01  8.96779506e-01 -1.55863402e-05 -5.72719823e-13  2.91194461e-12 
 1.03089603e-04  8.96708797e-01  8.96824340e-01  8.96779499e-01 -1.56362275e-05 -3.67484255e-13  5.42148097e-12 
 1.03189603e-04  8.96708972e-01  8.96824329e-01  8.96779492e-01 -1.55863438e-05 -5.72895681e-13  2.91237737e-12 
 1.03289603e-04  8.96708782e-01  8.96824325e-01  8.96779485e-01 -1.56362240e-05 -3.67308397e-13  5.42109321e-12 
 1.03389603e-04  8.96708958e-01  8.96824315e-01  8.96779478e-01 -1.55863473e-05 -5.73071321e-13  2.91277413e-12 
 1.03489603e-04  8.96708768e-01  8.96824311e-01  8.96779470e-01 -1.56362205e-05 -3.67133624e-13  5.42056379e-12 
 1.03589603e-04  8.96708943e-01  8.96824300e-01  8.96779463e-01 -1.55863508e-05 -5.73245444e-13  2.91326934e-12 
 1.03689603e-04  8.96708754e-01  8.96824297e-01  8.96779456e-01 -1.56362170e-05 -3.66958850e-13  5.42013439e-12 
 1.03789603e-04  8.96708929e-01  8.96824286e-01  8.96779449e-01 -1.55863543e-05 -5.73419567e-13  2.91371809e-12 
 1.03889603e-04  8.96708739e-01  8.96824282e-01  8.96779442e-01 -1.56362135e-05 -3.66786029e-13  5.41966293e-12 
 1.03989603e-04  8.96708915e-01  8.96824272e-01  8.96779435e-01 -1.55863578e-05 -5.73593473e-13  2.91418203e-12 
 1.04089603e-04  8.96708725e-01  8.96824268e-01  8.96779428e-01 -1.56362100e-05 -3.66610605e-13  5.41919417e-12 
 1.04189603e-04  8.96708900e-01  8.96824257e-01  8.96779420e-01 -1.55863613e-05 -5.73766945e-13  2.91460974e-12 
 1.04289603e-04  8.96708711e-01  8.96824254e-01  8.96779413e-01 -1.56362065e-05 -3.66437783e-13  5.41879855e-12 
 1.04389603e-04  8.96708886e-01  8.96824243e-01  8.96779406e-01 -1.55863648e-05 -5.73938249e-13  2.91503508e-12 
 1.04489603e-04  8.96708697e-01  8.96824239e-01  8.96779399e-01 -1.56362030e-05 -3.66265828e-13  5.41834524e-12 
 1.04589603e-04  8.96708872e-01  8.96824229e-01  8.96779392e-01 -1.55863683e-05 -5.74111071e-13  2.91556243e-12 
 1.04689603e-04  8.96708682e-01  8.96824225e-01  8.96779385e-01 -1.56361995e-05 -3.66094308e-13  5.41782895e-12 
 1.04789603e-04  8.96708857e-01  8.96824214e-01  8.96779377e-01 -1.55863718e-05 -5.74281941e-13  2.91595161e-12 
 1.04889603e-04  8.96708668e-01  8.96824211e-01  8.96779370e-01 -1.56361960e-05 -3.65924305e-13  5.41746249e-12 
 1.04989603e-04  8.96708843e-01  8.96824200e-01  8.96779363e-01 -1.55863753e-05 -5.74450860e-13  2.91650162e-12 
 1.05089603e-04  8.96708654e-01  8.96824196e-01  8.96779356e-01 -1.56361925e-05 -3.65754085e-13  5.41697644e-12 
 1.05189603e-04  8.96708829e-01  8.96824186e-01  8.96779349e-01 -1.55863789e-05 -5.74621730e-13  2.91686440e-12 
 1.05289603e-04  8.96708639e-01  8.96824182e-01  8.96779342e-01 -1.56361890e-05 -3.65583865e-13  5.41652449e-12 
 1.05389603e-04  8.96708814e-01  8.96824171e-01  8.96779334e-01 -1.55863824e-05 -5.74793034e-13  2.91733933e-12 
 1.05489603e-04  8.96708625e-01  8.96824168e-01  8.96779327e-01 -1.56361855e-05 -3.65413646e-13  5.41604890e-12 
 1.05589603e-04  8.96708800e-01  8.96824157e-01  8.96779320e-01 -1.55863859e-05 -5.74960001e-13  2.91772840e-12 
 1.05689603e-04  8.96708611e-01  8.96824154e-01  8.96779313e-01 -1.56361820e-05 -3.65247112e-13  5.41564401e-12 
 1.05789603e-04  8.96708786e-01  8.96824143e-01  8.96779306e-01 -1.55863894e-05 -5.75129137e-13  2.91822501e-12 
 1.05889603e-04  8.96708596e-01  8.96824139e-01  8.96779299e-01 -1.56361785e-05 -3.65079278e-13  5.41513004e-12 
 1.05989603e-04  8.96708771e-01  8.96824129e-01  8.96779291e-01 -1.55863929e-05 -5.75296755e-13  2.91873687e-12 
 1.06089603e-04  8.96708582e-01  8.96824125e-01  8.96779284e-01 -1.56361750e-05 -3.64911660e-13  5.41470796e-12 
 1.06189603e-04  8.96708757e-01  8.96824114e-01  8.96779277e-01 -1.55863964e-05 -5.75463939e-13  2.91911216e-12 
 1.06289603e-04  8.96708568e-01  8.96824111e-01  8.96779270e-01 -1.56361715e-05 -3.64744476e-13  5.41421085e-12 
 1.06389603e-04  8.96708743e-01  8.96824100e-01  8.96779263e-01 -1.55863999e-05 -5.75629388e-13  2.91958412e-12 
 1.06489603e-04  8.96708553e-01  8.96824096e-01  8.96779256e-01 -1.56361680e-05 -3.64579244e-13  5.41381583e-12 
 1.06589603e-04  8.96708728e-01  8.96824086e-01  8.96779249e-01 -1.55864034e-05 -5.75795921e-13  2.91999709e-12 
 1.06689603e-04  8.96708539e-01  8.96824082e-01  8.96779241e-01 -1.56361645e-05 -3.64414228e-13  5.41330668e-12 
 1.06789603e-04  8.96708714e-01  8.96824071e-01  8.96779234e-01 -1.55864069e-05 -5.75962888e-13  2.92047983e-12 
 1.06889603e-04  8.96708525e-01  8.96824068e-01  8.96779227e-01 -1.56361610e-05 -3.64248562e-13  5.41287414e-12 
 1.06989603e-04  8.96708700e-01  8.96824057e-01  8.96779220e-01 -1.55864104e-05 -5.76128555e-13  2.92091985e-12 
 1.07089603e-04  8.96708511e-01  8.96824053e-01  8.96779213e-01 -1.56361575e-05 -3.64081812e-13  5.41245044e-12 
 1.07189603e-04  8.96708685e-01  8.96824043e-01  8.96779206e-01 -1.55864139e-05 -5.76290534e-13  2.92142103e-12 
 1.07289603e-04  8.96708496e-01  8.96824039e-01  8.96779198e-01 -1.56361540e-05 -3.63920049e-13  5.41197734e-12 
 1.07389603e-04  8.96708671e-01  8.96824028e-01  8.96779191e-01 -1.55864174e-05 -5.76454466e-13  2.92188886e-12 
 1.07489603e-04  8.96708482e-01  8.96824025e-01  8.96779184e-01 -1.56361505e-05 -3.63755250e-13  5.41157776e-12 
 1.07589603e-04  8.96708657e-01  8.96824014e-01  8.96779177e-01 -1.55864209e-05 -5.76617747e-13  2.92233653e-12 
 1.07689603e-04  8.96708468e-01  8.96824010e-01  8.96779170e-01 -1.56361470e-05 -3.63593487e-13  5.41106775e-12 
 1.07789603e-04  8.96708642e-01  8.96824000e-01  8.96779163e-01 -1.55864244e-05 -5.76779076e-13  2.92272256e-12 
 1.07889603e-04  8.96708453e-01  8.96823996e-01  8.96779156e-01 -1.56361435e-05 -3.63430423e-13  5.41063760e-12 
 1.07989603e-04  8.96708628e-01  8.96823985e-01  8.96779148e-01 -1.55864279e-05 -5.76940405e-13  2.92321587e-12 
 1.08089603e-04  8.96708439e-01  8.96823982e-01  8.96779141e-01 -1.56361400e-05 -3.63270178e-13  5.41016385e-12 
 1.08189603e-04  8.96708614e-01  8.96823971e-01  8.96779134e-01 -1.55864314e-05 -5.77103035e-13  2.92370701e-12 
 1.08289603e-04  8.96708425e-01  8.96823967e-01  8.96779127e-01 -1.56361366e-05 -3.63109933e-13  5.40975332e-12 
 1.08389603e-04  8.96708599e-01  8.96823957e-01  8.96779120e-01 -1.55864349e-05 -5.77264582e-13  2.92412405e-12 
 1.08489603e-04  8.96708410e-01  8.96823953e-01  8.96779113e-01 -1.56361331e-05 -3.62947953e-13  5.40923518e-12 
 1.08589603e-04  8.96708585e-01  8.96823942e-01  8.96779105e-01 -1.55864384e-05 -5.77423309e-13  2.92447663e-12 
 1.08689603e-04  8.96708396e-01  8.96823939e-01  8.96779098e-01 -1.56361296e-05 -3.62787491e-13  5.40879109e-12 
 1.08789603e-04  8.96708571e-01  8.96823928e-01  8.96779091e-01 -1.55864419e-05 -5.77582470e-13  2.92500735e-12 
 1.08889603e-04  8.96708382e-01  8.96823925e-01  8.96779084e-01 -1.56361261e-05 -3.62630065e-13  5.40835047e-12 
 1.08989603e-04  8.96708556e-01  8.96823914e-01  8.96779077e-01 -1.55864454e-05 -5.77742064e-13  2.92547036e-12 
 1.09089603e-04  8.96708368e-01  8.96823910e-01  8.96779070e-01 -1.56361226e-05 -3.62470904e-13  5.40791110e-12 
 1.09189603e-04  8.96708542e-01  8.96823899e-01  8.96779062e-01 -1.55864489e-05 -5.77900575e-13  2.92595196e-12 
 1.09289603e-04  8.96708353e-01  8.96823896e-01  8.96779055e-01 -1.56361191e-05 -3.62312827e-13  5.40743497e-12 
 1.09389603e-04  8.96708528e-01  8.96823885e-01  8.96779048e-01 -1.55864524e-05 -5.78058218e-13  2.92635734e-12 
 1.09489603e-04  8.96708339e-01  8.96823882e-01  8.96779041e-01 -1.56361156e-05 -3.62154100e-13  5.40700167e-12 
 1.09589603e-04  8.96708513e-01  8.96823871e-01  8.96779034e-01 -1.55864559e-05 -5.78214776e-13  2.92684513e-12 
 1.09689603e-04  8.96708325e-01  8.96823867e-01  8.96779027e-01 -1.56361121e-05 -3.61997975e-13  5.40657048e-12 
 1.09789603e-04  8.96708499e-01  8.96823856e-01  8.96779020e-01 -1.55864593e-05 -5.78373720e-13  2.92729935e-12 
 1.09889603e-04  8.96708310e-01  8.96823853e-01  8.96779012e-01 -1.56361086e-05 -3.61838597e-13  5.40610785e-12 
 1.09989603e-04  8.96708485e-01  8.96823842e-01  8.96779005e-01 -1.55864628e-05 -5.78528761e-13  2.92771861e-12 
 1.10089603e-04  8.96708296e-01  8.96823839e-01  8.96778998e-01 -1.56361052e-05 -3.61683556e-13  5.40561438e-12 
 1.10189603e-04  8.96708470e-01  8.96823828e-01  8.96778991e-01 -1.55864663e-05 -5.78684886e-13  2.92820065e-12 
 1.10289603e-04  8.96708282e-01  8.96823824e-01  8.96778984e-01 -1.56361017e-05 -3.61527648e-13  5.40521832e-12 
 1.10389603e-04  8.96708456e-01  8.96823813e-01  8.96778977e-01 -1.55864698e-05 -5.78839277e-13  2.92867119e-12 
 1.10489603e-04  8.96708267e-01  8.96823810e-01  8.96778969e-01 -1.56360982e-05 -3.61373258e-13  5.40472186e-12 
 1.10589603e-04  8.96708442e-01  8.96823799e-01  8.96778962e-01 -1.55864733e-05 -5.78993884e-13  2.92907690e-12 
 1.10689603e-04  8.96708253e-01  8.96823796e-01  8.96778955e-01 -1.56360947e-05 -3.61218217e-13  5.40427718e-12 
 1.10789603e-04  8.96708427e-01  8.96823785e-01  8.96778948e-01 -1.55864768e-05 -5.79147624e-13  2.92948847e-12 
 1.10889603e-04  8.96708239e-01  8.96823781e-01  8.96778941e-01 -1.56360912e-05 -3.61065561e-13  5.40381086e-12 
 1.10989603e-04  8.96708413e-01  8.96823771e-01  8.96778934e-01 -1.55864803e-05 -5.79301364e-13  2.92998107e-12 
 1.11089603e-04  8.96708224e-01  8.96823767e-01  8.96778926e-01 -1.56360877e-05 -3.60911388e-13  5.40335772e-12 
 1.11189603e-04  8.96708399e-01  8.96823756e-01  8.96778919e-01 -1.55864838e-05 -5.79456188e-13  2.93045568e-12 
 1.11289603e-04  8.96708210e-01  8.96823753e-01  8.96778912e-01 -1.56360843e-05 -3.60759599e-13  5.40293597e-12 
 1.11389603e-04  8.96708384e-01  8.96823742e-01  8.96778905e-01 -1.55864873e-05 -5.79608410e-13  2.93092221e-12 
 1.11489603e-04  8.96708196e-01  8.96823738e-01  8.96778898e-01 -1.56360808e-05 -3.60606727e-13  5.40244357e-12 
 1.11589603e-04  8.96708370e-01  8.96823728e-01  8.96778891e-01 -1.55864908e-05 -5.79760849e-13  2.93133275e-12 
 1.11689603e-04  8.96708182e-01  8.96823724e-01  8.96778884e-01 -1.56360773e-05 -3.60454938e-13  5.40199038e-12 
 1.11789603e-04  8.96708356e-01  8.96823713e-01  8.96778876e-01 -1.55864943e-05 -5.79911986e-13  2.93185306e-12 
 1.11889603e-04  8.96708167e-01  8.96823710e-01  8.96778869e-01 -1.56360738e-05 -3.60303150e-13  5.40162159e-12 
 1.11989603e-04  8.96708341e-01  8.96823699e-01  8.96778862e-01 -1.55864977e-05 -5.80062040e-13  2.93224538e-12 
 1.12089603e-04  8.96708153e-01  8.96823696e-01  8.96778855e-01 -1.56360703e-05 -3.60152663e-13  5.40111028e-12 
 1.12189603e-04  8.96708327e-01  8.96823685e-01  8.96778848e-01 -1.55865012e-05 -5.80212310e-13  2.93266203e-12 
 1.12289603e-04  8.96708139e-01  8.96823681e-01  8.96778841e-01 -1.56360669e-05 -3.60003694e-13  5.40063339e-12 
 1.12389603e-04  8.96708313e-01  8.96823670e-01  8.96778833e-01 -1.55865047e-05 -5.80362798e-13  2.93322663e-12 
 1.12489603e-04  8.96708124e-01  8.96823667e-01  8.96778826e-01 -1.56360634e-05 -3.59853857e-13  5.40015233e-12 
 1.12589603e-04  8.96708298e-01  8.96823656e-01  8.96778819e-01 -1.55865082e-05 -5.80514369e-13  2.93359363e-12 
 1.12689603e-04  8.96708110e-01  8.96823653e-01  8.96778812e-01 -1.56360599e-05 -3.59704237e-13  5.39981536e-12 
 1.12789603e-04  8.96708284e-01  8.96823642e-01  8.96778805e-01 -1.55865117e-05 -5.80662688e-13  2.93408776e-12 
 1.12889603e-04  8.96708096e-01  8.96823638e-01  8.96778798e-01 -1.56360564e-05 -3.59554834e-13  5.39929147e-12 
 1.12989603e-04  8.96708270e-01  8.96823627e-01  8.96778790e-01 -1.55865152e-05 -5.80811007e-13  2.93458687e-12 
 1.13089603e-04  8.96708081e-01  8.96823624e-01  8.96778783e-01 -1.56360529e-05 -3.59407816e-13  5.39889493e-12 
 1.13189603e-04  8.96708255e-01  8.96823613e-01  8.96778776e-01 -1.55865187e-05 -5.80959109e-13  2.93502505e-12 
 1.13289603e-04  8.96708067e-01  8.96823610e-01  8.96778769e-01 -1.56360495e-05 -3.59259280e-13  5.39838725e-12 
 1.13389603e-04  8.96708241e-01  8.96823599e-01  8.96778762e-01 -1.55865221e-05 -5.81105910e-13  2.93538826e-12 
 1.13489603e-04  8.96708053e-01  8.96823595e-01  8.96778755e-01 -1.56360460e-05 -3.59112479e-13  5.39794950e-12 
 1.13589603e-04  8.96708227e-01  8.96823584e-01  8.96778748e-01 -1.55865256e-05 -5.81252494e-13  2.93588184e-12 
 1.13689603e-04  8.96708038e-01  8.96823581e-01  8.96778740e-01 -1.56360425e-05 -3.58966329e-13  5.39740794e-12 
 1.13789603e-04  8.96708212e-01  8.96823570e-01  8.96778733e-01 -1.55865291e-05 -5.81397994e-13  2.93634621e-12 
 1.13889603e-04  8.96708024e-01  8.96823567e-01  8.96778726e-01 -1.56360390e-05 -3.58819311e-13  5.39704967e-12 
 1.13989603e-04  8.96708198e-01  8.96823556e-01  8.96778719e-01 -1.55865326e-05 -5.81544144e-13  2.93677783e-12 
 1.14089603e-04  8.96708010e-01  8.96823552e-01  8.96778712e-01 -1.56360356e-05 -3.58674245e-13  5.39657224e-12 
 1.14189603e-04  8.96708184e-01  8.96823541e-01  8.96778705e-01 -1.55865361e-05 -5.81690945e-13  2.93728637e-12 
 1.14289603e-04  8.96707996e-01  8.96823538e-01  8.96778697e-01 -1.56360321e-05 -3.58529829e-13  5.39610332e-12 
 1.14389603e-04  8.96708170e-01  8.96823527e-01  8.96778690e-01 -1.55865395e-05 -5.81834711e-13  2.93771740e-12 
 1.14489603e-04  8.96707981e-01  8.96823524e-01  8.96778683e-01 -1.56360286e-05 -3.58381727e-13  5.39567951e-12 
 1.14589603e-04  8.96708155e-01  8.96823513e-01  8.96778676e-01 -1.55865430e-05 -5.81979126e-13  2.93818783e-12 
 1.14689603e-04  8.96707967e-01  8.96823509e-01  8.96778669e-01 -1.56360251e-05 -3.58238396e-13  5.39524610e-12 
 1.14789603e-04  8.96708141e-01  8.96823498e-01  8.96778662e-01 -1.55865465e-05 -5.82122675e-13  2.93858471e-12 
 1.14889603e-04  8.96707953e-01  8.96823495e-01  8.96778654e-01 -1.56360217e-05 -3.58095281e-13  5.39478016e-12 
 1.14989603e-04  8.96708127e-01  8.96823484e-01  8.96778647e-01 -1.55865500e-05 -5.82266440e-13  2.93903037e-12 
 1.15089603e-04  8.96707938e-01  8.96823481e-01  8.96778640e-01 -1.56360182e-05 -3.57952817e-13  5.39433407e-12 
 1.15189603e-04  8.96708112e-01  8.96823470e-01  8.96778633e-01 -1.55865535e-05 -5.82408470e-13  2.93957583e-12 
 1.15289603e-04  8.96707924e-01  8.96823467e-01  8.96778626e-01 -1.56360147e-05 -3.57808835e-13  5.39389676e-12 
 1.15389603e-04  8.96708098e-01  8.96823455e-01  8.96778619e-01 -1.55865569e-05 -5.82551151e-13  2.94001704e-12 
 1.15489603e-04  8.96707910e-01  8.96823452e-01  8.96778612e-01 -1.56360112e-05 -3.57667888e-13  5.39338631e-12 
 1.15589603e-04  8.96708084e-01  8.96823441e-01  8.96778604e-01 -1.55865604e-05 -5.82695567e-13  2.94040947e-12 
 1.15689603e-04  8.96707895e-01  8.96823438e-01  8.96778597e-01 -1.56360078e-05 -3.57526725e-13  5.39296369e-12 
 1.15789603e-04  8.96708069e-01  8.96823427e-01  8.96778590e-01 -1.55865639e-05 -5.82836947e-13  2.94086370e-12 
 1.15889603e-04  8.96707881e-01  8.96823424e-01  8.96778583e-01 -1.56360043e-05 -3.57384261e-13  5.39253223e-12 
 1.15989603e-04  8.96708055e-01  8.96823413e-01  8.96778576e-01 -1.55865674e-05 -5.82978110e-13  2.94137902e-12 
 1.16089603e-04  8.96707867e-01  8.96823409e-01  8.96778569e-01 -1.56360008e-05 -3.57243965e-13  5.39208034e-12 
 1.16189603e-04  8.96708041e-01  8.96823398e-01  8.96778561e-01 -1.55865709e-05 -5.83116454e-13  2.94178169e-12 
 1.16289603e-04  8.96707852e-01  8.96823395e-01  8.96778554e-01 -1.56359974e-05 -3.57104754e-13  5.39157011e-12 
 1.16389603e-04  8.96708026e-01  8.96823384e-01  8.96778547e-01 -1.55865743e-05 -5.83256967e-13  2.94227262e-12 
 1.16489603e-04  8.96707838e-01  8.96823381e-01  8.96778540e-01 -1.56359939e-05 -3.56965109e-13  5.39111084e-12 
 1.16589603e-04  8.96708012e-01  8.96823370e-01  8.96778533e-01 -1.55865778e-05 -5.83396395e-13  2.94266667e-12 
 1.16689603e-04  8.96707824e-01  8.96823366e-01  8.96778526e-01 -1.56359904e-05 -3.56825463e-13  5.39071126e-12 
 1.16789603e-04  8.96707998e-01  8.96823355e-01  8.96778518e-01 -1.55865813e-05 -5.83536041e-13  2.94314063e-12 
 1.16889603e-04  8.96707810e-01  8.96823352e-01  8.96778511e-01 -1.56359870e-05 -3.56686902e-13  5.39024093e-12 
 1.16989603e-04  8.96707983e-01  8.96823341e-01  8.96778504e-01 -1.55865848e-05 -5.83674602e-13  2.94360776e-12 
 1.17089603e-04  8.96707795e-01  8.96823338e-01  8.96778497e-01 -1.56359835e-05 -3.56548992e-13  5.38980069e-12 
 1.17189603e-04  8.96707969e-01  8.96823327e-01  8.96778490e-01 -1.55865882e-05 -5.83813596e-13  2.94409083e-12 
 1.17289603e-04  8.96707781e-01  8.96823323e-01  8.96778483e-01 -1.56359800e-05 -3.56408913e-13  5.38933356e-12 
 1.17389603e-04  8.96707955e-01  8.96823312e-01  8.96778476e-01 -1.55865917e-05 -5.83951290e-13  2.94452814e-12 
 1.17489603e-04  8.96707767e-01  8.96823309e-01  8.96778468e-01 -1.56359766e-05 -3.56271219e-13  5.38892818e-12 
 1.17589603e-04  8.96707940e-01  8.96823298e-01  8.96778461e-01 -1.55865952e-05 -5.84087900e-13  2.94499223e-12 
 1.17689603e-04  8.96707752e-01  8.96823295e-01  8.96778454e-01 -1.56359731e-05 -3.56134826e-13  5.38847054e-12 
 1.17789603e-04  8.96707926e-01  8.96823284e-01  8.96778447e-01 -1.55865986e-05 -5.84223642e-13  2.94547915e-12 
 1.17889603e-04  8.96707738e-01  8.96823280e-01  8.96778440e-01 -1.56359696e-05 -3.55999084e-13  5.38797446e-12 
 1.17989603e-04  8.96707912e-01  8.96823269e-01  8.96778433e-01 -1.55866021e-05 -5.84359601e-13  2.94589890e-12 
 1.18089603e-04  8.96707724e-01  8.96823266e-01  8.96778425e-01 -1.56359662e-05 -3.55862475e-13  5.38754555e-12 
 1.18189603e-04  8.96707897e-01  8.96823255e-01  8.96778418e-01 -1.55866056e-05 -5.84495343e-13  2.94633263e-12 
 1.18289603e-04  8.96707709e-01  8.96823252e-01  8.96778411e-01 -1.56359627e-05 -3.55726950e-13  5.38708775e-12 
 1.18389603e-04  8.96707883e-01  8.96823241e-01  8.96778404e-01 -1.55866091e-05 -5.84631085e-13  2.94686741e-12 
 1.18489603e-04  8.96707695e-01  8.96823238e-01  8.96778397e-01 -1.56359592e-05 -3.55592509e-13  5.38666995e-12 
 1.18589603e-04  8.96707869e-01  8.96823226e-01  8.96778390e-01 -1.55866125e-05 -5.84767477e-13  2.94727198e-12 
 1.18689603e-04  8.96707681e-01  8.96823223e-01  8.96778383e-01 -1.56359558e-05 -3.55458067e-13  5.38616694e-12 
 1.18789603e-04  8.96707854e-01  8.96823212e-01  8.96778375e-01 -1.55866160e-05 -5.84900618e-13  2.94769721e-12 
 1.18889603e-04  8.96707667e-01  8.96823209e-01  8.96778368e-01 -1.56359523e-05 -3.55321892e-13  5.38571775e-12 
 1.18989603e-04  8.96707840e-01  8.96823198e-01  8.96778361e-01 -1.55866195e-05 -5.85035709e-13  2.94811620e-12 
 1.19089603e-04  8.96707652e-01  8.96823195e-01  8.96778354e-01 -1.56359489e-05 -3.55188969e-13  5.38525794e-12 
 1.19189603e-04  8.96707826e-01  8.96823183e-01  8.96778347e-01 -1.55866229e-05 -5.85169283e-13  2.94864930e-12 
 1.19289603e-04  8.96707638e-01  8.96823180e-01  8.96778340e-01 -1.56359454e-05 -3.55055178e-13  5.38484394e-12 
 1.19389603e-04  8.96707811e-01  8.96823169e-01  8.96778332e-01 -1.55866264e-05 -5.85300688e-13  2.94908022e-12 
 1.19489603e-04  8.96707624e-01  8.96823166e-01  8.96778325e-01 -1.56359419e-05 -3.54923339e-13  5.38439052e-12 
 1.19589603e-04  8.96707797e-01  8.96823155e-01  8.96778318e-01 -1.55866299e-05 -5.85433611e-13  2.94952230e-12 
 1.19689603e-04  8.96707609e-01  8.96823152e-01  8.96778311e-01 -1.56359385e-05 -3.54790633e-13  5.38383709e-12 
 1.19789603e-04  8.96707783e-01  8.96823140e-01  8.96778304e-01 -1.55866333e-05 -5.85566318e-13  2.94996926e-12 
 1.19889603e-04  8.96707595e-01  8.96823137e-01  8.96778297e-01 -1.56359350e-05 -3.54659010e-13  5.38344938e-12 
 1.19989603e-04  8.96707768e-01  8.96823126e-01  8.96778289e-01 -1.55866368e-05 -5.85697940e-13  2.95040945e-12 
 1.20089603e-04  8.96707581e-01  8.96823123e-01  8.96778282e-01 -1.56359316e-05 -3.54526955e-13  5.38303451e-12 
 1.20189603e-04  8.96707754e-01  8.96823112e-01  8.96778275e-01 -1.55866403e-05 -5.85830646e-13  2.95092049e-12 
 1.20289603e-04  8.96707566e-01  8.96823109e-01  8.96778268e-01 -1.56359281e-05 -3.54394682e-13  5.38259048e-12 
 1.20389603e-04  8.96707740e-01  8.96823098e-01  8.96778261e-01 -1.55866437e-05 -5.85961618e-13  2.95140529e-12 
 1.20489603e-04  8.96707552e-01  8.96823094e-01  8.96778254e-01 -1.56359246e-05 -3.54265011e-13  5.38210752e-12 
 1.20589603e-04  8.96707725e-01  8.96823083e-01  8.96778246e-01 -1.55866472e-05 -5.86091722e-13  2.95179072e-12 
 1.20689603e-04  8.96707538e-01  8.96823080e-01  8.96778239e-01 -1.56359212e-05 -3.54134257e-13  5.38164120e-12 
 1.20789603e-04  8.96707711e-01  8.96823069e-01  8.96778232e-01 -1.55866506e-05 -5.86221176e-13  2.95222787e-12 
 1.20889603e-04  8.96707523e-01  8.96823066e-01  8.96778225e-01 -1.56359177e-05 -3.54005237e-13  5.38120519e-12 
 1.20989603e-04  8.96707697e-01  8.96823055e-01  8.96778218e-01 -1.55866541e-05 -5.86350846e-13  2.95274374e-12 
 1.21089603e-04  8.96707509e-01  8.96823051e-01  8.96778211e-01 -1.56359143e-05 -3.53875566e-13  5.38074452e-12 
 1.21189603e-04  8.96707682e-01  8.96823040e-01  8.96778204e-01 -1.55866576e-05 -5.86480083e-13  2.95318625e-12 
 1.21289603e-04  8.96707495e-01  8.96823037e-01  8.96778196e-01 -1.56359108e-05 -3.53747630e-13  5.38030845e-12 
 1.21389603e-04  8.96707668e-01  8.96823026e-01  8.96778189e-01 -1.55866610e-05 -5.86608886e-13  2.95359944e-12 
 1.21489603e-04  8.96707481e-01  8.96823023e-01  8.96778182e-01 -1.56359074e-05 -3.53619261e-13  5.37980701e-12 
 1.21589603e-04  8.96707654e-01  8.96823012e-01  8.96778175e-01 -1.55866645e-05 -5.86736822e-13  2.95406391e-12 
 1.21689603e-04  8.96707466e-01  8.96823009e-01  8.96778168e-01 -1.56359039e-05 -3.53490457e-13  5.37937061e-12 
 1.21789603e-04  8.96707639e-01  8.96822997e-01  8.96778161e-01 -1.55866680e-05 -5.86865626e-13  2.95452698e-12 
 1.21889603e-04  8.96707452e-01  8.96822994e-01  8.96778153e-01 -1.56359004e-05 -3.53362088e-13  5.37894517e-12 
 1.21989603e-04  8.96707625e-01  8.96822983e-01  8.96778146e-01 -1.55866714e-05 -5.86991827e-13  2.95498055e-12 
 1.22089603e-04  8.96707438e-01  8.96822980e-01  8.96778139e-01 -1.56358970e-05 -3.53235887e-13  5.37844097e-12 
 1.22189603e-04  8.96707611e-01  8.96822969e-01  8.96778132e-01 -1.55866749e-05 -5.87118895e-13  2.95538003e-12 
 1.22289603e-04  8.96707423e-01  8.96822966e-01  8.96778125e-01 -1.56358935e-05 -3.53108601e-13  5.37800712e-12 
 1.22389603e-04  8.96707596e-01  8.96822954e-01  8.96778118e-01 -1.55866783e-05 -5.87245530e-13  2.95588863e-12 
 1.22489603e-04  8.96707409e-01  8.96822951e-01  8.96778111e-01 -1.56358901e-05 -3.52982183e-13  5.37761030e-12 
 1.22589603e-04  8.96707582e-01  8.96822940e-01  8.96778103e-01 -1.55866818e-05 -5.87371731e-13  2.95635109e-12 
 1.22689603e-04  8.96707395e-01  8.96822937e-01  8.96778096e-01 -1.56358866e-05 -3.52856416e-13  5.37711043e-12 
 1.22789603e-04  8.96707568e-01  8.96822926e-01  8.96778089e-01 -1.55866853e-05 -5.87497499e-13  2.95674872e-12 
 1.22889603e-04  8.96707380e-01  8.96822923e-01  8.96778082e-01 -1.56358832e-05 -3.52731516e-13  5.37661338e-12 
 1.22989603e-04  8.96707553e-01  8.96822911e-01  8.96778075e-01 -1.55866887e-05 -5.87625001e-13  2.95726567e-12 
 1.23089603e-04  8.96707366e-01  8.96822908e-01  8.96778068e-01 -1.56358797e-05 -3.52605532e-13  5.37621862e-12 
 1.23189603e-04  8.96707539e-01  8.96822897e-01  8.96778060e-01 -1.55866922e-05 -5.87749033e-13  2.95767024e-12 
 1.23289603e-04  8.96707352e-01  8.96822894e-01  8.96778053e-01 -1.56358763e-05 -3.52478897e-13  5.37571094e-12 
 1.23389603e-04  8.96707525e-01  8.96822883e-01  8.96778046e-01 -1.55866956e-05 -5.87874367e-13  2.95815228e-12 
 1.23489603e-04  8.96707337e-01  8.96822880e-01  8.96778039e-01 -1.56358728e-05 -3.52355731e-13  5.37532800e-12 
 1.23589603e-04  8.96707510e-01  8.96822868e-01  8.96778032e-01 -1.55866991e-05 -5.87996882e-13  2.95859095e-12 
 1.23689603e-04  8.96707323e-01  8.96822865e-01  8.96778025e-01 -1.56358694e-05 -3.52231699e-13  5.37482683e-12 
 1.23789603e-04  8.96707496e-01  8.96822854e-01  8.96778017e-01 -1.55867025e-05 -5.88119831e-13  2.95905612e-12 
 1.23889603e-04  8.96707309e-01  8.96822851e-01  8.96778010e-01 -1.56358659e-05 -3.52108750e-13  5.37438003e-12 
 1.23989603e-04  8.96707482e-01  8.96822840e-01  8.96778003e-01 -1.55867060e-05 -5.88243647e-13  2.95947181e-12 
 1.24089603e-04  8.96707295e-01  8.96822837e-01  8.96777996e-01 -1.56358625e-05 -3.51985151e-13  5.37388298e-12 
 1.24189603e-04  8.96707467e-01  8.96822825e-01  8.96777989e-01 -1.55867094e-05 -5.88366812e-13  2.95992565e-12 
 1.24289603e-04  8.96707280e-01  8.96822822e-01  8.96777982e-01 -1.56358590e-05 -3.51863070e-13  5.37351918e-12 
 1.24389603e-04  8.96707453e-01  8.96822811e-01  8.96777974e-01 -1.55867129e-05 -5.88489327e-13  2.96038861e-12 
 1.24489603e-04  8.96707266e-01  8.96822808e-01  8.96777967e-01 -1.56358556e-05 -3.51740772e-13  5.37299280e-12 
 1.24589603e-04  8.96707439e-01  8.96822797e-01  8.96777960e-01 -1.55867164e-05 -5.88611191e-13  2.96083161e-12 
 1.24689603e-04  8.96707252e-01  8.96822794e-01  8.96777953e-01 -1.56358521e-05 -3.51619124e-13  5.37255304e-12 
 1.24789603e-04  8.96707424e-01  8.96822782e-01  8.96777946e-01 -1.55867198e-05 -5.88733272e-13  2.96134601e-12 
 1.24889603e-04  8.96707237e-01  8.96822780e-01  8.96777939e-01 -1.56358487e-05 -3.51496393e-13  5.37213557e-12 
 1.24989603e-04  8.96707410e-01  8.96822768e-01  8.96777932e-01 -1.55867233e-05 -5.88854703e-13  2.96175557e-12 
 1.25089603e-04  8.96707223e-01  8.96822765e-01  8.96777924e-01 -1.56358453e-05 -3.51375179e-13  5.37167679e-12 
 1.25189603e-04  8.96707396e-01  8.96822754e-01  8.96777917e-01 -1.55867267e-05 -5.88975483e-13  2.96220980e-12 
 1.25289603e-04  8.96707209e-01  8.96822751e-01  8.96777910e-01 -1.56358418e-05 -3.51255266e-13  5.37121194e-12 
 1.25389603e-04  8.96707381e-01  8.96822740e-01  8.96777903e-01 -1.55867302e-05 -5.89094962e-13  2.96268354e-12 
 1.25489603e-04  8.96707194e-01  8.96822737e-01  8.96777896e-01 -1.56358384e-05 -3.51134920e-13  5.37073039e-12 
 1.25589603e-04  8.96707367e-01  8.96822725e-01  8.96777889e-01 -1.55867336e-05 -5.89215092e-13  2.96317674e-12 
 1.25689603e-04  8.96707180e-01  8.96822722e-01  8.96777881e-01 -1.56358349e-05 -3.51015007e-13  5.37031406e-12 
 1.25789603e-04  8.96707353e-01  8.96822711e-01  8.96777874e-01 -1.55867371e-05 -5.89335438e-13  2.96359107e-12 
 1.25889603e-04  8.96707166e-01  8.96822708e-01  8.96777867e-01 -1.56358315e-05 -3.50895962e-13  5.36989268e-12 
 1.25989603e-04  8.96707338e-01  8.96822697e-01  8.96777860e-01 -1.55867405e-05 -5.89456869e-13  2.96401483e-12 
 1.26089603e-04  8.96707152e-01  8.96822694e-01  8.96777853e-01 -1.56358280e-05 -3.50776483e-13  5.36936549e-12 
 1.26189603e-04  8.96707324e-01  8.96822682e-01  8.96777846e-01 -1.55867440e-05 -5.89573746e-13  2.96447263e-12 
 1.26289603e-04  8.96707137e-01  8.96822679e-01  8.96777839e-01 -1.56358246e-05 -3.50658088e-13  5.36892395e-12 
 1.26389603e-04  8.96707310e-01  8.96822668e-01  8.96777831e-01 -1.55867474e-05 -5.89692357e-13  2.96491938e-12 
 1.26489603e-04  8.96707123e-01  8.96822665e-01  8.96777824e-01 -1.56358211e-05 -3.50539693e-13  5.36850951e-12 
 1.26589603e-04  8.96707295e-01  8.96822654e-01  8.96777817e-01 -1.55867509e-05 -5.89810969e-13  2.96542711e-12 
 1.26689603e-04  8.96707109e-01  8.96822651e-01  8.96777810e-01 -1.56358177e-05 -3.50421081e-13  5.36797196e-12 
 1.26789603e-04  8.96707281e-01  8.96822639e-01  8.96777803e-01 -1.55867543e-05 -5.89928930e-13  2.96582604e-12 
 1.26889603e-04  8.96707094e-01  8.96822636e-01  8.96777796e-01 -1.56358143e-05 -3.50303987e-13  5.36761309e-12 
 1.26989603e-04  8.96707267e-01  8.96822625e-01  8.96777788e-01 -1.55867578e-05 -5.90045157e-13  2.96627821e-12 
 1.27089603e-04  8.96707080e-01  8.96822622e-01  8.96777781e-01 -1.56358108e-05 -3.50187544e-13  5.36710422e-12 
 1.27189603e-04  8.96707252e-01  8.96822611e-01  8.96777774e-01 -1.55867612e-05 -5.90161600e-13  2.96680210e-12 
 1.27289603e-04  8.96707066e-01  8.96822608e-01  8.96777767e-01 -1.56358074e-05 -3.50071101e-13  5.36671104e-12 
 1.27389603e-04  8.96707238e-01  8.96822596e-01  8.96777760e-01 -1.55867646e-05 -5.90279345e-13  2.96721691e-12 
 1.27489603e-04  8.96707051e-01  8.96822593e-01  8.96777753e-01 -1.56358039e-05 -3.49954007e-13  5.36626299e-12 
 1.27589603e-04  8.96707224e-01  8.96822582e-01  8.96777745e-01 -1.55867681e-05 -5.90397523e-13  2.96766013e-12 
 1.27689603e-04  8.96707037e-01  8.96822579e-01  8.96777738e-01 -1.56358005e-05 -3.49839081e-13  5.36575407e-12 
 1.27789603e-04  8.96707209e-01  8.96822568e-01  8.96777731e-01 -1.55867715e-05 -5.90514183e-13  2.96810590e-12 
 1.27889603e-04  8.96707023e-01  8.96822565e-01  8.96777724e-01 -1.56357971e-05 -3.49721554e-13  5.36532559e-12 
 1.27989603e-04  8.96707195e-01  8.96822553e-01  8.96777717e-01 -1.55867750e-05 -5.90628458e-13  2.96858306e-12 
 1.28089603e-04  8.96707008e-01  8.96822551e-01  8.96777710e-01 -1.56357936e-05 -3.49605761e-13  5.36486079e-12 
 1.28189603e-04  8.96707181e-01  8.96822539e-01  8.96777702e-01 -1.55867784e-05 -5.90742949e-13  2.96900205e-12 
 1.28289603e-04  8.96706994e-01  8.96822536e-01  8.96777695e-01 -1.56357902e-05 -3.49490836e-13  5.36440244e-12 
 1.28389603e-04  8.96707166e-01  8.96822525e-01  8.96777688e-01 -1.55867819e-05 -5.90857875e-13  2.96948382e-12 
 1.28489603e-04  8.96706980e-01  8.96822522e-01  8.96777681e-01 -1.56357868e-05 -3.49377428e-13  5.36390902e-12 
 1.28589603e-04  8.96707152e-01  8.96822510e-01  8.96777674e-01 -1.55867853e-05 -5.90972583e-13  2.96991116e-12 
 1.28689603e-04  8.96706966e-01  8.96822508e-01  8.96777667e-01 -1.56357833e-05 -3.49262936e-13  5.36355953e-12 
 1.28789603e-04  8.96707138e-01  8.96822496e-01  8.96777660e-01 -1.55867888e-05 -5.91085991e-13  2.97033692e-12 
 1.28889603e-04  8.96706951e-01  8.96822493e-01  8.96777652e-01 -1.56357799e-05 -3.49149529e-13  5.36308189e-12 
 1.28989603e-04  8.96707123e-01  8.96822482e-01  8.96777645e-01 -1.55867922e-05 -5.91199832e-13  2.97082909e-12 
 1.29089603e-04  8.96706937e-01  8.96822479e-01  8.96777638e-01 -1.56357765e-05 -3.49036338e-13  5.36255437e-12 
 1.29189603e-04  8.96707109e-01  8.96822467e-01  8.96777631e-01 -1.55867956e-05 -5.91313023e-13  2.97133282e-12 
 1.29289603e-04  8.96706923e-01  8.96822465e-01  8.96777624e-01 -1.56357730e-05 -3.48922714e-13  5.36217717e-12 
 1.29389603e-04  8.96707095e-01  8.96822453e-01  8.96777617e-01 -1.55867991e-05 -5.91426864e-13  2.97177555e-12 
 1.29489603e-04  8.96706908e-01  8.96822450e-01  8.96777609e-01 -1.56357696e-05 -3.48809306e-13  5.36172517e-12 
 1.29589603e-04  8.96707080e-01  8.96822439e-01  8.96777602e-01 -1.55868025e-05 -5.91539187e-13  2.97219503e-12 
 1.29689603e-04  8.96706894e-01  8.96822436e-01  8.96777595e-01 -1.56357662e-05 -3.48697416e-13  5.36124660e-12 
 1.29789603e-04  8.96707066e-01  8.96822425e-01  8.96777588e-01 -1.55868060e-05 -5.91649126e-13  2.97263922e-12 
 1.29889603e-04  8.96706880e-01  8.96822422e-01  8.96777581e-01 -1.56357627e-05 -3.48584876e-13  5.36079156e-12 
 1.29989603e-04  8.96707052e-01  8.96822410e-01  8.96777574e-01 -1.55868094e-05 -5.91761883e-13  2.97304352e-12 
 1.30089603e-04  8.96706865e-01  8.96822407e-01  8.96777567e-01 -1.56357593e-05 -3.48474721e-13  5.36033961e-12 
 1.30189603e-04  8.96707037e-01  8.96822396e-01  8.96777559e-01 -1.55868128e-05 -5.91873989e-13  2.97361235e-12 
 1.30289603e-04  8.96706851e-01  8.96822393e-01  8.96777552e-01 -1.56357559e-05 -3.48362398e-13  5.35984977e-12 
 1.30389603e-04  8.96707023e-01  8.96822382e-01  8.96777545e-01 -1.55868163e-05 -5.91985011e-13  2.97402592e-12 
 1.30489603e-04  8.96706837e-01  8.96822379e-01  8.96777538e-01 -1.56357524e-05 -3.48251376e-13  5.35946331e-12 
 1.30589603e-04  8.96707009e-01  8.96822367e-01  8.96777531e-01 -1.55868197e-05 -5.92095817e-13  2.97448887e-12 
 1.30689603e-04  8.96706822e-01  8.96822364e-01  8.96777524e-01 -1.56357490e-05 -3.48142088e-13  5.35896701e-12 
 1.30789603e-04  8.96706994e-01  8.96822353e-01  8.96777516e-01 -1.55868231e-05 -5.92206839e-13  2.97491258e-12 
 1.30889603e-04  8.96706808e-01  8.96822350e-01  8.96777509e-01 -1.56357456e-05 -3.48029982e-13  5.35854792e-12 
 1.30989603e-04  8.96706980e-01  8.96822339e-01  8.96777502e-01 -1.55868266e-05 -5.92316344e-13  2.97536057e-12 
 1.31089603e-04  8.96706794e-01  8.96822336e-01  8.96777495e-01 -1.56357421e-05 -3.47920260e-13  5.35805504e-12 
 1.31189603e-04  8.96706966e-01  8.96822324e-01  8.96777488e-01 -1.55868300e-05 -5.92426715e-13  2.97578992e-12 
 1.31289603e-04  8.96706780e-01  8.96822322e-01  8.96777481e-01 -1.56357387e-05 -3.47810322e-13  5.35766608e-12 
 1.31389603e-04  8.96706951e-01  8.96822310e-01  8.96777473e-01 -1.55868335e-05 -5.92534485e-13  2.97627152e-12 
 1.31489603e-04  8.96706765e-01  8.96822307e-01  8.96777466e-01 -1.56357353e-05 -3.47701035e-13  5.35716886e-12 
 1.31589603e-04  8.96706937e-01  8.96822296e-01  8.96777459e-01 -1.55868369e-05 -5.92643773e-13  2.97677009e-12 
 1.31689603e-04  8.96706751e-01  8.96822293e-01  8.96777452e-01 -1.56357318e-05 -3.47593265e-13  5.35674597e-12 
 1.31789603e-04  8.96706923e-01  8.96822281e-01  8.96777445e-01 -1.55868403e-05 -5.92753277e-13  2.97721955e-12 
 1.31889603e-04  8.96706737e-01  8.96822279e-01  8.96777438e-01 -1.56357284e-05 -3.47484845e-13  5.35623640e-12 
 1.31989603e-04  8.96706908e-01  8.96822267e-01  8.96777431e-01 -1.55868438e-05 -5.92863866e-13  2.97761094e-12 
 1.32089603e-04  8.96706722e-01  8.96822264e-01  8.96777423e-01 -1.56357250e-05 -3.47375557e-13  5.35577366e-12 
 1.32189603e-04  8.96706894e-01  8.96822253e-01  8.96777416e-01 -1.55868472e-05 -5.92971852e-13  2.97809515e-12 
 1.32289603e-04  8.96706708e-01  8.96822250e-01  8.96777409e-01 -1.56357216e-05 -3.47266053e-13  5.35542227e-12 
 1.32389603e-04  8.96706880e-01  8.96822238e-01  8.96777402e-01 -1.55868506e-05 -5.93078755e-13  2.97856797e-12 
 1.32489603e-04  8.96706694e-01  8.96822236e-01  8.96777395e-01 -1.56357181e-05 -3.47160018e-13  5.35492435e-12 
 1.32589603e-04  8.96706865e-01  8.96822224e-01  8.96777388e-01 -1.55868541e-05 -5.93186741e-13  2.97893611e-12 
 1.32689603e-04  8.96706679e-01  8.96822221e-01  8.96777380e-01 -1.56357147e-05 -3.47052682e-13  5.35444687e-12 
 1.32789603e-04  8.96706851e-01  8.96822210e-01  8.96777373e-01 -1.55868575e-05 -5.93292125e-13  2.97950092e-12 
 1.32889603e-04  8.96706665e-01  8.96822207e-01  8.96777366e-01 -1.56357113e-05 -3.46945346e-13  5.35396244e-12 
 1.32989603e-04  8.96706837e-01  8.96822195e-01  8.96777359e-01 -1.55868609e-05 -5.93399245e-13  2.97988636e-12 
 1.33089603e-04  8.96706651e-01  8.96822193e-01  8.96777352e-01 -1.56357079e-05 -3.46839961e-13  5.35359040e-12 
 1.33189603e-04  8.96706823e-01  8.96822181e-01  8.96777345e-01 -1.55868644e-05 -5.93504846e-13  2.98034557e-12 
 1.33289603e-04  8.96706636e-01  8.96822178e-01  8.96777337e-01 -1.56357044e-05 -3.46734794e-13  5.35309937e-12 
 1.33389603e-04  8.96706808e-01  8.96822167e-01  8.96777330e-01 -1.55868678e-05 -5.93610664e-13  2.98085292e-12 
 1.33489603e-04  8.96706622e-01  8.96822164e-01  8.96777323e-01 -1.56357010e-05 -3.46628325e-13  5.35264503e-12 
 1.33589603e-04  8.96706794e-01  8.96822152e-01  8.96777316e-01 -1.55868712e-05 -5.93717566e-13  2.98129208e-12 
 1.33689603e-04  8.96706608e-01  8.96822150e-01  8.96777309e-01 -1.56356976e-05 -3.46522290e-13  5.35221070e-12 
 1.33789603e-04  8.96706780e-01  8.96822138e-01  8.96777302e-01 -1.55868746e-05 -5.93822517e-13  2.98167724e-12 
 1.33889603e-04  8.96706594e-01  8.96822135e-01  8.96777295e-01 -1.56356942e-05 -3.46415171e-13  5.35172275e-12 
 1.33989603e-04  8.96706765e-01  8.96822124e-01  8.96777287e-01 -1.55868781e-05 -5.93927685e-13  2.98217017e-12 
 1.34089603e-04  8.96706579e-01  8.96822121e-01  8.96777280e-01 -1.56356907e-05 -3.46311738e-13  5.35134870e-12 
 1.34189603e-04  8.96706751e-01  8.96822109e-01  8.96777273e-01 -1.55868815e-05 -5.94032202e-13  2.98262890e-12 
 1.34289603e-04  8.96706565e-01  8.96822107e-01  8.96777266e-01 -1.56356873e-05 -3.46208305e-13  5.35082482e-12 
 1.34389603e-04  8.96706737e-01  8.96822095e-01  8.96777259e-01 -1.55868849e-05 -5.94135635e-13  2.98308459e-12 
 1.34489603e-04  8.96706551e-01  8.96822093e-01  8.96777252e-01 -1.56356839e-05 -3.46103137e-13  5.35040377e-12 
 1.34589603e-04  8.96706722e-01  8.96822081e-01  8.96777244e-01 -1.55868884e-05 -5.94240152e-13  2.98355785e-12 
 1.34689603e-04  8.96706536e-01  8.96822078e-01  8.96777237e-01 -1.56356805e-05 -3.45999054e-13  5.34991257e-12 
 1.34789603e-04  8.96706708e-01  8.96822067e-01  8.96777230e-01 -1.55868918e-05 -5.94344669e-13  2.98396448e-12 
 1.34889603e-04  8.96706522e-01  8.96822064e-01  8.96777223e-01 -1.56356771e-05 -3.45895404e-13  5.34943053e-12 
 1.34989603e-04  8.96706694e-01  8.96822052e-01  8.96777216e-01 -1.55868952e-05 -5.94447885e-13  2.98442716e-12 
 1.35089603e-04  8.96706508e-01  8.96822050e-01  8.96777209e-01 -1.56356736e-05 -3.45793489e-13  5.34908885e-12 
 1.35189603e-04  8.96706679e-01  8.96822038e-01  8.96777201e-01 -1.55868986e-05 -5.94551752e-13  2.98489288e-12 
 1.35289603e-04  8.96706493e-01  8.96822035e-01  8.96777194e-01 -1.56356702e-05 -3.45690056e-13  5.34853975e-12 
 1.35389603e-04  8.96706665e-01  8.96822024e-01  8.96777187e-01 -1.55869021e-05 -5.94654751e-13  2.98532352e-12 
 1.35489603e-04  8.96706479e-01  8.96822021e-01  8.96777180e-01 -1.56356668e-05 -3.45587274e-13  5.34814933e-12 
 1.35589603e-04  8.96706651e-01  8.96822009e-01  8.96777173e-01 -1.55869055e-05 -5.94756015e-13  2.98580410e-12 
 1.35689603e-04  8.96706465e-01  8.96822007e-01  8.96777166e-01 -1.56356634e-05 -3.45484709e-13  5.34766030e-12 
 1.35789603e-04  8.96706636e-01  8.96821995e-01  8.96777159e-01 -1.55869089e-05 -5.94857497e-13  2.98628456e-12 
 1.35889603e-04  8.96706451e-01  8.96821992e-01  8.96777151e-01 -1.56356600e-05 -3.45383444e-13  5.34721372e-12 
 1.35989603e-04  8.96706622e-01  8.96821981e-01  8.96777144e-01 -1.55869123e-05 -5.94958978e-13  2.98667953e-12 
 1.36089603e-04  8.96706436e-01  8.96821978e-01  8.96777137e-01 -1.56356566e-05 -3.45281963e-13  5.34684287e-12 
 1.36189603e-04  8.96706608e-01  8.96821966e-01  8.96777130e-01 -1.55869158e-05 -5.95060893e-13  2.98715555e-12 
 1.36289603e-04  8.96706422e-01  8.96821964e-01  8.96777123e-01 -1.56356531e-05 -3.45180048e-13  5.34629768e-12 
 1.36389603e-04  8.96706593e-01  8.96821952e-01  8.96777116e-01 -1.55869192e-05 -5.95161941e-13  2.98762133e-12 
 1.36489603e-04  8.96706408e-01  8.96821949e-01  8.96777108e-01 -1.56356497e-05 -3.45079434e-13  5.34586275e-12 
 1.36589603e-04  8.96706579e-01  8.96821938e-01  8.96777101e-01 -1.55869226e-05 -5.95264723e-13  2.98799760e-12 
 1.36689603e-04  8.96706393e-01  8.96821935e-01  8.96777094e-01 -1.56356463e-05 -3.44979037e-13  5.34538153e-12 
 1.36789603e-04  8.96706565e-01  8.96821923e-01  8.96777087e-01 -1.55869260e-05 -5.95364686e-13  2.98851975e-12 
 1.36889603e-04  8.96706379e-01  8.96821921e-01  8.96777080e-01 -1.56356429e-05 -3.44875821e-13  5.34495045e-12 
 1.36989603e-04  8.96706550e-01  8.96821909e-01  8.96777073e-01 -1.55869294e-05 -5.95464650e-13  2.98893636e-12 
 1.37089603e-04  8.96706365e-01  8.96821906e-01  8.96777065e-01 -1.56356395e-05 -3.44776074e-13  5.34448581e-12 
 1.37189603e-04  8.96706536e-01  8.96821895e-01  8.96777058e-01 -1.55869329e-05 -5.95564396e-13  2.98939741e-12 
 1.37289603e-04  8.96706350e-01  8.96821892e-01  8.96777051e-01 -1.56356361e-05 -3.44675677e-13  5.34411296e-12 
 1.37389603e-04  8.96706522e-01  8.96821880e-01  8.96777044e-01 -1.55869363e-05 -5.95663926e-13  2.98987370e-12 
 1.37489603e-04  8.96706336e-01  8.96821878e-01  8.96777037e-01 -1.56356327e-05 -3.44576364e-13  5.34358977e-12 
 1.37589603e-04  8.96706507e-01  8.96821866e-01  8.96777030e-01 -1.55869397e-05 -5.95763239e-13  2.99035053e-12 
 1.37689603e-04  8.96706322e-01  8.96821863e-01  8.96777023e-01 -1.56356292e-05 -3.44478352e-13  5.34312118e-12 
 1.37789603e-04  8.96706493e-01  8.96821852e-01  8.96777015e-01 -1.55869431e-05 -5.95861468e-13  2.99073353e-12 
 1.37889603e-04  8.96706307e-01  8.96821849e-01  8.96777008e-01 -1.56356258e-05 -3.44380123e-13  5.34276670e-12 
 1.37989603e-04  8.96706479e-01  8.96821837e-01  8.96777001e-01 -1.55869465e-05 -5.95962082e-13  2.99122939e-12 
 1.38089603e-04  8.96706293e-01  8.96821835e-01  8.96776994e-01 -1.56356224e-05 -3.44280810e-13  5.34222417e-12 
 1.38189603e-04  8.96706464e-01  8.96821823e-01  8.96776987e-01 -1.55869500e-05 -5.96060527e-13  2.99164935e-12 
 1.38289603e-04  8.96706279e-01  8.96821821e-01  8.96776980e-01 -1.56356190e-05 -3.44182799e-13  5.34178089e-12 
 1.38389603e-04  8.96706450e-01  8.96821809e-01  8.96776972e-01 -1.55869534e-05 -5.96158756e-13  2.99213497e-12 
 1.38489603e-04  8.96706265e-01  8.96821806e-01  8.96776965e-01 -1.56356156e-05 -3.44085220e-13  5.34136028e-12 
 1.38589603e-04  8.96706436e-01  8.96821794e-01  8.96776958e-01 -1.55869568e-05 -5.96255901e-13  2.99254946e-12 
 1.38689603e-04  8.96706250e-01  8.96821792e-01  8.96776951e-01 -1.56356122e-05 -3.43988076e-13  5.34086485e-12 
 1.38789603e-04  8.96706421e-01  8.96821780e-01  8.96776944e-01 -1.55869602e-05 -5.96353696e-13  2.99302223e-12 
 1.38889603e-04  8.96706236e-01  8.96821778e-01  8.96776937e-01 -1.56356088e-05 -3.43890064e-13  5.34046516e-12 
 1.38989603e-04  8.96706407e-01  8.96821766e-01  8.96776929e-01 -1.55869636e-05 -5.96451057e-13  2.99344983e-12 
 1.39089603e-04  8.96706222e-01  8.96821763e-01  8.96776922e-01 -1.56356054e-05 -3.43792919e-13  5.34001375e-12 
 1.39189603e-04  8.96706393e-01  8.96821752e-01  8.96776915e-01 -1.55869670e-05 -5.96547985e-13  2.99399145e-12 
 1.39289603e-04  8.96706207e-01  8.96821749e-01  8.96776908e-01 -1.56356020e-05 -3.43696209e-13  5.33949149e-12 
 1.39389603e-04  8.96706378e-01  8.96821737e-01  8.96776901e-01 -1.55869705e-05 -5.96645129e-13  2.99440382e-12 
 1.39489603e-04  8.96706193e-01  8.96821735e-01  8.96776894e-01 -1.56355985e-05 -3.43600365e-13  5.33909614e-12 
 1.39589603e-04  8.96706364e-01  8.96821723e-01  8.96776887e-01 -1.55869739e-05 -5.96740756e-13  2.99481474e-12 
 1.39689603e-04  8.96706179e-01  8.96821720e-01  8.96776879e-01 -1.56355951e-05 -3.43505172e-13  5.33858575e-12 
 1.39789603e-04  8.96706350e-01  8.96821709e-01  8.96776872e-01 -1.55869773e-05 -5.96836816e-13  2.99527747e-12 
 1.39889603e-04  8.96706164e-01  8.96821706e-01  8.96776865e-01 -1.56355917e-05 -3.43406293e-13  5.33821782e-12 
 1.39989603e-04  8.96706335e-01  8.96821694e-01  8.96776858e-01 -1.55869807e-05 -5.96933527e-13  2.99569576e-12 
 1.40089603e-04  8.96706150e-01  8.96821692e-01  8.96776851e-01 -1.56355883e-05 -3.43311317e-13  5.33771654e-12 
 1.40189603e-04  8.96706321e-01  8.96821680e-01  8.96776844e-01 -1.55869841e-05 -5.97028286e-13  2.99620496e-12 
 1.40289603e-04  8.96706136e-01  8.96821677e-01  8.96776836e-01 -1.56355849e-05 -3.43215690e-13  5.33724649e-12 
 1.40389603e-04  8.96706307e-01  8.96821666e-01  8.96776829e-01 -1.55869875e-05 -5.97122612e-13  2.99658849e-12 
 1.40489603e-04  8.96706121e-01  8.96821663e-01  8.96776822e-01 -1.56355815e-05 -3.43121581e-13  5.33680337e-12 
 1.40589603e-04  8.96706292e-01  8.96821651e-01  8.96776815e-01 -1.55869909e-05 -5.97218022e-13  2.99710999e-12 
 1.40689603e-04  8.96706107e-01  8.96821649e-01  8.96776808e-01 -1.56355781e-05 -3.43026605e-13  5.33638883e-12 
 1.40789603e-04  8.96706278e-01  8.96821637e-01  8.96776801e-01 -1.55869943e-05 -5.97313431e-13  2.99758894e-12 
 1.40889603e-04  8.96706093e-01  8.96821634e-01  8.96776794e-01 -1.56355747e-05 -3.42932713e-13  5.33597851e-12 
 1.40989603e-04  8.96706264e-01  8.96821623e-01  8.96776786e-01 -1.55869978e-05 -5.97407106e-13  2.99800896e-12 
 1.41089603e-04  8.96706079e-01  8.96821620e-01  8.96776779e-01 -1.56355713e-05 -3.42837087e-13  5.33550770e-12 
 1.41189603e-04  8.96706249e-01  8.96821608e-01  8.96776772e-01 -1.55870012e-05 -5.97503817e-13  2.99845912e-12 
 1.41289603e-04  8.96706064e-01  8.96821606e-01  8.96776765e-01 -1.56355679e-05 -3.42741677e-13  5.33498538e-12 
 1.41389603e-04  8.96706235e-01  8.96821594e-01  8.96776758e-01 -1.55870046e-05 -5.97597492e-13  2.99889974e-12 
 1.41489603e-04  8.96706050e-01  8.96821592e-01  8.96776751e-01 -1.56355645e-05 -3.42648653e-13  5.33456580e-12 
 1.41589603e-04  8.96706221e-01  8.96821580e-01  8.96776743e-01 -1.55870080e-05 -5.97690083e-13  2.99934611e-12 
 1.41689603e-04  8.96706036e-01  8.96821577e-01  8.96776736e-01 -1.56355611e-05 -3.42555845e-13  5.33413559e-12 
 1.41789603e-04  8.96706206e-01  8.96821565e-01  8.96776729e-01 -1.55870114e-05 -5.97782457e-13  2.99981524e-12 
 1.41889603e-04  8.96706021e-01  8.96821563e-01  8.96776722e-01 -1.56355577e-05 -3.42462820e-13  5.33367420e-12 
 1.41989603e-04  8.96706192e-01  8.96821551e-01  8.96776715e-01 -1.55870148e-05 -5.97876783e-13  3.00022702e-12 
 1.42089603e-04  8.96706007e-01  8.96821549e-01  8.96776708e-01 -1.56355543e-05 -3.42370229e-13  5.33322773e-12 
 1.42189603e-04  8.96706178e-01  8.96821537e-01  8.96776700e-01 -1.55870182e-05 -5.97967856e-13  3.00072564e-12 
 1.42289603e-04  8.96705993e-01  8.96821534e-01  8.96776693e-01 -1.56355509e-05 -3.42277205e-13  5.33278033e-12 
 1.42389603e-04  8.96706163e-01  8.96821522e-01  8.96776686e-01 -1.55870216e-05 -5.98060013e-13  3.00116182e-12 
 1.42489603e-04  8.96705978e-01  8.96821520e-01  8.96776679e-01 -1.56355475e-05 -3.42186566e-13  5.33231906e-12 
 1.42589603e-04  8.96706149e-01  8.96821508e-01  8.96776672e-01 -1.55870250e-05 -5.98153688e-13  3.00159870e-12 
 1.42689603e-04  8.96705964e-01  8.96821506e-01  8.96776665e-01 -1.56355441e-05 -3.42094192e-13  5.33184532e-12 
 1.42789603e-04  8.96706135e-01  8.96821494e-01  8.96776657e-01 -1.55870284e-05 -5.98246496e-13  3.00210773e-12 
 1.42889603e-04  8.96705950e-01  8.96821491e-01  8.96776650e-01 -1.56355407e-05 -3.42000733e-13  5.33142226e-12 
 1.42989603e-04  8.96706120e-01  8.96821479e-01  8.96776643e-01 -1.55870318e-05 -5.98337569e-13  3.00250460e-12 
 1.43089603e-04  8.96705936e-01  8.96821477e-01  8.96776636e-01 -1.56355373e-05 -3.41909010e-13  5.33099574e-12 
 1.43189603e-04  8.96706106e-01  8.96821465e-01  8.96776629e-01 -1.55870352e-05 -5.98427558e-13  3.00295791e-12 
 1.43289603e-04  8.96705921e-01  8.96821463e-01  8.96776622e-01 -1.56355339e-05 -3.41818154e-13  5.33052362e-12 
 1.43389603e-04  8.96706092e-01  8.96821451e-01  8.96776615e-01 -1.55870386e-05 -5.98518630e-13  3.00342948e-12 
 1.43489603e-04  8.96705907e-01  8.96821448e-01  8.96776607e-01 -1.56355305e-05 -3.41727298e-13  5.33005432e-12 
 1.43589603e-04  8.96706077e-01  8.96821437e-01  8.96776600e-01 -1.55870421e-05 -5.98610137e-13  3.00387113e-12 
 1.43689603e-04  8.96705893e-01  8.96821434e-01  8.96776593e-01 -1.56355271e-05 -3.41636875e-13  5.32962541e-12 
 1.43789603e-04  8.96706063e-01  8.96821422e-01  8.96776586e-01 -1.55870455e-05 -5.98701210e-13  3.00431224e-12 
 1.43889603e-04  8.96705878e-01  8.96821420e-01  8.96776579e-01 -1.56355237e-05 -3.41546453e-13  5.32917270e-12 
 1.43989603e-04  8.96706049e-01  8.96821408e-01  8.96776572e-01 -1.55870489e-05 -5.98791416e-13  3.00478013e-12 
 1.44089603e-04  8.96705864e-01  8.96821405e-01  8.96776564e-01 -1.56355203e-05 -3.41455163e-13  5.32871577e-12 
 1.44189603e-04  8.96706034e-01  8.96821394e-01  8.96776557e-01 -1.55870523e-05 -5.98882055e-13  3.00525913e-12 
 1.44289603e-04  8.96705850e-01  8.96821391e-01  8.96776550e-01 -1.56355169e-05 -3.41367342e-13  5.32823145e-12 
 1.44389603e-04  8.96706020e-01  8.96821379e-01  8.96776543e-01 -1.55870557e-05 -5.98971176e-13  3.00568267e-12 
 1.44489603e-04  8.96705835e-01  8.96821377e-01  8.96776536e-01 -1.56355135e-05 -3.41275836e-13  5.32782060e-12 
 1.44589603e-04  8.96706006e-01  8.96821365e-01  8.96776529e-01 -1.55870591e-05 -5.99061165e-13  3.00611380e-12 
 1.44689603e-04  8.96705821e-01  8.96821363e-01  8.96776522e-01 -1.56355101e-05 -3.41185413e-13  5.32734626e-12 
 1.44789603e-04  8.96705991e-01  8.96821351e-01  8.96776514e-01 -1.55870625e-05 -5.99149636e-13  3.00657112e-12 
 1.44889603e-04  8.96705807e-01  8.96821348e-01  8.96776507e-01 -1.56355067e-05 -3.41097376e-13  5.32696868e-12 
 1.44989603e-04  8.96705977e-01  8.96821336e-01  8.96776500e-01 -1.55870659e-05 -5.99238541e-13  3.00704806e-12 
 1.45089603e-04  8.96705792e-01  8.96821334e-01  8.96776493e-01 -1.56355033e-05 -3.41009122e-13  5.32649510e-12 
 1.45189603e-04  8.96705963e-01  8.96821322e-01  8.96776486e-01 -1.55870693e-05 -5.99326144e-13  3.00750397e-12 
 1.45289603e-04  8.96705778e-01  8.96821320e-01  8.96776479e-01 -1.56354999e-05 -3.40920217e-13  5.32604283e-12 
 1.45389603e-04  8.96705948e-01  8.96821308e-01  8.96776471e-01 -1.55870727e-05 -5.99415266e-13  3.00792019e-12 
 1.45489603e-04  8.96705764e-01  8.96821305e-01  8.96776464e-01 -1.56354965e-05 -3.40831530e-13  5.32551260e-12 
 1.45589603e-04  8.96705934e-01  8.96821293e-01  8.96776457e-01 -1.55870761e-05 -5.99506122e-13  3.00844186e-12 
 1.45689603e-04  8.96705750e-01  8.96821291e-01  8.96776450e-01 -1.56354931e-05 -3.40744143e-13  5.32508239e-12 
 1.45789603e-04  8.96705920e-01  8.96821279e-01  8.96776443e-01 -1.55870795e-05 -5.99593725e-13  3.00884767e-12 
 1.45889603e-04  8.96705735e-01  8.96821277e-01  8.96776436e-01 -1.56354897e-05 -3.40654805e-13  5.32467283e-12 
 1.45989603e-04  8.96705905e-01  8.96821265e-01  8.96776428e-01 -1.55870829e-05 -5.99679811e-13  3.00927951e-12 
 1.46089603e-04  8.96705721e-01  8.96821262e-01  8.96776421e-01 -1.56354864e-05 -3.40567201e-13  5.32423834e-12 
 1.46189603e-04  8.96705891e-01  8.96821250e-01  8.96776414e-01 -1.55870863e-05 -5.99768282e-13  3.00969763e-12 
 1.46289603e-04  8.96705707e-01  8.96821248e-01  8.96776407e-01 -1.56354830e-05 -3.40480682e-13  5.32373635e-12 
 1.46389603e-04  8.96705877e-01  8.96821236e-01  8.96776400e-01 -1.55870897e-05 -5.99855235e-13  3.01019783e-12 
 1.46489603e-04  8.96705692e-01  8.96821234e-01  8.96776393e-01 -1.56354796e-05 -3.40393729e-13  5.32333021e-12 
 1.46589603e-04  8.96705862e-01  8.96821222e-01  8.96776385e-01 -1.55870931e-05 -5.99942188e-13  3.01063829e-12 
 1.46689603e-04  8.96705678e-01  8.96821219e-01  8.96776378e-01 -1.56354762e-05 -3.40307426e-13  5.32282606e-12 
 1.46789603e-04  8.96705848e-01  8.96821207e-01  8.96776371e-01 -1.55870965e-05 -6.00028924e-13  3.01108053e-12 
 1.46844802e-04  8.96705667e-01  8.96821208e-01  8.96776367e-01 -1.56354714e-05 -3.40179924e-13  5.31583761e-12 
 1.46900000e-04  8.96705840e-01  8.96821200e-01  8.96776363e-01 -1.55871026e-05 -6.00169437e-13  3.00344650e-12 
