 time            v(XDUT.HOLD)    v(out)          v(pad)          i(VDD)          i(VHI)          i(VLO)         
 0.00000000e+00  6.98843515e-01  6.98987028e-01  6.98952080e-01 -1.51909587e-05 -4.01995494e-13  1.00730519e-12 
 1.00000000e-09  6.98843515e-01  6.98987028e-01  6.98952080e-01 -1.51909587e-05 -4.02009155e-13  1.00729077e-12 
 2.00000000e-09  6.98843515e-01  6.98987028e-01  6.98952080e-01 -1.51909587e-05 -4.02012191e-13  1.00728871e-12 
 4.00000000e-09  6.98843515e-01  6.98987028e-01  6.98952080e-01 -1.51909587e-05 -4.02014142e-13  1.00728838e-12 
 8.00000000e-09  6.98843515e-01  6.98987028e-01  6.98952080e-01 -1.51909587e-05 -4.01995494e-13  1.00731316e-12 
 1.60000000e-08  6.98843515e-01  6.98987028e-01  6.98952080e-01 -1.51909587e-05 -4.02009589e-13  1.00729657e-12 
 3.20000000e-08  6.98843515e-01  6.98987028e-01  6.98952080e-01 -1.51909587e-05 -4.01995711e-13  1.00731435e-12 
 6.40000000e-08  6.98843515e-01  6.98987028e-01  6.98952080e-01 -1.51909587e-05 -4.01992242e-13  1.00731581e-12 
 1.00000000e-07  6.98843515e-01  6.98987028e-01  6.98952080e-01 -1.51909587e-05 -4.02009589e-13  1.00728611e-12 
 1.00024686e-07  6.98848602e-01  6.99032648e-01  6.98952526e-01 -1.19440587e-05  4.65867417e-09  4.88337556e-09 
 1.00074057e-07  6.98853727e-01  6.99101652e-01  6.98954084e-01 -1.05625641e-05  1.31646607e-08  1.45609980e-08 
 1.00172801e-07  6.98862691e-01  6.99182007e-01  6.98960002e-01 -9.50583509e-06  2.61819870e-08  3.30149762e-08 
 1.00303641e-07  6.98875100e-01  6.99240233e-01  6.98971027e-01 -8.77729936e-06  3.90154485e-08  5.60332870e-08 
 1.00565323e-07  6.98898867e-01  6.99283700e-01  6.98996490e-01 -8.71366192e-06  5.94225780e-08  9.84597941e-08 
 1.00873815e-07  6.98927433e-01  6.99301672e-01  6.99026853e-01 -8.59314851e-06  7.98141912e-08  1.43265021e-07 
 1.01487246e-07  6.98983906e-01  6.99320579e-01  6.99081344e-01 -9.38087964e-06  1.10780046e-07  2.19268933e-07 
 1.01625119e-07  6.98997676e-01  6.99322789e-01  6.99092367e-01 -9.84311479e-06  1.13410743e-07  2.34324828e-07 
 1.01846823e-07  6.99021353e-01  6.99314032e-01  6.99108594e-01 -1.30752817e-05  9.70109337e-08  2.57138843e-07 
 1.01988703e-07  6.99039490e-01  6.99297529e-01  6.99117547e-01 -1.71275635e-05  6.10785214e-08  2.71129510e-07 
 1.02106704e-07  6.99056045e-01  6.99270846e-01  6.99123619e-01 -2.25943695e-05  2.66572581e-09  2.83395457e-07 
 1.02225918e-07  6.99074716e-01  6.99229982e-01  6.99127896e-01 -2.97412933e-05 -9.49283956e-08  2.99011107e-07 
 1.02347199e-07  6.99094017e-01  6.99170060e-01  6.99129657e-01 -3.84912584e-05 -2.47299410e-07  3.24545996e-07 
 1.02463399e-07  6.99112227e-01  6.99092447e-01  6.99128141e-01 -4.67493038e-05 -4.58094743e-07  3.69834859e-07 
 1.02568504e-07  6.99126279e-01  6.98999984e-01  6.99123329e-01 -5.27879864e-05 -7.18614583e-07  4.45026376e-07 
 1.02664702e-07  6.99136291e-01  6.98891850e-01  6.99115311e-01 -5.53779792e-05 -1.03071752e-06  5.62615470e-07 
 1.02774289e-07  6.99142126e-01  6.98739214e-01  6.99100953e-01 -5.56178090e-05 -1.48761723e-06  7.87859425e-07 
 1.02878805e-07  6.99141916e-01  6.98573151e-01  6.99081308e-01 -5.55451209e-05 -2.02625453e-06  1.13397507e-06 
 1.03048210e-07  6.99128032e-01  6.98295143e-01  6.99036601e-01 -5.65451526e-05 -3.08834414e-06  2.09884103e-06 
 1.03182529e-07  6.99105710e-01  6.98084493e-01  6.98990467e-01 -5.76785249e-05 -4.07186262e-06  3.31260375e-06 
 1.03294331e-07  6.99079098e-01  6.97925612e-01  6.98945833e-01 -5.88234166e-05 -4.96308309e-06  4.68831613e-06 
 1.03381877e-07  6.99052318e-01  6.97817599e-01  6.98907661e-01 -5.93129311e-05 -5.69138486e-06  6.01958537e-06 
 1.03428470e-07  6.99033902e-01  6.97769405e-01  6.98886442e-01 -5.93528877e-05 -6.08310076e-06  6.82306217e-06 
 1.03461472e-07  6.99017724e-01  6.97742218e-01  6.98871156e-01 -5.89759822e-05 -6.35771052e-06  7.43343988e-06 
 1.03488393e-07  6.99000623e-01  6.97727218e-01  6.98858610e-01 -5.83679942e-05 -6.57604240e-06  7.95790756e-06 
 1.03512248e-07  6.98981314e-01  6.97722653e-01  6.98847512e-01 -5.73251717e-05 -6.76094679e-06  8.44403779e-06 
 1.03537382e-07  6.98955649e-01  6.97731164e-01  6.98835953e-01 -5.56884092e-05 -6.94121393e-06  8.98020182e-06 
 1.03569813e-07  6.98916503e-01  6.97768226e-01  6.98821502e-01 -5.27370102e-05 -7.14250833e-06  9.71277804e-06 
 1.03599735e-07  6.98877699e-01  6.97830033e-01  6.98808922e-01 -4.94874130e-05 -7.29140897e-06  1.04334005e-05 
 1.03640888e-07  6.98825734e-01  6.97952233e-01  6.98793368e-01 -4.45483250e-05 -7.43586219e-06  1.14993622e-05 
 1.03682488e-07  6.98779238e-01  6.98106586e-01  6.98780184e-01 -3.95234828e-05 -7.51593028e-06  1.26654423e-05 
 1.03717692e-07  6.98746086e-01  6.98249618e-01  6.98771276e-01 -3.54379638e-05 -7.53931469e-06  1.37189747e-05 
 1.03753917e-07  6.98717856e-01  6.98398491e-01  6.98764340e-01 -3.16044330e-05 -7.52939685e-06  1.48621137e-05 
 1.03795461e-07  6.98691841e-01  6.98562264e-01  6.98759084e-01 -2.77180890e-05 -7.48552975e-06  1.62407035e-05 
 1.03835976e-07  6.98671718e-01  6.98708796e-01  6.98756536e-01 -2.45175595e-05 -7.41809507e-06  1.76489112e-05 
 1.03881723e-07  6.98653460e-01  6.98854481e-01  6.98756358e-01 -2.15420855e-05 -7.32208434e-06  1.93083044e-05 
 1.03929239e-07  6.98637829e-01  6.98982573e-01  6.98758753e-01 -1.91122138e-05 -7.20782828e-06  2.11041751e-05 
 1.03984584e-07  6.98622020e-01  6.99103754e-01  6.98764216e-01 -1.69660880e-05 -7.06399294e-06  2.32828171e-05 
 1.04045059e-07  6.98605867e-01  6.99206446e-01  6.98772723e-01 -1.52922216e-05 -6.90021014e-06  2.57645462e-05 
 1.04118267e-07  6.98585737e-01  6.99298077e-01  6.98785554e-01 -1.39287574e-05 -6.69918102e-06  2.89029748e-05 
 1.04203164e-07  6.98558975e-01  6.99371876e-01  6.98802734e-01 -1.29665313e-05 -6.46749977e-06  3.27178376e-05 
 1.04312224e-07  6.98514658e-01  6.99433840e-01  6.98826863e-01 -1.22724799e-05 -6.17683692e-06  3.78794534e-05 
 1.04450240e-07  6.98433371e-01  6.99482390e-01  6.98858899e-01 -1.18875994e-05 -5.82337045e-06  4.48023568e-05 
 1.04648209e-07  6.98242437e-01  6.99525542e-01  6.98905373e-01 -1.16826072e-05 -5.34583686e-06  5.54067889e-05 
 1.04824105e-07  6.97974969e-01  6.99552678e-01  6.98946071e-01 -1.16494280e-05 -4.94998321e-06  6.53927033e-05 
 1.05000000e-07  6.97591049e-01  6.99576020e-01  6.98985718e-01 -1.16345368e-05 -4.57954362e-06  7.57750745e-05 
 1.05004200e-07  6.97577733e-01  6.99566019e-01  6.98986633e-01 -1.38497904e-05 -4.57178072e-06  7.60256886e-05 
 1.05012600e-07  6.97554469e-01  6.99548528e-01  6.98988430e-01 -1.44522192e-05 -4.55624597e-06  7.65257757e-05 
 1.05029400e-07  6.97511639e-01  6.99522461e-01  6.98991860e-01 -1.44345230e-05 -4.52507287e-06  7.75189322e-05 
 1.05063000e-07  6.97422434e-01  6.99483604e-01  6.98998218e-01 -1.48395888e-05 -4.46265397e-06  7.94772925e-05 
 1.05115253e-07  6.97280759e-01  6.99439510e-01  6.99007079e-01 -1.50106374e-05 -4.36616069e-06  8.24496404e-05 
 1.05219759e-07  6.96979783e-01  6.99385772e-01  6.99022254e-01 -1.54314933e-05 -4.17779883e-06  8.81345958e-05 
 1.05345784e-07  6.96588429e-01  6.99358071e-01  6.99037729e-01 -1.54841976e-05 -3.96082025e-06  9.45483901e-05 
 1.05547880e-07  6.95894384e-01  6.99349110e-01  6.99059555e-01 -1.56571062e-05 -3.63668159e-06  1.03898123e-04 
 1.05882333e-07  6.94577714e-01  6.99363326e-01  6.99092372e-01 -1.55896544e-05 -3.15917795e-06  1.17111164e-04 
 1.06465379e-07  6.91817268e-01  6.99398489e-01  6.99145335e-01 -1.56995469e-05 -2.47533360e-06  1.34581491e-04 
 1.07092297e-07  6.88256011e-01  6.99430559e-01  6.99197528e-01 -1.56360762e-05 -1.91108042e-06  1.47163815e-04 
 1.07805887e-07  6.83552204e-01  6.99456857e-01  6.99250288e-01 -1.57551227e-05 -1.43071350e-06  1.55908980e-04 
 1.08538217e-07  6.78108188e-01  6.99468845e-01  6.99295666e-01 -1.57013820e-05 -1.07044591e-06  1.60596364e-04 
 1.09403342e-07  6.71003580e-01  6.99457780e-01  6.99334808e-01 -1.58289494e-05 -7.67366666e-07  1.62508874e-04 
 1.10344138e-07  6.62599350e-01  6.99406433e-01  6.99354550e-01 -1.57885759e-05 -5.42625426e-07  1.61816818e-04 
 1.11478075e-07  6.51735539e-01  6.99275815e-01  6.99336657e-01 -1.59287474e-05 -3.66328456e-07  1.58875028e-04 
 1.12767786e-07  6.38658788e-01  6.99012616e-01  6.99243398e-01 -1.59056646e-05 -2.44339475e-07  1.54188221e-04 
 1.14387329e-07  6.21529867e-01  6.98463451e-01  6.98979007e-01 -1.60647360e-05 -1.58102210e-07  1.47660038e-04 
 1.16380441e-07  5.99904597e-01  6.97364922e-01  6.98352124e-01 -1.60674921e-05 -1.04947137e-07  1.39692018e-04 
 1.19004637e-07  5.71355440e-01  6.95015623e-01  6.96839924e-01 -1.62547457e-05 -7.41251344e-08  1.29981767e-04 
 1.21992389e-07  5.39665542e-01  6.90809604e-01  6.93875959e-01 -1.62740599e-05 -6.01206915e-08  1.20055450e-04 
 1.25427146e-07  5.05181365e-01  6.83646343e-01  6.88433500e-01 -1.64553971e-05 -5.30335259e-08  1.09782465e-04 
 1.29105932e-07  4.71109069e-01  6.73101762e-01  6.79876451e-01 -1.64541696e-05 -4.89773243e-08  9.97285892e-05 
 1.32995784e-07  4.38509983e-01  6.59010282e-01  6.67752408e-01 -1.65978707e-05 -4.59970882e-08  8.98869126e-05 
 1.37154173e-07  4.07478520e-01  6.41390433e-01  6.51783349e-01 -1.65519562e-05 -4.32188123e-08  8.01250597e-05 
 1.41665634e-07  3.77970507e-01  6.20550295e-01  6.32008938e-01 -1.66437043e-05 -4.01423748e-08  7.03754438e-05 
 1.46926805e-07  3.48466592e-01  5.95783728e-01  6.07528400e-01 -1.65365949e-05 -3.62816930e-08  6.01084457e-05 
 1.53193372e-07  3.19303109e-01  5.67838111e-01  5.78886813e-01 -1.65504283e-05 -3.14037738e-08  4.94158611e-05 
 1.59321846e-07  2.96117448e-01  5.43603744e-01  5.53340634e-01 -1.63727343e-05 -2.66481642e-08  4.05166222e-05 
 1.65522636e-07  2.77094102e-01  5.22799048e-01  5.31012336e-01 -1.63422687e-05 -2.21517838e-08  3.29564184e-05 
 1.72001569e-07  2.61122423e-01  5.04890891e-01  5.11603722e-01 -1.61366821e-05 -1.80113254e-08  2.64312247e-05 
 1.78348988e-07  2.48625969e-01  4.90587790e-01  4.96064868e-01 -1.60997466e-05 -1.45662965e-08  2.12135462e-05 
 1.85263522e-07  2.37850509e-01  4.77845347e-01  4.82284289e-01 -1.58972544e-05 -1.15003429e-08  1.66370120e-05 
 1.92783006e-07  2.28785004e-01  4.66410011e-01  4.70055112e-01 -1.58624529e-05 -8.87598839e-09  1.27312642e-05 
 2.01755245e-07  2.20722271e-01  4.54874863e-01  4.57936664e-01 -1.56641679e-05 -6.55394000e-09  9.21546937e-06 
 2.09360520e-07  2.15682678e-01  4.46155608e-01  4.48954007e-01 -1.56658795e-05 -5.12423542e-09  6.99746368e-06 
 2.17163198e-07  2.11776218e-01  4.37661404e-01  4.40339053e-01 -1.55189375e-05 -4.05551839e-09  5.26787108e-06 
 2.24902667e-07  2.08859532e-01  4.29360789e-01  4.32016329e-01 -1.55498050e-05 -3.28418804e-09  3.97059618e-06 
 2.35745894e-07  2.05928017e-01  4.17584867e-01  4.20292687e-01 -1.54166348e-05 -2.55313335e-09  2.66150348e-06 
 2.48417209e-07  2.03694805e-01  4.03418280e-01  4.06221509e-01 -1.54580188e-05 -2.01841354e-09  1.66087388e-06 
 2.64146262e-07  2.02039875e-01  3.85390212e-01  3.88257662e-01 -1.53457911e-05 -1.61910545e-09  9.17353533e-07 
 2.80981383e-07  2.01074157e-01  3.66208428e-01  3.69017428e-01 -1.54050403e-05 -1.32005394e-09  4.82977416e-07 
 3.00947415e-07  2.00494002e-01  3.44846341e-01  3.47412053e-01 -1.53025946e-05 -1.02964724e-09  2.21771036e-07 
 3.22891433e-07  2.00205180e-01  3.24442925e-01  3.26588266e-01 -1.53631247e-05 -7.44852647e-10  9.19963900e-08 
 3.40826247e-07  2.00099839e-01  3.10742959e-01  3.12494757e-01 -1.52683548e-05 -5.61564798e-10  4.45843849e-08 
 3.61269262e-07  2.00041573e-01  2.98335820e-01  2.99686167e-01 -1.53391365e-05 -4.01238222e-10  1.85905102e-08 
 3.80464175e-07  2.00017595e-01  2.89106573e-01  2.90198208e-01 -1.52529573e-05 -3.11535443e-10  7.71164891e-09 
 4.02277665e-07  2.00005245e-01  2.80215728e-01  2.81165879e-01 -1.53320963e-05 -2.65161997e-10  2.29711250e-09 
 4.24408387e-07  2.00000588e-01  2.71965509e-01  2.72863431e-01 -1.52515257e-05 -2.68988148e-10  5.99421524e-11 
 4.49494543e-07  1.99997906e-01  2.63169549e-01  2.64009490e-01 -1.53337021e-05 -2.69500596e-10 -1.00190535e-09 
 4.78632976e-07  1.99997180e-01  2.54008870e-01  2.54734527e-01 -1.52528183e-05 -2.48160976e-10 -1.44358529e-09 
 5.12664933e-07  1.99996846e-01  2.45089973e-01  2.45670927e-01 -1.53319978e-05 -1.95457716e-10 -1.42488530e-09 
 5.67560406e-07  1.99997850e-01  2.33960511e-01  2.34383626e-01 -1.52477119e-05 -1.44539459e-10 -1.08823286e-09 
 6.18992008e-07  1.99998083e-01  2.26070990e-01  2.26400889e-01 -1.53266647e-05 -1.14024167e-10 -8.31091281e-10 
 6.69735612e-07  1.99998720e-01  2.20053803e-01  2.20302474e-01 -1.52442309e-05 -9.17352570e-11 -6.74640371e-10 
 7.33652237e-07  1.99998828e-01  2.14477972e-01  2.14649749e-01 -1.53233463e-05 -6.10203060e-11 -4.75278771e-10 
 8.02063443e-07  1.99999442e-01  2.10266229e-01  2.10384907e-01 -1.52411315e-05 -4.71090382e-11 -3.34803524e-10 
 8.79913038e-07  1.99999367e-01  2.06976491e-01  2.07051063e-01 -1.53210237e-05 -2.85478444e-11 -2.22139208e-10 
 9.64845433e-07  1.99999850e-01  2.04654388e-01  2.04697769e-01 -1.52393240e-05 -2.08163753e-11 -1.42801729e-10 
 1.06484543e-06  1.99999677e-01  2.02966971e-01  2.02988662e-01 -1.53196596e-05 -9.99901789e-12 -7.67396293e-11 
 1.16484543e-06  2.00000050e-01  2.01980168e-01  2.01988249e-01 -1.52384493e-05 -8.54561105e-12 -4.93527307e-11 
 1.26484543e-06  1.99999798e-01  2.01407642e-01  2.01408384e-01 -1.53191145e-05 -2.48687854e-12 -1.99545632e-11 
 1.36484543e-06  2.00000121e-01  2.01070694e-01  2.01066902e-01 -1.52381446e-05 -4.39266982e-12 -1.61698193e-11 
 1.46484543e-06  1.99999838e-01  2.00875811e-01  2.00869382e-01 -1.53189286e-05  7.32764543e-14 -1.06821024e-12 
 1.56484543e-06  2.00000146e-01  2.00761737e-01  2.00753861e-01 -1.52380404e-05 -2.92933169e-12 -4.52087548e-12 
 1.66484543e-06  1.99999852e-01  2.00694875e-01  2.00686069e-01 -1.53188632e-05  8.98832224e-13  5.29461652e-12 
 1.76484543e-06  2.00000154e-01  2.00656456e-01  2.00647142e-01 -1.52380086e-05 -2.40274142e-12 -6.58444436e-13 
 1.86484543e-06  1.99999857e-01  2.00633556e-01  2.00623966e-01 -1.53188363e-05  1.17056560e-12  7.61349290e-12 
 1.96484543e-06  2.00000157e-01  2.00620497e-01  2.00610689e-01 -1.52380026e-05 -2.22728715e-12  5.23122507e-13 
 2.06484543e-06  1.99999858e-01  2.00612767e-01  2.00602903e-01 -1.53188226e-05  1.27188299e-12  8.48517101e-12 
 2.16484543e-06  2.00000158e-01  2.00608265e-01  2.00598300e-01 -1.52380048e-05 -2.17628151e-12  8.86595322e-13 
 2.26484543e-06  1.99999859e-01  2.00605669e-01  2.00595705e-01 -1.53188140e-05  1.31239269e-12  8.79310437e-12 
 2.36484543e-06  2.00000158e-01  2.00604136e-01  2.00594120e-01 -1.52380094e-05 -2.16220813e-12  1.00844718e-12 
 2.46484543e-06  1.99999859e-01  2.00603234e-01  2.00593235e-01 -1.53188072e-05  1.32759103e-12  8.90101854e-12 
 2.56484543e-06  2.00000158e-01  2.00602740e-01  2.00592707e-01 -1.52380149e-05 -2.15806843e-12  1.04148352e-12 
 2.66484543e-06  1.99999859e-01  2.00602407e-01  2.00592397e-01 -1.53188010e-05  1.33337850e-12  8.95057829e-12 
 2.76484543e-06  2.00000158e-01  2.00602261e-01  2.00592221e-01 -1.52380207e-05 -2.15756753e-12  1.03757584e-12 
 2.86484543e-06  1.99999859e-01  2.00602130e-01  2.00592117e-01 -1.53187949e-05  1.33654416e-12  8.98252669e-12 
 2.96484543e-06  2.00000158e-01  2.00602095e-01  2.00592052e-01 -1.52380267e-05 -2.15874866e-12  1.02275230e-12 
 3.06484543e-06  1.99999859e-01  2.00602038e-01  2.00592023e-01 -1.53187888e-05  1.33897472e-12  9.00508064e-12 
 3.16484543e-06  2.00000158e-01  2.00602038e-01  2.00591995e-01 -1.52380327e-05 -2.16040315e-12  1.00755932e-12 
 3.26484543e-06  1.99999859e-01  2.00602006e-01  2.00591990e-01 -1.53187828e-05  1.34091870e-12  9.02176267e-12 
 3.36484543e-06  2.00000158e-01  2.00602019e-01  2.00591977e-01 -1.52380387e-05 -2.16195790e-12  9.94141239e-13 
 3.46484543e-06  1.99999859e-01  2.00601995e-01  2.00591978e-01 -1.53187767e-05  1.34246845e-12  9.03499259e-12 
 3.56484543e-06  2.00000158e-01  2.00602012e-01  2.00591971e-01 -1.52380447e-05 -2.16330122e-12  9.82294107e-13 
 3.66484543e-06  1.99999859e-01  2.00601992e-01  2.00591974e-01 -1.53187707e-05  1.34375909e-12  9.04651392e-12 
 3.76484543e-06  2.00000158e-01  2.00602010e-01  2.00591969e-01 -1.52380507e-05 -2.16447736e-12  9.71772684e-13 
 3.86484543e-06  1.99999859e-01  2.00601991e-01  2.00591973e-01 -1.53187647e-05  1.34487560e-12  9.05654929e-12 
 3.96484543e-06  2.00000158e-01  2.00602009e-01  2.00591968e-01 -1.52380568e-05 -2.16551842e-12  9.62498744e-13 
 4.06484543e-06  1.99999859e-01  2.00601991e-01  2.00591972e-01 -1.53187586e-05  1.34586201e-12  9.06520892e-12 
 4.16484543e-06  2.00000158e-01  2.00602008e-01  2.00591968e-01 -1.52380628e-05 -2.16644172e-12  9.54326624e-13 
 4.26484543e-06  1.99999859e-01  2.00601991e-01  2.00591972e-01 -1.53187526e-05  1.34673262e-12  9.07283954e-12 
 4.36484543e-06  2.00000158e-01  2.00602008e-01  2.00591968e-01 -1.52380688e-05 -2.16726095e-12  9.47242881e-13 
 4.46484543e-06  1.99999860e-01  2.00601991e-01  2.00591972e-01 -1.53187466e-05  1.34750652e-12  9.07951405e-12 
 4.56484543e-06  2.00000158e-01  2.00602007e-01  2.00591968e-01 -1.52380749e-05 -2.16799300e-12  9.41029915e-13 
 4.66484543e-06  1.99999860e-01  2.00601992e-01  2.00591972e-01 -1.53187405e-05  1.34820280e-12  9.08530017e-12 
 4.76484543e-06  2.00000158e-01  2.00602007e-01  2.00591968e-01 -1.52380809e-05 -2.16865458e-12  9.35549056e-13 
 4.86484543e-06  1.99999860e-01  2.00601992e-01  2.00591972e-01 -1.53187345e-05  1.34883381e-12  9.09039413e-12 
 4.96484543e-06  2.00000158e-01  2.00602007e-01  2.00591968e-01 -1.52380869e-05 -2.16926043e-12  9.30838360e-13 
 5.06484543e-06  1.99999860e-01  2.00601992e-01  2.00591972e-01 -1.53187285e-05  1.34941429e-12  9.09483583e-12 
 5.16484543e-06  2.00000158e-01  2.00602006e-01  2.00591968e-01 -1.52380930e-05 -2.16981706e-12  9.26613549e-13 
 5.26484543e-06  1.99999860e-01  2.00601993e-01  2.00591972e-01 -1.53187224e-05  1.34995075e-12  9.09868296e-12 
 5.36484543e-06  2.00000158e-01  2.00602006e-01  2.00591968e-01 -1.52380990e-05 -2.17033596e-12  9.23031454e-13 
 5.46484543e-06  1.99999860e-01  2.00601993e-01  2.00591972e-01 -1.53187164e-05  1.35045252e-12  9.10203195e-12 
 5.56484543e-06  2.00000158e-01  2.00602005e-01  2.00591968e-01 -1.52381050e-05 -2.17082038e-12  9.19923914e-13 
 5.66484543e-06  1.99999860e-01  2.00601993e-01  2.00591972e-01 -1.53187103e-05  1.35092176e-12  9.10493122e-12 
 5.76484543e-06  2.00000158e-01  2.00602005e-01  2.00591968e-01 -1.52381111e-05 -2.17127770e-12  9.17217636e-13 
 5.86484543e-06  1.99999860e-01  2.00601994e-01  2.00591972e-01 -1.53187043e-05  1.35136694e-12  9.10741616e-12 
 5.96484543e-06  2.00000158e-01  2.00602005e-01  2.00591968e-01 -1.52381171e-05 -2.17171311e-12  9.14972579e-13 
 6.06484543e-06  1.99999860e-01  2.00601994e-01  2.00591971e-01 -1.53186983e-05  1.35179194e-12  9.10956320e-12 
 6.16484543e-06  2.00000158e-01  2.00602004e-01  2.00591968e-01 -1.52381232e-05 -2.17212836e-12  9.12959541e-13 
 6.26484543e-06  1.99999860e-01  2.00601994e-01  2.00591971e-01 -1.53186922e-05  1.35219982e-12  9.11134184e-12 
 6.36484543e-06  2.00000158e-01  2.00602004e-01  2.00591968e-01 -1.52381292e-05 -2.17252735e-12  9.11350802e-13 
 6.46484543e-06  1.99999860e-01  2.00601995e-01  2.00591971e-01 -1.53186862e-05  1.35259122e-12  9.11291339e-12 
 6.56484543e-06  2.00000158e-01  2.00602004e-01  2.00591968e-01 -1.52381352e-05 -2.17291267e-12  9.09928599e-13 
 6.66484543e-06  1.99999860e-01  2.00601995e-01  2.00591971e-01 -1.53186802e-05  1.35297069e-12  9.11411815e-12 
 6.76484543e-06  2.00000157e-01  2.00602004e-01  2.00591968e-01 -1.52381413e-05 -2.17328564e-12  9.08795012e-13 
 6.86484543e-06  1.99999860e-01  2.00601995e-01  2.00591971e-01 -1.53186741e-05  1.35333671e-12  9.11520777e-12 
 6.96484543e-06  2.00000157e-01  2.00602003e-01  2.00591968e-01 -1.52381473e-05 -2.17364646e-12  9.07902280e-13 
 7.06484543e-06  1.99999860e-01  2.00601996e-01  2.00591971e-01 -1.53186681e-05  1.35369407e-12  9.11597317e-12 
 7.16484543e-06  2.00000157e-01  2.00602003e-01  2.00591968e-01 -1.52381534e-05 -2.17399948e-12  9.07115583e-13 
 7.26484543e-06  1.99999860e-01  2.00601996e-01  2.00591971e-01 -1.53186620e-05  1.35404210e-12  9.11661111e-12 
 7.36484543e-06  2.00000157e-01  2.00602003e-01  2.00591968e-01 -1.52381594e-05 -2.17434360e-12  9.06535589e-13 
 7.46484543e-06  1.99999860e-01  2.00601996e-01  2.00591971e-01 -1.53186560e-05  1.35438253e-12  9.11712985e-12 
 7.56484543e-06  2.00000157e-01  2.00602002e-01  2.00591968e-01 -1.52381654e-05 -2.17468014e-12  9.06174604e-13 
 7.66484543e-06  1.99999860e-01  2.00601996e-01  2.00591971e-01 -1.53186500e-05  1.35471647e-12  9.11746308e-12 
 7.76484543e-06  2.00000157e-01  2.00602002e-01  2.00591968e-01 -1.52381715e-05 -2.17501212e-12  9.05889784e-13 
 7.86484543e-06  1.99999860e-01  2.00601997e-01  2.00591971e-01 -1.53186439e-05  1.35504585e-12  9.11768106e-12 
 7.93242272e-06  2.00000157e-01  2.00602002e-01  2.00591968e-01 -1.52381790e-05 -2.17542304e-12  9.04907497e-13 
 8.00000000e-06  1.99999860e-01  2.00601997e-01  2.00591971e-01 -1.53186350e-05  1.35556193e-12  9.11595392e-12 
 8.00009531e-06  1.99983896e-01  2.00489783e-01  2.00587850e-01 -1.84523755e-05 -1.21988915e-08 -2.40815716e-08 
 8.00028592e-06  1.99959625e-01  2.00357771e-01  2.00575063e-01 -1.92223816e-05 -3.11976718e-08 -7.08799752e-08 
 8.00050978e-06  1.99932505e-01  2.00313421e-01  2.00553680e-01 -1.93806532e-05 -4.73913594e-08 -1.21976076e-07 
 8.00080404e-06  1.99896009e-01  2.00290013e-01  2.00524557e-01 -1.98605078e-05 -6.69610853e-08 -1.83897090e-07 
 8.00107755e-06  1.99862841e-01  2.00281989e-01  2.00498771e-01 -2.11109431e-05 -8.05570694e-08 -2.36079236e-07 
 8.00132567e-06  1.99834106e-01  2.00277472e-01  2.00477112e-01 -2.46167432e-05 -8.46690347e-08 -2.78605254e-07 
 8.00150887e-06  1.99815118e-01  2.00281887e-01  2.00462447e-01 -2.98558147e-05 -7.71425090e-08 -3.06622567e-07 
 8.00168120e-06  1.99799462e-01  2.00290934e-01  2.00450049e-01 -3.77795243e-05 -5.58905502e-08 -3.29816214e-07 
 8.00185201e-06  1.99786843e-01  2.00309307e-01  2.00439481e-01 -4.86666315e-05 -1.50470755e-08 -3.49296298e-07 
 8.00200345e-06  1.99777736e-01  2.00333435e-01  2.00431948e-01 -6.09445286e-05  4.44597455e-08 -3.63098946e-07 
 8.00212910e-06  1.99771760e-01  2.00362912e-01  2.00427349e-01 -7.27392006e-05  1.17486835e-07 -3.71628362e-07 
 8.00223327e-06  1.99767331e-01  2.00395641e-01  2.00424978e-01 -8.35244337e-05  2.01089330e-07 -3.76242487e-07 
 8.00232224e-06  1.99763857e-01  2.00432952e-01  2.00424254e-01 -9.31815460e-05  2.95648044e-07 -3.78051123e-07 
 8.00240061e-06  1.99760430e-01  2.00475408e-01  2.00424869e-01 -1.01928419e-04  4.03203704e-07 -3.77605161e-07 
 8.00247214e-06  1.99756907e-01  2.00525336e-01  2.00426716e-01 -1.09836059e-04  5.28082799e-07 -3.75146103e-07 
 8.00254217e-06  1.99752744e-01  2.00587396e-01  2.00430021e-01 -1.17404011e-04  6.82520933e-07 -3.70378779e-07 
 8.00262336e-06  1.99748280e-01  2.00677288e-01  2.00436166e-01 -1.25787140e-04  9.09354144e-07 -3.61497748e-07 
 8.00270379e-06  1.99745628e-01  2.00781406e-01  2.00445131e-01 -1.33831811e-04  1.18690858e-06 -3.49043354e-07 
 8.00283806e-06  1.99747037e-01  2.00968157e-01  2.00467079e-01 -1.46835226e-04  1.75635326e-06 -3.21013770e-07 
 8.00296680e-06  1.99754791e-01  2.01144390e-01  2.00496156e-01 -1.58830620e-04  2.40786767e-06 -2.86899444e-07 
 8.00308940e-06  1.99767297e-01  2.01297760e-01  2.00530376e-01 -1.69558725e-04  3.10269215e-06 -2.49252091e-07 
 8.00322169e-06  1.99785104e-01  2.01441626e-01  2.00573128e-01 -1.79839488e-04  3.91099693e-06 -2.04467303e-07 
 8.00335254e-06  1.99806186e-01  2.01557392e-01  2.00619863e-01 -1.87517425e-04  4.74662001e-06 -1.57501177e-07 
 8.00345414e-06  1.99823897e-01  2.01622575e-01  2.00658108e-01 -1.89659742e-04  5.40011488e-06 -1.20524800e-07 
 8.00351862e-06  1.99835174e-01  2.01644683e-01  2.00682690e-01 -1.85940038e-04  5.80190368e-06 -9.78149215e-08 
 8.00356770e-06  1.99843137e-01  2.01642982e-01  2.00701180e-01 -1.78148123e-04  6.08807600e-06 -8.17512881e-08 
 8.00361850e-06  1.99850460e-01  2.01616810e-01  2.00719662e-01 -1.65641654e-04  6.35341592e-06 -6.70631745e-08 
 8.00368247e-06  1.99857767e-01  2.01545074e-01  2.00741168e-01 -1.45636442e-04  6.62864404e-06 -5.22263051e-08 
 8.00374665e-06  1.99862869e-01  2.01434316e-01  2.00759885e-01 -1.23581407e-04  6.83111523e-06 -4.18726227e-08 
 8.00383589e-06  1.99866185e-01  2.01237294e-01  2.00779732e-01 -9.41785768e-05  6.99083588e-06 -3.48430298e-08 
 8.00392779e-06  1.99865721e-01  2.01013323e-01  2.00791843e-01 -6.93802471e-05  7.02529648e-06 -3.53282435e-08 
 8.00400364e-06  1.99862969e-01  2.00834735e-01  2.00795494e-01 -5.41438187e-05  6.97559428e-06 -4.02570814e-08 
 8.00407894e-06  1.99858783e-01  2.00676313e-01  2.00794010e-01 -4.32424614e-05  6.87661511e-06 -4.79403809e-08 
 8.00416473e-06  1.99852741e-01  2.00524857e-01  2.00787145e-01 -3.48128914e-05  6.72358166e-06 -5.88726836e-08 
 8.00424970e-06  1.99845928e-01  2.00405658e-01  2.00776052e-01 -2.95615861e-05  6.54573463e-06 -7.10510729e-08 
 8.00434702e-06  1.99837474e-01  2.00302220e-01  2.00759552e-01 -2.59603435e-05  6.32555562e-06 -8.57543938e-08 
 8.00445036e-06  1.99828109e-01  2.00223048e-01  2.00739020e-01 -2.39000809e-05  6.08436254e-06 -1.01594483e-07 
 8.00457512e-06  1.99816501e-01  2.00157058e-01  2.00711801e-01 -2.26572204e-05  5.79413081e-06 -1.20436175e-07 
 8.00471635e-06  1.99803233e-01  2.00107269e-01  2.00679405e-01 -2.21051170e-05  5.47488924e-06 -1.40987560e-07 
 8.00485818e-06  1.99789845e-01  2.00072610e-01  2.00646334e-01 -2.18865424e-05  5.16834338e-06 -1.60603817e-07 
 8.00500000e-06  1.99776478e-01  2.00046075e-01  2.00613399e-01 -2.18307660e-05  4.87717981e-06 -1.79155407e-07 
 8.00500226e-06  1.99778093e-01  2.00051753e-01  2.00612884e-01 -1.97483851e-05  4.87311163e-06 -1.79014192e-07 
 8.00500677e-06  1.99779527e-01  2.00062217e-01  2.00611863e-01 -1.89707814e-05  4.86501763e-06 -1.78698193e-07 
 8.00501579e-06  1.99779327e-01  2.00079170e-01  2.00609877e-01 -1.86305898e-05  4.84889210e-06 -1.78009642e-07 
 8.00503384e-06  1.99779557e-01  2.00104993e-01  2.00606080e-01 -1.81145736e-05  4.81656867e-06 -1.76678181e-07 
 8.00506321e-06  1.99779493e-01  2.00137490e-01  2.00600301e-01 -1.74209593e-05  4.76394500e-06 -1.74585857e-07 
 8.00512194e-06  1.99779634e-01  2.00185135e-01  2.00589875e-01 -1.64920669e-05  4.65902975e-06 -1.70617556e-07 
 8.00523940e-06  1.99779433e-01  2.00238434e-01  2.00572058e-01 -1.55673518e-05  4.45287901e-06 -1.63257163e-07 
 8.00547432e-06  1.99779116e-01  2.00265825e-01  2.00542444e-01 -1.51531318e-05  4.06260314e-06 -1.49903924e-07 
 8.00575306e-06  1.99778487e-01  2.00253558e-01  2.00511524e-01 -1.51452664e-05  3.64147993e-06 -1.35625967e-07 
 8.00621024e-06  1.99777781e-01  2.00223909e-01  2.00464138e-01 -1.51584272e-05  3.04203156e-06 -1.15057885e-07 
 8.00697701e-06  1.99776564e-01  2.00178410e-01  2.00391540e-01 -1.51462023e-05  2.24644166e-06 -8.72071673e-08 
 8.00851053e-06  1.99774993e-01  2.00109445e-01  2.00270600e-01 -1.51668228e-05  1.20725204e-06 -4.95245379e-08 
 8.01157758e-06  1.99773025e-01  2.00036831e-01  2.00112841e-01 -1.51667917e-05  3.00041793e-07 -1.43276942e-08 
 8.01568723e-06  1.99772084e-01  2.00030407e-01  2.00032336e-01 -1.52008052e-05  3.20527909e-08 -2.19130383e-09 
 8.02112188e-06  1.99771552e-01  2.00100292e-01  2.00056306e-01 -1.52053893e-05 -1.08867210e-09 -6.22954632e-11 
 8.02946806e-06  1.99771520e-01  2.00251581e-01  2.00193415e-01 -1.52395425e-05  2.64348736e-10  2.89471090e-11 
 8.03975710e-06  1.99771499e-01  2.00405181e-01  2.00361592e-01 -1.52376539e-05 -6.03070987e-11  4.21622259e-11 
 8.05314634e-06  1.99771680e-01  2.00500584e-01  2.00479936e-01 -1.52615429e-05  4.86829132e-11  2.09425595e-11 
 8.07296716e-06  1.99771610e-01  2.00493449e-01  2.00491205e-01 -1.52526842e-05 -2.48077657e-11 -1.71942864e-12 
 8.10912414e-06  1.99771575e-01  2.00382977e-01  2.00380488e-01 -1.52711199e-05  1.06922249e-11 -8.37556961e-12 
 8.15100925e-06  1.99771414e-01  2.00350338e-01  2.00337878e-01 -1.52561863e-05 -1.25269268e-11  2.27126456e-12 
 8.20000000e-06  1.99771547e-01  2.00387803e-01  2.00376306e-01 -1.52709751e-05  1.14101504e-11  3.14746769e-12 
 8.20003595e-06  1.99773892e-01  2.00407883e-01  2.00376611e-01 -1.36387587e-05  2.29673322e-09  5.27049369e-09 
 8.20010786e-06  1.99776373e-01  2.00437134e-01  2.00377629e-01 -1.30245305e-05  6.40435641e-09  1.57241964e-08 
 8.20025167e-06  1.99780882e-01  2.00466875e-01  2.00381227e-01 -1.26706671e-05  1.29229306e-08  3.55433019e-08 
 8.20043718e-06  1.99786853e-01  2.00482518e-01  2.00387198e-01 -1.25149396e-05  2.00510719e-08  5.93368951e-08 
 8.20080818e-06  1.99798472e-01  2.00489966e-01  2.00399497e-01 -1.25724333e-05  3.29426984e-08  1.02186970e-07 
 8.20123779e-06  1.99812155e-01  2.00491805e-01  2.00412373e-01 -1.25703735e-05  4.59088808e-08  1.45293054e-07 
 8.20143663e-06  1.99818499e-01  2.00491178e-01  2.00417659e-01 -1.27623593e-05  5.10718289e-08  1.63402885e-07 
 8.20171247e-06  1.99828323e-01  2.00488120e-01  2.00424139e-01 -1.36628798e-05  5.65238450e-08  1.86896626e-07 
 8.20185878e-06  1.99834455e-01  2.00482407e-01  2.00427044e-01 -1.50582081e-05  5.78110002e-08  1.98499245e-07 
 8.20198470e-06  1.99840907e-01  2.00473429e-01  2.00429051e-01 -1.71267039e-05  5.70592732e-08  2.07652404e-07 
 8.20210870e-06  1.99848259e-01  2.00458493e-01  2.00430353e-01 -2.04048110e-05  5.39404232e-08  2.15536741e-07 
 8.20223603e-06  1.99857129e-01  2.00435953e-01  2.00430693e-01 -2.49632537e-05  4.76188189e-08  2.21955079e-07 
 8.20236424e-06  1.99866836e-01  2.00404001e-01  2.00429656e-01 -3.06965058e-05  3.74667279e-08  2.26097737e-07 
 8.20248803e-06  1.99876662e-01  2.00363125e-01  2.00426945e-01 -3.65858864e-05  2.34800651e-08  2.27168979e-07 
 8.20260191e-06  1.99885273e-01  2.00314398e-01  2.00422571e-01 -4.16244160e-05  6.25378822e-09  2.24853200e-07 
 8.20270786e-06  1.99892561e-01  2.00257242e-01  2.00416480e-01 -4.51686811e-05 -1.43201783e-08  2.19059119e-07 
 8.20282558e-06  1.99899139e-01  2.00180948e-01  2.00406938e-01 -4.84237650e-05 -4.21619989e-08  2.07857318e-07 
 8.20294516e-06  1.99904181e-01  2.00096440e-01  2.00393939e-01 -5.20693706e-05 -7.37921587e-08  1.91342282e-07 
 8.20311049e-06  1.99908077e-01  1.99981667e-01  2.00370580e-01 -5.76709025e-05 -1.18565899e-07  1.60978029e-07 
 8.20326555e-06  1.99908566e-01  1.99883571e-01  2.00343630e-01 -6.28642199e-05 -1.58824700e-07  1.25745529e-07 
 8.20339727e-06  1.99906182e-01  1.99811444e-01  2.00317648e-01 -6.69854702e-05 -1.89957782e-07  9.18265117e-08 
 8.20348016e-06  1.99902963e-01  1.99773694e-01  2.00300195e-01 -6.91289732e-05 -2.07156618e-07  6.91840219e-08 
 8.20352365e-06  1.99900217e-01  1.99757629e-01  2.00290804e-01 -7.00403634e-05 -2.14915788e-07  5.71343645e-08 
 8.20356339e-06  1.99896476e-01  1.99747114e-01  2.00282154e-01 -7.04849028e-05 -2.20558949e-07  4.62491306e-08 
 8.20359117e-06  1.99892372e-01  1.99743725e-01  2.00276112e-01 -7.04711567e-05 -2.23100765e-07  3.88886869e-08 
 8.20361702e-06  1.99886821e-01  1.99745580e-01  2.00270542e-01 -6.99711594e-05 -2.23689904e-07  3.24414818e-08 
 8.20364500e-06  1.99878667e-01  1.99755615e-01  2.00264643e-01 -6.88067790e-05 -2.21532969e-07  2.61836352e-08 
 8.20367989e-06  1.99866484e-01  1.99782476e-01  2.00257637e-01 -6.63496515e-05 -2.13909105e-07  1.98067003e-08 
 8.20371375e-06  1.99853963e-01  1.99823864e-01  2.00251388e-01 -6.30784406e-05 -2.01217267e-07  1.53387662e-08 
 8.20376128e-06  1.99837478e-01  1.99901819e-01  2.00243883e-01 -5.74370373e-05 -1.76213201e-07  1.19354611e-08 
 8.20379687e-06  1.99826922e-01  1.99970143e-01  2.00239388e-01 -5.27913550e-05 -1.53590167e-07  1.13950836e-08 
 8.20383117e-06  1.99818566e-01  2.00038804e-01  2.00236050e-01 -4.82463164e-05 -1.30282716e-07  1.22242441e-08 
 8.20387010e-06  1.99811146e-01  2.00115401e-01  2.00233440e-01 -4.32803932e-05 -1.03589639e-07  1.44360020e-08 
 8.20391614e-06  1.99804928e-01  2.00199419e-01  2.00231870e-01 -3.78832832e-05 -7.33906646e-08  1.83400547e-08 
 8.20395998e-06  1.99801080e-01  2.00269898e-01  2.00231744e-01 -3.33782369e-05 -4.71604497e-08  2.29565872e-08 
 8.20400939e-06  1.99798564e-01  2.00336663e-01  2.00232948e-01 -2.90846779e-05 -2.13481622e-08  2.87921709e-08 
 8.20406015e-06  1.99797384e-01  2.00391694e-01  2.00235385e-01 -2.55153777e-05  8.73050545e-10  3.51704230e-08 
 8.20412026e-06  1.99797217e-01  2.00441351e-01  2.00239450e-01 -2.22413428e-05  2.19391296e-08  4.29151382e-08 
 8.20418576e-06  1.99797966e-01  2.00480142e-01  2.00244915e-01 -1.96430979e-05  3.93649354e-08  5.13598732e-08 
 8.20426577e-06  1.99799646e-01  2.00511973e-01  2.00252510e-01 -1.74791285e-05  5.45744330e-08  6.14765265e-08 
 8.20435801e-06  1.99802116e-01  2.00534909e-01  2.00261963e-01 -1.59367399e-05  6.61974571e-08  7.27445301e-08 
 8.20447616e-06  1.99805680e-01  2.00552468e-01  2.00274507e-01 -1.48466228e-05  7.52943120e-08  8.65075856e-08 
 8.20462268e-06  1.99810336e-01  2.00565762e-01  2.00290142e-01 -1.42271326e-05  8.15977512e-08  1.02587773e-07 
 8.20481134e-06  1.99816468e-01  2.00578114e-01  2.00309906e-01 -1.39285820e-05  8.60328272e-08  1.21898119e-07 
 8.20500000e-06  1.99822625e-01  2.00588957e-01  2.00329076e-01 -1.38407335e-05  8.87958878e-08  1.39899448e-07 
 8.20500531e-06  1.99821539e-01  2.00584999e-01  2.00329598e-01 -1.49564175e-05  8.85015095e-08  1.39441159e-07 
 8.20501593e-06  1.99820882e-01  2.00578207e-01  2.00330623e-01 -1.52192121e-05  8.79319962e-08  1.38261465e-07 
 8.20503717e-06  1.99821020e-01  2.00568406e-01  2.00332592e-01 -1.51706972e-05  8.68973501e-08  1.35640864e-07 
 8.20507965e-06  1.99820580e-01  2.00553958e-01  2.00336275e-01 -1.53217787e-05  8.50971566e-08  1.30715641e-07 
 8.20516461e-06  1.99820665e-01  2.00535143e-01  2.00342900e-01 -1.53044498e-05  8.20658134e-08  1.21227938e-07 
 8.20530991e-06  1.99820538e-01  2.00521130e-01  2.00352796e-01 -1.53780807e-05  7.75303797e-08  1.06318281e-07 
 8.20549026e-06  1.99820890e-01  2.00519198e-01  2.00363752e-01 -1.53071827e-05  7.22865679e-08  8.95640730e-08 
 8.20579184e-06  1.99820965e-01  2.00527141e-01  2.00380749e-01 -1.53642337e-05  6.42104548e-08  6.55044349e-08 
 8.20639501e-06  1.99821609e-01  2.00548967e-01  2.00412459e-01 -1.53018620e-05  5.05980822e-08  2.89269813e-08 
 8.20760135e-06  1.99822180e-01  2.00586477e-01  2.00468920e-01 -1.53574509e-05  3.12430015e-08 -1.31092703e-08 
 8.21001402e-06  1.99823343e-01  2.00636990e-01  2.00555360e-01 -1.52905081e-05  1.12599904e-08 -3.87131011e-08 
 8.21483937e-06  1.99824060e-01  2.00671892e-01  2.00642828e-01 -1.53367327e-05  4.43515718e-10 -3.16126394e-08 
 8.22042177e-06  1.99824530e-01  2.00649611e-01  2.00651154e-01 -1.52669604e-05  4.87617954e-11 -1.85826566e-08 
 8.22957383e-06  1.99824454e-01  2.00572192e-01  2.00586119e-01 -1.53152748e-05  3.82920215e-12 -8.61134573e-09 
 8.24411692e-06  1.99824590e-01  2.00466942e-01  2.00472147e-01 -1.52483273e-05 -1.12061976e-11 -2.05032941e-09 
 8.26018049e-06  1.99824364e-01  2.00420342e-01  2.00413384e-01 -1.53035750e-05 -3.23245445e-12 -4.89601959e-10 
 8.28861906e-06  1.99824551e-01  2.00435262e-01  2.00420864e-01 -1.52421227e-05  1.69961679e-12  7.03386895e-11 
 8.33845192e-06  1.99824449e-01  2.00476725e-01  2.00466500e-01 -1.53002543e-05  6.20151500e-13 -2.56393820e-11 
 8.40166549e-06  1.99824626e-01  2.00450858e-01  2.00442904e-01 -1.52416285e-05 -1.89564055e-12  2.67288736e-11 
 8.49917766e-06  1.99824439e-01  2.00434585e-01  2.00423491e-01 -1.53004201e-05  3.50350825e-13 -1.79855507e-11 
 8.59917766e-06  1.99824646e-01  2.00441000e-01  2.00431643e-01 -1.52415511e-05 -7.45524302e-13  2.42494950e-11 
 8.69917766e-06  1.99824472e-01  2.00428217e-01  2.00418204e-01 -1.53004382e-05 -4.56943077e-13 -1.40463995e-11 
 8.79917766e-06  1.99824666e-01  2.00431318e-01  2.00421143e-01 -1.52415588e-05 -2.74992919e-13  1.93110808e-11 
 8.89917766e-06  1.99824506e-01  2.00429252e-01  2.00419468e-01 -1.53004161e-05 -5.52013947e-13 -8.63808547e-12 
 8.99917766e-06  1.99824695e-01  2.00427429e-01  2.00417280e-01 -1.52415782e-05 -3.42306695e-13  1.42946567e-11 
 9.09917766e-06  1.99824536e-01  2.00428856e-01  2.00418883e-01 -1.53004021e-05 -4.23635085e-13 -4.29079965e-12 
 9.19917766e-06  1.99824726e-01  2.00427248e-01  2.00417260e-01 -1.52415854e-05 -4.32535735e-13  1.07032452e-11 
 9.29917766e-06  1.99824566e-01  2.00427872e-01  2.00417791e-01 -1.53003985e-05 -3.83347217e-13 -1.27272081e-12 
 9.39917766e-06  1.99824758e-01  2.00427640e-01  2.00417684e-01 -1.52415873e-05 -4.26140677e-13  8.07672202e-12 
 9.49917766e-06  1.99824597e-01  2.00427484e-01  2.00417412e-01 -1.53003962e-05 -4.10574569e-13  1.13132176e-12 
 9.59917766e-06  1.99824789e-01  2.00427675e-01  2.00417692e-01 -1.52415905e-05 -3.94676262e-13  5.81090861e-12 
 9.69917766e-06  1.99824628e-01  2.00427535e-01  2.00417487e-01 -1.53003920e-05 -4.34358712e-13  3.29442967e-12 
 9.79917766e-06  1.99824820e-01  2.00427585e-01  2.00417587e-01 -1.52415952e-05 -3.80498367e-13  3.75353215e-12 
 9.89917766e-06  1.99824659e-01  2.00427631e-01  2.00417588e-01 -1.53003871e-05 -4.40391864e-13  5.23572418e-12 
 9.99917766e-06  1.99824851e-01  2.00427567e-01  2.00417569e-01 -1.52416001e-05 -3.78921287e-13  1.93702210e-12 
 1.00991777e-05  1.99824690e-01  2.00427666e-01  2.00417620e-01 -1.53003824e-05 -4.40236823e-13  6.92728904e-12 
 1.01495888e-05  1.99824874e-01  2.00427604e-01  2.00417610e-01 -1.52416069e-05 -3.78929310e-13 -3.09431788e-13 
 1.02000000e-05  1.99824706e-01  2.00427659e-01  2.00417612e-01 -1.53003735e-05 -4.40854167e-13  9.63663085e-12 
 1.02000713e-05  1.99820727e-01  2.00396198e-01  2.00416740e-01 -1.66662003e-05 -3.94534862e-09 -1.45509977e-08 
 1.02002138e-05  1.99815716e-01  2.00355880e-01  2.00413928e-01 -1.68518037e-05 -1.08005096e-08 -4.31852389e-08 
 1.02004989e-05  1.99806786e-01  2.00330384e-01  2.00405209e-01 -1.68729658e-05 -2.19448367e-08 -9.56417066e-08 
 1.02007710e-05  1.99798211e-01  2.00325847e-01  2.00396218e-01 -1.70697968e-05 -3.15400108e-08 -1.40598429e-07 
 1.02011041e-05  1.99788247e-01  2.00325771e-01  2.00386170e-01 -1.78026265e-05 -4.17334825e-08 -1.89632393e-07 
 1.02013038e-05  1.99782712e-01  2.00327030e-01  2.00380810e-01 -1.91387087e-05 -4.68166033e-08 -2.15865404e-07 
 1.02014876e-05  1.99778509e-01  2.00331517e-01  2.00376446e-01 -2.14391882e-05 -5.05049315e-08 -2.37792251e-07 
 1.02016689e-05  1.99775280e-01  2.00338496e-01  2.00372845e-01 -2.51965094e-05 -5.30002568e-08 -2.57045139e-07 
 1.02018440e-05  1.99773372e-01  2.00349717e-01  2.00370221e-01 -3.03001613e-05 -5.40621711e-08 -2.73109337e-07 
 1.02020019e-05  1.99772430e-01  2.00363830e-01  2.00368784e-01 -3.61816535e-05 -5.35306750e-08 -2.85049230e-07 
 1.02021349e-05  1.99772185e-01  2.00380473e-01  2.00368440e-01 -4.18719322e-05 -5.15189153e-08 -2.92897633e-07 
 1.02022454e-05  1.99772000e-01  2.00398671e-01  2.00368921e-01 -4.70118480e-05 -4.82281352e-08 -2.97517313e-07 
 1.02023400e-05  1.99771763e-01  2.00419114e-01  2.00370033e-01 -5.14844028e-05 -4.36962544e-08 -2.99806961e-07 
 1.02024237e-05  1.99771127e-01  2.00442297e-01  2.00371701e-01 -5.53849611e-05 -3.77924647e-08 -3.00214796e-07 
 1.02025010e-05  1.99770102e-01  2.00469625e-01  2.00373960e-01 -5.87172961e-05 -3.01798663e-08 -2.98954245e-07 
 1.02025784e-05  1.99768486e-01  2.00504061e-01  2.00377097e-01 -6.16944580e-05 -1.99153601e-08 -2.95747793e-07 
 1.02026656e-05  1.99766733e-01  2.00551098e-01  2.00381913e-01 -6.45574694e-05 -5.20244908e-09 -2.89575998e-07 
 1.02027600e-05  1.99765687e-01  2.00607880e-01  2.00388861e-01 -6.73268780e-05  1.32721550e-08 -2.79879074e-07 
 1.02028663e-05  1.99766019e-01  2.00672953e-01  2.00398919e-01 -7.02968112e-05  3.52047370e-08 -2.65632322e-07 
 1.02029844e-05  1.99768024e-01  2.00741372e-01  2.00412685e-01 -7.36403457e-05  5.90524169e-08 -2.46275660e-07 
 1.02031147e-05  1.99771994e-01  2.00809228e-01  2.00430598e-01 -7.73568809e-05  8.34530940e-08 -2.21412710e-07 
 1.02032566e-05  1.99777851e-01  2.00872947e-01  2.00452700e-01 -8.12338158e-05  1.07111839e-07 -1.91070139e-07 
 1.02034148e-05  1.99785807e-01  2.00930269e-01  2.00479622e-01 -8.46918882e-05  1.29334409e-07 -1.54554050e-07 
 1.02035324e-05  1.99792214e-01  2.00960437e-01  2.00500571e-01 -8.56362526e-05  1.42013515e-07 -1.26624423e-07 
 1.02036026e-05  1.99796017e-01  2.00969523e-01  2.00513150e-01 -8.41213060e-05  1.46797023e-07 -1.10329311e-07 
 1.02036568e-05  1.99798675e-01  2.00967695e-01  2.00522702e-01 -8.07844595e-05  1.47732511e-07 -9.85048311e-08 
 1.02037125e-05  1.99801020e-01  2.00953823e-01  2.00532135e-01 -7.53379536e-05  1.44948824e-07 -8.76325167e-08 
 1.02037867e-05  1.99803267e-01  2.00914399e-01  2.00543592e-01 -6.60775331e-05  1.34555733e-07 -7.59182132e-08 
 1.02038545e-05  1.99804460e-01  2.00859946e-01  2.00552519e-01 -5.68940844e-05  1.18952758e-07 -6.83213420e-08 
 1.02039477e-05  1.99804770e-01  2.00767267e-01  2.00561707e-01 -4.50164290e-05  9.10448536e-08 -6.27227805e-08 
 1.02040685e-05  1.99803411e-01  2.00639071e-01  2.00567908e-01 -3.30483805e-05  5.06326991e-08 -6.26115656e-08 
 1.02041531e-05  1.99801578e-01  2.00556112e-01  2.00568562e-01 -2.74629261e-05  2.34200421e-08 -6.62550265e-08 
 1.02042329e-05  1.99799472e-01  2.00489220e-01  2.00566804e-01 -2.38881661e-05  7.73719093e-10 -7.15579844e-08 
 1.02043302e-05  1.99796574e-01  2.00423984e-01  2.00562215e-01 -2.11171068e-05 -2.20142459e-08 -7.95709650e-08 
 1.02044224e-05  1.99793664e-01  2.00377346e-01  2.00556003e-01 -1.96290854e-05 -3.88272349e-08 -8.81078555e-08 
 1.02045313e-05  1.99790104e-01  2.00337583e-01  2.00547108e-01 -1.86779637e-05 -5.35489018e-08 -9.87225516e-08 
 1.02046422e-05  1.99786449e-01  2.00309725e-01  2.00536973e-01 -1.82360308e-05 -6.40501906e-08 -1.09680587e-07 
 1.02047791e-05  1.99781914e-01  2.00286716e-01  2.00523717e-01 -1.80101583e-05 -7.26929374e-08 -1.22989866e-07 
 1.02048896e-05  1.99778274e-01  2.00273954e-01  2.00512763e-01 -1.79616639e-05 -7.73183146e-08 -1.33406574e-07 
 1.02050000e-05  1.99774633e-01  2.00264160e-01  2.00501796e-01 -1.79427667e-05 -8.06554886e-08 -1.43454683e-07 
 1.02050022e-05  1.99775320e-01  2.00265929e-01  2.00501580e-01 -1.69338932e-05 -8.05583119e-08 -1.43357272e-07 
 1.02050066e-05  1.99775942e-01  2.00269217e-01  2.00501151e-01 -1.65784672e-05 -8.03601528e-08 -1.43122558e-07 
 1.02050154e-05  1.99775861e-01  2.00274581e-01  2.00500310e-01 -1.64379824e-05 -7.99698877e-08 -1.42574912e-07 
 1.02050330e-05  1.99775941e-01  2.00282736e-01  2.00498685e-01 -1.62520994e-05 -7.92473224e-08 -1.41502733e-07 
 1.02050617e-05  1.99775905e-01  2.00293129e-01  2.00496167e-01 -1.59921379e-05 -7.81846292e-08 -1.39796222e-07 
 1.02051190e-05  1.99775936e-01  2.00308401e-01  2.00491507e-01 -1.56575552e-05 -7.63561296e-08 -1.36510426e-07 
 1.02052337e-05  1.99775824e-01  2.00325063e-01  2.00483218e-01 -1.53218613e-05 -7.32708662e-08 -1.30320241e-07 
 1.02054632e-05  1.99775651e-01  2.00331571e-01  2.00468746e-01 -1.51944492e-05 -6.76699322e-08 -1.18999361e-07 
 1.02057557e-05  1.99775352e-01  2.00323179e-01  2.00452013e-01 -1.51988806e-05 -6.07166295e-08 -1.06097621e-07 
 1.02061702e-05  1.99775049e-01  2.00308180e-01  2.00429603e-01 -1.52121737e-05 -5.16538595e-08 -9.01758254e-08 
 1.02067813e-05  1.99774586e-01  2.00287584e-01  2.00398730e-01 -1.52035777e-05 -4.06033792e-08 -7.09265441e-08 
 1.02080034e-05  1.99773938e-01  2.00253555e-01  2.00344449e-01 -1.52177259e-05 -2.49331645e-08 -4.35915702e-08 
 1.02104477e-05  1.99773036e-01  2.00208458e-01  2.00263376e-01 -1.52142514e-05 -8.83966327e-09 -1.54760679e-08 
 1.02153362e-05  1.99772306e-01  2.00179438e-01  2.00184832e-01 -1.52365253e-05 -2.68933745e-10 -4.57201006e-10 
 1.02215367e-05  1.99772021e-01  2.00204090e-01  2.00181425e-01 -1.52364712e-05 -1.26992726e-11 -7.34662949e-12 
 1.02316983e-05  1.99771994e-01  2.00278540e-01  2.00248285e-01 -1.52568434e-05  3.47266074e-12  8.00188843e-12 
 1.02455142e-05  1.99772010e-01  2.00354246e-01  2.00333597e-01 -1.52525049e-05  1.12084966e-11  2.04862390e-11 
 1.02633942e-05  1.99772078e-01  2.00381849e-01  2.00371784e-01 -1.52664529e-05 -7.14572932e-13  1.38789349e-12 
 1.02941996e-05  1.99772022e-01  2.00353239e-01  2.00347250e-01 -1.52580140e-05 -1.62870932e-12 -1.29476426e-12 
 1.03470998e-05  1.99772008e-01  2.00327304e-01  2.00316195e-01 -1.52689485e-05 -1.51050526e-12 -4.64576999e-13 
 1.04000000e-05  1.99772003e-01  2.00354342e-01  2.00342894e-01 -1.52582328e-05  1.63250533e-12  3.93296382e-12 
 1.04000361e-05  1.99775876e-01  2.00394289e-01  2.00343484e-01 -1.33586938e-05  4.25572162e-09  1.81994343e-09 
 1.04001083e-05  1.99780560e-01  2.00451380e-01  2.00345458e-01 -1.23700431e-05  1.16283167e-08  5.27349895e-09 
 1.04002528e-05  1.99789274e-01  2.00508802e-01  2.00352457e-01 -1.16958202e-05  2.14946143e-08  1.15679676e-08 
 1.04004378e-05  1.99800617e-01  2.00541703e-01  2.00364070e-01 -1.14396146e-05  2.98365333e-08  1.89211290e-08 
 1.04007873e-05  1.99821674e-01  2.00563331e-01  2.00387386e-01 -1.14729915e-05  4.19694847e-08  3.13728376e-08 
 1.04011789e-05  1.99845786e-01  2.00577910e-01  2.00412549e-01 -1.14511935e-05  5.32245980e-08  4.34420444e-08 
 1.04014512e-05  1.99862838e-01  2.00585098e-01  2.00428964e-01 -1.16784183e-05  5.86709830e-08  5.07591183e-08 
 1.04016524e-05  1.99876408e-01  2.00590056e-01  2.00440462e-01 -1.21124283e-05  5.70812917e-08  5.55762468e-08 
 1.04018063e-05  1.99887553e-01  2.00589947e-01  2.00448795e-01 -1.31213970e-05  4.59287553e-08  5.87983636e-08 
 1.04019379e-05  1.99898346e-01  2.00587047e-01  2.00455444e-01 -1.46497096e-05  2.14068920e-08  6.10850050e-08 
 1.04020630e-05  1.99909560e-01  2.00578553e-01  2.00461174e-01 -1.71043766e-05 -2.43302638e-08  6.26707697e-08 
 1.04021903e-05  1.99922293e-01  2.00563626e-01  2.00466133e-01 -2.05826215e-05 -1.04687555e-07  6.34859844e-08 
 1.04023194e-05  1.99935881e-01  2.00539524e-01  2.00469930e-01 -2.51107925e-05 -2.34329048e-07  6.32460252e-08 
 1.04024462e-05  1.99949595e-01  2.00506128e-01  2.00472050e-01 -2.98935040e-05 -4.23196541e-07  6.17130354e-08 
 1.04025650e-05  1.99961702e-01  2.00463645e-01  2.00472181e-01 -3.39644508e-05 -6.70763505e-07  5.88323836e-08 
 1.04026734e-05  1.99971627e-01  2.00413204e-01  2.00470322e-01 -3.63643477e-05 -9.71742949e-07  5.47017916e-08 
 1.04027952e-05  1.99980361e-01  2.00341574e-01  2.00465426e-01 -3.75050884e-05 -1.41252057e-06  4.80512507e-08 
 1.04029059e-05  1.99985952e-01  2.00266692e-01  2.00458006e-01 -3.83885807e-05 -1.91098826e-06  4.01656427e-08 
 1.04030756e-05  1.99989635e-01  2.00148124e-01  2.00440896e-01 -4.03406614e-05 -2.83834397e-06  2.52060801e-08 
 1.04032090e-05  1.99988568e-01  2.00058888e-01  2.00422846e-01 -4.20831970e-05 -3.68678995e-06  1.14561793e-08 
 1.04033313e-05  1.99984336e-01  1.99984030e-01  2.00403193e-01 -4.37621487e-05 -4.53860919e-06 -2.30264884e-09 
 1.04034411e-05  1.99977853e-01  1.99925166e-01  2.00383492e-01 -4.50838020e-05 -5.34622960e-06 -1.52529063e-08 
 1.04035124e-05  1.99971637e-01  1.99893107e-01  2.00369866e-01 -4.57784563e-05 -5.88324592e-06 -2.37786198e-08 
 1.04035500e-05  1.99967329e-01  1.99879473e-01  2.00362506e-01 -4.59565243e-05 -6.16527483e-06 -2.82060339e-08 
 1.04035861e-05  1.99961631e-01  1.99870239e-01  2.00355360e-01 -4.59232796e-05 -6.43102741e-06 -3.23147609e-08 
 1.04036135e-05  1.99955613e-01  1.99867480e-01  2.00349947e-01 -4.55950986e-05 -6.62403178e-06 -3.52260153e-08 
 1.04036402e-05  1.99947692e-01  1.99870554e-01  2.00344731e-01 -4.49291387e-05 -6.79923300e-06 -3.77625822e-08 
 1.04036710e-05  1.99936588e-01  1.99883873e-01  2.00338894e-01 -4.36581874e-05 -6.97801290e-06 -4.01489708e-08 
 1.04037054e-05  1.99922955e-01  1.99912969e-01  2.00332726e-01 -4.16778011e-05 -7.14271053e-06 -4.20017209e-08 
 1.04037449e-05  1.99907745e-01  1.99963515e-01  2.00326384e-01 -3.88728077e-05 -7.28142470e-06 -4.30045881e-08 
 1.04038019e-05  1.99889175e-01  2.00059232e-01  2.00319064e-01 -3.43488469e-05 -7.39209045e-06 -4.25625265e-08 
 1.04038377e-05  1.99880428e-01  2.00127436e-01  2.00315713e-01 -3.14749395e-05 -7.41388057e-06 -4.13370772e-08 
 1.04038730e-05  1.99874017e-01  2.00195740e-01  2.00313407e-01 -2.87733178e-05 -7.40670639e-06 -3.96188343e-08 
 1.04039151e-05  1.99868987e-01  2.00273987e-01  2.00311929e-01 -2.58610888e-05 -7.36910257e-06 -3.71255219e-08 
 1.04039608e-05  1.99866195e-01  2.00351910e-01  2.00311766e-01 -2.31215597e-05 -7.30157904e-06 -3.40783348e-08 
 1.04040085e-05  1.99865571e-01  2.00423190e-01  2.00313009e-01 -2.07609675e-05 -7.21053396e-06 -3.07156789e-08 
 1.04040599e-05  1.99866774e-01  2.00487814e-01  2.00315704e-01 -1.87335552e-05 -7.09732963e-06 -2.70438695e-08 
 1.04041167e-05  1.99869644e-01  2.00545493e-01  2.00319995e-01 -1.70393902e-05 -6.96142626e-06 -2.30426133e-08 
 1.04041815e-05  1.99874163e-01  2.00596206e-01  2.00326156e-01 -1.56488619e-05 -6.79963722e-06 -1.86354286e-08 
 1.04042567e-05  1.99880398e-01  2.00639416e-01  2.00334507e-01 -1.45771260e-05 -6.60879352e-06 -1.37607881e-08 
 1.04043468e-05  1.99888609e-01  2.00675460e-01  2.00345581e-01 -1.37893707e-05 -6.38174878e-06 -8.26134938e-09 
 1.04044580e-05  1.99899297e-01  2.00705117e-01  2.00360144e-01 -1.32698338e-05 -6.10819517e-06 -1.91304810e-09 
 1.04046016e-05  1.99913491e-01  2.00730248e-01  2.00379544e-01 -1.29578886e-05 -5.76950848e-06  5.68967243e-09 
 1.04047972e-05  1.99933143e-01  2.00753847e-01  2.00406089e-01 -1.28095443e-05 -5.33591614e-06  1.51784783e-08 
 1.04050000e-05  1.99953689e-01  2.00773186e-01  2.00433169e-01 -1.27589161e-05 -4.91966191e-06  2.41204166e-08 
 1.04050057e-05  1.99952220e-01  2.00764514e-01  2.00433894e-01 -1.39679163e-05 -4.90921067e-06  2.40520888e-08 
 1.04050170e-05  1.99951455e-01  2.00749784e-01  2.00435307e-01 -1.43364049e-05 -4.88831258e-06  2.39380617e-08 
 1.04050396e-05  1.99951971e-01  2.00728867e-01  2.00437953e-01 -1.44481372e-05 -4.84646316e-06  2.37572021e-08 
 1.04050848e-05  1.99951925e-01  2.00698703e-01  2.00442717e-01 -1.48573604e-05 -4.76294529e-06  2.34535054e-08 
 1.04051752e-05  1.99953157e-01  2.00659973e-01  2.00450767e-01 -1.51191489e-05 -4.59837988e-06  2.29972926e-08 
 1.04053252e-05  1.99954671e-01  2.00630863e-01  2.00461523e-01 -1.53632590e-05 -4.33595821e-06  2.23937776e-08 
 1.04055144e-05  1.99957221e-01  2.00622653e-01  2.00472841e-01 -1.53167014e-05 -4.02565707e-06  2.16910288e-08 
 1.04058294e-05  1.99960485e-01  2.00627838e-01  2.00489719e-01 -1.53775099e-05 -3.55703866e-06  2.04993641e-08 
 1.04063043e-05  1.99965534e-01  2.00643065e-01  2.00513263e-01 -1.53079310e-05 -2.95066740e-06  1.86880068e-08 
 1.04071564e-05  1.99972434e-01  2.00667164e-01  2.00551649e-01 -1.53711059e-05 -2.10544034e-06  1.55424573e-08 
 1.04088604e-05  1.99982894e-01  2.00702020e-01  2.00614135e-01 -1.53003834e-05 -1.05031884e-06  1.02041540e-08 
 1.04122686e-05  1.99993195e-01  2.00731358e-01  2.00689140e-01 -1.53545248e-05 -2.08478773e-07  3.65394424e-09 
 1.04175762e-05  1.99998468e-01  2.00711503e-01  2.00712060e-01 -1.52760786e-05  4.28369156e-09  3.25248210e-10 
 1.04244301e-05  1.99999102e-01  2.00637352e-01  2.00656939e-01 -1.53285131e-05 -6.13353880e-10 -3.75918010e-11 
 1.04358491e-05  1.99999340e-01  2.00514903e-01  2.00530583e-01 -1.52523364e-05  2.17237596e-10 -1.09739255e-11 
 1.04497031e-05  1.99998995e-01  2.00433911e-01  2.00433294e-01 -1.53100838e-05 -1.18571893e-10 -2.39255000e-11 
 1.04704753e-05  1.99999226e-01  2.00431145e-01  2.00415905e-01 -1.52410807e-05  6.54404146e-11  7.84424186e-12 
 1.05055316e-05  1.99999031e-01  2.00516154e-01  2.00499434e-01 -1.53031935e-05 -4.41999245e-11  3.72983155e-12 
 1.05581409e-05  1.99999359e-01  2.00564059e-01  2.00555406e-01 -1.52386322e-05  3.84355651e-11  4.17593016e-12 
 1.06250276e-05  1.99999099e-01  2.00548489e-01  2.00538361e-01 -1.53032561e-05 -3.45545140e-11 -3.31052422e-12 
 1.07250276e-05  1.99999398e-01  2.00578670e-01  2.00567295e-01 -1.52387058e-05  3.07913851e-11  5.84180767e-12 
 1.08250276e-05  1.99999181e-01  2.00589491e-01  2.00580165e-01 -1.53031840e-05 -2.81145688e-11 -2.82595784e-12 
 1.09250276e-05  1.99999463e-01  2.00589157e-01  2.00578509e-01 -1.52387725e-05  2.43090801e-11  4.29798498e-12 
 1.10250276e-05  1.99999243e-01  2.00599358e-01  2.00589404e-01 -1.53031551e-05 -2.23195035e-11 -1.58614631e-12 
 1.11250276e-05  1.99999531e-01  2.00597057e-01  2.00587069e-01 -1.52387839e-05  1.91653659e-11  3.32287783e-12 
 1.12250276e-05  1.99999304e-01  2.00599976e-01  2.00589769e-01 -1.53031583e-05 -1.79091444e-11 -1.10189234e-12 
 1.13250276e-05  1.99999595e-01  2.00600849e-01  2.00590938e-01 -1.52387801e-05  1.53018811e-11  3.07013491e-12 
 1.14250276e-05  1.99999366e-01  2.00600347e-01  2.00590235e-01 -1.53031604e-05 -1.44983424e-11 -9.97893500e-13 
 1.15250276e-05  1.99999657e-01  2.00601565e-01  2.00591552e-01 -1.52387826e-05  1.22198089e-11  2.96517818e-12 
 1.16250276e-05  1.99999429e-01  2.00601130e-01  2.00591105e-01 -1.53031552e-05 -1.16962935e-11 -8.69832472e-13 
 1.17250276e-05  1.99999719e-01  2.00601461e-01  2.00591411e-01 -1.52387896e-05  9.65889825e-12  2.79714007e-12 
 1.18250276e-05  1.99999492e-01  2.00601577e-01  2.00591560e-01 -1.53031480e-05 -9.36558621e-12 -6.88236686e-13 
 1.19250276e-05  1.99999781e-01  2.00601491e-01  2.00591454e-01 -1.52387964e-05  7.54477730e-12  2.61729055e-12 
 1.20250276e-05  1.99999554e-01  2.00601679e-01  2.00591647e-01 -1.53031419e-05 -7.45678844e-12 -5.26055978e-13 
 1.21250276e-05  1.99999843e-01  2.00601630e-01  2.00591605e-01 -1.52388021e-05  5.82451925e-12  2.47594946e-12 
 1.22250276e-05  1.99999616e-01  2.00601700e-01  2.00591664e-01 -1.53031364e-05 -5.90776343e-12 -4.04965503e-13 
 1.23125138e-05  1.99999901e-01  2.00601734e-01  2.00591709e-01 -1.52388079e-05  4.33914580e-12  2.36375053e-12 
 1.24000000e-05  1.99999670e-01  2.00601745e-01  2.00591711e-01 -1.53031301e-05 -4.48826111e-12 -2.99132355e-13 
 1.24001232e-05  1.99986282e-01  2.00515397e-01  2.00587656e-01 -1.73003855e-05 -8.79157392e-09 -5.68871841e-09 
 1.24003695e-05  1.99963916e-01  2.00421844e-01  2.00575535e-01 -1.79975465e-05 -2.11841273e-08 -1.61468937e-08 
 1.24007148e-05  1.99933536e-01  2.00396032e-01  2.00552720e-01 -1.80469005e-05 -3.18318328e-08 -2.88009485e-08 
 1.24011185e-05  1.99898261e-01  2.00381592e-01  2.00526731e-01 -1.89955677e-05 -4.00423906e-08 -4.15723615e-08 
 1.24013716e-05  1.99877389e-01  2.00377822e-01  2.00511597e-01 -2.10049328e-05 -3.57802983e-08 -4.84032865e-08 
 1.24015589e-05  1.99863095e-01  2.00376879e-01  2.00501178e-01 -2.40595080e-05 -2.12722599e-08 -5.28076472e-08 
 1.24017308e-05  1.99851436e-01  2.00380950e-01  2.00492384e-01 -2.83330311e-05  6.58354897e-09 -5.62700490e-08 
 1.24019006e-05  1.99841291e-01  2.00388134e-01  2.00484642e-01 -3.41050232e-05  5.39545262e-08 -5.90556766e-08 
 1.24020514e-05  1.99833601e-01  2.00399920e-01  2.00478747e-01 -4.04181945e-05  1.19397937e-07 -6.08832111e-08 
 1.24021772e-05  1.99827901e-01  2.00413900e-01  2.00474728e-01 -4.64674271e-05  1.97829036e-07 -6.18150579e-08 
 1.24022827e-05  1.99823618e-01  2.00430668e-01  2.00472148e-01 -5.19239314e-05  2.87192066e-07 -6.20470414e-08 
 1.24023740e-05  1.99819987e-01  2.00449883e-01  2.00470645e-01 -5.68467811e-05  3.88759879e-07 -6.17123435e-08 
 1.24024560e-05  1.99816751e-01  2.00472689e-01  2.00470019e-01 -6.12633664e-05  5.05952614e-07 -6.08499786e-08 
 1.24025334e-05  1.99813485e-01  2.00500412e-01  2.00470218e-01 -6.53402966e-05  6.46630527e-07 -5.94025532e-08 
 1.24026158e-05  1.99810182e-01  2.00537813e-01  2.00471477e-01 -6.94488017e-05  8.36058649e-07 -5.70375522e-08 
 1.24027035e-05  1.99807631e-01  2.00585446e-01  2.00474242e-01 -7.36385511e-05  1.08750219e-06 -5.35254404e-08 
 1.24028183e-05  1.99806876e-01  2.00653680e-01  2.00480311e-01 -7.89582210e-05  1.48894531e-06 -4.75630096e-08 
 1.24029186e-05  1.99808566e-01  2.00713844e-01  2.00487924e-01 -8.35715296e-05  1.89997915e-06 -4.12915295e-08 
 1.24030410e-05  1.99813396e-01  2.00783189e-01  2.00499900e-01 -8.91335551e-05  2.46306770e-06 -3.26254948e-08 
 1.24031739e-05  1.99821463e-01  2.00851102e-01  2.00515810e-01 -9.49449236e-05  3.13594250e-06 -2.22574423e-08 
 1.24033267e-05  1.99833749e-01  2.00918083e-01  2.00537086e-01 -1.00911731e-04  3.96665025e-06 -9.50920813e-09 
 1.24034718e-05  1.99847546e-01  2.00968392e-01  2.00559428e-01 -1.05045123e-04  4.78785673e-06  2.96983772e-09 
 1.24035728e-05  1.99857868e-01  2.00992031e-01  2.00575693e-01 -1.05636489e-04  5.35881571e-06  1.14946646e-08 
 1.24036371e-05  1.99864297e-01  2.00997896e-01  2.00586074e-01 -1.03282209e-04  5.70745079e-06  1.65509052e-08 
 1.24036903e-05  1.99869259e-01  2.00993054e-01  2.00594492e-01 -9.88447254e-05  5.97533652e-06  2.02566078e-08 
 1.24037497e-05  1.99874031e-01  2.00973852e-01  2.00603386e-01 -9.16096546e-05  6.23845853e-06  2.36004732e-08 
 1.24038193e-05  1.99878419e-01  2.00932388e-01  2.00612710e-01 -8.12018735e-05  6.48714637e-06  2.62529283e-08 
 1.24038959e-05  1.99881551e-01  2.00866999e-01  2.00621073e-01 -6.89474252e-05  6.67973986e-06  2.75331910e-08 
 1.24039946e-05  1.99883099e-01  2.00764656e-01  2.00628222e-01 -5.42219864e-05  6.80573994e-06  2.68861804e-08 
 1.24040874e-05  1.99882311e-01  2.00663061e-01  2.00630978e-01 -4.30048969e-05  6.81544117e-06  2.43893928e-08 
 1.24041708e-05  1.99880189e-01  2.00577265e-01  2.00630294e-01 -3.54305731e-05  6.75415819e-06  2.10690759e-08 
 1.24042564e-05  1.99876970e-01  2.00500008e-01  2.00626871e-01 -2.98479599e-05  6.64189372e-06  1.70124225e-08 
 1.24043521e-05  1.99872539e-01  2.00428772e-01  2.00620389e-01 -2.56386841e-05  6.47685258e-06  1.20683897e-08 
 1.24044474e-05  1.99867528e-01  2.00373215e-01  2.00611807e-01 -2.30090402e-05  6.28725706e-06  6.98883503e-09 
 1.24045550e-05  1.99861461e-01  2.00326011e-01  2.00600336e-01 -2.12264023e-05  6.05796703e-06  1.28260130e-09 
 1.24046701e-05  1.99854670e-01  2.00289461e-01  2.00586715e-01 -2.01868996e-05  5.80650313e-06 -4.64910057e-09 
 1.24048071e-05  1.99846408e-01  2.00258769e-01  2.00569506e-01 -1.95632798e-05  5.50954398e-06 -1.13813412e-08 
 1.24049036e-05  1.99840518e-01  2.00242825e-01  2.00557066e-01 -1.93580976e-05  5.30546466e-06 -1.58885281e-08 
 1.24050000e-05  1.99834619e-01  2.00229781e-01  2.00544548e-01 -1.92347624e-05  5.10710808e-06 -2.02039693e-08 
 1.24050021e-05  1.99835502e-01  2.00233253e-01  2.00544284e-01 -1.81918089e-05  5.10320660e-06 -2.01790658e-08 
 1.24050062e-05  1.99836327e-01  2.00239659e-01  2.00543763e-01 -1.77866339e-05  5.09544010e-06 -2.01354914e-08 
 1.24050144e-05  1.99836257e-01  2.00250122e-01  2.00542750e-01 -1.75696188e-05  5.07997679e-06 -2.00679601e-08 
 1.24050308e-05  1.99836376e-01  2.00266115e-01  2.00540822e-01 -1.72657482e-05  5.04903683e-06 -1.99518168e-08 
 1.24050579e-05  1.99836373e-01  2.00286356e-01  2.00537864e-01 -1.68301144e-05  4.99805248e-06 -1.97877852e-08 
 1.24051120e-05  1.99836466e-01  2.00316328e-01  2.00532581e-01 -1.62342457e-05  4.89656935e-06 -1.95331717e-08 
 1.24052203e-05  1.99836413e-01  2.00351715e-01  2.00523737e-01 -1.55891569e-05  4.69707316e-06 -1.91809024e-08 
 1.24054369e-05  1.99836270e-01  2.00374379e-01  2.00509560e-01 -1.52435688e-05  4.31731511e-06 -1.86776639e-08 
 1.24057318e-05  1.99835917e-01  2.00370912e-01  2.00493193e-01 -1.52046006e-05  3.84584856e-06 -1.80080586e-08 
 1.24061373e-05  1.99835548e-01  2.00358114e-01  2.00472384e-01 -1.52133242e-05  3.27915907e-06 -1.69650096e-08 
 1.24067055e-05  1.99835015e-01  2.00341212e-01  2.00445292e-01 -1.52008241e-05  2.62134268e-06 -1.53836333e-08 
 1.24077665e-05  1.99834311e-01  2.00315586e-01  2.00400859e-01 -1.52133718e-05  1.71805292e-06 -1.24066093e-08 
 1.24098884e-05  1.99833302e-01  2.00282821e-01  2.00334314e-01 -1.52046128e-05  7.07994796e-07 -7.37790139e-09 
 1.24141323e-05  1.99832436e-01  2.00268857e-01  2.00271427e-01 -1.52266471e-05  6.45909697e-08 -1.86127616e-09 
 1.24196782e-05  1.99832063e-01  2.00307869e-01  2.00278708e-01 -1.52262854e-05 -2.76686540e-09 -7.90741303e-11 
 1.24279652e-05  1.99832009e-01  2.00399425e-01  2.00359692e-01 -1.52500790e-05  6.57552727e-10  2.68120659e-11 
 1.24417934e-05  1.99832029e-01  2.00520044e-01  2.00491923e-01 -1.52480193e-05 -2.85011019e-10  2.09347650e-11 
 1.24566565e-05  1.99832124e-01  2.00567339e-01  2.00554393e-01 -1.52650385e-05  1.50897972e-10  1.22646604e-11 
 1.24831439e-05  1.99832077e-01  2.00533997e-01  2.00531257e-01 -1.52565117e-05 -1.03155166e-10 -6.43628743e-12 
 1.25303684e-05  1.99832016e-01  2.00452181e-01  2.00444100e-01 -1.52698927e-05  7.75469237e-11 -8.48125877e-13 
 1.25651842e-05  1.99831972e-01  2.00453964e-01  2.00442264e-01 -1.52575089e-05 -5.88581328e-11  1.32516329e-12 
 1.26000000e-05  1.99832032e-01  2.00466426e-01  2.00456095e-01 -1.52695922e-05  4.43251933e-11  2.73983543e-12 
 1.26000257e-05  1.99834039e-01  2.00482037e-01  2.00456257e-01 -1.37375922e-05  1.72522163e-09  3.76536869e-09 
 1.26000770e-05  1.99835896e-01  2.00505740e-01  2.00456818e-01 -1.31892771e-05  4.81724456e-09  1.13046921e-08 
 1.26001796e-05  1.99839079e-01  2.00533421e-01  2.00458939e-01 -1.28199303e-05  9.87159429e-09  2.57970033e-08 
 1.26003156e-05  1.99843529e-01  2.00552775e-01  2.00462865e-01 -1.25538454e-05  1.54730644e-08  4.39479949e-08 
 1.26005876e-05  1.99852008e-01  2.00565528e-01  2.00471765e-01 -1.25699041e-05  2.54990601e-08  7.74358178e-08 
 1.26009645e-05  1.99864020e-01  2.00569309e-01  2.00483772e-01 -1.25176712e-05  3.79370065e-08  1.18581073e-07 
 1.26015986e-05  1.99884488e-01  2.00568216e-01  2.00500647e-01 -1.32694769e-05  5.47176156e-08  1.77492346e-07 
 1.26017046e-05  1.99888537e-01  2.00566933e-01  2.00503008e-01 -1.36085559e-05  5.66704347e-08  1.86372248e-07 
 1.26019165e-05  1.99897724e-01  2.00556989e-01  2.00506986e-01 -1.59596303e-05  5.78353011e-08  2.02894248e-07 
 1.26020660e-05  1.99906151e-01  2.00542675e-01  2.00508893e-01 -1.91423113e-05  5.54689791e-08  2.13059763e-07 
 1.26021912e-05  1.99914330e-01  2.00522955e-01  2.00509572e-01 -2.32660297e-05  5.03954922e-08  2.20046137e-07 
 1.26023162e-05  1.99923671e-01  2.00495240e-01  2.00509060e-01 -2.84324861e-05  4.18892739e-08  2.25003453e-07 
 1.26024418e-05  1.99933449e-01  2.00457608e-01  2.00506969e-01 -3.44168522e-05  2.93412520e-08  2.27373145e-07 
 1.26025601e-05  1.99942727e-01  2.00411594e-01  2.00503161e-01 -3.98588216e-05  1.32210905e-08  2.26444800e-07 
 1.26026678e-05  1.99950385e-01  2.00358071e-01  2.00497746e-01 -4.39879494e-05 -5.91298233e-09  2.22218195e-07 
 1.26027890e-05  1.99957803e-01  2.00283532e-01  2.00488894e-01 -4.73726698e-05 -3.29717456e-08  2.12709463e-07 
 1.26028993e-05  1.99962903e-01  2.00206764e-01  2.00477945e-01 -5.06315323e-05 -6.13859461e-08  1.99546329e-07 
 1.26030662e-05  1.99967895e-01  2.00089352e-01  2.00455975e-01 -5.61266197e-05 -1.06563076e-07  1.72185137e-07 
 1.26031979e-05  1.99969177e-01  2.00002412e-01  2.00434418e-01 -6.06374806e-05 -1.41589491e-07  1.45154854e-07 
 1.26033335e-05  1.99968160e-01  1.99922345e-01  2.00408957e-01 -6.50522213e-05 -1.75307481e-07  1.13271140e-07 
 1.26034391e-05  1.99965200e-01  1.99868965e-01  2.00387312e-01 -6.81297492e-05 -1.98900553e-07  8.63305101e-08 
 1.26034999e-05  1.99962296e-01  1.99843493e-01  2.00374321e-01 -6.95719393e-05 -2.10765944e-07  7.03083862e-08 
 1.26035401e-05  1.99959290e-01  1.99830184e-01  2.00365585e-01 -7.02756559e-05 -2.17404996e-07  5.97069850e-08 
 1.26035742e-05  1.99955499e-01  1.99822793e-01  2.00358133e-01 -7.05243947e-05 -2.21668153e-07  5.08830880e-08 
 1.26036005e-05  1.99951000e-01  1.99821250e-01  2.00352428e-01 -7.03443440e-05 -2.23478396e-07  4.44054844e-08 
 1.26036263e-05  1.99944745e-01  1.99825425e-01  2.00346883e-01 -6.96571846e-05 -2.23250524e-07  3.85098692e-08 
 1.26036558e-05  1.99935454e-01  1.99839765e-01  2.00340735e-01 -6.81458447e-05 -2.19677112e-07  3.26804841e-08 
 1.26036898e-05  1.99923208e-01  1.99870768e-01  2.00334040e-01 -6.54602202e-05 -2.10588120e-07  2.74491580e-08 
 1.26037271e-05  1.99909537e-01  1.99921376e-01  2.00327417e-01 -6.15783383e-05 -1.94823433e-07  2.37279828e-08 
 1.26037798e-05  1.99892141e-01  2.00014107e-01  2.00319699e-01 -5.50366595e-05 -1.64675303e-07  2.18820500e-08 
 1.26038109e-05  1.99883685e-01  2.00075556e-01  2.00316182e-01 -5.09220618e-05 -1.44091687e-07  2.24784035e-08 
 1.26038459e-05  1.99875903e-01  2.00145831e-01  2.00313178e-01 -4.63160677e-05 -1.19990174e-07  2.43411925e-08 
 1.26038875e-05  1.99868901e-01  2.00225843e-01  2.00310912e-01 -4.11519928e-05 -9.17754169e-08  2.78227546e-08 
 1.26039326e-05  1.99863692e-01  2.00304693e-01  2.00309917e-01 -3.61010995e-05 -6.30595005e-08  3.27327941e-08 
 1.26039785e-05  1.99860363e-01  2.00374032e-01  2.00310271e-01 -3.16605881e-05 -3.68795592e-08  3.85278914e-08 
 1.26040282e-05  1.99858413e-01  2.00436081e-01  2.00311940e-01 -2.76589204e-05 -1.24947115e-08  4.53431793e-08 
 1.26040823e-05  1.99857620e-01  2.00489212e-01  2.00314950e-01 -2.41909802e-05  9.36183351e-09  5.30734580e-08 
 1.26041442e-05  1.99857827e-01  2.00534543e-01  2.00319524e-01 -2.11831022e-05  2.90138238e-08  6.20499948e-08 
 1.26042148e-05  1.99858925e-01  2.00570688e-01  2.00325735e-01 -1.87436010e-05  4.56469694e-08  7.22165751e-08 
 1.26042990e-05  1.99860910e-01  2.00598853e-01  2.00333983e-01 -1.68268737e-05  5.94460514e-08  8.40762133e-08 
 1.26044001e-05  1.99863769e-01  2.00619511e-01  2.00344491e-01 -1.54593538e-05  7.00970768e-08  9.78149392e-08 
 1.26045278e-05  1.99867718e-01  2.00635027e-01  2.00358081e-01 -1.45640305e-05  7.80392199e-08  1.14383260e-07 
 1.26046926e-05  1.99873010e-01  2.00647828e-01  2.00375522e-01 -1.40749153e-05  8.36323254e-08  1.34534501e-07 
 1.26048463e-05  1.99878017e-01  2.00657243e-01  2.00391447e-01 -1.39083192e-05  8.66589887e-08  1.52227096e-07 
 1.26050000e-05  1.99883032e-01  2.00666004e-01  2.00406965e-01 -1.38435285e-05  8.88433533e-08  1.68998193e-07 
 1.26050042e-05  1.99882024e-01  2.00662774e-01  2.00407377e-01 -1.49277896e-05  8.86095295e-08  1.68720012e-07 
 1.26050126e-05  1.99881326e-01  2.00657110e-01  2.00408191e-01 -1.52042193e-05  8.81536649e-08  1.67938232e-07 
 1.26050294e-05  1.99881465e-01  2.00648698e-01  2.00409762e-01 -1.51615289e-05  8.73131046e-08  1.66082289e-07 
 1.26050630e-05  1.99881065e-01  2.00636119e-01  2.00412735e-01 -1.52952005e-05  8.58242304e-08  1.62597413e-07 
 1.26051302e-05  1.99881077e-01  2.00618501e-01  2.00418160e-01 -1.52995017e-05  8.32966361e-08  1.55826610e-07 
 1.26052646e-05  1.99880923e-01  2.00600676e-01  2.00427657e-01 -1.53744583e-05  7.89651641e-08  1.43272826e-07 
 1.26054246e-05  1.99881222e-01  2.00595793e-01  2.00437613e-01 -1.53158269e-05  7.42330350e-08  1.29597567e-07 
 1.26056850e-05  1.99881300e-01  2.00600495e-01  2.00452517e-01 -1.53589618e-05  6.70378209e-08  1.10000104e-07 
 1.26061441e-05  1.99881816e-01  2.00616704e-01  2.00477082e-01 -1.53090485e-05  5.59440699e-08  8.19662156e-08 
 1.26070623e-05  1.99882298e-01  2.00647445e-01  2.00522063e-01 -1.53530595e-05  3.88616823e-08  4.41518782e-08 
 1.26088985e-05  1.99883345e-01  2.00693259e-01  2.00596339e-01 -1.53003520e-05  1.83282590e-08  9.05386571e-09 
 1.26125711e-05  1.99884169e-01  2.00739563e-01  2.00689537e-01 -1.53361631e-05  3.08490873e-09 -4.92460485e-09 
 1.26180059e-05  1.99884816e-01  2.00738998e-01  2.00730900e-01 -1.52774570e-05 -2.14819133e-11 -2.47187976e-09 
 1.26252100e-05  1.99884828e-01  2.00685485e-01  2.00697024e-01 -1.53133158e-05  2.33135794e-11 -1.44271260e-09 
 1.26379517e-05  1.99884974e-01  2.00579765e-01  2.00590114e-01 -1.52571652e-05 -2.06986047e-11 -4.34347865e-10 
 1.26520363e-05  1.99884772e-01  2.00510989e-01  2.00509280e-01 -1.52988367e-05 -4.34867246e-12 -1.58124147e-10 
 1.26752172e-05  1.99884892e-01  2.00495225e-01  2.00482632e-01 -1.52492250e-05 -1.83811690e-12 -6.38839730e-12 
 1.27136375e-05  1.99884807e-01  2.00536880e-01  2.00524034e-01 -1.52940753e-05  3.53201127e-12  1.18312217e-11 
 1.27753940e-05  1.99884989e-01  2.00534949e-01  2.00527464e-01 -1.52478182e-05 -3.04429203e-12  4.40247741e-12 
 1.28544944e-05  1.99884819e-01  2.00499699e-01  2.00489531e-01 -1.52941932e-05  7.04979911e-13  3.87811690e-13 
 1.29544944e-05  1.99884985e-01  2.00505140e-01  2.00494986e-01 -1.52478046e-05 -1.20436365e-12  6.58853446e-12 
 1.30544944e-05  1.99884854e-01  2.00494568e-01  2.00485164e-01 -1.52941498e-05  1.60741863e-13  2.89831196e-12 
 1.31544944e-05  1.99885005e-01  2.00490260e-01  2.00479881e-01 -1.52478437e-05 -1.09097041e-12  3.27069719e-12 
 1.32544944e-05  1.99884883e-01  2.00492090e-01  2.00482301e-01 -1.52941178e-05  3.28217705e-13  6.00747788e-12 
 1.33544944e-05  1.99885036e-01  2.00487559e-01  2.00477538e-01 -1.52478578e-05 -1.21432964e-12  1.17277791e-12 
 1.34544944e-05  1.99884910e-01  2.00489075e-01  2.00478976e-01 -1.52941131e-05  3.71917991e-13  7.30511582e-12 
 1.35544944e-05  1.99885069e-01  2.00487975e-01  2.00478071e-01 -1.52478564e-05 -1.14285382e-12  4.38578427e-13 
 1.36544944e-05  1.99884940e-01  2.00487643e-01  2.00477526e-01 -1.52941146e-05  2.47098782e-13  7.85026596e-12 
 1.37544944e-05  1.99885099e-01  2.00488000e-01  2.00478044e-01 -1.52478563e-05 -9.98338348e-13 -9.31764973e-14 
 1.38544944e-05  1.99884971e-01  2.00487520e-01  2.00477459e-01 -1.52941124e-05  1.19672284e-13  8.46197613e-12 
 1.39544944e-05  1.99885130e-01  2.00487718e-01  2.00477719e-01 -1.52478599e-05 -8.95509578e-13 -7.65078810e-13 
 1.40544944e-05  1.99885002e-01  2.00487681e-01  2.00477636e-01 -1.52941080e-05  4.22448534e-14  9.15514843e-12 
 1.41544944e-05  1.99885161e-01  2.00487587e-01  2.00477586e-01 -1.52478643e-05 -8.34940407e-13 -1.43322919e-12 
 1.42544944e-05  1.99885033e-01  2.00487732e-01  2.00477681e-01 -1.52941038e-05 -8.05410426e-15  9.77496583e-12 
 1.43544944e-05  1.99885192e-01  2.00487613e-01  2.00477620e-01 -1.52478681e-05 -7.89478942e-13 -1.99634639e-12 
 1.44544944e-05  1.99885064e-01  2.00487726e-01  2.00477669e-01 -1.52941002e-05 -5.06476371e-14  1.02868562e-11 
 1.45272472e-05  1.99885219e-01  2.00487667e-01  2.00477676e-01 -1.52478723e-05 -7.42372960e-13 -2.53975861e-12 
 1.46000000e-05  1.99885087e-01  2.00487728e-01  2.00477671e-01 -1.52940954e-05 -1.00154043e-13  1.08693186e-11 
 1.46001026e-05  1.99880014e-01  2.00448441e-01  2.00476124e-01 -1.66980342e-05 -5.40034153e-09 -2.07509159e-08 
 1.46003077e-05  1.99873063e-01  2.00403010e-01  2.00471362e-01 -1.68797868e-05 -1.46834999e-08 -6.09225077e-08 
 1.46006141e-05  1.99863547e-01  2.00387986e-01  2.00461443e-01 -1.69177521e-05 -2.60502197e-08 -1.15080631e-07 
 1.46009678e-05  1.99852564e-01  2.00385114e-01  2.00450222e-01 -1.73865198e-05 -3.77847104e-08 -1.70244072e-07 
 1.46012986e-05  1.99843301e-01  2.00387438e-01  2.00441041e-01 -1.90731074e-05 -4.66834263e-08 -2.15136336e-07 
 1.46015120e-05  1.99838342e-01  2.00391880e-01  2.00436015e-01 -2.18835881e-05 -5.09500311e-08 -2.40457476e-07 
 1.46016825e-05  1.99835498e-01  2.00399493e-01  2.00432695e-01 -2.55246319e-05 -5.31423657e-08 -2.58340087e-07 
 1.46018536e-05  1.99833615e-01  2.00410328e-01  2.00430193e-01 -3.06425328e-05 -5.40653761e-08 -2.73846110e-07 
 1.46020095e-05  1.99832810e-01  2.00424889e-01  2.00428826e-01 -3.64742902e-05 -5.34451755e-08 -2.85515620e-07 
 1.46021406e-05  1.99832503e-01  2.00441288e-01  2.00428531e-01 -4.21463709e-05 -5.13753957e-08 -2.93127418e-07 
 1.46022500e-05  1.99832393e-01  2.00459708e-01  2.00429043e-01 -4.72166660e-05 -4.80345674e-08 -2.97630661e-07 
 1.46023440e-05  1.99832075e-01  2.00480132e-01  2.00430181e-01 -5.16840695e-05 -4.34476508e-08 -2.99811637e-07 
 1.46024273e-05  1.99831486e-01  2.00503551e-01  2.00431875e-01 -5.55375279e-05 -3.74742198e-08 -3.00158187e-07 
 1.46025044e-05  1.99830378e-01  2.00531059e-01  2.00434163e-01 -5.88668863e-05 -2.97711123e-08 -2.98807903e-07 
 1.46025821e-05  1.99828793e-01  2.00566005e-01  2.00437358e-01 -6.18186024e-05 -1.93381289e-08 -2.95505788e-07 
 1.46026691e-05  1.99827015e-01  2.00613218e-01  2.00442223e-01 -6.46723310e-05 -4.53750004e-09 -2.89224895e-07 
 1.46027650e-05  1.99826053e-01  2.00671095e-01  2.00449373e-01 -6.74646967e-05  1.43190013e-08 -2.79241496e-07 
 1.46028700e-05  1.99826402e-01  2.00735309e-01  2.00459403e-01 -7.04080624e-05  3.59975922e-08 -2.65025658e-07 
 1.46029885e-05  1.99828508e-01  2.00803732e-01  2.00473294e-01 -7.37521810e-05  5.98682823e-08 -2.45512121e-07 
 1.46031185e-05  1.99832477e-01  2.00871147e-01  2.00491240e-01 -7.74690011e-05  8.41360675e-08 -2.20605072e-07 
 1.46032615e-05  1.99838461e-01  2.00935036e-01  2.00513587e-01 -8.13546711e-05  1.07879941e-07 -1.89944713e-07 
 1.46034195e-05  1.99846407e-01  2.00991796e-01  2.00540534e-01 -8.47729800e-05  1.29925755e-07 -1.53405894e-07 
 1.46035349e-05  1.99852730e-01  2.01020982e-01  2.00561091e-01 -8.56182539e-05  1.42234450e-07 -1.26023236e-07 
 1.46036041e-05  1.99856444e-01  2.01029677e-01  2.00573496e-01 -8.40615127e-05  1.46870050e-07 -1.09964873e-07 
 1.46036581e-05  1.99859111e-01  2.01027605e-01  2.00583004e-01 -8.06775064e-05  1.47723187e-07 -9.82160447e-08 
 1.46037140e-05  1.99861428e-01  2.01013340e-01  2.00592463e-01 -7.51723372e-05  1.44822730e-07 -8.73351035e-08 
 1.46037879e-05  1.99863672e-01  2.00973627e-01  2.00603851e-01 -6.59096969e-05  1.34327851e-07 -7.57289299e-08 
 1.46038561e-05  1.99864833e-01  2.00918542e-01  2.00612794e-01 -5.66766048e-05  1.18525692e-07 -6.81496956e-08 
 1.46039495e-05  1.99865137e-01  2.00825393e-01  2.00621931e-01 -4.47997945e-05  9.04522360e-08 -6.26426272e-08 
 1.46040724e-05  1.99863698e-01  2.00695187e-01  2.00628086e-01 -3.27368804e-05  4.93623259e-08 -6.26900159e-08 
 1.46041585e-05  1.99861819e-01  2.00611271e-01  2.00628597e-01 -2.71598488e-05  2.17901231e-08 -6.65369042e-08 
 1.46042390e-05  1.99859657e-01  2.00544661e-01  2.00626675e-01 -2.36651769e-05 -8.09210591e-10 -7.19903146e-08 
 1.46043359e-05  1.99856770e-01  2.00480744e-01  2.00621961e-01 -2.09947808e-05 -2.31842105e-08 -8.00556250e-08 
 1.46044286e-05  1.99853820e-01  2.00434691e-01  2.00615611e-01 -1.95553274e-05 -3.98184745e-08 -8.86871858e-08 
 1.46045379e-05  1.99850259e-01  2.00395681e-01  2.00606612e-01 -1.86384583e-05 -5.42830416e-08 -9.93521559e-08 
 1.46046500e-05  1.99846551e-01  2.00368200e-01  2.00596317e-01 -1.82174765e-05 -6.46492981e-08 -1.10424844e-07 
 1.46047878e-05  1.99841999e-01  2.00345630e-01  2.00582942e-01 -1.80017256e-05 -7.31162756e-08 -1.23800733e-07 
 1.46048939e-05  1.99838491e-01  2.00333598e-01  2.00572411e-01 -1.79619666e-05 -7.74648209e-08 -1.33790106e-07 
 1.46050000e-05  1.99835003e-01  2.00324239e-01  2.00561873e-01 -1.79417361e-05 -8.06486504e-08 -1.43439420e-07 
 1.46050022e-05  1.99835687e-01  2.00326008e-01  2.00561657e-01 -1.69334230e-05 -8.05514369e-08 -1.43341726e-07 
 1.46050066e-05  1.99836306e-01  2.00329298e-01  2.00561227e-01 -1.65785557e-05 -8.03532412e-08 -1.43106662e-07 
 1.46050154e-05  1.99836226e-01  2.00334662e-01  2.00560387e-01 -1.64380486e-05 -7.99629513e-08 -1.42558877e-07 
 1.46050330e-05  1.99836305e-01  2.00342819e-01  2.00558761e-01 -1.62520957e-05 -7.92403477e-08 -1.41486457e-07 
 1.46050617e-05  1.99836270e-01  2.00353222e-01  2.00556240e-01 -1.59918539e-05 -7.81766750e-08 -1.39777930e-07 
 1.46051192e-05  1.99836301e-01  2.00368505e-01  2.00551575e-01 -1.56570134e-05 -7.63467358e-08 -1.36488426e-07 
 1.46052340e-05  1.99836189e-01  2.00385162e-01  2.00543276e-01 -1.53214332e-05 -7.32590190e-08 -1.30291601e-07 
 1.46054638e-05  1.99836015e-01  2.00391639e-01  2.00528788e-01 -1.51943703e-05 -6.76522772e-08 -1.18959506e-07 
 1.46057562e-05  1.99835716e-01  2.00383232e-01  2.00512060e-01 -1.51989057e-05 -6.07011009e-08 -1.06064081e-07 
 1.46061711e-05  1.99835413e-01  2.00368221e-01  2.00489632e-01 -1.52121532e-05 -5.16335261e-08 -9.01352524e-08 
 1.46067824e-05  1.99834950e-01  2.00347618e-01  2.00458748e-01 -1.52035873e-05 -4.05830020e-08 -7.08869713e-08 
 1.46080051e-05  1.99834302e-01  2.00313583e-01  2.00404451e-01 -1.52177100e-05 -2.49150403e-08 -4.35574513e-08 
 1.46104504e-05  1.99833400e-01  2.00268488e-01  2.00323370e-01 -1.52142642e-05 -8.82844257e-09 -1.54555435e-08 
 1.46153411e-05  1.99832670e-01  2.00239502e-01  2.00244858e-01 -1.52365148e-05 -2.66714270e-10 -4.53281934e-10 
 1.46215430e-05  1.99832386e-01  2.00264197e-01  2.00241513e-01 -1.52364848e-05 -1.28487468e-11 -7.61484333e-12 
 1.46317102e-05  1.99832359e-01  2.00338693e-01  2.00308437e-01 -1.52568310e-05  3.55091195e-12  8.12567358e-12 
 1.46455239e-05  1.99832374e-01  2.00414352e-01  2.00393708e-01 -1.52525129e-05  1.11718837e-11  2.04310270e-11 
 1.46634142e-05  1.99832443e-01  2.00441919e-01  2.00431860e-01 -1.52664352e-05 -7.02733011e-13  1.40148770e-12 
 1.46942294e-05  1.99832387e-01  2.00413267e-01  2.00407274e-01 -1.52580203e-05 -1.64237027e-12 -1.31149551e-12 
 1.47471147e-05  1.99832372e-01  2.00387375e-01  2.00376261e-01 -1.52689282e-05 -1.49757919e-12 -4.49505559e-13 
 1.48000000e-05  1.99832368e-01  2.00414412e-01  2.00402963e-01 -1.52582383e-05  1.62223273e-12  3.92243909e-12 
 1.48000361e-05  1.99836241e-01  2.00454352e-01  2.00403552e-01 -1.33588252e-05  4.25468590e-09  1.81944777e-09 
 1.48001083e-05  1.99840923e-01  2.00511434e-01  2.00405526e-01 -1.23702837e-05  1.16257742e-08  5.27210712e-09 
 1.48002527e-05  1.99849635e-01  2.00568854e-01  2.00412522e-01 -1.16960015e-05  2.14907512e-08  1.15650240e-08 
 1.48004376e-05  1.99860975e-01  2.00601761e-01  2.00424131e-01 -1.14396486e-05  2.98318552e-08  1.89166217e-08 
 1.48007872e-05  1.99882031e-01  2.00623398e-01  2.00447446e-01 -1.14729797e-05  4.19656439e-08  3.13687071e-08 
 1.48011787e-05  1.99906138e-01  2.00637973e-01  2.00472605e-01 -1.14511315e-05  5.32194709e-08  4.34363284e-08 
 1.48014512e-05  1.99923205e-01  2.00645169e-01  2.00489035e-01 -1.16784890e-05  5.86708543e-08  5.07599401e-08 
 1.48016523e-05  1.99936763e-01  2.00650124e-01  2.00500522e-01 -1.21117680e-05  5.70872938e-08  5.55730226e-08 
 1.48018063e-05  1.99947918e-01  2.00650016e-01  2.00508863e-01 -1.31214191e-05  4.59282666e-08  5.87983358e-08 
 1.48019378e-05  1.99958704e-01  2.00647119e-01  2.00515508e-01 -1.46486167e-05  2.14255258e-08  6.10839650e-08 
 1.48020629e-05  1.99969911e-01  2.00638632e-01  2.00521237e-01 -1.71015371e-05 -2.42718844e-08  6.26696154e-08 
 1.48021902e-05  1.99982639e-01  2.00623714e-01  2.00526196e-01 -2.05784455e-05 -1.04582243e-07  6.34856730e-08 
 1.48023193e-05  1.99996221e-01  2.00599620e-01  2.00529995e-01 -2.51059789e-05 -2.34170931e-07  6.32469437e-08 
 1.48024461e-05  2.00009920e-01  2.00566233e-01  2.00532117e-01 -2.98889197e-05 -4.22979206e-07  6.17153722e-08 
 1.48025649e-05  2.00022002e-01  2.00523757e-01  2.00532249e-01 -3.39611606e-05 -6.70491913e-07  5.88361510e-08 
 1.48026733e-05  2.00031884e-01  2.00473324e-01  2.00530392e-01 -3.63627928e-05 -9.71410813e-07  5.47071185e-08 
 1.48027951e-05  2.00040539e-01  2.00401701e-01  2.00525498e-01 -3.75044136e-05 -1.41213016e-06  4.80582815e-08 
 1.48029058e-05  2.00046020e-01  2.00326836e-01  2.00518082e-01 -3.83874941e-05 -1.91042169e-06  4.01762606e-08 
 1.48030754e-05  2.00049452e-01  2.00208323e-01  2.00500986e-01 -4.03381585e-05 -2.83716806e-06  2.52279966e-08 
 1.48032087e-05  2.00048117e-01  2.00119147e-01  2.00482958e-01 -4.20790945e-05 -3.68475086e-06  1.14934560e-08 
 1.48033310e-05  2.00043581e-01  2.00044285e-01  2.00463315e-01 -4.37578001e-05 -4.53622770e-06 -2.25846648e-09 
 1.48034408e-05  2.00036776e-01  1.99985364e-01  2.00443608e-01 -4.50808444e-05 -5.34419169e-06 -1.52129499e-08 
 1.48035123e-05  2.00030318e-01  1.99953227e-01  2.00429957e-01 -4.57774711e-05 -5.88221212e-06 -2.37537248e-08 
 1.48035499e-05  2.00025876e-01  1.99939564e-01  2.00422587e-01 -4.59563411e-05 -6.16467627e-06 -2.81874832e-08 
 1.48035860e-05  2.00020051e-01  1.99930319e-01  2.00415440e-01 -4.59237709e-05 -6.43047619e-06 -3.22965097e-08 
 1.48036134e-05  2.00013940e-01  1.99927547e-01  2.00410029e-01 -4.55966997e-05 -6.62343992e-06 -3.52069403e-08 
 1.48036401e-05  2.00005929e-01  1.99930597e-01  2.00404814e-01 -4.49323467e-05 -6.79862423e-06 -3.77432685e-08 
 1.48036708e-05  1.99994718e-01  1.99943869e-01  2.00398980e-01 -4.36639673e-05 -6.97739380e-06 -4.01299144e-08 
 1.48037053e-05  1.99980949e-01  1.99972918e-01  2.00392810e-01 -4.16852137e-05 -7.14223278e-06 -4.19851606e-08 
 1.48037448e-05  1.99965591e-01  2.00023359e-01  2.00386472e-01 -3.88846128e-05 -7.28098637e-06 -4.29902381e-08 
 1.48038016e-05  1.99946796e-01  2.00118847e-01  2.00379156e-01 -3.43691423e-05 -7.39181200e-06 -4.25548883e-08 
 1.48038373e-05  1.99937913e-01  2.00186726e-01  2.00375811e-01 -3.15071423e-05 -7.41379817e-06 -4.13395676e-08 
 1.48038726e-05  1.99931334e-01  2.00254886e-01  2.00373497e-01 -2.88091926e-05 -7.40696455e-06 -3.96299108e-08 
 1.48039146e-05  1.99926089e-01  2.00333110e-01  2.00372005e-01 -2.58957390e-05 -7.36973834e-06 -3.71432152e-08 
 1.48039603e-05  1.99923058e-01  2.00411148e-01  2.00371825e-01 -2.31502737e-05 -7.30247337e-06 -3.40974856e-08 
 1.48040079e-05  1.99922188e-01  2.00482474e-01  2.00373052e-01 -2.07866116e-05 -7.21172147e-06 -3.07387108e-08 
 1.48040593e-05  1.99923126e-01  2.00547194e-01  2.00375731e-01 -1.87547978e-05 -7.09874166e-06 -2.70684738e-08 
 1.48041160e-05  1.99925699e-01  2.00604932e-01  2.00380001e-01 -1.70575948e-05 -6.96316272e-06 -2.30716339e-08 
 1.48041807e-05  1.99929877e-01  2.00655745e-01  2.00386140e-01 -1.56630025e-05 -6.80164117e-06 -1.86667908e-08 
 1.48042558e-05  1.99935707e-01  2.00699028e-01  2.00394462e-01 -1.45880641e-05 -6.61121654e-06 -1.37979984e-08 
 1.48043457e-05  1.99943424e-01  2.00735160e-01  2.00405503e-01 -1.37968736e-05 -6.38458815e-06 -8.30372033e-09 
 1.48044566e-05  1.99953485e-01  2.00764875e-01  2.00420016e-01 -1.32746986e-05 -6.11172114e-06 -1.96628659e-09 
 1.48045997e-05  1.99966850e-01  2.00790049e-01  2.00439353e-01 -1.29604998e-05 -5.77386530e-06  5.62323579e-09 
 1.48047945e-05  1.99985330e-01  2.00813638e-01  2.00465792e-01 -1.28107578e-05 -5.34169341e-06  1.50872624e-08 
 1.48050000e-05  2.00004988e-01  2.00833262e-01  2.00493237e-01 -1.27589598e-05 -4.91965623e-06  2.41583842e-08 
 1.48050057e-05  2.00003480e-01  2.00824474e-01  2.00493973e-01 -1.39708645e-05 -4.90903874e-06  2.40892519e-08 
 1.48050172e-05  2.00002658e-01  2.00809566e-01  2.00495407e-01 -1.43396807e-05 -4.88780775e-06  2.39739552e-08 
 1.48050402e-05  2.00003047e-01  2.00788443e-01  2.00498092e-01 -1.44533524e-05 -4.84529232e-06  2.37911695e-08 
 1.48050861e-05  2.00002751e-01  2.00758020e-01  2.00502918e-01 -1.48653508e-05 -4.76045758e-06  2.34849516e-08 
 1.48051780e-05  2.00003503e-01  2.00719174e-01  2.00511060e-01 -1.51252724e-05 -4.59337175e-06  2.30258190e-08 
 1.48053281e-05  2.00004223e-01  2.00690665e-01  2.00521776e-01 -1.53646029e-05 -4.33106100e-06  2.24260616e-08 
 1.48055194e-05  2.00005828e-01  2.00682691e-01  2.00533189e-01 -1.53164906e-05 -4.01781389e-06  2.17178055e-08 
 1.48058372e-05  2.00007611e-01  2.00688134e-01  2.00550187e-01 -1.53778095e-05 -3.54616356e-06  2.05178820e-08 
 1.48063166e-05  2.00010654e-01  2.00703508e-01  2.00573917e-01 -1.53076855e-05 -2.93640182e-06  1.86920083e-08 
 1.48071787e-05  2.00014526e-01  2.00727752e-01  2.00612648e-01 -1.53714888e-05 -2.08676392e-06  1.55146337e-08 
 1.48089029e-05  2.00020603e-01  2.00762594e-01  2.00675467e-01 -1.53000290e-05 -1.03177220e-06  1.01342926e-08 
 1.48123513e-05  2.00026221e-01  2.00791007e-01  2.00749997e-01 -1.53547352e-05 -1.98970722e-07  3.57572848e-09 
 1.48176655e-05  2.00029133e-01  2.00768977e-01  2.00770562e-01 -1.52756388e-05  4.21283636e-09  3.15283818e-10 
 1.48245832e-05  2.00029311e-01  2.00691459e-01  2.00712074e-01 -1.53287105e-05 -6.23114967e-10 -3.78103927e-11 
 1.48360947e-05  2.00029524e-01  2.00563857e-01  2.00580379e-01 -1.52518790e-05  2.22196448e-10 -1.20835127e-11 
 1.48499914e-05  2.00029179e-01  2.00478503e-01  2.00478562e-01 -1.53103716e-05 -1.21771438e-10 -2.44086402e-11 
 1.48709353e-05  2.00029408e-01  2.00471845e-01  2.00456909e-01 -1.52407110e-05  6.72786152e-11  7.48153340e-12 
 1.49061478e-05  2.00029209e-01  2.00554894e-01  2.00538233e-01 -1.53035270e-05 -4.58025089e-11  3.70469513e-12 
 1.49587569e-05  2.00029539e-01  2.00601402e-01  2.00592819e-01 -1.52382904e-05  3.97371834e-11  4.14181422e-12 
 1.50260087e-05  2.00029277e-01  2.00583551e-01  2.00573512e-01 -1.53035940e-05 -3.57547566e-11 -3.37745879e-12 
 1.51260087e-05  2.00029577e-01  2.00611566e-01  2.00600212e-01 -1.52383638e-05  3.18381990e-11  5.82897765e-12 
 1.52260087e-05  2.00029357e-01  2.00621306e-01  2.00612010e-01 -1.53035200e-05 -2.90780789e-11 -2.84616254e-12 
 1.53260087e-05  2.00029642e-01  2.00620134e-01  2.00609495e-01 -1.52384301e-05  2.51663384e-11  4.28902009e-12 
 1.54260087e-05  2.00029419e-01  2.00629987e-01  2.00620038e-01 -1.53034908e-05 -2.31020797e-11 -1.59057576e-12 
 1.55260087e-05  2.00029709e-01  2.00627426e-01  2.00617444e-01 -1.52384411e-05  1.98710208e-11  3.32093944e-12 
 1.56260087e-05  2.00029480e-01  2.00630189e-01  2.00619983e-01 -1.53034940e-05 -1.85525683e-11 -1.10765856e-12 
 1.57260087e-05  2.00029773e-01  2.00631004e-01  2.00621093e-01 -1.52384371e-05  1.58854399e-11  3.07575780e-12 
 1.58260087e-05  2.00029542e-01  2.00630434e-01  2.00620321e-01 -1.53034961e-05 -1.50297645e-11 -1.00710428e-12 
 1.59260087e-05  2.00029835e-01  2.00631635e-01  2.00621620e-01 -1.52384396e-05  1.27025666e-11  2.97463264e-12 
 1.60260087e-05  2.00029605e-01  2.00631179e-01  2.00621155e-01 -1.53034908e-05 -1.21355974e-11 -8.80547588e-13 
 1.61260087e-05  2.00029897e-01  2.00631501e-01  2.00621449e-01 -1.52384467e-05  1.00584393e-11  2.80797385e-12 
 1.62260087e-05  2.00029667e-01  2.00631612e-01  2.00621596e-01 -1.53034836e-05 -9.72944013e-12 -6.99649377e-13 
 1.63260087e-05  2.00029959e-01  2.00631523e-01  2.00621483e-01 -1.52384535e-05  7.87631657e-12  2.62898660e-12 
 1.64260087e-05  2.00029729e-01  2.00631708e-01  2.00621676e-01 -1.53034774e-05 -7.75924702e-12 -5.38354355e-13 
 1.65260087e-05  2.00030021e-01  2.00631660e-01  2.00621632e-01 -1.52384592e-05  6.10072301e-12  2.48851205e-12 
 1.66260087e-05  2.00029791e-01  2.00631727e-01  2.00621690e-01 -1.53034719e-05 -6.16027607e-12 -4.18046077e-13 
 1.67130044e-05  2.00030079e-01  2.00631763e-01  2.00621735e-01 -1.52384651e-05  4.56324648e-12  2.37680898e-12 
 1.68000000e-05  2.00029846e-01  2.00631771e-01  2.00621737e-01 -1.53034656e-05 -4.68749952e-12 -3.12395021e-13 
 1.68001225e-05  2.00016521e-01  2.00545685e-01  2.00617716e-01 -1.72984809e-05 -8.75743953e-09 -5.65949674e-09 
 1.68003675e-05  1.99994276e-01  2.00452244e-01  2.00605685e-01 -1.79957534e-05 -2.11059459e-08 -1.60662911e-08 
 1.68007114e-05  1.99964010e-01  2.00426206e-01  2.00582969e-01 -1.80446289e-05 -3.17366445e-08 -2.86861134e-08 
 1.68011136e-05  1.99928853e-01  2.00411746e-01  2.00557057e-01 -1.89722981e-05 -4.00251226e-08 -4.14316810e-08 
 1.68013686e-05  1.99907802e-01  2.00407883e-01  2.00541792e-01 -2.09688766e-05 -3.59081157e-08 -4.83289439e-08 
 1.68015567e-05  1.99893431e-01  2.00406883e-01  2.00531321e-01 -2.40143298e-05 -2.15243937e-08 -5.27598245e-08 
 1.68017285e-05  1.99881756e-01  2.00410907e-01  2.00522518e-01 -2.82673462e-05  6.10759627e-09 -5.62292787e-08 
 1.68018985e-05  1.99871582e-01  2.00418036e-01  2.00514754e-01 -3.40261443e-05  5.32314768e-08 -5.90264458e-08 
 1.68020497e-05  1.99863861e-01  2.00429785e-01  2.00508833e-01 -4.03396074e-05  1.18490234e-07 -6.08665702e-08 
 1.68021758e-05  1.99858139e-01  2.00443733e-01  2.00504794e-01 -4.63953641e-05  1.96781735e-07 -6.18083931e-08 
 1.68022815e-05  1.99853844e-01  2.00460471e-01  2.00502197e-01 -5.18590631e-05  2.86004280e-07 -6.20480854e-08 
 1.68023730e-05  1.99850207e-01  2.00479648e-01  2.00500683e-01 -5.67884672e-05  3.87401927e-07 -6.17200630e-08 
 1.68024550e-05  1.99846969e-01  2.00502405e-01  2.00500047e-01 -6.12105824e-05  5.04366369e-07 -6.08643714e-08 
 1.68025325e-05  1.99843704e-01  2.00530047e-01  2.00500235e-01 -6.52903841e-05  6.44654627e-07 -5.94253865e-08 
 1.68026146e-05  1.99840402e-01  2.00567271e-01  2.00501476e-01 -6.93935881e-05  8.33147693e-07 -5.70765153e-08 
 1.68027024e-05  1.99837832e-01  2.00614816e-01  2.00504221e-01 -7.35850975e-05  1.08391002e-06 -5.35776141e-08 
 1.68028163e-05  1.99837043e-01  2.00682520e-01  2.00510208e-01 -7.88672005e-05  1.48141509e-06 -4.76769991e-08 
 1.68029168e-05  1.99838695e-01  2.00742805e-01  2.00517793e-01 -8.34882771e-05  1.89211473e-06 -4.14123445e-08 
 1.68030392e-05  1.99843481e-01  2.00812197e-01  2.00529720e-01 -8.90491078e-05  2.45398182e-06 -3.27657327e-08 
 1.68031720e-05  1.99851502e-01  2.00880178e-01  2.00545578e-01 -9.48613439e-05  3.12551845e-06 -2.24180755e-08 
 1.68033245e-05  1.99863726e-01  2.00947205e-01  2.00566774e-01 -1.00831460e-04  3.95391919e-06 -9.70402142e-09 
 1.68034698e-05  1.99877517e-01  2.00997814e-01  2.00589123e-01 -1.05004433e-04  4.77604615e-06  2.79160726e-09 
 1.68035714e-05  1.99887906e-01  2.01021831e-01  2.00605493e-01 -1.05655698e-04  5.35110051e-06  1.13808993e-08 
 1.68036360e-05  1.99894375e-01  2.01027916e-01  2.00615932e-01 -1.03345815e-04  5.70198322e-06  1.64731218e-08 
 1.68036893e-05  1.99899349e-01  2.01023276e-01  2.00624358e-01 -9.89498788e-05  5.97046181e-06  2.01912577e-08 
 1.68037485e-05  1.99904120e-01  2.01004434e-01  2.00633233e-01 -9.17795867e-05  6.23343077e-06  2.35405046e-08 
 1.68038181e-05  1.99908536e-01  2.00963276e-01  2.00642588e-01 -8.13886588e-05  6.48349727e-06  2.62196743e-08 
 1.68038943e-05  1.99911683e-01  2.00898552e-01  2.00650947e-01 -6.92017712e-05  6.67659490e-06  2.75233345e-08 
 1.68039926e-05  1.99913274e-01  2.00796813e-01  2.00658146e-01 -5.44901030e-05  6.80447299e-06  2.69209478e-08 
 1.68040862e-05  1.99912513e-01  2.00694404e-01  2.00660991e-01 -4.31322825e-05  6.81591584e-06  2.44318583e-08 
 1.68041698e-05  1.99910400e-01  2.00608240e-01  2.00660343e-01 -3.55051786e-05  6.75520253e-06  2.11124521e-08 
 1.68042553e-05  1.99907195e-01  2.00530916e-01  2.00656954e-01 -2.99054545e-05  6.64354612e-06  1.70658437e-08 
 1.68043511e-05  1.99902770e-01  2.00459470e-01  2.00650495e-01 -2.56737534e-05  6.47879054e-06  1.21225862e-08 
 1.68044462e-05  1.99897772e-01  2.00403840e-01  2.00641948e-01 -2.30345290e-05  6.28971570e-06  7.05198210e-09 
 1.68045538e-05  1.99891711e-01  2.00356488e-01  2.00630498e-01 -2.12410856e-05  6.06061061e-06  1.34632801e-09 
 1.68046687e-05  1.99884936e-01  2.00319874e-01  2.00616917e-01 -2.01964109e-05  5.80968260e-06 -4.57576819e-09 
 1.68048055e-05  1.99876685e-01  2.00289090e-01  2.00599734e-01 -1.95678999e-05  5.51296492e-06 -1.13051620e-08 
 1.68049028e-05  1.99870747e-01  2.00272967e-01  2.00587193e-01 -1.93594581e-05  5.30713187e-06 -1.58521053e-08 
 1.68050000e-05  1.99864798e-01  2.00259803e-01  2.00574571e-01 -1.92346411e-05  5.10710773e-06 -2.02040908e-08 
 1.68050021e-05  1.99865682e-01  2.00263275e-01  2.00574308e-01 -1.81917483e-05  5.10320659e-06 -2.01791897e-08 
 1.68050062e-05  1.99866507e-01  2.00269681e-01  2.00573787e-01 -1.77866268e-05  5.09544078e-06 -2.01356189e-08 
 1.68050144e-05  1.99866436e-01  2.00280143e-01  2.00572774e-01 -1.75695829e-05  5.07997888e-06 -2.00680923e-08 
 1.68050308e-05  1.99866556e-01  2.00296135e-01  2.00570846e-01 -1.72657625e-05  5.04904174e-06 -1.99519575e-08 
 1.68050578e-05  1.99866553e-01  2.00316375e-01  2.00567888e-01 -1.68301657e-05  4.99806510e-06 -1.97879447e-08 
 1.68051120e-05  1.99866646e-01  2.00346344e-01  2.00562606e-01 -1.62343620e-05  4.89659721e-06 -1.95333523e-08 
 1.68052203e-05  1.99866593e-01  2.00381732e-01  2.00553763e-01 -1.55892511e-05  4.69713027e-06 -1.91811023e-08 
 1.68054368e-05  1.99866450e-01  2.00404401e-01  2.00539587e-01 -1.52436054e-05  4.31742425e-06 -1.86779100e-08 
 1.68057317e-05  1.99866097e-01  2.00400938e-01  2.00523220e-01 -1.52045878e-05  3.84594347e-06 -1.80083031e-08 
 1.68061372e-05  1.99865728e-01  2.00388141e-01  2.00502413e-01 -1.52133288e-05  3.27929572e-06 -1.69653739e-08 
 1.68067054e-05  1.99865195e-01  2.00371239e-01  2.00475320e-01 -1.52008131e-05  2.62146042e-06 -1.53840213e-08 
 1.68077661e-05  1.99864491e-01  2.00345617e-01  2.00430895e-01 -1.52133750e-05  1.71828813e-06 -1.24075680e-08 
 1.68098876e-05  1.99863482e-01  2.00312854e-01  2.00364357e-01 -1.52046004e-05  7.08242495e-07 -7.37947944e-09 
 1.68141306e-05  1.99862616e-01  2.00298878e-01  2.00301460e-01 -1.52266466e-05  6.46878220e-08 -1.86255010e-09 
 1.68196765e-05  1.99862242e-01  2.00337877e-01  2.00308720e-01 -1.52262714e-05 -2.77052089e-09 -7.92040151e-11 
 1.68279620e-05  1.99862189e-01  2.00429420e-01  2.00389684e-01 -1.52500790e-05  6.58193223e-10  2.68286162e-11 
 1.68417879e-05  1.99862208e-01  2.00550044e-01  2.00521914e-01 -1.52480059e-05 -2.85263360e-10  2.09273861e-11 
 1.68566497e-05  1.99862304e-01  2.00597367e-01  2.00584414e-01 -1.52650403e-05  1.51016423e-10  1.22773008e-11 
 1.68831319e-05  1.99862257e-01  2.00564055e-01  2.00561313e-01 -1.52565001e-05 -1.03223505e-10 -6.43830193e-12 
 1.69303500e-05  1.99862196e-01  2.00482222e-01  2.00474143e-01 -1.52698961e-05  7.75983962e-11 -8.47957934e-13 
 1.69651750e-05  1.99862152e-01  2.00483988e-01  2.00472286e-01 -1.52574982e-05 -5.89024855e-11  1.32233477e-12 
 1.70000000e-05  1.99862212e-01  2.00496456e-01  2.00486124e-01 -1.52695956e-05  4.43616621e-11  2.74220647e-12 
 1.70000257e-05  1.99864219e-01  2.00512070e-01  2.00486285e-01 -1.37375171e-05  1.72566124e-09  3.76635913e-09 
 1.70000770e-05  1.99866076e-01  2.00535777e-01  2.00486846e-01 -1.31891518e-05  4.81837299e-09  1.13076087e-08 
 1.70001796e-05  1.99869260e-01  2.00563460e-01  2.00488969e-01 -1.28197966e-05  9.87372017e-09  2.58034865e-08 
 1.70003157e-05  1.99873711e-01  2.00582813e-01  2.00492896e-01 -1.25537924e-05  1.54761764e-08  4.39582999e-08 
 1.70005877e-05  1.99882192e-01  2.00595561e-01  2.00501799e-01 -1.25698988e-05  2.55040933e-08  7.74526904e-08 
 1.70009647e-05  1.99894205e-01  2.00599340e-01  2.00513806e-01 -1.25176817e-05  3.79423780e-08  1.18599267e-07 
 1.70015990e-05  1.99914679e-01  2.00598242e-01  2.00530683e-01 -1.32709447e-05  5.47241381e-08  1.77521700e-07 
 1.70017049e-05  1.99918729e-01  2.00596956e-01  2.00533043e-01 -1.36106535e-05  5.66753353e-08  1.86399660e-07 
 1.70019167e-05  1.99927918e-01  2.00587000e-01  2.00537019e-01 -1.59643404e-05  5.78343298e-08  2.02917313e-07 
 1.70020663e-05  1.99936348e-01  2.00572669e-01  2.00538924e-01 -1.91502002e-05  5.54612880e-08  2.13081307e-07 
 1.70021915e-05  1.99944530e-01  2.00552931e-01  2.00539601e-01 -2.32769679e-05  5.03802924e-08  2.20067080e-07 
 1.70023164e-05  1.99953873e-01  2.00525195e-01  2.00539085e-01 -2.84456830e-05  4.18654030e-08  2.25026427e-07 
 1.70024421e-05  1.99963650e-01  2.00487542e-01  2.00536990e-01 -3.44303417e-05  2.93086347e-08  2.27405627e-07 
 1.70025603e-05  1.99972925e-01  2.00441510e-01  2.00533179e-01 -3.98698611e-05  1.31813611e-08  2.26500899e-07 
 1.70026680e-05  1.99980579e-01  2.00387967e-01  2.00527760e-01 -4.39956396e-05 -5.96032416e-09  2.22316494e-07 
 1.70027892e-05  1.99987990e-01  2.00313416e-01  2.00518904e-01 -4.73785909e-05 -3.30241220e-08  2.12891259e-07 
 1.70028995e-05  1.99993088e-01  2.00236611e-01  2.00507945e-01 -5.06394673e-05 -6.14529907e-08  1.99838860e-07 
 1.70030667e-05  1.99998075e-01  2.00119080e-01  2.00485938e-01 -5.61415904e-05 -1.06679948e-07  1.72705441e-07 
 1.70031985e-05  1.99999348e-01  2.00032035e-01  2.00464332e-01 -6.06591897e-05 -1.41754044e-07  1.45908098e-07 
 1.70033341e-05  1.99998317e-01  1.99952050e-01  2.00438868e-01 -6.50705994e-05 -1.75443991e-07  1.14387990e-07 
 1.70034395e-05  1.99995351e-01  1.99898816e-01  2.00417258e-01 -6.81399994e-05 -1.98977732e-07  8.78189493e-08 
 1.70035001e-05  1.99992448e-01  1.99873442e-01  2.00404303e-01 -6.95763772e-05 -2.10800047e-07  7.20451398e-08 
 1.70035403e-05  1.99989435e-01  1.99860152e-01  2.00395566e-01 -7.02784680e-05 -2.17432457e-07  6.15829917e-08 
 1.70035744e-05  1.99985644e-01  1.99852803e-01  2.00388134e-01 -7.05245450e-05 -2.21676368e-07  5.29047546e-08 
 1.70036006e-05  1.99981143e-01  1.99851282e-01  2.00382435e-01 -7.03428026e-05 -2.23477234e-07  4.65316348e-08 
 1.70036264e-05  1.99974878e-01  1.99855486e-01  2.00376889e-01 -6.96532350e-05 -2.23239616e-07  4.07322549e-08 
 1.70036559e-05  1.99965572e-01  1.99869884e-01  2.00370736e-01 -6.81373558e-05 -2.19647301e-07  3.50131279e-08 
 1.70036900e-05  1.99953324e-01  1.99900941e-01  2.00364044e-01 -6.54487254e-05 -2.10539499e-07  2.99188834e-08 
 1.70037272e-05  1.99939639e-01  1.99951671e-01  2.00357417e-01 -6.15589210e-05 -1.94733913e-07  2.63462404e-08 
 1.70037801e-05  1.99922228e-01  2.00044617e-01  2.00349696e-01 -5.50040631e-05 -1.64510702e-07  2.47212483e-08 
 1.70038111e-05  1.99913795e-01  2.00105991e-01  2.00346190e-01 -5.08953717e-05 -1.43949102e-07  2.54493857e-08 
 1.70038462e-05  1.99906022e-01  2.00176281e-01  2.00343192e-01 -4.62890180e-05 -1.19838903e-07  2.74620790e-08 
 1.70038878e-05  1.99899026e-01  2.00256329e-01  2.00340931e-01 -4.11229003e-05 -9.16062841e-08  3.11242417e-08 
 1.70039329e-05  1.99893830e-01  2.00335115e-01  2.00339944e-01 -3.60763413e-05 -6.29084641e-08  3.62262664e-08 
 1.70039788e-05  1.99890507e-01  2.00404432e-01  2.00340305e-01 -3.16370153e-05 -3.67304996e-08  4.22214184e-08 
 1.70040285e-05  1.99888564e-01  2.00466420e-01  2.00341981e-01 -2.76391532e-05 -1.23638375e-08  4.92511315e-08 
 1.70040826e-05  1.99887776e-01  2.00519520e-01  2.00345000e-01 -2.41729048e-05  9.48635697e-09  5.72208377e-08 
 1.70041446e-05  1.99887988e-01  2.00564792e-01  2.00349581e-01 -2.11686171e-05  2.91197129e-08  6.64688081e-08 
 1.70042152e-05  1.99889090e-01  2.00600898e-01  2.00355803e-01 -1.87315191e-05  4.57410726e-08  7.69510592e-08 
 1.70042995e-05  1.99891079e-01  2.00629014e-01  2.00364062e-01 -1.68181603e-05  5.95215072e-08  8.91837545e-08 
 1.70044007e-05  1.99893942e-01  2.00649640e-01  2.00374586e-01 -1.54531542e-05  7.01590842e-08  1.03375404e-07 
 1.70045286e-05  1.99897896e-01  2.00665131e-01  2.00388192e-01 -1.45604551e-05  7.80865828e-08  1.20507429e-07 
 1.70046937e-05  1.99903197e-01  2.00677928e-01  2.00405661e-01 -1.40730794e-05  8.36711265e-08  1.41380194e-07 
 1.70048468e-05  1.99908187e-01  2.00687303e-01  2.00421530e-01 -1.39080387e-05  8.66808007e-08  1.59631827e-07 
 1.70050000e-05  1.99913183e-01  2.00696034e-01  2.00436994e-01 -1.38435431e-05  8.88572335e-08  1.76944615e-07 
 1.70050042e-05  1.99912175e-01  2.00692804e-01  2.00437406e-01 -1.49278233e-05  8.86234304e-08  1.76682505e-07 
 1.70050126e-05  1.99911478e-01  2.00687140e-01  2.00438219e-01 -1.52042620e-05  8.81676075e-08  1.75932774e-07 
 1.70050294e-05  1.99911617e-01  2.00678727e-01  2.00439791e-01 -1.51615634e-05  8.73271277e-08  1.74140317e-07 
 1.70050630e-05  1.99911216e-01  2.00666148e-01  2.00442763e-01 -1.52952358e-05  8.58384015e-08  1.70779931e-07 
 1.70051302e-05  1.99911229e-01  2.00648531e-01  2.00448189e-01 -1.52995258e-05  8.33110568e-08  1.64248457e-07 
 1.70052646e-05  1.99911075e-01  2.00630706e-01  2.00457686e-01 -1.53744793e-05  7.89799246e-08  1.52136620e-07 
 1.70054246e-05  1.99911374e-01  2.00625822e-01  2.00467642e-01 -1.53158404e-05  7.42479953e-08  1.38927942e-07 
 1.70056850e-05  1.99911452e-01  2.00630524e-01  2.00482545e-01 -1.53589777e-05  6.70527137e-08  1.19967170e-07 
 1.70061441e-05  1.99911969e-01  2.00646733e-01  2.00507110e-01 -1.53090600e-05  5.59581144e-08  9.27476880e-08 
 1.70070622e-05  1.99912451e-01  2.00677474e-01  2.00552090e-01 -1.53530747e-05  3.88724112e-08  5.57228092e-08 
 1.70088985e-05  1.99913498e-01  2.00723290e-01  2.00626367e-01 -1.53003668e-05  1.83313559e-08  2.04200380e-08 
 1.70125711e-05  1.99914321e-01  2.00769597e-01  2.00719566e-01 -1.53361757e-05  3.07937760e-09  4.01392861e-09 
 1.70180024e-05  1.99914965e-01  2.00769055e-01  2.00760931e-01 -1.52774694e-05 -2.66757530e-11  3.14536459e-09 
 1.70252082e-05  1.99914975e-01  2.00715405e-01  2.00726999e-01 -1.53133318e-05  1.99119957e-11  1.59314368e-09 
 1.70379552e-05  1.99915119e-01  2.00609654e-01  2.00619974e-01 -1.52571600e-05 -2.16332497e-11  4.96942248e-10 
 1.70520268e-05  1.99914917e-01  2.00540999e-01  2.00539290e-01 -1.52988411e-05 -4.59122801e-12  8.70744473e-11 
 1.70752195e-05  1.99915037e-01  2.00525210e-01  2.00512617e-01 -1.52492173e-05 -1.85986773e-12 -2.52858569e-12 
 1.71137175e-05  1.99914952e-01  2.00566981e-01  2.00554130e-01 -1.52940739e-05  3.55166439e-12  1.14022959e-11 
 1.71754908e-05  1.99915134e-01  2.00564934e-01  2.00557461e-01 -1.52478112e-05 -3.06533358e-12  4.29679106e-12 
 1.72546090e-05  1.99914964e-01  2.00529686e-01  2.00519504e-01 -1.52941932e-05  7.22973981e-13  6.56160185e-13 
 1.73546090e-05  1.99915130e-01  2.00535155e-01  2.00525009e-01 -1.52477971e-05 -1.21939546e-12  6.26209208e-12 
 1.74546090e-05  1.99914999e-01  2.00524554e-01  2.00515141e-01 -1.52941500e-05  1.73461289e-13  3.25081840e-12 
 1.75546090e-05  1.99915150e-01  2.00520258e-01  2.00509882e-01 -1.52478362e-05 -1.10227712e-12  2.90969310e-12 
 1.76546090e-05  1.99915028e-01  2.00522091e-01  2.00512295e-01 -1.52941179e-05  3.38744657e-13  6.36584660e-12 
 1.77546090e-05  1.99915181e-01  2.00517546e-01  2.00507530e-01 -1.52478504e-05 -1.22441618e-12  8.24053879e-13 
 1.78546090e-05  1.99915055e-01  2.00519079e-01  2.00508973e-01 -1.52941132e-05  3.81643502e-13  7.63977602e-12 
 1.79546090e-05  1.99915214e-01  2.00517963e-01  2.00508063e-01 -1.52478490e-05 -1.15218425e-12  1.20566046e-13 
 1.80546090e-05  1.99915085e-01  2.00517645e-01  2.00507521e-01 -1.52941146e-05  2.55968640e-13  8.15049216e-12 
 1.81546090e-05  1.99915245e-01  2.00517990e-01  2.00508038e-01 -1.52478489e-05 -1.00671728e-12 -3.75566440e-13 
 1.82546090e-05  1.99915116e-01  2.00517521e-01  2.00507451e-01 -1.52941124e-05  1.27562891e-13  8.72701087e-12 
 1.83546090e-05  1.99915275e-01  2.00517708e-01  2.00507714e-01 -1.52478526e-05 -9.02945253e-13 -1.01357188e-12 
 1.84546090e-05  1.99915148e-01  2.00517681e-01  2.00507629e-01 -1.52941080e-05  4.92739530e-14  9.38818798e-12 
 1.85546090e-05  1.99915306e-01  2.00517577e-01  2.00507581e-01 -1.52478570e-05 -8.41612153e-13 -1.65162675e-12 
 1.86546090e-05  1.99915179e-01  2.00517733e-01  2.00507674e-01 -1.52941038e-05 -1.70067953e-15  9.97971584e-12 
 1.87546090e-05  1.99915337e-01  2.00517603e-01  2.00507614e-01 -1.52478608e-05 -7.95543319e-13 -2.18814658e-12 
 1.88546090e-05  1.99915209e-01  2.00517726e-01  2.00507662e-01 -1.52941002e-05 -4.48532270e-14  1.04665942e-11 
 1.89273045e-05  1.99915364e-01  2.00517657e-01  2.00507670e-01 -1.52478650e-05 -7.47817173e-13 -2.70412056e-12 
 1.90000000e-05  1.99915232e-01  2.00517728e-01  2.00507664e-01 -1.52940953e-05 -9.50283689e-14  1.10201563e-11 
 1.90001025e-05  1.99910161e-01  2.00478457e-01  2.00506120e-01 -1.66979644e-05 -5.39671199e-09 -2.07350629e-08 
 1.90003074e-05  1.99903216e-01  2.00433032e-01  2.00501363e-01 -1.68797209e-05 -1.46738265e-08 -6.08777960e-08 
 1.90006137e-05  1.99893703e-01  2.00417988e-01  2.00491448e-01 -1.69175718e-05 -2.60378808e-08 -1.15022185e-07 
 1.90009673e-05  1.99882725e-01  2.00415110e-01  2.00480231e-01 -1.73852237e-05 -3.77685302e-08 -1.70166310e-07 
 1.90012986e-05  1.99873447e-01  2.00417433e-01  2.00471036e-01 -1.90727509e-05 -4.66826433e-08 -2.15131257e-07 
 1.90015121e-05  1.99868486e-01  2.00421878e-01  2.00466007e-01 -2.18851964e-05 -5.09518433e-08 -2.40467721e-07 
 1.90016825e-05  1.99865642e-01  2.00429493e-01  2.00462688e-01 -2.55268237e-05 -5.31433861e-08 -2.58348709e-07 
 1.90018537e-05  1.99863760e-01  2.00440330e-01  2.00460186e-01 -3.06450696e-05 -5.40655802e-08 -2.73852544e-07 
 1.90020096e-05  1.99862955e-01  2.00454891e-01  2.00458819e-01 -3.64767169e-05 -5.34446938e-08 -2.85519818e-07 
 1.90021407e-05  1.99862648e-01  2.00471290e-01  2.00458525e-01 -4.21484773e-05 -5.13744062e-08 -2.93129956e-07 
 1.90022501e-05  1.99862538e-01  2.00489711e-01  2.00459037e-01 -4.72184742e-05 -4.80331310e-08 -2.97632122e-07 
 1.90023440e-05  1.99862220e-01  2.00510136e-01  2.00460175e-01 -5.16856385e-05 -4.34457298e-08 -2.99812313e-07 
 1.90024274e-05  1.99861630e-01  2.00533556e-01  2.00461869e-01 -5.55388777e-05 -3.74717235e-08 -3.00158209e-07 
 1.90025044e-05  1.99860522e-01  2.00561067e-01  2.00464158e-01 -5.88680557e-05 -2.97678342e-08 -2.98807265e-07 
 1.90025821e-05  1.99858938e-01  2.00596016e-01  2.00467353e-01 -6.18196981e-05 -1.93334387e-08 -2.95504232e-07 
 1.90026691e-05  1.99857160e-01  2.00643231e-01  2.00472219e-01 -6.46732267e-05 -4.53207633e-09 -2.89222498e-07 
 1.90027651e-05  1.99856198e-01  2.00701118e-01  2.00479370e-01 -6.74659191e-05  1.43277731e-08 -2.79236499e-07 
 1.90028701e-05  1.99856547e-01  2.00765325e-01  2.00489400e-01 -7.04089679e-05  3.60042731e-08 -2.65020938e-07 
 1.90029885e-05  1.99858654e-01  2.00833747e-01  2.00503292e-01 -7.37531982e-05  5.98752403e-08 -2.45505891e-07 
 1.90031185e-05  1.99862624e-01  2.00901159e-01  2.00521239e-01 -7.74699454e-05  8.41419683e-08 -2.20598396e-07 
 1.90032616e-05  1.99868608e-01  2.00965049e-01  2.00543588e-01 -8.13557557e-05  1.07886483e-07 -1.89935302e-07 
 1.90034196e-05  1.99876554e-01  2.01021804e-01  2.00570536e-01 -8.47736455e-05  1.29930847e-07 -1.53396157e-07 
 1.90035349e-05  1.99882876e-01  2.01050981e-01  2.00591089e-01 -8.56181152e-05  1.42236345e-07 -1.26018100e-07 
 1.90036041e-05  1.99886590e-01  2.01059672e-01  2.00603493e-01 -8.40609019e-05  1.46870615e-07 -1.09961843e-07 
 1.90036581e-05  1.99889257e-01  2.01057598e-01  2.00613000e-01 -8.06765019e-05  1.47722975e-07 -9.82136325e-08 
 1.90037140e-05  1.99891574e-01  2.01043328e-01  2.00622459e-01 -7.51707192e-05  1.44821401e-07 -8.73326621e-08 
 1.90037879e-05  1.99893818e-01  2.01003613e-01  2.00633846e-01 -6.59081092e-05  1.34325549e-07 -7.57274673e-08 
 1.90038561e-05  1.99894978e-01  2.00948521e-01  2.00642790e-01 -5.66744831e-05  1.18521464e-07 -6.81484209e-08 
 1.90039495e-05  1.99895282e-01  2.00855367e-01  2.00651926e-01 -4.47977464e-05  9.04464594e-08 -6.26421992e-08 
 1.90040724e-05  1.99893842e-01  2.00725140e-01  2.00658080e-01 -3.27338221e-05  4.93498060e-08 -6.26911537e-08 
 1.90041585e-05  1.99891963e-01  2.00641216e-01  2.00658590e-01 -2.71569486e-05  2.17742093e-08 -6.65399987e-08 
 1.90042391e-05  1.99889800e-01  2.00574609e-01  2.00656666e-01 -2.36630193e-05 -8.24597913e-10 -7.19948694e-08 
 1.90043359e-05  1.99886913e-01  2.00510704e-01  2.00651951e-01 -2.09936213e-05 -2.31956248e-08 -8.00606571e-08 
 1.90044287e-05  1.99883963e-01  2.00464657e-01  2.00645600e-01 -1.95546025e-05 -3.98281278e-08 -8.86931340e-08 
 1.90045380e-05  1.99880402e-01  2.00425655e-01  2.00636599e-01 -1.86380924e-05 -5.42902299e-08 -9.93585869e-08 
 1.90046501e-05  1.99876694e-01  2.00398177e-01  2.00626303e-01 -1.82172826e-05 -6.46551507e-08 -1.10432378e-07 
 1.90047878e-05  1.99872141e-01  2.00375612e-01  2.00612927e-01 -1.80016561e-05 -7.31204433e-08 -1.23808922e-07 
 1.90048939e-05  1.99868635e-01  2.00363586e-01  2.00602400e-01 -1.79619528e-05 -7.74663215e-08 -1.33794109e-07 
 1.90050000e-05  1.99865148e-01  2.00354232e-01  2.00591866e-01 -1.79417347e-05 -8.06486527e-08 -1.43439493e-07 
 1.90050022e-05  1.99865832e-01  2.00356001e-01  2.00591649e-01 -1.69334203e-05 -8.05514389e-08 -1.43341798e-07 
 1.90050066e-05  1.99866451e-01  2.00359291e-01  2.00591220e-01 -1.65785523e-05 -8.03532426e-08 -1.43106733e-07 
 1.90050154e-05  1.99866371e-01  2.00364655e-01  2.00590379e-01 -1.64380458e-05 -7.99629519e-08 -1.42558946e-07 
 1.90050330e-05  1.99866450e-01  2.00372812e-01  2.00588754e-01 -1.62520914e-05 -7.92403467e-08 -1.41486521e-07 
 1.90050617e-05  1.99866415e-01  2.00383215e-01  2.00586233e-01 -1.59918493e-05 -7.81766715e-08 -1.39777985e-07 
 1.90051192e-05  1.99866446e-01  2.00398498e-01  2.00581567e-01 -1.56570075e-05 -7.63467287e-08 -1.36488465e-07 
 1.90052340e-05  1.99866334e-01  2.00415155e-01  2.00573268e-01 -1.53214282e-05 -7.32590047e-08 -1.30291611e-07 
 1.90054638e-05  1.99866160e-01  2.00421632e-01  2.00558781e-01 -1.51943663e-05 -6.76522423e-08 -1.18959467e-07 
 1.90057562e-05  1.99865862e-01  2.00413224e-01  2.00542052e-01 -1.51989025e-05 -6.07010758e-08 -1.06064061e-07 
 1.90061711e-05  1.99865558e-01  2.00398213e-01  2.00519624e-01 -1.52121493e-05 -5.16334838e-08 -9.01351997e-08 
 1.90067824e-05  1.99865095e-01  2.00377611e-01  2.00488740e-01 -1.52035840e-05 -4.05829622e-08 -7.08869186e-08 
 1.90080051e-05  1.99864447e-01  2.00343575e-01  2.00434443e-01 -1.52177061e-05 -2.49150077e-08 -4.35574047e-08 
 1.90104504e-05  1.99863545e-01  2.00298480e-01  2.00353361e-01 -1.52142609e-05 -8.82842419e-09 -1.54555149e-08 
 1.90153411e-05  1.99862815e-01  2.00269495e-01  2.00274849e-01 -1.52365109e-05 -2.66711063e-10 -4.53276522e-10 
 1.90215430e-05  1.99862531e-01  2.00294191e-01  2.00271506e-01 -1.52364814e-05 -1.28490695e-11 -7.61555353e-12 
 1.90317102e-05  1.99862504e-01  2.00368690e-01  2.00338432e-01 -1.52568271e-05  3.55150328e-12  8.12663641e-12 
 1.90455239e-05  1.99862519e-01  2.00444351e-01  2.00423705e-01 -1.52525094e-05  1.11720487e-11  2.04313331e-11 
 1.90634140e-05  1.99862588e-01  2.00471918e-01  2.00461857e-01 -1.52664312e-05 -7.02669693e-13  1.40162963e-12 
 1.90942291e-05  1.99862532e-01  2.00443263e-01  2.00437269e-01 -1.52580169e-05 -1.64259253e-12 -1.31184234e-12 
 1.91471145e-05  1.99862517e-01  2.00417369e-01  2.00406253e-01 -1.52689243e-05 -1.49752693e-12 -4.49457800e-13 
 1.92000000e-05  1.99862513e-01  2.00444408e-01  2.00432958e-01 -1.52582349e-05  1.62226396e-12  3.92253141e-12 
 1.92000361e-05  1.99866386e-01  2.00484349e-01  2.00433547e-01 -1.33588198e-05  4.25469755e-09  1.81945335e-09 
 1.92001083e-05  1.99871068e-01  2.00541431e-01  2.00435520e-01 -1.23702771e-05  1.16258029e-08  5.27212298e-09 
 1.92002527e-05  1.99879780e-01  2.00598851e-01  2.00442516e-01 -1.16959958e-05  2.14907948e-08  1.15650574e-08 
 1.92004376e-05  1.99891120e-01  2.00631757e-01  2.00454126e-01 -1.14396444e-05  2.98319078e-08  1.89166727e-08 
 1.92007872e-05  1.99912177e-01  2.00653394e-01  2.00477441e-01 -1.14729761e-05  4.19656871e-08  3.13687543e-08 
 1.92011787e-05  1.99936284e-01  2.00667969e-01  2.00502600e-01 -1.14511284e-05  5.32195289e-08  4.34363947e-08 
 1.92014512e-05  1.99953350e-01  2.00675165e-01  2.00519029e-01 -1.16784844e-05  5.86708561e-08  5.07599339e-08 
 1.92016523e-05  1.99966909e-01  2.00680120e-01  2.00530517e-01 -1.21117716e-05  5.70872268e-08  5.55730629e-08 
 1.92018063e-05  1.99978063e-01  2.00680012e-01  2.00538858e-01 -1.31214151e-05  4.59282729e-08  5.87983410e-08 
 1.92019378e-05  1.99988849e-01  2.00677115e-01  2.00545503e-01 -1.46486253e-05  2.14253169e-08  6.10839827e-08 
 1.92020629e-05  2.00000056e-01  2.00668628e-01  2.00551232e-01 -1.71015653e-05 -2.42725405e-08  6.26696371e-08 
 1.92021902e-05  2.00012782e-01  2.00653709e-01  2.00556191e-01 -2.05784889e-05 -1.04583427e-07  6.34856922e-08 
 1.92023193e-05  2.00026360e-01  2.00629615e-01  2.00559989e-01 -2.51060297e-05 -2.34172709e-07  6.32469670e-08 
 1.92024461e-05  2.00040052e-01  2.00596227e-01  2.00562111e-01 -2.98889685e-05 -4.22981649e-07  6.17154198e-08 
 1.92025649e-05  2.00052120e-01  2.00553750e-01  2.00562243e-01 -3.39611956e-05 -6.70494965e-07  5.88362585e-08 
 1.92026733e-05  2.00061980e-01  2.00503318e-01  2.00560387e-01 -3.63628095e-05 -9.71414543e-07  5.47073300e-08 
 1.92027951e-05  2.00070594e-01  2.00431694e-01  2.00555492e-01 -3.75044222e-05 -1.41213454e-06  4.80586965e-08 
 1.92029058e-05  2.00076019e-01  2.00356829e-01  2.00548076e-01 -3.83875095e-05 -1.91042804e-06  4.01769364e-08 
 1.92030754e-05  2.00079324e-01  2.00238314e-01  2.00530980e-01 -4.03381937e-05 -2.83718124e-06  2.52292212e-08 
 1.92032087e-05  2.00077851e-01  2.00149138e-01  2.00512951e-01 -4.20791511e-05 -3.68477374e-06  1.14952263e-08 
 1.92033310e-05  2.00073159e-01  2.00074276e-01  2.00493308e-01 -4.37578626e-05 -4.53625442e-06 -2.25597485e-09 
 1.92034408e-05  2.00066190e-01  2.00015356e-01  2.00473602e-01 -4.50808940e-05 -5.34421450e-06 -1.52095899e-08 
 1.92035123e-05  2.00059615e-01  1.99983220e-01  2.00459951e-01 -4.57774999e-05 -5.88222357e-06 -2.37496135e-08 
 1.92035499e-05  2.00055108e-01  1.99969557e-01  2.00452580e-01 -4.59563611e-05 -6.16468282e-06 -2.81829812e-08 
 1.92035860e-05  2.00049218e-01  1.99960313e-01  2.00445433e-01 -4.59237832e-05 -6.43048218e-06 -3.22916890e-08 
 1.92036134e-05  2.00043056e-01  1.99957541e-01  2.00440022e-01 -4.55966990e-05 -6.62344637e-06 -3.52018851e-08 
 1.92036401e-05  2.00034994e-01  1.99960592e-01  2.00434808e-01 -4.49323272e-05 -6.79863086e-06 -3.77379744e-08 
 1.92036708e-05  2.00023725e-01  1.99973866e-01  2.00428974e-01 -4.36639178e-05 -6.97740053e-06 -4.01243346e-08 
 1.92037053e-05  2.00009888e-01  2.00002916e-01  2.00422804e-01 -4.16851450e-05 -7.14223789e-06 -4.19792299e-08 
 1.92037448e-05  1.99994449e-01  2.00053359e-01  2.00416465e-01 -3.88844942e-05 -7.28099102e-06 -4.29839065e-08 
 1.92038016e-05  1.99975535e-01  2.00148851e-01  2.00409149e-01 -3.43689288e-05 -7.39181484e-06 -4.25479285e-08 
 1.92038373e-05  1.99966575e-01  2.00216735e-01  2.00405804e-01 -3.15067946e-05 -7.41379880e-06 -4.13321403e-08 
 1.92038726e-05  1.99959919e-01  2.00284897e-01  2.00403491e-01 -2.88088040e-05 -7.40696131e-06 -3.96220252e-08 
 1.92039146e-05  1.99954580e-01  2.00363121e-01  2.00401998e-01 -2.58953671e-05 -7.36973079e-06 -3.71348266e-08 
 1.92039603e-05  1.99951444e-01  2.00441157e-01  2.00401819e-01 -2.31499723e-05 -7.30246287e-06 -3.40886137e-08 
 1.92040079e-05  1.99950464e-01  2.00512484e-01  2.00403046e-01 -2.07863479e-05 -7.21170763e-06 -3.07293001e-08 
 1.92040593e-05  1.99951279e-01  2.00577202e-01  2.00405725e-01 -1.87545865e-05 -7.09872526e-06 -2.70585094e-08 
 1.92041160e-05  1.99953714e-01  2.00634939e-01  2.00409996e-01 -1.70574202e-05 -6.96314259e-06 -2.30610204e-08 
 1.92041807e-05  1.99957731e-01  2.00685750e-01  2.00416135e-01 -1.56628761e-05 -6.80161798e-06 -1.86554653e-08 
 1.92042558e-05  1.99963369e-01  2.00729033e-01  2.00424457e-01 -1.45879762e-05 -6.61118855e-06 -1.37858063e-08 
 1.92043457e-05  1.99970853e-01  2.00765164e-01  2.00435500e-01 -1.37968269e-05 -6.38455541e-06 -8.29051281e-09 
 1.92044566e-05  1.99980618e-01  2.00794877e-01  2.00450013e-01 -1.32746844e-05 -6.11168059e-06 -1.95179504e-09 
 1.92045997e-05  1.99993593e-01  2.00820051e-01  2.00469351e-01 -1.29605140e-05 -5.77381534e-06  5.63936735e-09 
 1.92047946e-05  2.00011531e-01  2.00843640e-01  2.00495791e-01 -1.28107916e-05 -5.34162741e-06  1.51056404e-08 
 1.92050000e-05  2.00030606e-01  2.00863261e-01  2.00523232e-01 -1.27590103e-05 -4.91965578e-06  2.41772541e-08 
 1.92050057e-05  2.00029082e-01  2.00854473e-01  2.00523968e-01 -1.39708821e-05 -4.90904018e-06  2.41081840e-08 
 1.92050172e-05  2.00028227e-01  2.00839568e-01  2.00525402e-01 -1.43396947e-05 -4.88781298e-06  2.39930067e-08 
 1.92050402e-05  2.00028551e-01  2.00818447e-01  2.00528086e-01 -1.44533448e-05 -4.84530511e-06  2.38104490e-08 
 1.92050861e-05  2.00028127e-01  2.00788026e-01  2.00532912e-01 -1.48653123e-05 -4.76048533e-06  2.35046597e-08 
 1.92051779e-05  2.00028628e-01  2.00749181e-01  2.00541053e-01 -1.51252562e-05 -4.59342811e-06  2.30463118e-08 
 1.92053280e-05  2.00028950e-01  2.00720666e-01  2.00551769e-01 -1.53646411e-05 -4.33111603e-06  2.24476092e-08 
 1.92055193e-05  2.00030072e-01  2.00712689e-01  2.00563181e-01 -1.53165476e-05 -4.01790238e-06  2.17405938e-08 
 1.92058371e-05  2.00031103e-01  2.00718127e-01  2.00580177e-01 -1.53778624e-05 -3.54628671e-06  2.05422443e-08 
 1.92063165e-05  2.00033127e-01  2.00733494e-01  2.00603905e-01 -1.53077469e-05 -2.93656352e-06  1.87178298e-08 
 1.92071785e-05  2.00035462e-01  2.00757720e-01  2.00642628e-01 -1.53715455e-05 -2.08697582e-06  1.55411191e-08 
 1.92089024e-05  2.00039333e-01  2.00792501e-01  2.00705417e-01 -1.53000957e-05 -1.03198218e-06  1.01577830e-08 
 1.92123504e-05  2.00042635e-01  2.00820695e-01  2.00779816e-01 -1.53547920e-05 -1.99077553e-07  3.58913874e-09 
 1.92176645e-05  2.00044431e-01  2.00798074e-01  2.00799940e-01 -1.52756923e-05  4.21407982e-09  3.18259555e-10 
 1.92245815e-05  2.00044394e-01  2.00719407e-01  2.00740460e-01 -1.53287459e-05 -6.23252843e-10 -3.79374711e-11 
 1.92360920e-05  2.00044596e-01  2.00589406e-01  2.00606483e-01 -1.52519124e-05  2.21911925e-10 -1.24915217e-11 
 1.92499945e-05  2.00044251e-01  2.00501180e-01  2.00501724e-01 -1.53103886e-05 -1.22076792e-10 -2.48626521e-11 
 1.92709251e-05  2.00044477e-01  2.00491730e-01  2.00477035e-01 -1.52407317e-05  6.70996832e-11  7.18896416e-12 
 1.93059904e-05  2.00044277e-01  2.00573277e-01  2.00556578e-01 -1.53035317e-05 -4.57196989e-11  3.72051722e-12 
 1.93586965e-05  2.00044608e-01  2.00620163e-01  2.00611585e-01 -1.52382896e-05  3.97198797e-11  4.17670147e-12 
 1.94258831e-05  2.00044346e-01  2.00601055e-01  2.00591098e-01 -1.53035901e-05 -3.57587473e-11 -3.45063903e-12 
 1.95258831e-05  2.00044644e-01  2.00627741e-01  2.00616374e-01 -1.52383666e-05  3.18101036e-11  5.83839303e-12 
 1.96258831e-05  2.00044425e-01  2.00637277e-01  2.00628000e-01 -1.53035138e-05 -2.90498283e-11 -2.85263095e-12 
 1.97258831e-05  2.00044709e-01  2.00635513e-01  2.00624883e-01 -1.52384330e-05  2.51282150e-11  4.27322652e-12 
 1.98258831e-05  2.00044487e-01  2.00645273e-01  2.00635318e-01 -1.53034848e-05 -2.30692260e-11 -1.58020396e-12 
 1.99258831e-05  2.00044776e-01  2.00642600e-01  2.00632626e-01 -1.52384434e-05  1.98406599e-11  3.31024086e-12 
 2.00258831e-05  2.00044547e-01  2.00645246e-01  2.00635036e-01 -1.53034884e-05 -1.85284082e-11 -1.10377452e-12 
 2.01258831e-05  2.00044840e-01  2.00646075e-01  2.00636165e-01 -1.52384391e-05  1.58647089e-11  3.07389997e-12 
 2.02258831e-05  2.00044610e-01  2.00645447e-01  2.00635335e-01 -1.53034905e-05 -1.50123204e-11 -1.00763479e-12 
 2.03258831e-05  2.00044902e-01  2.00646649e-01  2.00636632e-01 -1.52384417e-05  1.26867629e-11  2.97497140e-12 
 2.04258831e-05  2.00044672e-01  2.00646186e-01  2.00636162e-01 -1.53034851e-05 -1.21212012e-11 -8.80725234e-13 
 2.05258831e-05  2.00044964e-01  2.00646496e-01  2.00636442e-01 -1.52384488e-05  1.00450061e-11  2.80744790e-12 
 2.06258831e-05  2.00044735e-01  2.00646612e-01  2.00636595e-01 -1.53034778e-05 -9.71705247e-12 -6.98831075e-13 
 2.07258831e-05  2.00045026e-01  2.00646517e-01  2.00636476e-01 -1.52384556e-05  7.86493331e-12  2.62797846e-12 
 2.08258831e-05  2.00044797e-01  2.00646702e-01  2.00636669e-01 -1.53034717e-05 -7.74890373e-12 -5.37418634e-13 
 2.09258831e-05  2.00045088e-01  2.00646654e-01  2.00636626e-01 -1.52384613e-05  6.09136591e-12  2.48768801e-12 
 2.10258831e-05  2.00044859e-01  2.00646720e-01  2.00636682e-01 -1.53034662e-05 -6.15182232e-12 -4.17366283e-13 
 2.11129415e-05  2.00045147e-01  2.00646756e-01  2.00636728e-01 -1.52384671e-05  4.55624991e-12  2.37628070e-12 
 2.12000000e-05  2.00044913e-01  2.00646764e-01  2.00636729e-01 -1.53034598e-05 -4.68170381e-12 -3.11959009e-13 
 2.12001226e-05  2.00031580e-01  2.00560644e-01  2.00632703e-01 -1.72987237e-05 -8.76183027e-09 -5.66323180e-09 
 2.12003677e-05  2.00009320e-01  2.00467189e-01  2.00620661e-01 -1.79959809e-05 -2.11159797e-08 -1.60765817e-08 
 2.12007118e-05  1.99979040e-01  2.00441180e-01  2.00597932e-01 -1.80449154e-05 -3.17488437e-08 -2.87007181e-08 
 2.12011142e-05  1.99943867e-01  2.00426722e-01  2.00572011e-01 -1.89752467e-05 -4.00275127e-08 -4.14496292e-08 
 2.12013690e-05  1.99922839e-01  2.00422871e-01  2.00556763e-01 -2.09734537e-05 -3.58919688e-08 -4.83383663e-08 
 2.12015570e-05  1.99908478e-01  2.00421879e-01  2.00546298e-01 -2.40200651e-05 -2.14924275e-08 -5.27658551e-08 
 2.12017288e-05  1.99896805e-01  2.00425909e-01  2.00537496e-01 -2.82756909e-05  6.16798538e-09 -5.62344164e-08 
 2.12018988e-05  1.99886635e-01  2.00433045e-01  2.00529735e-01 -3.40361781e-05  5.33233480e-08 -5.90301207e-08 
 2.12020499e-05  1.99878918e-01  2.00444799e-01  2.00523817e-01 -4.03496154e-05  1.18605687e-07 -6.08686454e-08 
 2.12021760e-05  1.99873200e-01  2.00458751e-01  2.00519781e-01 -4.64045441e-05  1.96914998e-07 -6.18091978e-08 
 2.12022816e-05  1.99868906e-01  2.00475492e-01  2.00517186e-01 -5.18673279e-05  2.86155424e-07 -6.20479094e-08 
 2.12023731e-05  1.99865269e-01  2.00494674e-01  2.00515673e-01 -5.67958963e-05  3.87574710e-07 -6.17190373e-08 
 2.12024551e-05  1.99862032e-01  2.00517437e-01  2.00515039e-01 -6.12173069e-05  5.04568162e-07 -6.08624977e-08 
 2.12025326e-05  1.99858767e-01  2.00545090e-01  2.00515228e-01 -6.52967392e-05  6.44905846e-07 -5.94224408e-08 
 2.12026148e-05  1.99855465e-01  2.00582337e-01  2.00516472e-01 -6.94006094e-05  8.33517304e-07 -5.70715269e-08 
 2.12027026e-05  1.99852898e-01  2.00629893e-01  2.00519219e-01 -7.35918858e-05  1.08436574e-06 -5.35709531e-08 
 2.12028165e-05  1.99852113e-01  2.00697664e-01  2.00525216e-01 -7.88787212e-05  1.48236709e-06 -4.76625480e-08 
 2.12029170e-05  1.99853770e-01  2.00757933e-01  2.00532804e-01 -8.34987929e-05  1.89310739e-06 -4.13970539e-08 
 2.12030394e-05  1.99858561e-01  2.00827319e-01  2.00544738e-01 -8.90597764e-05  2.45512890e-06 -3.27479875e-08 
 2.12031722e-05  1.99866589e-01  2.00895291e-01  2.00560603e-01 -9.48718970e-05  3.12683352e-06 -2.23977705e-08 
 2.12033247e-05  1.99878820e-01  2.00962312e-01  2.00581809e-01 -1.00841616e-04  3.95552683e-06 -9.67938175e-09 
 2.12034700e-05  1.99892612e-01  2.01012883e-01  2.00604157e-01 -1.05009612e-04  4.77753796e-06  2.81415913e-09 
 2.12035716e-05  1.99902993e-01  2.01036852e-01  2.00620514e-01 -1.05653333e-04  5.35207432e-06  1.13952971e-08 
 2.12036361e-05  1.99909457e-01  2.01042909e-01  2.00630945e-01 -1.03337859e-04  5.70267155e-06  1.64829527e-08 
 2.12036894e-05  1.99914430e-01  2.01038244e-01  2.00639370e-01 -9.89367142e-05  5.97107449e-06  2.01995106e-08 
 2.12037486e-05  1.99919201e-01  2.01019357e-01  2.00648247e-01 -9.17583042e-05  6.23406264e-06  2.35480853e-08 
 2.12038182e-05  1.99923613e-01  2.00978160e-01  2.00657599e-01 -8.13652791e-05  6.48395535e-06  2.62238942e-08 
 2.12038945e-05  1.99926758e-01  2.00913353e-01  2.00665958e-01 -6.91699155e-05  6.67699061e-06  2.75246388e-08 
 2.12039929e-05  1.99928344e-01  2.00811538e-01  2.00673151e-01 -5.44565537e-05  6.80463378e-06  2.69166805e-08 
 2.12040863e-05  1.99927579e-01  2.00709232e-01  2.00675985e-01 -4.31164875e-05  6.81585772e-06  2.44266397e-08 
 2.12041699e-05  1.99925465e-01  2.00623114e-01  2.00675332e-01 -3.54959710e-05  6.75507406e-06  2.11071375e-08 
 2.12042554e-05  1.99922258e-01  2.00545798e-01  2.00671939e-01 -2.98983448e-05  6.64334241e-06  1.70592811e-08 
 2.12043512e-05  1.99917833e-01  2.00474378e-01  2.00665477e-01 -2.56694224e-05  6.47855183e-06  1.21159352e-08 
 2.12044464e-05  1.99912833e-01  2.00418757e-01  2.00656925e-01 -2.30313746e-05  6.28941245e-06  7.04421752e-09 
 2.12045540e-05  1.99906771e-01  2.00371423e-01  2.00645473e-01 -2.12392699e-05  6.06028492e-06  1.33850084e-09 
 2.12046689e-05  1.99899995e-01  2.00334817e-01  2.00631887e-01 -2.01952318e-05  5.80929052e-06 -4.58478817e-09 
 2.12048057e-05  1.99891742e-01  2.00304045e-01  2.00614701e-01 -1.95673266e-05  5.51254349e-06 -1.13145243e-08 
 2.12049029e-05  1.99885810e-01  2.00287944e-01  2.00602172e-01 -1.93592881e-05  5.30692650e-06 -1.58565696e-08 
 2.12050000e-05  1.99879868e-01  2.00274795e-01  2.00589563e-01 -1.92346541e-05  5.10710777e-06 -2.02040541e-08 
 2.12050021e-05  1.99880751e-01  2.00278267e-01  2.00589300e-01 -1.81917538e-05  5.10320659e-06 -2.01791527e-08 
 2.12050062e-05  1.99881576e-01  2.00284673e-01  2.00588778e-01 -1.77866257e-05  5.09544070e-06 -2.01355815e-08 
 2.12050144e-05  1.99881506e-01  2.00295135e-01  2.00587766e-01 -1.75695852e-05  5.07997863e-06 -2.00680545e-08 
 2.12050308e-05  1.99881625e-01  2.00311127e-01  2.00585838e-01 -1.72657585e-05  5.04904115e-06 -1.99519187e-08 
 2.12050578e-05  1.99881622e-01  2.00331367e-01  2.00582880e-01 -1.68301572e-05  4.99806355e-06 -1.97879037e-08 
 2.12051120e-05  1.99881715e-01  2.00361337e-01  2.00577597e-01 -1.62343455e-05  4.89659377e-06 -1.95333091e-08 
 2.12052203e-05  1.99881662e-01  2.00396724e-01  2.00568754e-01 -1.55892373e-05  4.69712323e-06 -1.91810577e-08 
 2.12054368e-05  1.99881519e-01  2.00419393e-01  2.00554578e-01 -1.52435987e-05  4.31741078e-06 -1.86778616e-08 
 2.12057317e-05  1.99881166e-01  2.00415930e-01  2.00538211e-01 -1.52045872e-05  3.84593180e-06 -1.80082571e-08 
 2.12061372e-05  1.99880797e-01  2.00403132e-01  2.00517404e-01 -1.52133260e-05  3.27927888e-06 -1.69653157e-08 
 2.12067054e-05  1.99880264e-01  2.00386230e-01  2.00490310e-01 -1.52008122e-05  2.62144601e-06 -1.53839634e-08 
 2.12077662e-05  1.99879560e-01  2.00360608e-01  2.00445885e-01 -1.52133724e-05  1.71825922e-06 -1.24074438e-08 
 2.12098877e-05  1.99878551e-01  2.00327844e-01  2.00379345e-01 -1.52045997e-05  7.08212005e-07 -7.37928310e-09 
 2.12141308e-05  1.99877685e-01  2.00313870e-01  2.00316450e-01 -1.52266443e-05  6.46758900e-08 -1.86239341e-09 
 2.12196767e-05  1.99877312e-01  2.00352872e-01  2.00323713e-01 -1.52262709e-05 -2.77006989e-09 -7.91878915e-11 
 2.12279624e-05  1.99877258e-01  2.00444419e-01  2.00404681e-01 -1.52500767e-05  6.58114586e-10  2.68271312e-11 
 2.12417886e-05  1.99877277e-01  2.00565043e-01  2.00536914e-01 -1.52480053e-05 -2.85231970e-10  2.09287386e-11 
 2.12566505e-05  1.99877373e-01  2.00612364e-01  2.00599411e-01 -1.52650378e-05  1.51001597e-10  1.22758757e-11 
 2.12831333e-05  1.99877326e-01  2.00579047e-01  2.00576304e-01 -1.52564993e-05 -1.03214888e-10 -6.43824604e-12 
 2.13303521e-05  1.99877265e-01  2.00497213e-01  2.00489133e-01 -1.52698934e-05  7.75917195e-11 -8.48097037e-13 
 2.13651760e-05  1.99877221e-01  2.00498982e-01  2.00487279e-01 -1.52574972e-05 -5.88967740e-11  1.32280027e-12 
 2.14000000e-05  1.99877281e-01  2.00511450e-01  2.00501117e-01 -1.52695928e-05  4.43571213e-11  2.74196632e-12 
 2.14000257e-05  1.99879288e-01  2.00527064e-01  2.00501279e-01 -1.37375233e-05  1.72561076e-09  3.76624916e-09 
 2.14000770e-05  1.99881146e-01  2.00550771e-01  2.00501840e-01 -1.31891637e-05  4.81824405e-09  1.13072861e-08 
 2.14001796e-05  1.99884329e-01  2.00578454e-01  2.00503962e-01 -1.28198096e-05  9.87347762e-09  2.58027735e-08 
 2.14003156e-05  1.99888780e-01  2.00597806e-01  2.00507889e-01 -1.25537962e-05  1.54758215e-08  4.39571775e-08 
 2.14005877e-05  1.99897261e-01  2.00610555e-01  2.00516791e-01 -1.25698971e-05  2.55035196e-08  7.74508968e-08 
 2.14009647e-05  1.99909274e-01  2.00614334e-01  2.00528799e-01 -1.25176782e-05  3.79417662e-08  1.18597516e-07 
 2.14015989e-05  1.99929747e-01  2.00613237e-01  2.00545676e-01 -1.32707750e-05  5.47233969e-08  1.77519322e-07 
 2.14017049e-05  1.99933797e-01  2.00611951e-01  2.00548036e-01 -1.36104119e-05  5.66747793e-08  1.86397628e-07 
 2.14019167e-05  1.99942985e-01  2.00601996e-01  2.00552012e-01 -1.59638010e-05  5.78344443e-08  2.02916209e-07 
 2.14020663e-05  1.99951415e-01  2.00587667e-01  2.00553917e-01 -1.91492984e-05  5.54621705e-08  2.13081210e-07 
 2.14021915e-05  1.99959596e-01  2.00567931e-01  2.00554594e-01 -2.32757185e-05  5.03820352e-08  2.20068885e-07 
 2.14023164e-05  1.99968940e-01  2.00540197e-01  2.00554079e-01 -2.84441765e-05  4.18681452e-08  2.25032458e-07 
 2.14024420e-05  1.99978716e-01  2.00502546e-01  2.00551985e-01 -3.44288022e-05  2.93123983e-08  2.27420697e-07 
 2.14025603e-05  1.99987992e-01  2.00456516e-01  2.00548173e-01 -3.98686013e-05  1.31859820e-08  2.26532434e-07 
 2.14026680e-05  1.99995645e-01  2.00402975e-01  2.00542755e-01 -4.39947618e-05 -5.95476068e-09  2.22373801e-07 
 2.14027892e-05  2.00003057e-01  2.00328425e-01  2.00533899e-01 -4.73779148e-05 -3.30178495e-08  2.12995178e-07 
 2.14028995e-05  2.00008154e-01  2.00251624e-01  2.00522942e-01 -5.06385619e-05 -6.14448618e-08  2.00006301e-07 
 2.14030666e-05  2.00013139e-01  2.00134107e-01  2.00500939e-01 -5.61398827e-05 -1.06665734e-07  1.73015457e-07 
 2.14031985e-05  2.00014412e-01  2.00047074e-01  2.00479338e-01 -6.06567154e-05 -1.41733988e-07  1.46371021e-07 
 2.14033340e-05  2.00013381e-01  1.99967079e-01  2.00453874e-01 -6.50685075e-05 -1.75426639e-07  1.15034587e-07 
 2.14034395e-05  2.00010415e-01  1.99913829e-01  2.00432260e-01 -6.81388352e-05 -1.98966708e-07  8.86238873e-08 
 2.14035000e-05  2.00007511e-01  1.99888444e-01  2.00419302e-01 -6.95758748e-05 -2.10793660e-07  7.29462046e-08 
 2.14035403e-05  2.00004499e-01  1.99875152e-01  2.00410564e-01 -7.02781510e-05 -2.17426645e-07  6.25540006e-08 
 2.14035743e-05  2.00000708e-01  1.99867798e-01  2.00403130e-01 -7.05245306e-05 -2.21672589e-07  5.39338115e-08 
 2.14036006e-05  1.99996207e-01  1.99866275e-01  2.00397430e-01 -7.03429805e-05 -2.23474401e-07  4.76073391e-08 
 2.14036264e-05  1.99989942e-01  1.99870476e-01  2.00391884e-01 -6.96536873e-05 -2.23237774e-07  4.18555908e-08 
 2.14036559e-05  1.99980637e-01  1.99884867e-01  2.00385732e-01 -6.81383255e-05 -2.19647478e-07  3.61918171e-08 
 2.14036899e-05  1.99968390e-01  1.99915919e-01  2.00379040e-01 -6.54500376e-05 -2.10541662e-07  3.11615067e-08 
 2.14037272e-05  1.99954706e-01  1.99966636e-01  2.00372413e-01 -6.15611374e-05 -1.94740568e-07  2.76606064e-08 
 2.14037800e-05  1.99937296e-01  2.00059558e-01  2.00364692e-01 -5.50077870e-05 -1.64525689e-07  2.61384727e-08 
 2.14038110e-05  1.99928861e-01  2.00120940e-01  2.00361186e-01 -5.08984230e-05 -1.43961430e-07  2.69280367e-08 
 2.14038461e-05  1.99921086e-01  2.00191229e-01  2.00358186e-01 -4.62921105e-05 -1.19852051e-07  2.90111413e-08 
 2.14038878e-05  1.99914089e-01  2.00271273e-01  2.00355925e-01 -4.11262267e-05 -9.16212680e-08  3.27576679e-08 
 2.14039328e-05  1.99908891e-01  2.00350066e-01  2.00354938e-01 -3.60791741e-05 -6.29211659e-08  3.79528752e-08 
 2.14039787e-05  1.99905567e-01  2.00419386e-01  2.00355297e-01 -3.16397134e-05 -3.67427529e-08  4.40436116e-08 
 2.14040285e-05  1.99903623e-01  2.00481381e-01  2.00356972e-01 -2.76414173e-05 -1.23737768e-08  5.11783091e-08 
 2.14040826e-05  1.99902834e-01  2.00534484e-01  2.00359991e-01 -2.41749758e-05  9.47740110e-09  5.92627439e-08 
 2.14041445e-05  1.99903045e-01  2.00579762e-01  2.00364571e-01 -2.11702784e-05  2.91131734e-08  6.86434359e-08 
 2.14042152e-05  1.99904147e-01  2.00615873e-01  2.00370792e-01 -1.87329059e-05  4.57362021e-08  7.92772539e-08 
 2.14042994e-05  1.99906135e-01  2.00643994e-01  2.00379050e-01 -1.68191625e-05  5.95191372e-08  9.16915979e-08 
 2.14044006e-05  1.99908997e-01  2.00664623e-01  2.00389572e-01 -1.54538695e-05  7.01586764e-08  1.06100257e-07 
 2.14045285e-05  1.99912950e-01  2.00680116e-01  2.00403176e-01 -1.45608709e-05  7.80883495e-08  1.23504630e-07 
 2.14046935e-05  1.99918249e-01  2.00692914e-01  2.00420642e-01 -1.40732969e-05  8.36744538e-08  1.44720939e-07 
 2.14048468e-05  1.99923240e-01  2.00702294e-01  2.00436517e-01 -1.39080790e-05  8.66865393e-08  1.63292447e-07 
 2.14050000e-05  1.99928238e-01  2.00711027e-01  2.00451987e-01 -1.38435500e-05  8.88642791e-08  1.80912273e-07 
 2.14050042e-05  1.99927230e-01  2.00707797e-01  2.00452399e-01 -1.49278277e-05  8.86304834e-08  1.80658189e-07 
 2.14050126e-05  1.99926533e-01  2.00702134e-01  2.00453213e-01 -1.52042654e-05  8.81746754e-08  1.79924461e-07 
 2.14050294e-05  1.99926672e-01  2.00693721e-01  2.00454785e-01 -1.51615682e-05  8.73342244e-08  1.78163704e-07 
 2.14050630e-05  1.99926271e-01  2.00681142e-01  2.00457757e-01 -1.52952401e-05  8.58455521e-08  1.74865479e-07 
 2.14051302e-05  1.99926284e-01  2.00663525e-01  2.00463182e-01 -1.52995318e-05  8.33183015e-08  1.68453508e-07 
 2.14052646e-05  1.99926130e-01  2.00645699e-01  2.00472679e-01 -1.53744852e-05  7.89873045e-08  1.56562347e-07 
 2.14054246e-05  1.99926430e-01  2.00640816e-01  2.00482635e-01 -1.53158474e-05  7.42554481e-08  1.43586616e-07 
 2.14056850e-05  1.99926508e-01  2.00645518e-01  2.00497538e-01 -1.53589841e-05  6.70601185e-08  1.24943745e-07 
 2.14061441e-05  1.99927025e-01  2.00661727e-01  2.00522103e-01 -1.53090671e-05  5.59650487e-08  9.81308116e-08 
 2.14070622e-05  1.99927506e-01  2.00692468e-01  2.00567084e-01 -1.53530809e-05  3.88776421e-08  6.15000637e-08 
 2.14088985e-05  1.99928553e-01  2.00738284e-01  2.00641360e-01 -1.53003740e-05  1.83327709e-08  2.60950759e-08 
 2.14125711e-05  1.99929375e-01  2.00784593e-01  2.00734561e-01 -1.53361802e-05  3.07655477e-09  8.47718653e-09 
 2.14180024e-05  1.99930018e-01  2.00784054e-01  2.00775929e-01 -1.52774744e-05 -2.97604363e-11  5.95099181e-09 
 2.14252082e-05  1.99930028e-01  2.00730407e-01  2.00741999e-01 -1.53133337e-05  1.83214592e-11  3.10925913e-09 
 2.14379553e-05  1.99930170e-01  2.00624656e-01  2.00634975e-01 -1.52571616e-05 -2.21403473e-11  9.61915215e-10 
 2.14520271e-05  1.99929969e-01  2.00555998e-01  2.00554289e-01 -1.52988399e-05 -4.71482835e-12  2.09568689e-10 
 2.14752199e-05  1.99930088e-01  2.00540203e-01  2.00527609e-01 -1.52492166e-05 -1.86724377e-12 -6.28822406e-13 
 2.15137177e-05  1.99930004e-01  2.00581967e-01  2.00569115e-01 -1.52940713e-05  3.55588866e-12  1.11866327e-11 
 2.15754955e-05  1.99930185e-01  2.00579916e-01  2.00572442e-01 -1.52478101e-05 -3.06905347e-12  4.24521350e-12 
 2.16546131e-05  1.99930015e-01  2.00544666e-01  2.00534484e-01 -1.52941906e-05  7.26254994e-13  7.95872970e-13 
 2.17546131e-05  1.99930181e-01  2.00550134e-01  2.00539987e-01 -1.52477960e-05 -1.22243556e-12  6.08937830e-12 
 2.18546131e-05  1.99930050e-01  2.00539531e-01  2.00530118e-01 -1.52941473e-05  1.76252459e-13  3.43740173e-12 
 2.19546131e-05  1.99930201e-01  2.00535236e-01  2.00524859e-01 -1.52478351e-05 -1.10487487e-12  2.71989375e-12 
 2.20546131e-05  1.99930079e-01  2.00537068e-01  2.00527271e-01 -1.52941153e-05  3.41157224e-13  6.55268678e-12 
 2.21546131e-05  1.99930233e-01  2.00532523e-01  2.00522506e-01 -1.52478494e-05 -1.22667284e-12  6.43601925e-13 
 2.22546131e-05  1.99930106e-01  2.00534055e-01  2.00523949e-01 -1.52941105e-05  3.83758129e-13  7.81202203e-12 
 2.23546131e-05  1.99930265e-01  2.00532939e-01  2.00523039e-01 -1.52478480e-05 -1.15416942e-12 -4.26519714e-14 
 2.24546131e-05  1.99930136e-01  2.00532622e-01  2.00522496e-01 -1.52941120e-05  2.57833685e-13  8.30449370e-12 
 2.25546131e-05  1.99930296e-01  2.00532967e-01  2.00523014e-01 -1.52478479e-05 -1.00846913e-12 -5.20312797e-13 
 2.26546131e-05  1.99930168e-01  2.00532497e-01  2.00522427e-01 -1.52941097e-05  1.29207842e-13  8.86285012e-12 
 2.27546131e-05  1.99930326e-01  2.00532685e-01  2.00522689e-01 -1.52478515e-05 -9.04496963e-13 -1.14087212e-12 
 2.28546131e-05  1.99930199e-01  2.00532657e-01  2.00522605e-01 -1.52941053e-05  5.07365417e-14  9.50739032e-12 
 2.29546131e-05  1.99930357e-01  2.00532554e-01  2.00522556e-01 -1.52478559e-05 -8.42992776e-13 -1.76325984e-12 
 2.30546131e-05  1.99930230e-01  2.00532709e-01  2.00522650e-01 -1.52941012e-05 -3.96167474e-16  1.00841038e-11 
 2.31546131e-05  1.99930388e-01  2.00532580e-01  2.00522590e-01 -1.52478598e-05 -7.96777141e-13 -2.28576462e-12 
 2.32546131e-05  1.99930261e-01  2.00532703e-01  2.00522638e-01 -1.52940976e-05 -4.36857581e-14  1.05578856e-11 
 2.33273066e-05  1.99930415e-01  2.00532634e-01  2.00522646e-01 -1.52478639e-05 -7.48893352e-13 -2.78716216e-12 
 2.34000000e-05  1.99930283e-01  2.00532704e-01  2.00522640e-01 -1.52940927e-05 -9.40163745e-14  1.10963821e-11 
 2.34001025e-05  1.99925213e-01  2.00493434e-01  2.00521095e-01 -1.66979602e-05 -5.39658035e-09 -2.07344237e-08 
 2.34003074e-05  1.99918267e-01  2.00448010e-01  2.00516339e-01 -1.68797169e-05 -1.46734767e-08 -6.08761221e-08 
 2.34006137e-05  1.99908755e-01  2.00432964e-01  2.00506424e-01 -1.69175635e-05 -2.60374327e-08 -1.15020014e-07 
 2.34009673e-05  1.99897777e-01  2.00430086e-01  2.00495208e-01 -1.73851751e-05 -3.77679427e-08 -1.70163447e-07 
 2.34012986e-05  1.99888499e-01  2.00432410e-01  2.00486012e-01 -1.90727368e-05 -4.66826158e-08 -2.15131046e-07 
 2.34015121e-05  1.99883537e-01  2.00436854e-01  2.00480983e-01 -2.18852544e-05 -5.09519100e-08 -2.40468071e-07 
 2.34016826e-05  1.99880693e-01  2.00444469e-01  2.00477663e-01 -2.55269034e-05 -5.31434237e-08 -2.58349003e-07 
 2.34018537e-05  1.99878811e-01  2.00455306e-01  2.00475161e-01 -3.06451623e-05 -5.40655875e-08 -2.73852759e-07 
 2.34020096e-05  1.99878006e-01  2.00469868e-01  2.00473795e-01 -3.64768056e-05 -5.34446756e-08 -2.85519952e-07 
 2.34021407e-05  1.99877699e-01  2.00486267e-01  2.00473501e-01 -4.21485542e-05 -5.13743691e-08 -2.93130030e-07 
 2.34022501e-05  1.99877589e-01  2.00504688e-01  2.00474013e-01 -4.72185400e-05 -4.80330772e-08 -2.97632156e-07 
 2.34023440e-05  1.99877271e-01  2.00525113e-01  2.00475151e-01 -5.16856954e-05 -4.34456578e-08 -2.99812319e-07 
 2.34024274e-05  1.99876681e-01  2.00548533e-01  2.00476845e-01 -5.55389264e-05 -3.74716300e-08 -3.00158191e-07 
 2.34025044e-05  1.99875573e-01  2.00576044e-01  2.00479134e-01 -5.88680977e-05 -2.97677115e-08 -2.98807223e-07 
 2.34025821e-05  1.99873989e-01  2.00610993e-01  2.00482329e-01 -6.18197372e-05 -1.93332632e-08 -2.95504157e-07 
 2.34026692e-05  1.99872211e-01  2.00658208e-01  2.00487195e-01 -6.46732584e-05 -4.53187346e-09 -2.89222392e-07 
 2.34027651e-05  1.99871249e-01  2.00716096e-01  2.00494346e-01 -6.74659630e-05  1.43281011e-08 -2.79236296e-07 
 2.34028701e-05  1.99871598e-01  2.00780303e-01  2.00504376e-01 -7.04090000e-05  3.60045230e-08 -2.65020747e-07 
 2.34029885e-05  1.99873705e-01  2.00848725e-01  2.00518268e-01 -7.37532344e-05  5.98755005e-08 -2.45505643e-07 
 2.34031185e-05  1.99877675e-01  2.00916136e-01  2.00536215e-01 -7.74699790e-05  8.41421890e-08 -2.20598133e-07 
 2.34032616e-05  1.99883660e-01  2.00980026e-01  2.00558564e-01 -8.13557945e-05  1.07886727e-07 -1.89934937e-07 
 2.34034196e-05  1.99891605e-01  2.01036780e-01  2.00585512e-01 -8.47736687e-05  1.29931037e-07 -1.53395781e-07 
 2.34035349e-05  1.99897927e-01  2.01065957e-01  2.00606065e-01 -8.56181082e-05  1.42236415e-07 -1.26017896e-07 
 2.34036041e-05  1.99901641e-01  2.01074648e-01  2.00618468e-01 -8.40608773e-05  1.46870636e-07 -1.09961719e-07 
 2.34036581e-05  1.99904308e-01  2.01072574e-01  2.00627976e-01 -8.06764627e-05  1.47722966e-07 -9.82135310e-08 
 2.34037140e-05  1.99906625e-01  2.01058304e-01  2.00637435e-01 -7.51706571e-05  1.44821351e-07 -8.73325597e-08 
 2.34037879e-05  1.99908869e-01  2.01018588e-01  2.00648822e-01 -6.59080483e-05  1.34325463e-07 -7.57274018e-08 
 2.34038561e-05  1.99910030e-01  2.00963496e-01  2.00657765e-01 -5.66744023e-05  1.18521306e-07 -6.81483627e-08 
 2.34039495e-05  1.99910333e-01  2.00870341e-01  2.00666901e-01 -4.47976683e-05  9.04462435e-08 -6.26421730e-08 
 2.34040724e-05  1.99908893e-01  2.00740114e-01  2.00673056e-01 -3.27337061e-05  4.93493380e-08 -6.26911865e-08 
 2.34041585e-05  1.99907014e-01  2.00656189e-01  2.00673566e-01 -2.71568385e-05  2.17736144e-08 -6.65401048e-08 
 2.34042391e-05  1.99904851e-01  2.00589582e-01  2.00671642e-01 -2.36629370e-05 -8.25173013e-10 -7.19950303e-08 
 2.34043359e-05  1.99901964e-01  2.00525678e-01  2.00666926e-01 -2.09935763e-05 -2.31960513e-08 -8.00608361e-08 
 2.34044287e-05  1.99899014e-01  2.00479631e-01  2.00660575e-01 -1.95545738e-05 -3.98284885e-08 -8.86933475e-08 
 2.34045380e-05  1.99895453e-01  2.00440629e-01  2.00651575e-01 -1.86380770e-05 -5.42904983e-08 -9.93588188e-08 
 2.34046501e-05  1.99891745e-01  2.00413152e-01  2.00641278e-01 -1.82172737e-05 -6.46553692e-08 -1.10432651e-07 
 2.34047878e-05  1.99887192e-01  2.00390587e-01  2.00627902e-01 -1.80016519e-05 -7.31205988e-08 -1.23809220e-07 
 2.34048939e-05  1.99883686e-01  2.00378562e-01  2.00617375e-01 -1.79619506e-05 -7.74663773e-08 -1.33794251e-07 
 2.34050000e-05  1.99880199e-01  2.00369207e-01  2.00606841e-01 -1.79417330e-05 -8.06486525e-08 -1.43439488e-07 
 2.34050022e-05  1.99880883e-01  2.00370976e-01  2.00606625e-01 -1.69334186e-05 -8.05514386e-08 -1.43341793e-07 
 2.34050066e-05  1.99881502e-01  2.00374266e-01  2.00606195e-01 -1.65785505e-05 -8.03532423e-08 -1.43106729e-07 
 2.34050154e-05  1.99881422e-01  2.00379631e-01  2.00605355e-01 -1.64380440e-05 -7.99629516e-08 -1.42558941e-07 
 2.34050330e-05  1.99881502e-01  2.00387787e-01  2.00603729e-01 -1.62520895e-05 -7.92403464e-08 -1.41486516e-07 
 2.34050617e-05  1.99881466e-01  2.00398191e-01  2.00601208e-01 -1.59918474e-05 -7.81766711e-08 -1.39777980e-07 
 2.34051192e-05  1.99881497e-01  2.00413473e-01  2.00596543e-01 -1.56570056e-05 -7.63467281e-08 -1.36488460e-07 
 2.34052340e-05  1.99881385e-01  2.00430131e-01  2.00588244e-01 -1.53214264e-05 -7.32590039e-08 -1.30291605e-07 
 2.34054638e-05  1.99881211e-01  2.00436607e-01  2.00573756e-01 -1.51943644e-05 -6.76522409e-08 -1.18959460e-07 
 2.34057562e-05  1.99880913e-01  2.00428200e-01  2.00557027e-01 -1.51989007e-05 -6.07010749e-08 -1.06064055e-07 
 2.34061711e-05  1.99880609e-01  2.00413189e-01  2.00534599e-01 -1.52121475e-05 -5.16334823e-08 -9.01351937e-08 
 2.34067824e-05  1.99880146e-01  2.00392586e-01  2.00503715e-01 -1.52035822e-05 -4.05829610e-08 -7.08869137e-08 
 2.34080051e-05  1.99879498e-01  2.00358550e-01  2.00449417e-01 -1.52177043e-05 -2.49150069e-08 -4.35574015e-08 
 2.34104504e-05  1.99878597e-01  2.00313455e-01  2.00368335e-01 -1.52142591e-05 -8.82842390e-09 -1.54555138e-08 
 2.34153411e-05  1.99877866e-01  2.00284470e-01  2.00289823e-01 -1.52365090e-05 -2.66711080e-10 -4.53276590e-10 
 2.34215430e-05  1.99877582e-01  2.00309167e-01  2.00286481e-01 -1.52364795e-05 -1.28491503e-11 -7.61577872e-12 
 2.34317101e-05  1.99877555e-01  2.00383667e-01  2.00353408e-01 -1.52568252e-05  3.55174310e-12  8.12703225e-12 
 2.34455238e-05  1.99877571e-01  2.00459329e-01  2.00438682e-01 -1.52525076e-05  1.11721498e-11  2.04315167e-11 
 2.34634139e-05  1.99877639e-01  2.00486897e-01  2.00476835e-01 -1.52664294e-05 -7.02642155e-13  1.40169191e-12 
 2.34942289e-05  1.99877583e-01  2.00458240e-01  2.00452245e-01 -1.52580151e-05 -1.64269488e-12 -1.31201094e-12 
 2.35471144e-05  1.99877569e-01  2.00432345e-01  2.00421228e-01 -1.52689224e-05 -1.49752324e-12 -4.49438230e-13 
 2.36000000e-05  1.99877564e-01  2.00459385e-01  2.00447934e-01 -1.52582330e-05  1.62228802e-12  3.92257998e-12 
 2.36000361e-05  1.99881437e-01  2.00499325e-01  2.00448523e-01 -1.33588170e-05  4.25470456e-09  1.81945671e-09 
 2.36001083e-05  1.99886120e-01  2.00556408e-01  2.00450496e-01 -1.23702735e-05  1.16258202e-08  5.27213250e-09 
 2.36002527e-05  1.99894831e-01  2.00613828e-01  2.00457492e-01 -1.16959927e-05  2.14908210e-08  1.15650775e-08 
 2.36004376e-05  1.99906171e-01  2.00646734e-01  2.00469102e-01 -1.14396423e-05  2.98319395e-08  1.89167034e-08 
 2.36007872e-05  1.99927228e-01  2.00668371e-01  2.00492417e-01 -1.14729743e-05  4.19657132e-08  3.13687827e-08 
 2.36011787e-05  1.99951335e-01  2.00682946e-01  2.00517576e-01 -1.14511269e-05  5.32195637e-08  4.34364344e-08 
 2.36014512e-05  1.99968402e-01  2.00690141e-01  2.00534005e-01 -1.16784821e-05  5.86708572e-08  5.07599299e-08 
 2.36016523e-05  1.99981960e-01  2.00695096e-01  2.00545493e-01 -1.21117742e-05  5.70871865e-08  5.55730868e-08 
 2.36018063e-05  1.99993114e-01  2.00694989e-01  2.00553834e-01 -1.31214130e-05  4.59282767e-08  5.87983436e-08 
 2.36019378e-05  2.00003900e-01  2.00692091e-01  2.00560479e-01 -1.46486308e-05  2.14251913e-08  6.10839928e-08 
 2.36020629e-05  2.00015107e-01  2.00683604e-01  2.00566208e-01 -1.71015827e-05 -2.42729351e-08  6.26696493e-08 
 2.36021902e-05  2.00027832e-01  2.00668685e-01  2.00571167e-01 -2.05785154e-05 -1.04584139e-07  6.34857023e-08 
 2.36023193e-05  2.00041409e-01  2.00644591e-01  2.00574965e-01 -2.51060606e-05 -2.34173778e-07  6.32469777e-08 
 2.36024461e-05  2.00055097e-01  2.00611203e-01  2.00577087e-01 -2.98889981e-05 -4.22983118e-07  6.17154411e-08 
 2.36025649e-05  2.00067157e-01  2.00568726e-01  2.00577219e-01 -3.39612169e-05 -6.70496801e-07  5.88363082e-08 
 2.36026733e-05  2.00077007e-01  2.00518293e-01  2.00575362e-01 -3.63628196e-05 -9.71416786e-07  5.47074301e-08 
 2.36027951e-05  2.00085600e-01  2.00446669e-01  2.00570467e-01 -3.75044273e-05 -1.41213718e-06  4.80588966e-08 
 2.36029058e-05  2.00090997e-01  2.00371804e-01  2.00563052e-01 -3.83875185e-05 -1.91043186e-06  4.01772634e-08 
 2.36030754e-05  2.00094238e-01  2.00253289e-01  2.00545955e-01 -4.03382142e-05 -2.83718917e-06  2.52298106e-08 
 2.36032087e-05  2.00092697e-01  2.00164112e-01  2.00527926e-01 -4.20791841e-05 -3.68478750e-06  1.14960721e-08 
 2.36033310e-05  2.00087927e-01  2.00089250e-01  2.00508283e-01 -4.37578989e-05 -4.53627049e-06 -2.25477506e-09 
 2.36034408e-05  2.00080877e-01  2.00030330e-01  2.00488577e-01 -4.50809222e-05 -5.34422822e-06 -1.52079499e-08 
 2.36035123e-05  2.00074243e-01  1.99998195e-01  2.00474926e-01 -4.57775154e-05 -5.88223048e-06 -2.37475799e-08 
 2.36035499e-05  2.00069703e-01  1.99984533e-01  2.00467556e-01 -4.59563713e-05 -6.16468677e-06 -2.81807444e-08 
 2.36035860e-05  2.00063781e-01  1.99975288e-01  2.00460409e-01 -4.59237889e-05 -6.43048580e-06 -3.22892921e-08 
 2.36036134e-05  2.00057594e-01  1.99972517e-01  2.00454998e-01 -4.55966969e-05 -6.62345026e-06 -3.51993714e-08 
 2.36036401e-05  2.00049507e-01  1.99975568e-01  2.00449783e-01 -4.49323138e-05 -6.79863487e-06 -3.77353412e-08 
 2.36036708e-05  2.00038207e-01  1.99988843e-01  2.00443949e-01 -4.36638865e-05 -6.97740460e-06 -4.01215578e-08 
 2.36037053e-05  2.00024337e-01  2.00017894e-01  2.00437779e-01 -4.16851022e-05 -7.14224100e-06 -4.19762743e-08 
 2.36037448e-05  2.00008857e-01  2.00068338e-01  2.00431440e-01 -3.88844215e-05 -7.28099385e-06 -4.29807474e-08 
 2.36038016e-05  1.99989884e-01  2.00163833e-01  2.00424124e-01 -3.43687990e-05 -7.39181658e-06 -4.25444468e-08 
 2.36038373e-05  1.99980886e-01  2.00231719e-01  2.00420780e-01 -3.15065839e-05 -7.41379922e-06 -4.13284127e-08 
 2.36038726e-05  1.99974191e-01  2.00299882e-01  2.00418466e-01 -2.88085687e-05 -7.40695940e-06 -3.96180582e-08 
 2.36039146e-05  1.99968805e-01  2.00378106e-01  2.00416974e-01 -2.58951415e-05 -7.36972629e-06 -3.71305997e-08 
 2.36039603e-05  1.99965617e-01  2.00456142e-01  2.00416795e-01 -2.31497888e-05 -7.30245661e-06 -3.40841428e-08 
 2.36040079e-05  1.99964581e-01  2.00527468e-01  2.00418022e-01 -2.07861868e-05 -7.21169936e-06 -3.07245546e-08 
 2.36040593e-05  1.99965336e-01  2.00592186e-01  2.00420701e-01 -1.87544565e-05 -7.09871544e-06 -2.70534844e-08 
 2.36041160e-05  1.99967702e-01  2.00649922e-01  2.00424972e-01 -1.70573121e-05 -6.96313055e-06 -2.30556649e-08 
 2.36041807e-05  1.99971638e-01  2.00700732e-01  2.00431112e-01 -1.56627967e-05 -6.80160409e-06 -1.86497501e-08 
 2.36042558e-05  1.99977181e-01  2.00744014e-01  2.00439434e-01 -1.45879198e-05 -6.61117179e-06 -1.37796498e-08 
 2.36043457e-05  1.99984548e-01  2.00780144e-01  2.00450477e-01 -1.37967951e-05 -6.38453580e-06 -8.28384122e-09 
 2.36044566e-05  1.99994165e-01  2.00809858e-01  2.00464991e-01 -1.32746719e-05 -6.11165630e-06 -1.94446720e-09 
 2.36045997e-05  2.00006945e-01  2.00835031e-01  2.00484329e-01 -1.29605182e-05 -5.77378538e-06  5.64753259e-09 
 2.36047946e-05  2.00024613e-01  2.00858620e-01  2.00510770e-01 -1.28108072e-05 -5.34158782e-06  1.51149602e-08 
 2.36050000e-05  2.00043396e-01  2.00878239e-01  2.00538208e-01 -1.27590356e-05 -4.91965557e-06  2.41866751e-08 
 2.36050057e-05  2.00041864e-01  2.00869452e-01  2.00538944e-01 -1.39708877e-05 -4.90904110e-06  2.41176372e-08 
 2.36050172e-05  2.00040993e-01  2.00854548e-01  2.00540378e-01 -1.43396980e-05 -4.88781617e-06  2.40025212e-08 
 2.36050402e-05  2.00041285e-01  2.00833428e-01  2.00543062e-01 -1.44533351e-05 -4.84531285e-06  2.38200800e-08 
 2.36050861e-05  2.00040798e-01  2.00803009e-01  2.00547887e-01 -1.48652840e-05 -4.76050205e-06  2.35145083e-08 
 2.36051779e-05  2.00041173e-01  2.00764165e-01  2.00556027e-01 -1.51252413e-05 -4.59346202e-06  2.30565573e-08 
 2.36053280e-05  2.00041296e-01  2.00735645e-01  2.00566744e-01 -1.53646588e-05 -4.33114916e-06  2.24583796e-08 
 2.36055193e-05  2.00042176e-01  2.00727666e-01  2.00578155e-01 -1.53165765e-05 -4.01795561e-06  2.17519926e-08 
 2.36058371e-05  2.00042832e-01  2.00733102e-01  2.00595151e-01 -1.53778887e-05 -3.54636078e-06  2.05544420e-08 
 2.36063164e-05  2.00044348e-01  2.00748465e-01  2.00618877e-01 -1.53077780e-05 -2.93666073e-06  1.87307759e-08 
 2.36071783e-05  2.00045915e-01  2.00772682e-01  2.00657596e-01 -1.53715735e-05 -2.08710320e-06  1.55544347e-08 
 2.36089021e-05  2.00048685e-01  2.00807433e-01  2.00720370e-01 -1.53001296e-05 -1.03210842e-06  1.01696454e-08 
 2.36123498e-05  2.00050830e-01  2.00835518e-01  2.00794703e-01 -1.53548202e-05 -1.99141783e-07  3.59595549e-09 
 2.36176639e-05  2.00052069e-01  2.00812603e-01  2.00814609e-01 -1.52757197e-05  4.21478549e-09  3.19764248e-10 
 2.36245805e-05  2.00051924e-01  2.00733363e-01  2.00754635e-01 -1.53287635e-05 -6.23311481e-10 -3.80007741e-11 
 2.36360903e-05  2.00052121e-01  2.00602165e-01  2.00619520e-01 -1.52519296e-05  2.21763748e-10 -1.26949199e-11 
 2.36499957e-05  2.00051777e-01  2.00512503e-01  2.00513289e-01 -1.53103968e-05 -1.22226383e-10 -2.50898141e-11 
 2.36709195e-05  2.00052001e-01  2.00501659e-01  2.00487084e-01 -1.52407425e-05  6.70078292e-11  7.04257215e-12 
 2.37059115e-05  2.00051801e-01  2.00582456e-01  2.00565738e-01 -1.53035337e-05 -4.56768861e-11  3.72786876e-12 
 2.37586667e-05  2.00052131e-01  2.00629531e-01  2.00620955e-01 -1.52382895e-05  3.97099445e-11  4.19434214e-12 
 2.38258210e-05  2.00051869e-01  2.00609797e-01  2.00599881e-01 -1.53035877e-05 -3.57595572e-11 -3.48723161e-12 
 2.39258210e-05  2.00052167e-01  2.00635817e-01  2.00624444e-01 -1.52383685e-05  3.17949588e-11  5.84306204e-12 
 2.40258210e-05  2.00051948e-01  2.00645252e-01  2.00635984e-01 -1.53035103e-05 -2.90347009e-11 -2.85582002e-12 
 2.41258210e-05  2.00052232e-01  2.00643192e-01  2.00632567e-01 -1.52384349e-05  2.51082523e-11  4.26530474e-12 
 2.42258210e-05  2.00052010e-01  2.00652906e-01  2.00642948e-01 -1.53034814e-05 -2.30519950e-11 -1.57501253e-12 
 2.43258210e-05  2.00052299e-01  2.00650176e-01  2.00640207e-01 -1.52384449e-05  1.98247551e-11  3.30490084e-12 
 2.44258210e-05  2.00052070e-01  2.00652763e-01  2.00642551e-01 -1.53034852e-05 -1.85156710e-11 -1.10184577e-12 
 2.45258210e-05  2.00052363e-01  2.00653600e-01  2.00643691e-01 -1.52384405e-05  1.58537456e-11  3.07298219e-12 
 2.46258210e-05  2.00052133e-01  2.00652942e-01  2.00642831e-01 -1.53034873e-05 -1.50030522e-11 -1.00790659e-12 
 2.47258210e-05  2.00052425e-01  2.00654145e-01  2.00644127e-01 -1.52384431e-05  1.26783601e-11  2.97514276e-12 
 2.48258210e-05  2.00052195e-01  2.00653678e-01  2.00643655e-01 -1.53034818e-05 -1.21135476e-11 -8.80811266e-13 
 2.49258210e-05  2.00052487e-01  2.00653983e-01  2.00643928e-01 -1.52384502e-05  1.00378742e-11  2.80718027e-12 
 2.50258210e-05  2.00052258e-01  2.00654102e-01  2.00644084e-01 -1.53034746e-05 -9.71047223e-12 -6.98416585e-13 
 2.51258210e-05  2.00052549e-01  2.00654003e-01  2.00643962e-01 -1.52384570e-05  7.85888910e-12  2.62746828e-12 
 2.52258210e-05  2.00052320e-01  2.00654189e-01  2.00644155e-01 -1.53034684e-05 -7.74340856e-12 -5.36943808e-13 
 2.53258210e-05  2.00052612e-01  2.00654141e-01  2.00644112e-01 -1.52384627e-05  6.08639094e-12  2.48726913e-12 
 2.54258210e-05  2.00052382e-01  2.00654205e-01  2.00644167e-01 -1.53034629e-05 -6.14732245e-12 -4.17019013e-13 
 2.55129105e-05  2.00052670e-01  2.00654243e-01  2.00644214e-01 -1.52384685e-05  4.55249163e-12  2.37600358e-12 
 2.56000000e-05  2.00052436e-01  2.00654250e-01  2.00644214e-01 -1.53034566e-05 -4.67857827e-12 -3.11734416e-13 
 2.56001226e-05  2.00039099e-01  2.00568113e-01  2.00640187e-01 -1.72988437e-05 -8.76400066e-09 -5.66507851e-09 
 2.56003679e-05  2.00016831e-01  2.00474651e-01  2.00628139e-01 -1.79960933e-05 -2.11209399e-08 -1.60816781e-08 
 2.56007120e-05  1.99986544e-01  2.00448656e-01  2.00605404e-01 -1.80450574e-05 -3.17548764e-08 -2.87079410e-08 
 2.56011145e-05  1.99951364e-01  2.00434200e-01  2.00579477e-01 -1.89767078e-05 -4.00286764e-08 -4.14585028e-08 
 2.56013692e-05  1.99930348e-01  2.00430355e-01  2.00564237e-01 -2.09757214e-05 -3.58839609e-08 -4.83430287e-08 
 2.56015571e-05  1.99915991e-01  2.00429366e-01  2.00553776e-01 -2.40229065e-05 -2.14765856e-08 -5.27688397e-08 
 2.56017290e-05  1.99904320e-01  2.00433399e-01  2.00544975e-01 -2.82798246e-05  6.19790874e-09 -5.62369594e-08 
 2.56018989e-05  1.99894151e-01  2.00440538e-01  2.00537215e-01 -3.40411471e-05  5.33688574e-08 -5.90319385e-08 
 2.56020500e-05  1.99886436e-01  2.00452295e-01  2.00531299e-01 -4.03545706e-05  1.18662866e-07 -6.08696717e-08 
 2.56021761e-05  1.99880719e-01  2.00466249e-01  2.00527263e-01 -4.64090889e-05  1.96980990e-07 -6.18095946e-08 
 2.56022817e-05  1.99876426e-01  2.00482992e-01  2.00524670e-01 -5.18714196e-05  2.86230271e-07 -6.20478213e-08 
 2.56023732e-05  1.99872790e-01  2.00502176e-01  2.00523158e-01 -5.67995741e-05  3.87660275e-07 -6.17185281e-08 
 2.56024552e-05  1.99869553e-01  2.00524942e-01  2.00522524e-01 -6.12206360e-05  5.04668096e-07 -6.08615690e-08 
 2.56025326e-05  1.99866288e-01  2.00552600e-01  2.00522714e-01 -6.52998858e-05  6.45030273e-07 -5.94209808e-08 
 2.56026148e-05  1.99862986e-01  2.00589858e-01  2.00523959e-01 -6.94040869e-05  8.33700424e-07 -5.70690547e-08 
 2.56027026e-05  1.99860420e-01  2.00637420e-01  2.00526707e-01 -7.35952488e-05  1.08459157e-06 -5.35676516e-08 
 2.56028167e-05  1.99859637e-01  2.00705224e-01  2.00532709e-01 -7.88844328e-05  1.48283919e-06 -4.76553811e-08 
 2.56029171e-05  1.99861297e-01  2.00765485e-01  2.00540300e-01 -8.35040086e-05  1.89359983e-06 -4.13894680e-08 
 2.56030395e-05  1.99866091e-01  2.00834869e-01  2.00552236e-01 -8.90650677e-05  2.45569791e-06 -3.27391846e-08 
 2.56031723e-05  1.99874121e-01  2.00902837e-01  2.00568104e-01 -9.48771316e-05  3.12748596e-06 -2.23876962e-08 
 2.56033249e-05  1.99886357e-01  2.00969854e-01  2.00589315e-01 -1.00846652e-04  3.95632426e-06 -9.66715972e-09 
 2.56034702e-05  1.99900149e-01  2.01020406e-01  2.00611663e-01 -1.05012176e-04  4.77827790e-06  2.82534490e-09 
 2.56035717e-05  1.99910526e-01  2.01044352e-01  2.00628013e-01 -1.05652153e-04  5.35255740e-06  1.14024394e-08 
 2.56036362e-05  1.99916987e-01  2.01050395e-01  2.00638441e-01 -1.03333905e-04  5.70301321e-06  1.64878323e-08 
 2.56036895e-05  1.99921959e-01  2.01045717e-01  2.00646866e-01 -9.89301718e-05  5.97137870e-06  2.02036081e-08 
 2.56037487e-05  1.99926730e-01  2.01026808e-01  2.00655744e-01 -9.17477286e-05  6.23437639e-06  2.35518487e-08 
 2.56038183e-05  1.99931141e-01  2.00985592e-01  2.00665093e-01 -8.13536599e-05  6.48418286e-06  2.62259889e-08 
 2.56038946e-05  1.99934285e-01  2.00920743e-01  2.00673452e-01 -6.91540861e-05  6.67718705e-06  2.75252831e-08 
 2.56039930e-05  1.99935868e-01  2.00818891e-01  2.00680643e-01 -5.44398794e-05  6.80471345e-06  2.69145543e-08 
 2.56040864e-05  1.99935102e-01  2.00716635e-01  2.00683471e-01 -4.31086216e-05  6.81582870e-06  2.44240394e-08 
 2.56041700e-05  1.99932987e-01  2.00630540e-01  2.00682816e-01 -3.54913809e-05  6.75500997e-06  2.11044873e-08 
 2.56042555e-05  1.99929779e-01  2.00553229e-01  2.00679420e-01 -2.98948020e-05  6.64324084e-06  1.70560097e-08 
 2.56043513e-05  1.99925354e-01  2.00481822e-01  2.00672957e-01 -2.56672634e-05  6.47843279e-06  1.21126189e-08 
 2.56044464e-05  1.99920353e-01  2.00426205e-01  2.00664404e-01 -2.30298029e-05  6.28926126e-06  7.04034697e-09 
 2.56045540e-05  1.99914291e-01  2.00378880e-01  2.00652950e-01 -2.12383650e-05  6.06012251e-06  1.33459797e-09 
 2.56046689e-05  1.99907513e-01  2.00342278e-01  2.00639361e-01 -2.01946444e-05  5.80909505e-06 -4.58928493e-09 
 2.56048058e-05  1.99899260e-01  2.00311512e-01  2.00622173e-01 -1.95670409e-05  5.51233334e-06 -1.13191929e-08 
 2.56049029e-05  1.99893331e-01  2.00295421e-01  2.00609651e-01 -1.93592033e-05  5.30682409e-06 -1.58587957e-08 
 2.56050000e-05  1.99887392e-01  2.00282280e-01  2.00597048e-01 -1.92346606e-05  5.10710780e-06 -2.02040357e-08 
 2.56050021e-05  1.99888275e-01  2.00285752e-01  2.00596785e-01 -1.81917565e-05  5.10320659e-06 -2.01791342e-08 
 2.56050062e-05  1.99889100e-01  2.00292158e-01  2.00596263e-01 -1.77866251e-05  5.09544066e-06 -2.01355627e-08 
 2.56050144e-05  1.99889029e-01  2.00302621e-01  2.00595251e-01 -1.75695864e-05  5.07997850e-06 -2.00680354e-08 
 2.56050308e-05  1.99889149e-01  2.00318613e-01  2.00593323e-01 -1.72657565e-05  5.04904085e-06 -1.99518992e-08 
 2.56050578e-05  1.99889146e-01  2.00338853e-01  2.00590365e-01 -1.68301529e-05  4.99806278e-06 -1.97878831e-08 
 2.56051120e-05  1.99889239e-01  2.00368823e-01  2.00585082e-01 -1.62343372e-05  4.89659206e-06 -1.95332875e-08 
 2.56052203e-05  1.99889186e-01  2.00404210e-01  2.00576239e-01 -1.55892304e-05  4.69711972e-06 -1.91810353e-08 
 2.56054369e-05  1.99889043e-01  2.00426879e-01  2.00562063e-01 -1.52435953e-05  4.31740406e-06 -1.86778373e-08 
 2.56057317e-05  1.99888690e-01  2.00423415e-01  2.00545696e-01 -1.52045869e-05  3.84592598e-06 -1.80082341e-08 
 2.56061372e-05  1.99888321e-01  2.00410617e-01  2.00524888e-01 -1.52133246e-05  3.27927049e-06 -1.69652866e-08 
 2.56067054e-05  1.99887788e-01  2.00393715e-01  2.00497795e-01 -1.52008118e-05  2.62143882e-06 -1.53839344e-08 
 2.56077662e-05  1.99887084e-01  2.00368093e-01  2.00453369e-01 -1.52133710e-05  1.71824479e-06 -1.24073817e-08 
 2.56098878e-05  1.99886075e-01  2.00335329e-01  2.00386829e-01 -1.52045993e-05  7.08196800e-07 -7.37918517e-09 
 2.56141309e-05  1.99885209e-01  2.00321356e-01  2.00323934e-01 -1.52266432e-05  6.46699406e-08 -1.86231527e-09 
 2.56196768e-05  1.99884836e-01  2.00360359e-01  2.00331198e-01 -1.52262706e-05 -2.76984507e-09 -7.91798433e-11 
 2.56279626e-05  1.99884782e-01  2.00451907e-01  2.00412169e-01 -1.52500755e-05  6.58075389e-10  2.68263898e-11 
 2.56417889e-05  1.99884801e-01  2.00572533e-01  2.00544403e-01 -1.52480050e-05 -2.85216321e-10  2.09294115e-11 
 2.56566509e-05  1.99884897e-01  2.00619852e-01  2.00606899e-01 -1.52650365e-05  1.50994210e-10  1.22751706e-11 
 2.56831340e-05  1.99884850e-01  2.00586532e-01  2.00583789e-01 -1.52564988e-05 -1.03210596e-10 -6.43822783e-12 
 2.57303531e-05  1.99884789e-01  2.00504698e-01  2.00496618e-01 -1.52698920e-05  7.75883906e-11 -8.48159271e-13 
 2.57651766e-05  1.99884745e-01  2.00506469e-01  2.00494765e-01 -1.52574968e-05 -5.88939294e-11  1.32303061e-12 
 2.58000000e-05  1.99884805e-01  2.00518937e-01  2.00508603e-01 -1.52695915e-05  4.43548494e-11  2.74184565e-12 
 2.58000257e-05  1.99886812e-01  2.00534551e-01  2.00508765e-01 -1.37375265e-05  1.72558554e-09  3.76619422e-09 
 2.58000770e-05  1.99888669e-01  2.00558257e-01  2.00509326e-01 -1.31891697e-05  4.81817964e-09  1.13071249e-08 
 2.58001796e-05  1.99891853e-01  2.00585940e-01  2.00511448e-01 -1.28198161e-05  9.87335644e-09  2.58024173e-08 
 2.58003156e-05  1.99896304e-01  2.00605292e-01  2.00515375e-01 -1.25537981e-05  1.54756441e-08  4.39566167e-08 
 2.58005877e-05  1.99904785e-01  2.00618041e-01  2.00524277e-01 -1.25698963e-05  2.55032330e-08  7.74500007e-08 
 2.58009647e-05  1.99916798e-01  2.00621821e-01  2.00536284e-01 -1.25176765e-05  3.79414606e-08  1.18596641e-07 
 2.58015989e-05  1.99937270e-01  2.00620723e-01  2.00553161e-01 -1.32706902e-05  5.47230266e-08  1.77518135e-07 
 2.58017048e-05  1.99941320e-01  2.00619438e-01  2.00555522e-01 -1.36102913e-05  5.66745015e-08  1.86396612e-07 
 2.58019167e-05  1.99950508e-01  2.00609484e-01  2.00559498e-01 -1.59635315e-05  5.78345014e-08  2.02915656e-07 
 2.58020663e-05  1.99958938e-01  2.00595155e-01  2.00561403e-01 -1.91488479e-05  5.54626114e-08  2.13081160e-07 
 2.58021915e-05  1.99967119e-01  2.00575420e-01  2.00562080e-01 -2.32750943e-05  5.03829060e-08  2.20069785e-07 
 2.58023164e-05  1.99976462e-01  2.00547688e-01  2.00561565e-01 -2.84434237e-05  4.18695152e-08  2.25035466e-07 
 2.58024420e-05  1.99986239e-01  2.00510038e-01  2.00559471e-01 -3.44280329e-05  2.93142788e-08  2.27428217e-07 
 2.58025603e-05  1.99995514e-01  2.00464009e-01  2.00555660e-01 -3.98679718e-05  1.31882907e-08  2.26548171e-07 
 2.58026680e-05  2.00003168e-01  2.00410469e-01  2.00550242e-01 -4.39943232e-05 -5.95198098e-09  2.22402403e-07 
 2.58027892e-05  2.00010579e-01  2.00335919e-01  2.00541386e-01 -4.73775771e-05 -3.30147156e-08  2.13047046e-07 
 2.58028995e-05  2.00015676e-01  2.00259121e-01  2.00530429e-01 -5.06381095e-05 -6.14408006e-08  2.00089876e-07 
 2.58030666e-05  2.00020661e-01  2.00141610e-01  2.00508428e-01 -5.61390295e-05 -1.06658633e-07  1.73170190e-07 
 2.58031984e-05  2.00021933e-01  2.00054583e-01  2.00486831e-01 -6.06554791e-05 -1.41723968e-07  1.46602066e-07 
 2.58033340e-05  2.00020902e-01  1.99974584e-01  2.00461367e-01 -6.50674622e-05 -1.75417969e-07  1.15357330e-07 
 2.58034394e-05  2.00017936e-01  1.99921325e-01  2.00439751e-01 -6.81382534e-05 -1.98961200e-07  8.90257039e-08 
 2.58035000e-05  2.00015032e-01  1.99895935e-01  2.00426790e-01 -6.95756237e-05 -2.10790469e-07  7.33960360e-08 
 2.58035403e-05  2.00012020e-01  1.99882641e-01  2.00418053e-01 -7.02779925e-05 -2.17423742e-07  6.30387520e-08 
 2.58035743e-05  2.00008229e-01  1.99875285e-01  2.00410617e-01 -7.05245233e-05 -2.21670701e-07  5.44475562e-08 
 2.58036006e-05  2.00003728e-01  1.99873761e-01  2.00404917e-01 -7.03430694e-05 -2.23472987e-07  4.81443779e-08 
 2.58036264e-05  1.99997464e-01  1.99877961e-01  2.00399371e-01 -6.96539132e-05 -2.23236855e-07  4.24164098e-08 
 2.58036559e-05  1.99988160e-01  1.99892349e-01  2.00393219e-01 -6.81388099e-05 -2.19647567e-07  3.67802688e-08 
 2.58036899e-05  1.99975912e-01  1.99923398e-01  2.00386527e-01 -6.54506931e-05 -2.10542742e-07  3.17818801e-08 
 2.58037272e-05  1.99962228e-01  1.99974107e-01  2.00379901e-01 -6.15622445e-05 -1.94743892e-07  2.83167921e-08 
 2.58037800e-05  1.99944819e-01  2.00067017e-01  2.00372180e-01 -5.50096468e-05 -1.64533174e-07  2.68459995e-08 
 2.58038110e-05  1.99936383e-01  2.00128405e-01  2.00368673e-01 -5.08999468e-05 -1.43967586e-07  2.76662406e-08 
 2.58038461e-05  1.99928608e-01  2.00198692e-01  2.00365673e-01 -4.62936549e-05 -1.19858618e-07  2.97844988e-08 
 2.58038877e-05  1.99921610e-01  2.00278734e-01  2.00363412e-01 -4.11278880e-05 -9.16287516e-08  3.35731407e-08 
 2.58039328e-05  1.99916411e-01  2.00357531e-01  2.00362424e-01 -3.60805888e-05 -6.29275095e-08  3.88148740e-08 
 2.58039787e-05  1.99913087e-01  2.00426852e-01  2.00362783e-01 -3.16410608e-05 -3.67488728e-08  4.49533292e-08 
 2.58040284e-05  1.99911142e-01  2.00488850e-01  2.00364458e-01 -2.76425480e-05 -1.23787410e-08  5.21404425e-08 
 2.58040826e-05  1.99910353e-01  2.00541955e-01  2.00367476e-01 -2.41760102e-05  9.47292779e-09  6.02821514e-08 
 2.58041445e-05  1.99910563e-01  2.00587237e-01  2.00372055e-01 -2.11711080e-05  2.91099069e-08  6.97291044e-08 
 2.58042152e-05  1.99911664e-01  2.00623350e-01  2.00378276e-01 -1.87335986e-05  4.57337687e-08  8.04385848e-08 
 2.58042994e-05  1.99913652e-01  2.00651473e-01  2.00386533e-01 -1.68196631e-05  5.95179527e-08  9.29436126e-08 
 2.58044006e-05  1.99916513e-01  2.00672104e-01  2.00397054e-01 -1.54542268e-05  7.01584717e-08  1.07460600e-07 
 2.58045285e-05  1.99920466e-01  2.00687599e-01  2.00410658e-01 -1.45610786e-05  7.80892307e-08  1.25000930e-07 
 2.58046935e-05  1.99925764e-01  2.00700397e-01  2.00428122e-01 -1.40734056e-05  8.36761144e-08  1.46388723e-07 
 2.58048467e-05  1.99930756e-01  2.00709778e-01  2.00444000e-01 -1.39080991e-05  8.66894044e-08  1.65120041e-07 
 2.58050000e-05  1.99935755e-01  2.00718514e-01  2.00459473e-01 -1.38435535e-05  8.88677968e-08  1.82893262e-07 
 2.58050042e-05  1.99934747e-01  2.00715284e-01  2.00459885e-01 -1.49278299e-05  8.86340050e-08  1.82643184e-07 
 2.58050126e-05  1.99934050e-01  2.00709620e-01  2.00460699e-01 -1.52042671e-05  8.81782044e-08  1.81917446e-07 
 2.58050294e-05  1.99934189e-01  2.00701207e-01  2.00462271e-01 -1.51615705e-05  8.73377677e-08  1.80172516e-07 
 2.58050630e-05  1.99933788e-01  2.00688628e-01  2.00465243e-01 -1.52952423e-05  8.58491223e-08  1.76905329e-07 
 2.58051302e-05  1.99933801e-01  2.00671011e-01  2.00470668e-01 -1.52995347e-05  8.33219187e-08  1.70553026e-07 
 2.58052646e-05  1.99933647e-01  2.00653185e-01  2.00480165e-01 -1.53744882e-05  7.89909892e-08  1.58772049e-07 
 2.58054246e-05  1.99933947e-01  2.00648302e-01  2.00490121e-01 -1.53158509e-05  7.42591693e-08  1.45912629e-07 
 2.58056850e-05  1.99934025e-01  2.00653004e-01  2.00505024e-01 -1.53589873e-05  6.70638156e-08  1.27428486e-07 
 2.58061441e-05  1.99934542e-01  2.00669213e-01  2.00529589e-01 -1.53090706e-05  5.59685110e-08  1.00818542e-07 
 2.58070622e-05  1.99935024e-01  2.00699954e-01  2.00574570e-01 -1.53530840e-05  3.88802539e-08  6.43845873e-08 
 2.58088985e-05  1.99936071e-01  2.00745771e-01  2.00648846e-01 -1.53003780e-05  1.83334772e-08  2.89285024e-08 
 2.58125711e-05  1.99936892e-01  2.00792081e-01  2.00742047e-01 -1.53361819e-05  3.07514571e-09  1.07056841e-08 
 2.58180024e-05  1.99937534e-01  2.00791543e-01  2.00783417e-01 -1.52774774e-05 -3.13008200e-11  7.35181678e-09 
 2.58252082e-05  1.99937543e-01  2.00737897e-01  2.00749489e-01 -1.53133342e-05  1.75276002e-11  3.86624953e-09 
 2.58379554e-05  1.99937686e-01  2.00632147e-01  2.00642465e-01 -1.52571630e-05 -2.23938355e-11  1.19406834e-09 
 2.58520272e-05  1.99937484e-01  2.00563486e-01  2.00561778e-01 -1.52988387e-05 -4.77622000e-12  2.70732099e-10 
 2.58752201e-05  1.99937603e-01  2.00547688e-01  2.00535095e-01 -1.52492169e-05 -1.87125163e-12  3.17896046e-13 
 2.59137178e-05  1.99937518e-01  2.00589449e-01  2.00576597e-01 -1.52940695e-05  3.55831792e-12  1.10799389e-11 
 2.59754977e-05  1.99937700e-01  2.00587397e-01  2.00579922e-01 -1.52478102e-05 -3.07122340e-12  4.21748671e-12 
 2.60546152e-05  1.99937530e-01  2.00552146e-01  2.00541964e-01 -1.52941887e-05  7.28212195e-13  8.67973282e-13 
 2.61546152e-05  1.99937696e-01  2.00557613e-01  2.00547465e-01 -1.52477961e-05 -1.22428890e-12  6.00300739e-12 
 2.62546152e-05  1.99937565e-01  2.00547009e-01  2.00537596e-01 -1.52941454e-05  1.77979376e-13  3.53085763e-12 
 2.63546152e-05  1.99937716e-01  2.00542714e-01  2.00532337e-01 -1.52478352e-05 -1.10650616e-12  2.62460442e-12 
 2.64546152e-05  1.99937594e-01  2.00544546e-01  2.00534749e-01 -1.52941134e-05  3.42695273e-13  6.64664602e-12 
 2.65546152e-05  1.99937748e-01  2.00540001e-01  2.00529983e-01 -1.52478494e-05 -1.22813630e-12  5.52852198e-13 
 2.66546152e-05  1.99937621e-01  2.00541533e-01  2.00531426e-01 -1.52941086e-05  3.85149595e-13  7.89868800e-12 
 2.67546152e-05  1.99937780e-01  2.00540417e-01  2.00530516e-01 -1.52478480e-05 -1.15549714e-12 -1.24740550e-13 
 2.68546152e-05  1.99937651e-01  2.00540099e-01  2.00529974e-01 -1.52941101e-05  2.59101551e-13  8.38182274e-12 
 2.69546152e-05  1.99937811e-01  2.00540445e-01  2.00530491e-01 -1.52478480e-05 -1.00968322e-12 -5.93073225e-13 
 2.70546152e-05  1.99937682e-01  2.00539975e-01  2.00529904e-01 -1.52941078e-05  1.30372059e-13  8.93105707e-12 
 2.71546152e-05  1.99937841e-01  2.00540162e-01  2.00530167e-01 -1.52478516e-05 -9.05610439e-13 -1.20485083e-12 
 2.72546152e-05  1.99937714e-01  2.00540135e-01  2.00530082e-01 -1.52941034e-05  5.18096850e-14  9.56724879e-12 
 2.73546152e-05  1.99937872e-01  2.00540031e-01  2.00530034e-01 -1.52478560e-05 -8.44022768e-13 -1.81928317e-12 
 2.74546152e-05  1.99937745e-01  2.00540187e-01  2.00530127e-01 -1.52940993e-05  5.97829078e-16  1.01363840e-11 
 2.75546152e-05  1.99937903e-01  2.00540057e-01  2.00530067e-01 -1.52478598e-05 -7.97735792e-13 -2.33484093e-12 
 2.76546152e-05  1.99937776e-01  2.00540180e-01  2.00530115e-01 -1.52940957e-05 -4.27557295e-14  1.06037366e-11 
 2.77273076e-05  1.99937930e-01  2.00540111e-01  2.00530123e-01 -1.52478640e-05 -7.49787168e-13 -2.82951765e-12 
 2.78000000e-05  1.99937798e-01  2.00540182e-01  2.00530117e-01 -1.52940908e-05 -9.31659264e-14  1.11334512e-11 
 2.78001025e-05  1.99932728e-01  2.00500912e-01  2.00528573e-01 -1.66979581e-05 -5.39651506e-09 -2.07341072e-08 
 2.78003074e-05  1.99925782e-01  2.00455488e-01  2.00523816e-01 -1.68797149e-05 -1.46733035e-08 -6.08752928e-08 
 2.78006137e-05  1.99916270e-01  2.00440442e-01  2.00513901e-01 -1.69175594e-05 -2.60372076e-08 -1.15018926e-07 
 2.78009673e-05  1.99905292e-01  2.00437564e-01  2.00502685e-01 -1.73851507e-05 -3.77676479e-08 -1.70162011e-07 
 2.78012986e-05  1.99896014e-01  2.00439887e-01  2.00493489e-01 -1.90727302e-05 -4.66826035e-08 -2.15130948e-07 
 2.78015121e-05  1.99891052e-01  2.00444332e-01  2.00488460e-01 -2.18852851e-05 -5.09519451e-08 -2.40468258e-07 
 2.78016826e-05  1.99888208e-01  2.00451947e-01  2.00485141e-01 -2.55269458e-05 -5.31434434e-08 -2.58349160e-07 
 2.78018537e-05  1.99886326e-01  2.00462784e-01  2.00482639e-01 -3.06452117e-05 -5.40655913e-08 -2.73852875e-07 
 2.78020096e-05  1.99885521e-01  2.00477346e-01  2.00481272e-01 -3.64768532e-05 -5.34446658e-08 -2.85520025e-07 
 2.78021407e-05  1.99885214e-01  2.00493745e-01  2.00480978e-01 -4.21485956e-05 -5.13743490e-08 -2.93130070e-07 
 2.78022501e-05  1.99885104e-01  2.00512165e-01  2.00481490e-01 -4.72185755e-05 -4.80330481e-08 -2.97632176e-07 
 2.78023440e-05  1.99884786e-01  2.00532591e-01  2.00482628e-01 -5.16857261e-05 -4.34456190e-08 -2.99812323e-07 
 2.78024274e-05  1.99884196e-01  2.00556010e-01  2.00484322e-01 -5.55389526e-05 -3.74715797e-08 -3.00158183e-07 
 2.78025044e-05  1.99883088e-01  2.00583522e-01  2.00486611e-01 -5.88681203e-05 -2.97676456e-08 -2.98807202e-07 
 2.78025821e-05  1.99881504e-01  2.00618471e-01  2.00489806e-01 -6.18197583e-05 -1.93331689e-08 -2.95504117e-07 
 2.78026692e-05  1.99879726e-01  2.00665686e-01  2.00494672e-01 -6.46732755e-05 -4.53176438e-09 -2.89222335e-07 
 2.78027651e-05  1.99878764e-01  2.00723574e-01  2.00501824e-01 -6.74659867e-05  1.43282774e-08 -2.79236188e-07 
 2.78028701e-05  1.99879113e-01  2.00787781e-01  2.00511853e-01 -7.04090173e-05  3.60046573e-08 -2.65020644e-07 
 2.78029885e-05  1.99881220e-01  2.00856203e-01  2.00525746e-01 -7.37532540e-05  5.98756404e-08 -2.45505511e-07 
 2.78031185e-05  1.99885190e-01  2.00923614e-01  2.00543693e-01 -7.74699971e-05  8.41423076e-08 -2.20597992e-07 
 2.78032616e-05  1.99891174e-01  2.00987504e-01  2.00566041e-01 -8.13558154e-05  1.07886859e-07 -1.89934742e-07 
 2.78034196e-05  1.99899120e-01  2.01044258e-01  2.00592989e-01 -8.47736812e-05  1.29931139e-07 -1.53395580e-07 
 2.78035349e-05  1.99905442e-01  2.01073435e-01  2.00613542e-01 -8.56181046e-05  1.42236454e-07 -1.26017787e-07 
 2.78036041e-05  1.99909156e-01  2.01082125e-01  2.00625946e-01 -8.40608642e-05  1.46870648e-07 -1.09961652e-07 
 2.78036581e-05  1.99911823e-01  2.01080051e-01  2.00635453e-01 -8.06764417e-05  1.47722962e-07 -9.82134771e-08 
 2.78037140e-05  1.99914140e-01  2.01065781e-01  2.00644912e-01 -7.51706238e-05  1.44821324e-07 -8.73325054e-08 
 2.78037879e-05  1.99916384e-01  2.01026065e-01  2.00656299e-01 -6.59080156e-05  1.34325416e-07 -7.57273672e-08 
 2.78038561e-05  1.99917544e-01  2.00970973e-01  2.00665243e-01 -5.66743589e-05  1.18521221e-07 -6.81483320e-08 
 2.78039495e-05  1.99917848e-01  2.00877818e-01  2.00674379e-01 -4.47976264e-05  9.04461274e-08 -6.26421595e-08 
 2.78040724e-05  1.99916408e-01  2.00747590e-01  2.00680533e-01 -3.27336439e-05  4.93490865e-08 -6.26912046e-08 
 2.78041585e-05  1.99914529e-01  2.00663665e-01  2.00681043e-01 -2.71567795e-05  2.17732948e-08 -6.65401623e-08 
 2.78042391e-05  1.99912366e-01  2.00597058e-01  2.00679119e-01 -2.36628929e-05 -8.25482046e-10 -7.19951173e-08 
 2.78043359e-05  1.99909479e-01  2.00533154e-01  2.00674403e-01 -2.09935522e-05 -2.31962805e-08 -8.00609328e-08 
 2.78044287e-05  1.99906529e-01  2.00487108e-01  2.00668052e-01 -1.95545584e-05 -3.98286822e-08 -8.86934627e-08 
 2.78045380e-05  1.99902968e-01  2.00448106e-01  2.00659052e-01 -1.86380688e-05 -5.42906425e-08 -9.93589439e-08 
 2.78046501e-05  1.99899260e-01  2.00420629e-01  2.00648755e-01 -1.82172690e-05 -6.46554865e-08 -1.10432799e-07 
 2.78047878e-05  1.99894707e-01  2.00398064e-01  2.00635379e-01 -1.80016497e-05 -7.31206823e-08 -1.23809381e-07 
 2.78048939e-05  1.99891201e-01  2.00386039e-01  2.00624852e-01 -1.79619496e-05 -7.74664073e-08 -1.33794328e-07 
 2.78050000e-05  1.99887714e-01  2.00376684e-01  2.00614318e-01 -1.79417322e-05 -8.06486524e-08 -1.43439486e-07 
 2.78050022e-05  1.99888398e-01  2.00378453e-01  2.00614102e-01 -1.69334177e-05 -8.05514385e-08 -1.43341792e-07 
 2.78050066e-05  1.99889017e-01  2.00381743e-01  2.00613672e-01 -1.65785496e-05 -8.03532422e-08 -1.43106727e-07 
 2.78050154e-05  1.99888937e-01  2.00387108e-01  2.00612832e-01 -1.64380431e-05 -7.99629515e-08 -1.42558939e-07 
 2.78050330e-05  1.99889017e-01  2.00395264e-01  2.00611206e-01 -1.62520886e-05 -7.92403463e-08 -1.41486514e-07 
 2.78050617e-05  1.99888981e-01  2.00405668e-01  2.00608685e-01 -1.59918465e-05 -7.81766709e-08 -1.39777978e-07 
 2.78051192e-05  1.99889012e-01  2.00420951e-01  2.00604020e-01 -1.56570046e-05 -7.63467278e-08 -1.36488457e-07 
 2.78052340e-05  1.99888900e-01  2.00437608e-01  2.00595721e-01 -1.53214255e-05 -7.32590035e-08 -1.30291602e-07 
 2.78054638e-05  1.99888726e-01  2.00444085e-01  2.00581233e-01 -1.51943635e-05 -6.76522401e-08 -1.18959456e-07 
 2.78057562e-05  1.99888428e-01  2.00435677e-01  2.00564504e-01 -1.51988998e-05 -6.07010743e-08 -1.06064052e-07 
 2.78061711e-05  1.99888124e-01  2.00420666e-01  2.00542076e-01 -1.52121466e-05 -5.16334815e-08 -9.01351906e-08 
 2.78067824e-05  1.99887661e-01  2.00400063e-01  2.00511192e-01 -1.52035813e-05 -4.05829603e-08 -7.08869112e-08 
 2.78080051e-05  1.99887013e-01  2.00366027e-01  2.00456894e-01 -1.52177034e-05 -2.49150064e-08 -4.35573998e-08 
 2.78104504e-05  1.99886111e-01  2.00320932e-01  2.00375812e-01 -1.52142582e-05 -8.82842370e-09 -1.54555131e-08 
 2.78153411e-05  1.99885381e-01  2.00291947e-01  2.00297300e-01 -1.52365081e-05 -2.66711078e-10 -4.53276604e-10 
 2.78215430e-05  1.99885097e-01  2.00316645e-01  2.00293957e-01 -1.52364786e-05 -1.28491896e-11 -7.61589121e-12 
 2.78317101e-05  1.99885070e-01  2.00391145e-01  2.00360886e-01 -1.52568242e-05  3.55185456e-12  8.12723418e-12 
 2.78455238e-05  1.99885086e-01  2.00466808e-01  2.00446161e-01 -1.52525067e-05  1.11722034e-11  2.04316121e-11 
 2.78634139e-05  1.99885154e-01  2.00494375e-01  2.00484313e-01 -1.52664284e-05 -7.02634999e-13  1.40172655e-12 
 2.78942288e-05  1.99885098e-01  2.00465718e-01  2.00459723e-01 -1.52580142e-05 -1.64274974e-12 -1.31209784e-12 
 2.79471144e-05  1.99885083e-01  2.00439822e-01  2.00428705e-01 -1.52689215e-05 -1.49750568e-12 -4.49426520e-13 
 2.80000000e-05  1.99885079e-01  2.00466863e-01  2.00455411e-01 -1.52582321e-05  1.62232142e-12  3.92260589e-12 
 2.80000361e-05  1.99888952e-01  2.00506803e-01  2.00456000e-01 -1.33588156e-05  4.25470806e-09  1.81945837e-09 
 2.80001083e-05  1.99893634e-01  2.00563886e-01  2.00457974e-01 -1.23702717e-05  1.16258288e-08  5.27213721e-09 
 2.80002527e-05  1.99902346e-01  2.00621306e-01  2.00464970e-01 -1.16959912e-05  2.14908341e-08  1.15650875e-08 
 2.80004376e-05  1.99913686e-01  2.00654212e-01  2.00476579e-01 -1.14396412e-05  2.98319553e-08  1.89167185e-08 
 2.80007872e-05  1.99934743e-01  2.00675848e-01  2.00499894e-01 -1.14729734e-05  4.19657261e-08  3.13687969e-08 
 2.80011787e-05  1.99958850e-01  2.00690424e-01  2.00525054e-01 -1.14511261e-05  5.32195811e-08  4.34364543e-08 
 2.80014512e-05  1.99975917e-01  2.00697619e-01  2.00541482e-01 -1.16784809e-05  5.86708577e-08  5.07599280e-08 
 2.80016523e-05  1.99989475e-01  2.00702574e-01  2.00552970e-01 -1.21117754e-05  5.70871664e-08  5.55730988e-08 
 2.80018063e-05  2.00000629e-01  2.00702466e-01  2.00561311e-01 -1.31214120e-05  4.59282787e-08  5.87983450e-08 
 2.80019378e-05  2.00011415e-01  2.00699569e-01  2.00567956e-01 -1.46486335e-05  2.14251287e-08  6.10839979e-08 
 2.80020629e-05  2.00022621e-01  2.00691082e-01  2.00573685e-01 -1.71015914e-05 -2.42731319e-08  6.26696555e-08 
 2.80021902e-05  2.00035347e-01  2.00676162e-01  2.00578644e-01 -2.05785286e-05 -1.04584494e-07  6.34857074e-08 
 2.80023193e-05  2.00048922e-01  2.00652068e-01  2.00582443e-01 -2.51060760e-05 -2.34174311e-07  6.32469831e-08 
 2.80024461e-05  2.00062609e-01  2.00618680e-01  2.00584564e-01 -2.98890128e-05 -4.22983851e-07  6.17154518e-08 
 2.80025649e-05  2.00074666e-01  2.00576203e-01  2.00584697e-01 -3.39612275e-05 -6.70497716e-07  5.88363331e-08 
 2.80026733e-05  2.00084509e-01  2.00525770e-01  2.00582840e-01 -3.63628246e-05 -9.71417905e-07  5.47074801e-08 
 2.80027951e-05  2.00093092e-01  2.00454146e-01  2.00577945e-01 -3.75044298e-05 -1.41213849e-06  4.80589966e-08 
 2.80029058e-05  2.00098476e-01  2.00379280e-01  2.00570529e-01 -3.83875229e-05 -1.91043377e-06  4.01774266e-08 
 2.80030754e-05  2.00101685e-01  2.00260765e-01  2.00553432e-01 -4.03382244e-05 -2.83719313e-06  2.52301049e-08 
 2.80032087e-05  2.00100110e-01  2.00171588e-01  2.00535403e-01 -4.20792006e-05 -3.68479437e-06  1.14964945e-08 
 2.80033310e-05  2.00095301e-01  2.00096726e-01  2.00515760e-01 -4.37579170e-05 -4.53627851e-06 -2.25417586e-09 
 2.80034408e-05  2.00088210e-01  2.00037807e-01  2.00496054e-01 -4.50809363e-05 -5.34423507e-06 -1.52071309e-08 
 2.80035123e-05  2.00081546e-01  2.00005672e-01  2.00482403e-01 -4.57775231e-05 -5.88223392e-06 -2.37465645e-08 
 2.80035499e-05  2.00076990e-01  1.99992010e-01  2.00475033e-01 -4.59563764e-05 -6.16468875e-06 -2.81796278e-08 
 2.80035860e-05  2.00071052e-01  1.99982766e-01  2.00467886e-01 -4.59237920e-05 -6.43048762e-06 -3.22880955e-08 
 2.80036134e-05  2.00064852e-01  1.99979994e-01  2.00462475e-01 -4.55966967e-05 -6.62345222e-06 -3.51981170e-08 
 2.80036401e-05  2.00056753e-01  1.99983046e-01  2.00457260e-01 -4.49323084e-05 -6.79863688e-06 -3.77340273e-08 
 2.80036708e-05  2.00045438e-01  1.99996321e-01  2.00451426e-01 -4.36638731e-05 -6.97740664e-06 -4.01201726e-08 
 2.80037053e-05  2.00031550e-01  2.00025372e-01  2.00445256e-01 -4.16850837e-05 -7.14224257e-06 -4.19748003e-08 
 2.80037448e-05  2.00016051e-01  2.00075817e-01  2.00438918e-01 -3.88843887e-05 -7.28099528e-06 -4.29791719e-08 
 2.80038016e-05  1.99997048e-01  2.00171313e-01  2.00431602e-01 -3.43687377e-05 -7.39181747e-06 -4.25427105e-08 
 2.80038373e-05  1.99988031e-01  2.00239200e-01  2.00428257e-01 -3.15064823e-05 -7.41379944e-06 -4.13265542e-08 
 2.80038726e-05  1.99981317e-01  2.00307364e-01  2.00425943e-01 -2.88084546e-05 -7.40695848e-06 -3.96160808e-08 
 2.80039146e-05  1.99975908e-01  2.00385588e-01  2.00424451e-01 -2.58950308e-05 -7.36972412e-06 -3.71284932e-08 
 2.80039603e-05  1.99972694e-01  2.00463624e-01  2.00424272e-01 -2.31496976e-05 -7.30245356e-06 -3.40819144e-08 
 2.80040080e-05  1.99971630e-01  2.00534949e-01  2.00425499e-01 -2.07861057e-05 -7.21169534e-06 -3.07221894e-08 
 2.80040593e-05  1.99972354e-01  2.00599667e-01  2.00428179e-01 -1.87543904e-05 -7.09871067e-06 -2.70509798e-08 
 2.80041160e-05  1.99974686e-01  2.00657403e-01  2.00432449e-01 -1.70572564e-05 -6.96312470e-06 -2.30529958e-08 
 2.80041807e-05  1.99978582e-01  2.00708213e-01  2.00438590e-01 -1.56627602e-05 -6.80159737e-06 -1.86469018e-08 
 2.80042558e-05  1.99984077e-01  2.00751494e-01  2.00446912e-01 -1.45878923e-05 -6.61116384e-06 -1.37765863e-08 
 2.80043457e-05  1.99991386e-01  2.00787624e-01  2.00457954e-01 -1.37967806e-05 -6.38452601e-06 -8.28051004e-09 
 2.80044566e-05  2.00000929e-01  2.00817337e-01  2.00472469e-01 -1.32746647e-05 -6.11164442e-06 -1.94081425e-09 
 2.80045997e-05  2.00013612e-01  2.00842510e-01  2.00491807e-01 -1.29605217e-05 -5.77377071e-06  5.65160342e-09 
 2.80047946e-05  2.00031145e-01  2.00866099e-01  2.00518248e-01 -1.28108140e-05 -5.34156885e-06  1.51195964e-08 
 2.80050000e-05  2.00049783e-01  2.00885717e-01  2.00545686e-01 -1.27590493e-05 -4.91965546e-06  2.41913791e-08 
 2.80050057e-05  2.00048247e-01  2.00876931e-01  2.00546422e-01 -1.39708909e-05 -4.90904154e-06  2.41223571e-08 
 2.80050172e-05  2.00047367e-01  2.00862027e-01  2.00547856e-01 -1.43396999e-05 -4.88781771e-06  2.40072716e-08 
 2.80050402e-05  2.00047643e-01  2.00840908e-01  2.00550539e-01 -1.44533309e-05 -4.84531659e-06  2.38248882e-08 
 2.80050861e-05  2.00047124e-01  2.00810490e-01  2.00555364e-01 -1.48652706e-05 -4.76051014e-06  2.35194249e-08 
 2.80051779e-05  2.00047437e-01  2.00771646e-01  2.00563504e-01 -1.51252345e-05 -4.59347844e-06  2.30616715e-08 
 2.80053280e-05  2.00047461e-01  2.00743124e-01  2.00574221e-01 -1.53646676e-05 -4.33116520e-06  2.24637561e-08 
 2.80055192e-05  2.00048220e-01  2.00735144e-01  2.00585632e-01 -1.53165910e-05 -4.01798139e-06  2.17576821e-08 
 2.80058370e-05  2.00048689e-01  2.00740579e-01  2.00602627e-01 -1.53779017e-05 -3.54639664e-06  2.05605291e-08 
 2.80063164e-05  2.00049950e-01  2.00755940e-01  2.00626352e-01 -1.53077935e-05 -2.93670783e-06  1.87372351e-08 
 2.80071782e-05  2.00051135e-01  2.00780152e-01  2.00665069e-01 -1.53715875e-05 -2.08716490e-06  1.55610751e-08 
 2.80089020e-05  2.00053354e-01  2.00814888e-01  2.00727836e-01 -1.53001465e-05 -1.03216956e-06  1.01755567e-08 
 2.80123495e-05  2.00054922e-01  2.00842920e-01  2.00802136e-01 -1.53548343e-05 -1.99172887e-07  3.59934901e-09 
 2.80176636e-05  2.00055882e-01  2.00819857e-01  2.00821933e-01 -1.52757334e-05  4.21512992e-09  3.20514135e-10 
 2.80245800e-05  2.00055684e-01  2.00740331e-01  2.00761712e-01 -1.53287722e-05 -6.23341545e-10 -3.80323234e-11 
 2.80360895e-05  2.00055878e-01  2.00608536e-01  2.00626029e-01 -1.52519382e-05  2.21690205e-10 -1.27965228e-11 
 2.80499964e-05  2.00055534e-01  2.00518156e-01  2.00519063e-01 -1.53104008e-05 -1.22301227e-10 -2.52031841e-11 
 2.80709167e-05  2.00055757e-01  2.00506616e-01  2.00492102e-01 -1.52407479e-05  6.69620654e-11  6.96947594e-12 
 2.81058724e-05  2.00055557e-01  2.00587040e-01  2.00570313e-01 -1.53035346e-05 -4.56557138e-11  3.73140597e-12 
 2.81586521e-05  2.00055888e-01  2.00634208e-01  2.00625634e-01 -1.52382896e-05  3.97050682e-11  4.20315855e-12 
 2.82257905e-05  2.00055626e-01  2.00614163e-01  2.00604266e-01 -1.53035864e-05 -3.57600314e-11 -3.50549011e-12 
 2.83257905e-05  2.00055924e-01  2.00639849e-01  2.00628473e-01 -1.52383694e-05  3.17874446e-11  5.84536938e-12 
 2.84257905e-05  2.00055705e-01  2.00649233e-01  2.00639971e-01 -1.53035085e-05 -2.90271865e-11 -2.85739726e-12 
 2.85257905e-05  2.00055988e-01  2.00647027e-01  2.00636404e-01 -1.52384358e-05  2.50983117e-11  4.26134003e-12 
 2.86257905e-05  2.00055766e-01  2.00656716e-01  2.00646757e-01 -1.53034796e-05 -2.30434085e-11 -1.57241635e-12 
 2.87257905e-05  2.00056056e-01  2.00653959e-01  2.00643992e-01 -1.52384457e-05  1.98168244e-11  3.30223224e-12 
 2.88257905e-05  2.00055827e-01  2.00656517e-01  2.00646304e-01 -1.53034835e-05 -1.85093108e-11 -1.10088105e-12 
 2.89257905e-05  2.00056120e-01  2.00657357e-01  2.00647448e-01 -1.52384412e-05  1.58482637e-11  3.07252124e-12 
 2.90257905e-05  2.00055889e-01  2.00656685e-01  2.00646573e-01 -1.53034856e-05 -1.49984072e-11 -1.00803838e-12 
 2.91257905e-05  2.00056182e-01  2.00657887e-01  2.00647870e-01 -1.52384438e-05  1.26741408e-11  2.97522342e-12 
 2.92257905e-05  2.00055952e-01  2.00657419e-01  2.00647396e-01 -1.53034801e-05 -1.21096943e-11 -8.80849809e-13 
 2.93257905e-05  2.00056243e-01  2.00657721e-01  2.00647666e-01 -1.52384510e-05  1.00342731e-11  2.80704193e-12 
 2.94257905e-05  2.00056014e-01  2.00657841e-01  2.00647823e-01 -1.53034729e-05 -9.70714459e-12 -6.98205437e-13 
 2.95257905e-05  2.00056306e-01  2.00657740e-01  2.00647699e-01 -1.52384578e-05  7.85582428e-12  2.62720976e-12 
 2.96257905e-05  2.00056076e-01  2.00657927e-01  2.00647893e-01 -1.53034667e-05 -7.74061371e-12 -5.36703440e-13 
 2.97257905e-05  2.00056368e-01  2.00657879e-01  2.00647850e-01 -1.52384635e-05  6.08384957e-12  2.48705689e-12 
 2.98257905e-05  2.00056138e-01  2.00657943e-01  2.00647904e-01 -1.53034613e-05 -6.14501765e-12 -4.16842233e-13 
 2.99128953e-05  2.00056426e-01  2.00657980e-01  2.00647951e-01 -1.52384693e-05  4.55055828e-12  2.37586150e-12 
 3.00000000e-05  2.00056192e-01  2.00657987e-01  2.00647951e-01 -1.53034549e-05 -4.67694156e-12 -3.11617594e-13 
 3.00001226e-05  2.00042854e-01  2.00571843e-01  2.00643923e-01 -1.72989024e-05 -8.76506329e-09 -5.66598276e-09 
 3.00003679e-05  2.00020582e-01  2.00478377e-01  2.00631872e-01 -1.79961483e-05 -2.11233685e-08 -1.60841736e-08 
 3.00007121e-05  1.99990291e-01  2.00452389e-01  2.00609134e-01 -1.80451269e-05 -3.17578306e-08 -2.87114780e-08 
 3.00011147e-05  1.99955108e-01  2.00437934e-01  2.00583205e-01 -1.89774241e-05 -4.00292418e-08 -4.14628476e-08 
 3.00013693e-05  1.99934096e-01  2.00434092e-01  2.00567970e-01 -2.09768328e-05 -3.58800339e-08 -4.83453124e-08 
 3.00015572e-05  1.99919743e-01  2.00433104e-01  2.00557510e-01 -2.40242992e-05 -2.14688198e-08 -5.27703018e-08 
 3.00017290e-05  1.99908071e-01  2.00437139e-01  2.00548709e-01 -2.82818505e-05  6.21257639e-09 -5.62382051e-08 
 3.00018990e-05  1.99897904e-01  2.00444280e-01  2.00540950e-01 -3.40435821e-05  5.33911616e-08 -5.90328288e-08 
 3.00020501e-05  1.99890190e-01  2.00456037e-01  2.00535034e-01 -4.03569985e-05  1.18690886e-07 -6.08701741e-08 
 3.00021761e-05  1.99884474e-01  2.00469993e-01  2.00531000e-01 -4.64113157e-05  1.97013328e-07 -6.18097888e-08 
 3.00022818e-05  1.99880181e-01  2.00486737e-01  2.00528407e-01 -5.18734243e-05  2.86266947e-07 -6.20477779e-08 
 3.00023732e-05  1.99876545e-01  2.00505922e-01  2.00526895e-01 -5.68013762e-05  3.87702204e-07 -6.17182783e-08 
 3.00024552e-05  1.99873308e-01  2.00528690e-01  2.00526261e-01 -6.12222672e-05  5.04717068e-07 -6.08611137e-08 
 3.00025327e-05  1.99870043e-01  2.00556350e-01  2.00526452e-01 -6.53014276e-05  6.45091251e-07 -5.94202651e-08 
 3.00026149e-05  1.99866741e-01  2.00593614e-01  2.00527697e-01 -6.94057910e-05  8.33790179e-07 -5.70678427e-08 
 3.00027027e-05  1.99864176e-01  2.00641178e-01  2.00530446e-01 -7.35968971e-05  1.08470227e-06 -5.35660330e-08 
 3.00028167e-05  1.99863394e-01  2.00708998e-01  2.00536451e-01 -7.88872332e-05  1.48307070e-06 -4.76518664e-08 
 3.00029172e-05  1.99865055e-01  2.00769256e-01  2.00544042e-01 -8.35065664e-05  1.89384135e-06 -4.13857472e-08 
 3.00030396e-05  1.99869850e-01  2.00838637e-01  2.00555980e-01 -8.90676625e-05  2.45597697e-06 -3.27348672e-08 
 3.00031724e-05  1.99877882e-01  2.00906603e-01  2.00571849e-01 -9.48796988e-05  3.12780597e-06 -2.23827549e-08 
 3.00033250e-05  1.99890120e-01  2.00973620e-01  2.00593063e-01 -1.00849121e-04  3.95671534e-06 -9.66116565e-09 
 3.00034702e-05  1.99903912e-01  2.01024163e-01  2.00615411e-01 -1.05013432e-04  4.77864077e-06  2.83083058e-09 
 3.00035717e-05  1.99914287e-01  2.01048096e-01  2.00631757e-01 -1.05651573e-04  5.35279432e-06  1.14059424e-08 
 3.00036362e-05  1.99920747e-01  2.01054133e-01  2.00642183e-01 -1.03331963e-04  5.70318082e-06  1.64902261e-08 
 3.00036895e-05  1.99925718e-01  2.01049449e-01  2.00650608e-01 -9.89269603e-05  5.97152797e-06  2.02056186e-08 
 3.00037487e-05  1.99930490e-01  2.01030528e-01  2.00659487e-01 -9.17425374e-05  6.23453034e-06  2.35536951e-08 
 3.00038183e-05  1.99934900e-01  2.00989303e-01  2.00668835e-01 -8.13479561e-05  6.48429451e-06  2.62270166e-08 
 3.00038947e-05  1.99938043e-01  2.00924434e-01  2.00677195e-01 -6.91463160e-05  6.67728343e-06  2.75255985e-08 
 3.00039930e-05  1.99939625e-01  2.00822563e-01  2.00684383e-01 -5.44316939e-05  6.80475250e-06  2.69135093e-08 
 3.00040864e-05  1.99938858e-01  2.00720333e-01  2.00687209e-01 -4.31047563e-05  6.81581442e-06  2.44227613e-08 
 3.00041700e-05  1.99936743e-01  2.00634249e-01  2.00686553e-01 -3.54891242e-05  6.75497846e-06  2.11031843e-08 
 3.00042555e-05  1.99933535e-01  2.00556939e-01  2.00683156e-01 -2.98930605e-05  6.64319090e-06  1.70544015e-08 
 3.00043513e-05  1.99929109e-01  2.00485539e-01  2.00676692e-01 -2.56662021e-05  6.47837425e-06  1.21109883e-08 
 3.00044465e-05  1.99924108e-01  2.00429924e-01  2.00668137e-01 -2.30290303e-05  6.28918693e-06  7.03844412e-09 
 3.00045541e-05  1.99918045e-01  2.00382604e-01  2.00656683e-01 -2.12379201e-05  6.06004265e-06  1.33267898e-09 
 3.00046690e-05  1.99911267e-01  2.00346004e-01  2.00643093e-01 -2.01943557e-05  5.80899894e-06 -4.59149574e-09 
 3.00048059e-05  1.99903014e-01  2.00315240e-01  2.00625905e-01 -1.95669004e-05  5.51223000e-06 -1.13214884e-08 
 3.00049029e-05  1.99897086e-01  2.00299155e-01  2.00613385e-01 -1.93591616e-05  5.30677373e-06 -1.58598902e-08 
 3.00050000e-05  1.99891148e-01  2.00286018e-01  2.00600786e-01 -1.92346637e-05  5.10710781e-06 -2.02040266e-08 
 3.00050021e-05  1.99892032e-01  2.00289489e-01  2.00600522e-01 -1.81917579e-05  5.10320660e-06 -2.01791250e-08 
 3.00050062e-05  1.99892857e-01  2.00295895e-01  2.00600001e-01 -1.77866248e-05  5.09544064e-06 -2.01355534e-08 
 3.00050144e-05  1.99892786e-01  2.00306358e-01  2.00598988e-01 -1.75695869e-05  5.07997844e-06 -2.00680260e-08 
 3.00050308e-05  1.99892905e-01  2.00322350e-01  2.00597060e-01 -1.72657555e-05  5.04904070e-06 -1.99518896e-08 
 3.00050578e-05  1.99892903e-01  2.00342590e-01  2.00594102e-01 -1.68301508e-05  4.99806240e-06 -1.97878730e-08 
 3.00051120e-05  1.99892996e-01  2.00372560e-01  2.00588820e-01 -1.62343331e-05  4.89659122e-06 -1.95332768e-08 
 3.00052203e-05  1.99892943e-01  2.00407948e-01  2.00579976e-01 -1.55892270e-05  4.69711799e-06 -1.91810243e-08 
 3.00054369e-05  1.99892800e-01  2.00430616e-01  2.00565800e-01 -1.52435936e-05  4.31740076e-06 -1.86778254e-08 
 3.00057317e-05  1.99892447e-01  2.00427152e-01  2.00549433e-01 -1.52045867e-05  3.84592312e-06 -1.80082228e-08 
 3.00061372e-05  1.99892077e-01  2.00414355e-01  2.00528625e-01 -1.52133239e-05  3.27926636e-06 -1.69652722e-08 
 3.00067054e-05  1.99891544e-01  2.00397452e-01  2.00501532e-01 -1.52008116e-05  2.62143528e-06 -1.53839201e-08 
 3.00077662e-05  1.99890841e-01  2.00371830e-01  2.00457105e-01 -1.52133704e-05  1.71823770e-06 -1.24073512e-08 
 3.00098878e-05  1.99889831e-01  2.00339066e-01  2.00390565e-01 -1.52045992e-05  7.08189322e-07 -7.37913700e-09 
 3.00141309e-05  1.99888965e-01  2.00325093e-01  2.00327671e-01 -1.52266426e-05  6.46670148e-08 -1.86227684e-09 
 3.00196769e-05  1.99888592e-01  2.00364097e-01  2.00334936e-01 -1.52262704e-05 -2.76973453e-09 -7.91758909e-11 
 3.00279627e-05  1.99888538e-01  2.00455646e-01  2.00415908e-01 -1.52500750e-05  6.58056110e-10  2.68260254e-11 
 3.00417891e-05  1.99888558e-01  2.00576272e-01  2.00548142e-01 -1.52480048e-05 -2.85208630e-10  2.09297433e-11 
 3.00566511e-05  1.99888654e-01  2.00623590e-01  2.00610637e-01 -1.52650359e-05  1.50990573e-10  1.22748218e-11 
 3.00831343e-05  1.99888606e-01  2.00590270e-01  2.00587526e-01 -1.52564986e-05 -1.03208486e-10 -6.43820771e-12 
 3.01303536e-05  1.99888545e-01  2.00508435e-01  2.00500355e-01 -1.52698914e-05  7.75867523e-11 -8.48205295e-13 
 3.01651768e-05  1.99888501e-01  2.00510206e-01  2.00498503e-01 -1.52574965e-05 -5.88925412e-11  1.32313762e-12 
 3.02000000e-05  1.99888561e-01  2.00522675e-01  2.00512341e-01 -1.52695908e-05  4.43537381e-11  2.74178748e-12 
 3.02000257e-05  1.99890569e-01  2.00538289e-01  2.00512503e-01 -1.37375280e-05  1.72557315e-09  3.76616722e-09 
 3.02000770e-05  1.99892426e-01  2.00561995e-01  2.00513064e-01 -1.31891726e-05  4.81814797e-09  1.13070457e-08 
 3.02001796e-05  1.99895609e-01  2.00589677e-01  2.00515186e-01 -1.28198193e-05  9.87329687e-09  2.58022422e-08 
 3.02003156e-05  1.99900060e-01  2.00609030e-01  2.00519113e-01 -1.25537990e-05  1.54755570e-08  4.39563412e-08 
 3.02005877e-05  1.99908541e-01  2.00621779e-01  2.00528015e-01 -1.25698959e-05  2.55030921e-08  7.74495605e-08 
 3.02009647e-05  1.99920554e-01  2.00625558e-01  2.00540022e-01 -1.25176756e-05  3.79413104e-08  1.18596212e-07 
 3.02015989e-05  1.99941027e-01  2.00624461e-01  2.00556899e-01 -1.32706485e-05  5.47228446e-08  1.77517554e-07 
 3.02017048e-05  1.99945076e-01  2.00623176e-01  2.00559259e-01 -1.36102320e-05  5.66743650e-08  1.86396117e-07 
 3.02019167e-05  1.99954265e-01  2.00613222e-01  2.00563236e-01 -1.59633990e-05  5.78345295e-08  2.02915390e-07 
 3.02020663e-05  1.99962694e-01  2.00598894e-01  2.00565141e-01 -1.91486264e-05  5.54628281e-08  2.13081143e-07 
 3.02021914e-05  1.99970875e-01  2.00579159e-01  2.00565818e-01 -2.32747875e-05  5.03833341e-08  2.20070240e-07 
 3.02023164e-05  1.99980218e-01  2.00551427e-01  2.00565303e-01 -2.84430537e-05  4.18701887e-08  2.25036971e-07 
 3.02024420e-05  1.99989995e-01  2.00513778e-01  2.00563209e-01 -3.44276548e-05  2.93152033e-08  2.27431971e-07 
 3.02025603e-05  1.99999270e-01  2.00467750e-01  2.00559398e-01 -3.98676624e-05  1.31894259e-08  2.26556024e-07 
 3.02026680e-05  2.00006923e-01  2.00414210e-01  2.00553980e-01 -4.39941076e-05 -5.95061412e-09  2.22416674e-07 
 3.02027892e-05  2.00014335e-01  2.00339661e-01  2.00545124e-01 -4.73774110e-05 -3.30131742e-08  2.13072929e-07 
 3.02028995e-05  2.00019431e-01  2.00262863e-01  2.00534168e-01 -5.06378872e-05 -6.14388029e-08  2.00131582e-07 
 3.02030666e-05  2.00024416e-01  2.00145356e-01  2.00512168e-01 -5.61386102e-05 -1.06655140e-07  1.73247397e-07 
 3.02031984e-05  2.00025688e-01  2.00058332e-01  2.00490572e-01 -6.06548715e-05 -1.41719038e-07  1.46717339e-07 
 3.02033340e-05  2.00024658e-01  1.99978330e-01  2.00465108e-01 -6.50669484e-05 -1.75413702e-07  1.15518383e-07 
 3.02034394e-05  2.00021692e-01  1.99925068e-01  2.00443491e-01 -6.81379673e-05 -1.98958485e-07  8.92262620e-08 
 3.02035000e-05  2.00018787e-01  1.99899675e-01  2.00430529e-01 -6.95755003e-05 -2.10788892e-07  7.36205922e-08 
 3.02035402e-05  2.00015775e-01  1.99886381e-01  2.00421791e-01 -7.02779146e-05 -2.17422306e-07  6.32807426e-08 
 3.02035743e-05  2.00011984e-01  1.99879023e-01  2.00414356e-01 -7.05245197e-05 -2.21669765e-07  5.47040361e-08 
 3.02036006e-05  2.00007483e-01  1.99877499e-01  2.00408655e-01 -7.03431131e-05 -2.23472282e-07  4.84124932e-08 
 3.02036264e-05  2.00001219e-01  1.99881698e-01  2.00403109e-01 -6.96540242e-05 -2.23236393e-07  4.26963981e-08 
 3.02036559e-05  1.99991915e-01  1.99896084e-01  2.00396958e-01 -6.81390479e-05 -2.19647601e-07  3.70740526e-08 
 3.02036899e-05  1.99979668e-01  1.99927131e-01  2.00390266e-01 -6.54510152e-05 -2.10543262e-07  3.20916053e-08 
 3.02037272e-05  1.99965985e-01  1.99977838e-01  2.00383639e-01 -6.15627885e-05 -1.94745515e-07  2.86443978e-08 
 3.02037800e-05  1.99948576e-01  2.00070742e-01  2.00375919e-01 -5.50105607e-05 -1.64536841e-07  2.71992414e-08 
 3.02038110e-05  1.99940138e-01  2.00132131e-01  2.00372411e-01 -5.09006956e-05 -1.43970599e-07  2.80348043e-08 
 3.02038461e-05  1.99932363e-01  2.00202419e-01  2.00369411e-01 -4.62944138e-05 -1.19861831e-07  3.01706170e-08 
 3.02038877e-05  1.99925365e-01  2.00282460e-01  2.00367150e-01 -4.11287044e-05 -9.16324153e-08  3.39802894e-08 
 3.02039328e-05  1.99920166e-01  2.00361259e-01  2.00366161e-01 -3.60812840e-05 -6.29306123e-08  3.92452547e-08 
 3.02039787e-05  1.99916841e-01  2.00430580e-01  2.00366520e-01 -3.16417230e-05 -3.67518649e-08  4.54075373e-08 
 3.02040284e-05  1.99914896e-01  2.00492580e-01  2.00368195e-01 -2.76431037e-05 -1.23811645e-08  5.26208224e-08 
 3.02040825e-05  1.99914107e-01  2.00545686e-01  2.00371213e-01 -2.41765185e-05  9.47074633e-09  6.07911292e-08 
 3.02041445e-05  1.99914317e-01  2.00590969e-01  2.00375792e-01 -2.11715158e-05  2.91083193e-08  7.02711664e-08 
 3.02042151e-05  1.99915418e-01  2.00627083e-01  2.00382012e-01 -1.87339390e-05  4.57325917e-08  8.10184256e-08 
 3.02042994e-05  1.99917405e-01  2.00655207e-01  2.00390269e-01 -1.68199091e-05  5.95173905e-08  9.35687316e-08 
 3.02044006e-05  1.99920266e-01  2.00675839e-01  2.00400790e-01 -1.54544024e-05  7.01583923e-08  1.08139807e-07 
 3.02045284e-05  1.99924219e-01  2.00691335e-01  2.00414393e-01 -1.45611806e-05  7.80896866e-08  1.25748021e-07 
 3.02046934e-05  1.99929517e-01  2.00704133e-01  2.00431856e-01 -1.40734590e-05  8.36769552e-08  1.47221436e-07 
 3.02048467e-05  1.99934509e-01  2.00713515e-01  2.00447736e-01 -1.39081090e-05  8.66908386e-08  1.66032539e-07 
 3.02050000e-05  1.99939508e-01  2.00722251e-01  2.00463211e-01 -1.38435552e-05  8.88695531e-08  1.83882342e-07 
 3.02050042e-05  1.99938500e-01  2.00719022e-01  2.00463623e-01 -1.49278310e-05  8.86357631e-08  1.83634265e-07 
 3.02050126e-05  1.99937803e-01  2.00713358e-01  2.00464436e-01 -1.52042679e-05  8.81799663e-08  1.82912516e-07 
 3.02050294e-05  1.99937942e-01  2.00704945e-01  2.00466008e-01 -1.51615717e-05  8.73395367e-08  1.81175490e-07 
 3.02050630e-05  1.99937541e-01  2.00692366e-01  2.00468980e-01 -1.52952434e-05  8.58509048e-08  1.77923798e-07 
 3.02051302e-05  1.99937554e-01  2.00674748e-01  2.00474406e-01 -1.52995362e-05  8.33237247e-08  1.71601288e-07 
 3.02052646e-05  1.99937400e-01  2.00656923e-01  2.00483903e-01 -1.53744897e-05  7.89928289e-08  1.59875325e-07 
 3.02054246e-05  1.99937700e-01  2.00652040e-01  2.00493859e-01 -1.53158527e-05  7.42610272e-08  1.47073978e-07 
 3.02056850e-05  1.99937778e-01  2.00656741e-01  2.00508762e-01 -1.53589889e-05  6.70656615e-08  1.28669087e-07 
 3.02061441e-05  1.99938295e-01  2.00672950e-01  2.00533327e-01 -1.53090724e-05  5.59702398e-08  1.02160496e-07 
 3.02070622e-05  1.99938777e-01  2.00703692e-01  2.00578307e-01 -1.53530856e-05  3.88815580e-08  6.58247993e-08 
 3.02088985e-05  1.99939824e-01  2.00749509e-01  2.00652584e-01 -1.53003799e-05  1.83338299e-08  3.03432032e-08 
 3.02125711e-05  1.99940645e-01  2.00795819e-01  2.00745785e-01 -1.53361828e-05  3.07444222e-09  1.18183503e-08 
 3.02180024e-05  1.99941287e-01  2.00795283e-01  2.00787155e-01 -1.52774789e-05 -3.20698977e-11  8.05123607e-09 
 3.02252082e-05  1.99941296e-01  2.00741637e-01  2.00753229e-01 -1.53133344e-05  1.71312307e-11  4.24420869e-09 
 3.02379555e-05  1.99941438e-01  2.00635887e-01  2.00646205e-01 -1.52571637e-05 -2.25203933e-11  1.30997895e-09 
 3.02520273e-05  1.99941236e-01  2.00567226e-01  2.00565517e-01 -1.52988381e-05 -4.80686866e-12  3.01269675e-10 
 3.02752202e-05  1.99941355e-01  2.00551426e-01  2.00538832e-01 -1.52492170e-05 -1.87325697e-12  7.90246666e-13 
 3.03137178e-05  1.99941271e-01  2.00593184e-01  2.00580332e-01 -1.52940685e-05  3.55952811e-12  1.10270596e-11 
 3.03754989e-05  1.99941452e-01  2.00591132e-01  2.00583656e-01 -1.52478102e-05 -3.07231692e-12  4.20573824e-12 
 3.04546162e-05  1.99941282e-01  2.00555881e-01  2.00545698e-01 -1.52941877e-05  7.29194049e-13  9.03671181e-13 
 3.05546162e-05  1.99941448e-01  2.00561347e-01  2.00551199e-01 -1.52477961e-05 -1.22520939e-12  5.95943032e-12 
 3.06546162e-05  1.99941318e-01  2.00550743e-01  2.00541329e-01 -1.52941445e-05  1.78837197e-13  3.57785470e-12 
 3.07546162e-05  1.99941468e-01  2.00546447e-01  2.00536070e-01 -1.52478352e-05 -1.10731454e-12  2.57682254e-12 
 3.08546162e-05  1.99941346e-01  2.00548279e-01  2.00538482e-01 -1.52941125e-05  3.43458985e-13  6.69355879e-12 
 3.09546162e-05  1.99941500e-01  2.00543734e-01  2.00533716e-01 -1.52478495e-05 -1.22886098e-12  5.07468525e-13 
 3.10546162e-05  1.99941374e-01  2.00545267e-01  2.00535159e-01 -1.52941077e-05  3.85839581e-13  7.94196734e-12 
 3.11546162e-05  1.99941532e-01  2.00544150e-01  2.00534250e-01 -1.52478481e-05 -1.15615547e-12 -1.65721603e-13 
 3.12546162e-05  1.99941403e-01  2.00543833e-01  2.00533707e-01 -1.52941091e-05  2.59732340e-13  8.42049276e-12 
 3.13546162e-05  1.99941563e-01  2.00544178e-01  2.00534224e-01 -1.52478480e-05 -1.01028626e-12 -6.29422133e-13 
 3.14546162e-05  1.99941435e-01  2.00543708e-01  2.00533638e-01 -1.52941069e-05  1.30950155e-13  8.96519089e-12 
 3.15546162e-05  1.99941593e-01  2.00543896e-01  2.00533900e-01 -1.52478516e-05 -9.06167068e-13 -1.23673912e-12 
 3.16546162e-05  1.99941466e-01  2.00543869e-01  2.00533815e-01 -1.52941025e-05  5.23413778e-14  9.59714258e-12 
 3.17546162e-05  1.99941624e-01  2.00543765e-01  2.00533767e-01 -1.52478560e-05 -8.44537764e-13 -1.84723065e-12 
 3.18546162e-05  1.99941497e-01  2.00543920e-01  2.00533860e-01 -1.52940983e-05  1.09287579e-15  1.01625657e-11 
 3.19546162e-05  1.99941655e-01  2.00543791e-01  2.00533801e-01 -1.52478599e-05 -7.98215010e-13 -2.35926930e-12 
 3.20546162e-05  1.99941528e-01  2.00543914e-01  2.00533848e-01 -1.52940947e-05 -4.22936425e-14  1.06265819e-11 
 3.21273081e-05  1.99941682e-01  2.00543845e-01  2.00533856e-01 -1.52478641e-05 -7.50232125e-13 -2.85085708e-12 
 3.22000000e-05  1.99941550e-01  2.00543915e-01  2.00533851e-01 -1.52940899e-05 -9.27489422e-14  1.11517158e-11 
 3.22001025e-05  1.99936480e-01  2.00504646e-01  2.00532306e-01 -1.66979570e-05 -5.39648155e-09 -2.07339455e-08 
 3.22003074e-05  1.99929534e-01  2.00459222e-01  2.00527550e-01 -1.68797139e-05 -1.46732146e-08 -6.08748678e-08 
 3.22006137e-05  1.99920022e-01  2.00444176e-01  2.00517635e-01 -1.69175573e-05 -2.60370922e-08 -1.15018368e-07 
 3.22009673e-05  1.99909044e-01  2.00441298e-01  2.00506419e-01 -1.73851382e-05 -3.77674965e-08 -1.70161275e-07 
 3.22012986e-05  1.99899766e-01  2.00443621e-01  2.00497223e-01 -1.90727269e-05 -4.66825972e-08 -2.15130899e-07 
 3.22015121e-05  1.99894804e-01  2.00448066e-01  2.00492193e-01 -2.18853008e-05 -5.09519630e-08 -2.40468355e-07 
 3.22016826e-05  1.99891960e-01  2.00455681e-01  2.00488874e-01 -2.55269675e-05 -5.31434535e-08 -2.58349242e-07 
 3.22018537e-05  1.99890078e-01  2.00466518e-01  2.00486372e-01 -3.06452371e-05 -5.40655932e-08 -2.73852936e-07 
 3.22020096e-05  1.99889273e-01  2.00481079e-01  2.00485005e-01 -3.64768775e-05 -5.34446607e-08 -2.85520063e-07 
 3.22021407e-05  1.99888966e-01  2.00497478e-01  2.00484712e-01 -4.21486167e-05 -5.13743388e-08 -2.93130092e-07 
 3.22022501e-05  1.99888856e-01  2.00515899e-01  2.00485223e-01 -4.72185936e-05 -4.80330333e-08 -2.97632187e-07 
 3.22023440e-05  1.99888538e-01  2.00536324e-01  2.00486362e-01 -5.16857418e-05 -4.34455992e-08 -2.99812326e-07 
 3.22024274e-05  1.99887948e-01  2.00559744e-01  2.00488056e-01 -5.55389660e-05 -3.74715540e-08 -3.00158179e-07 
 3.22025044e-05  1.99886840e-01  2.00587255e-01  2.00490345e-01 -5.88681318e-05 -2.97676118e-08 -2.98807192e-07 
 3.22025821e-05  1.99885256e-01  2.00622205e-01  2.00493540e-01 -6.18197692e-05 -1.93331206e-08 -2.95504097e-07 
 3.22026692e-05  1.99883478e-01  2.00669420e-01  2.00498406e-01 -6.46732843e-05 -4.53170855e-09 -2.89222307e-07 
 3.22027651e-05  1.99882516e-01  2.00727308e-01  2.00505557e-01 -6.74659988e-05  1.43283676e-08 -2.79236133e-07 
 3.22028701e-05  1.99882865e-01  2.00791515e-01  2.00515587e-01 -7.04090262e-05  3.60047261e-08 -2.65020593e-07 
 3.22029885e-05  1.99884972e-01  2.00859937e-01  2.00529479e-01 -7.37532640e-05  5.98757120e-08 -2.45505444e-07 
 3.22031185e-05  1.99888942e-01  2.00927348e-01  2.00547426e-01 -7.74700063e-05  8.41423683e-08 -2.20597920e-07 
 3.22032616e-05  1.99894927e-01  2.00991237e-01  2.00569775e-01 -8.13558261e-05  1.07886926e-07 -1.89934642e-07 
 3.22034196e-05  1.99902872e-01  2.01047992e-01  2.00596723e-01 -8.47736876e-05  1.29931192e-07 -1.53395477e-07 
 3.22035349e-05  1.99909195e-01  2.01077168e-01  2.00617276e-01 -8.56181027e-05  1.42236473e-07 -1.26017732e-07 
 3.22036041e-05  1.99912908e-01  2.01085859e-01  2.00629679e-01 -8.40608575e-05  1.46870654e-07 -1.09961619e-07 
 3.22036581e-05  1.99915575e-01  2.01083784e-01  2.00639187e-01 -8.06764310e-05  1.47722960e-07 -9.82134500e-08 
 3.22037140e-05  1.99917892e-01  2.01069514e-01  2.00648645e-01 -7.51706068e-05  1.44821311e-07 -8.73324780e-08 
 3.22037879e-05  1.99920136e-01  2.01029798e-01  2.00660032e-01 -6.59079988e-05  1.34325393e-07 -7.57273499e-08 
 3.22038561e-05  1.99921297e-01  2.00974706e-01  2.00668976e-01 -5.66743367e-05  1.18521177e-07 -6.81483167e-08 
 3.22039495e-05  1.99921600e-01  2.00881551e-01  2.00678112e-01 -4.47976050e-05  9.04460680e-08 -6.26421529e-08 
 3.22040724e-05  1.99920160e-01  2.00751323e-01  2.00684266e-01 -3.27336121e-05  4.93489577e-08 -6.26912142e-08 
 3.22041585e-05  1.99918281e-01  2.00667398e-01  2.00684776e-01 -2.71567492e-05  2.17731311e-08 -6.65401922e-08 
 3.22042391e-05  1.99916118e-01  2.00600791e-01  2.00682852e-01 -2.36628703e-05 -8.25640337e-10 -7.19951622e-08 
 3.22043359e-05  1.99913231e-01  2.00536887e-01  2.00678137e-01 -2.09935398e-05 -2.31963979e-08 -8.00609826e-08 
 3.22044287e-05  1.99910281e-01  2.00490841e-01  2.00671785e-01 -1.95545505e-05 -3.98287815e-08 -8.86935221e-08 
 3.22045380e-05  1.99906720e-01  2.00451839e-01  2.00662785e-01 -1.86380647e-05 -5.42907164e-08 -9.93590083e-08 
 3.22046501e-05  1.99903012e-01  2.00424362e-01  2.00652488e-01 -1.82172666e-05 -6.46555467e-08 -1.10432875e-07 
 3.22047878e-05  1.99898459e-01  2.00401797e-01  2.00639112e-01 -1.80016485e-05 -7.31207251e-08 -1.23809464e-07 
 3.22048939e-05  1.99894953e-01  2.00389772e-01  2.00628585e-01 -1.79619490e-05 -7.74664227e-08 -1.33794368e-07 
 3.22050000e-05  1.99891466e-01  2.00380417e-01  2.00618051e-01 -1.79417317e-05 -8.06486523e-08 -1.43439485e-07 
 3.22050022e-05  1.99892151e-01  2.00382187e-01  2.00617835e-01 -1.69334173e-05 -8.05514385e-08 -1.43341791e-07 
 3.22050066e-05  1.99892769e-01  2.00385476e-01  2.00617406e-01 -1.65785492e-05 -8.03532422e-08 -1.43106726e-07 
 3.22050154e-05  1.99892689e-01  2.00390841e-01  2.00616565e-01 -1.64380426e-05 -7.99629514e-08 -1.42558938e-07 
 3.22050330e-05  1.99892769e-01  2.00398997e-01  2.00614939e-01 -1.62520881e-05 -7.92403462e-08 -1.41486513e-07 
 3.22050617e-05  1.99892733e-01  2.00409401e-01  2.00612418e-01 -1.59918460e-05 -7.81766708e-08 -1.39777977e-07 
 3.22051192e-05  1.99892764e-01  2.00424684e-01  2.00607753e-01 -1.56570042e-05 -7.63467277e-08 -1.36488456e-07 
 3.22052340e-05  1.99892652e-01  2.00441341e-01  2.00599454e-01 -1.53214251e-05 -7.32590033e-08 -1.30291601e-07 
 3.22054638e-05  1.99892478e-01  2.00447818e-01  2.00584966e-01 -1.51943631e-05 -6.76522398e-08 -1.18959455e-07 
 3.22057562e-05  1.99892180e-01  2.00439410e-01  2.00568237e-01 -1.51988994e-05 -6.07010741e-08 -1.06064051e-07 
 3.22061711e-05  1.99891876e-01  2.00424399e-01  2.00545809e-01 -1.52121462e-05 -5.16334811e-08 -9.01351893e-08 
 3.22067824e-05  1.99891413e-01  2.00403796e-01  2.00514925e-01 -1.52035809e-05 -4.05829599e-08 -7.08869100e-08 
 3.22080051e-05  1.99890765e-01  2.00369760e-01  2.00460627e-01 -1.52177029e-05 -2.49150061e-08 -4.35573990e-08 
 3.22104504e-05  1.99889864e-01  2.00324665e-01  2.00379545e-01 -1.52142577e-05 -8.82842358e-09 -1.54555128e-08 
 3.22153411e-05  1.99889133e-01  2.00295680e-01  2.00301033e-01 -1.52365076e-05 -2.66711079e-10 -4.53276613e-10 
 3.22215430e-05  1.99888849e-01  2.00320378e-01  2.00297691e-01 -1.52364782e-05 -1.28492124e-11 -7.61595214e-12 
 3.22317101e-05  1.99888822e-01  2.00394879e-01  2.00364619e-01 -1.52568238e-05  3.55191375e-12  8.12733138e-12 
 3.22455238e-05  1.99888838e-01  2.00470542e-01  2.00449894e-01 -1.52525062e-05  1.11722242e-11  2.04316537e-11 
 3.22634138e-05  1.99888906e-01  2.00498109e-01  2.00488047e-01 -1.52664280e-05 -7.02636300e-13  1.40173317e-12 
 3.22942287e-05  1.99888850e-01  2.00469451e-01  2.00463456e-01 -1.52580137e-05 -1.64277337e-12 -1.31213524e-12 
 3.23471144e-05  1.99888836e-01  2.00443556e-01  2.00432438e-01 -1.52689210e-05 -1.49750850e-12 -4.49424081e-13 
 3.24000000e-05  1.99888831e-01  2.00470597e-01  2.00459144e-01 -1.52582317e-05  1.62231253e-12  3.92261717e-12 
 3.24000361e-05  1.99892704e-01  2.00510537e-01  2.00459733e-01 -1.33588149e-05  4.25470980e-09  1.81945920e-09 
 3.24001083e-05  1.99897387e-01  2.00567620e-01  2.00461707e-01 -1.23702708e-05  1.16258331e-08  5.27213957e-09 
 3.24002527e-05  1.99906098e-01  2.00625040e-01  2.00468703e-01 -1.16959904e-05  2.14908406e-08  1.15650924e-08 
 3.24004376e-05  1.99917438e-01  2.00657946e-01  2.00480312e-01 -1.14396407e-05  2.98319631e-08  1.89167261e-08 
 3.24007872e-05  1.99938495e-01  2.00679582e-01  2.00503628e-01 -1.14729730e-05  4.19657325e-08  3.13688037e-08 
 3.24011787e-05  1.99962602e-01  2.00694157e-01  2.00528787e-01 -1.14511258e-05  5.32195897e-08  4.34364643e-08 
 3.24014512e-05  1.99979669e-01  2.00701353e-01  2.00545216e-01 -1.16784803e-05  5.86708580e-08  5.07599271e-08 
 3.24016523e-05  1.99993227e-01  2.00706308e-01  2.00556704e-01 -1.21117761e-05  5.70871563e-08  5.55731048e-08 
 3.24018063e-05  2.00004381e-01  2.00706200e-01  2.00565045e-01 -1.31214115e-05  4.59282795e-08  5.87983457e-08 
 3.24019378e-05  2.00015167e-01  2.00703302e-01  2.00571690e-01 -1.46486349e-05  2.14250974e-08  6.10840005e-08 
 3.24020629e-05  2.00026373e-01  2.00694815e-01  2.00577419e-01 -1.71015957e-05 -2.42732302e-08  6.26696586e-08 
 3.24021902e-05  2.00039098e-01  2.00679896e-01  2.00582378e-01 -2.05785352e-05 -1.04584672e-07  6.34857099e-08 
 3.24023193e-05  2.00052674e-01  2.00655801e-01  2.00586176e-01 -2.51060837e-05 -2.34174578e-07  6.32469858e-08 
 3.24024461e-05  2.00066359e-01  2.00622413e-01  2.00588298e-01 -2.98890202e-05 -4.22984217e-07  6.17154571e-08 
 3.24025649e-05  2.00078414e-01  2.00579936e-01  2.00588430e-01 -3.39612328e-05 -6.70498174e-07  5.88363455e-08 
 3.24026733e-05  2.00088255e-01  2.00529503e-01  2.00586573e-01 -3.63628272e-05 -9.71418464e-07  5.47075051e-08 
 3.24027951e-05  2.00096833e-01  2.00457879e-01  2.00581678e-01 -3.75044311e-05 -1.41213915e-06  4.80590465e-08 
 3.24029058e-05  2.00102210e-01  2.00383014e-01  2.00574262e-01 -3.83875252e-05 -1.91043472e-06  4.01775082e-08 
 3.24030754e-05  2.00105404e-01  2.00264498e-01  2.00557166e-01 -4.03382295e-05 -2.83719511e-06  2.52302519e-08 
 3.24032087e-05  2.00103811e-01  2.00175321e-01  2.00539137e-01 -4.20792088e-05 -3.68479780e-06  1.14967053e-08 
 3.24033310e-05  2.00098982e-01  2.00100459e-01  2.00519493e-01 -4.37579260e-05 -4.53628251e-06 -2.25387681e-09 
 3.24034408e-05  2.00091871e-01  2.00041540e-01  2.00499787e-01 -4.50809433e-05 -5.34423849e-06 -1.52067221e-08 
 3.24035123e-05  2.00085193e-01  2.00009405e-01  2.00486136e-01 -4.57775271e-05 -5.88223565e-06 -2.37460579e-08 
 3.24035499e-05  2.00080629e-01  1.99995743e-01  2.00478766e-01 -4.59563795e-05 -6.16468975e-06 -2.81790712e-08 
 3.24035860e-05  2.00074682e-01  1.99986499e-01  2.00471619e-01 -4.59237940e-05 -6.43048854e-06 -3.22874994e-08 
 3.24036134e-05  2.00068476e-01  1.99983728e-01  2.00466208e-01 -4.55966969e-05 -6.62345320e-06 -3.51974917e-08 
 3.24036401e-05  2.00060370e-01  1.99986779e-01  2.00460993e-01 -4.49323061e-05 -6.79863789e-06 -3.77333723e-08 
 3.24036708e-05  2.00049048e-01  2.00000054e-01  2.00455159e-01 -4.36638666e-05 -6.97740767e-06 -4.01194817e-08 
 3.24037053e-05  2.00035152e-01  2.00029106e-01  2.00448989e-01 -4.16850748e-05 -7.14224335e-06 -4.19740648e-08 
 3.24037448e-05  2.00019643e-01  2.00079551e-01  2.00442651e-01 -3.88843726e-05 -7.28099600e-06 -4.29783856e-08 
 3.24038016e-05  2.00000625e-01  2.00175047e-01  2.00435335e-01 -3.43687076e-05 -7.39181791e-06 -4.25418437e-08 
 3.24038373e-05  1.99991599e-01  2.00242935e-01  2.00431990e-01 -3.15064322e-05 -7.41379956e-06 -4.13256263e-08 
 3.24038726e-05  1.99984875e-01  2.00311099e-01  2.00429677e-01 -2.88083983e-05 -7.40695803e-06 -3.96150934e-08 
 3.24039146e-05  1.99979454e-01  2.00389324e-01  2.00428184e-01 -2.58949767e-05 -7.36972303e-06 -3.71274411e-08 
 3.24039603e-05  1.99976227e-01  2.00467359e-01  2.00428006e-01 -2.31496534e-05 -7.30245203e-06 -3.40808014e-08 
 3.24040080e-05  1.99975150e-01  2.00538685e-01  2.00429233e-01 -2.07860667e-05 -7.21169332e-06 -3.07210080e-08 
 3.24040593e-05  1.99975858e-01  2.00603402e-01  2.00431912e-01 -1.87543588e-05 -7.09870827e-06 -2.70497288e-08 
 3.24041160e-05  1.99978173e-01  2.00661138e-01  2.00436183e-01 -1.70572301e-05 -6.96312175e-06 -2.30516626e-08 
 3.24041807e-05  1.99982049e-01  2.00711948e-01  2.00442323e-01 -1.56627357e-05 -6.80159396e-06 -1.86454787e-08 
 3.24042558e-05  1.99987521e-01  2.00755229e-01  2.00450645e-01 -1.45878755e-05 -6.61115955e-06 -1.37750488e-08 
 3.24043457e-05  1.99994800e-01  2.00791359e-01  2.00461688e-01 -1.37967703e-05 -6.38452146e-06 -8.27885496e-09 
 3.24044566e-05  2.00004307e-01  2.00821072e-01  2.00476203e-01 -1.32746652e-05 -6.11163861e-06 -1.93899296e-09 
 3.24045997e-05  2.00016941e-01  2.00846245e-01  2.00495541e-01 -1.29605202e-05 -5.77376367e-06  5.65362931e-09 
 3.24047946e-05  2.00034406e-01  2.00869833e-01  2.00521983e-01 -1.28108202e-05 -5.34155690e-06  1.51219652e-08 
 3.24050000e-05  2.00052971e-01  2.00889451e-01  2.00549419e-01 -1.27590529e-05 -4.91965541e-06  2.41937277e-08 
 3.24050057e-05  2.00051433e-01  2.00880665e-01  2.00550155e-01 -1.39708921e-05 -4.90904175e-06  2.41247137e-08 
 3.24050172e-05  2.00050550e-01  2.00865762e-01  2.00551589e-01 -1.43397013e-05 -4.88781845e-06  2.40096433e-08 
 3.24050402e-05  2.00050818e-01  2.00844643e-01  2.00554273e-01 -1.44533289e-05 -4.84531839e-06  2.38272887e-08 
 3.24050861e-05  2.00050282e-01  2.00814225e-01  2.00559098e-01 -1.48652646e-05 -4.76051403e-06  2.35218793e-08 
 3.24051779e-05  2.00050564e-01  2.00775381e-01  2.00567237e-01 -1.51252312e-05 -4.59348633e-06  2.30642243e-08 
 3.24053280e-05  2.00050539e-01  2.00746859e-01  2.00577954e-01 -1.53646723e-05 -4.33117291e-06  2.24664399e-08 
 3.24055192e-05  2.00051238e-01  2.00738878e-01  2.00589365e-01 -1.53165980e-05 -4.01799378e-06  2.17605217e-08 
 3.24058370e-05  2.00051613e-01  2.00744312e-01  2.00606360e-01 -1.53779084e-05 -3.54641390e-06  2.05635666e-08 
 3.24063163e-05  2.00052747e-01  2.00759673e-01  2.00630085e-01 -1.53078010e-05 -2.93673046e-06  1.87404572e-08 
 3.24071782e-05  2.00053741e-01  2.00783882e-01  2.00668800e-01 -1.53715947e-05 -2.08719458e-06  1.55643859e-08 
 3.24089019e-05  2.00055686e-01  2.00818610e-01  2.00731564e-01 -1.53001548e-05 -1.03219899e-06  1.01785015e-08 
 3.24123494e-05  2.00056966e-01  2.00846615e-01  2.00805847e-01 -1.53548415e-05 -1.99187872e-07  3.60103754e-09 
 3.24176635e-05  2.00057786e-01  2.00823479e-01  2.00825590e-01 -1.52757399e-05  4.21529860e-09  3.20887686e-10 
 3.24245797e-05  2.00057561e-01  2.00743810e-01  2.00765245e-01 -1.53287768e-05 -6.23357203e-10 -3.80480581e-11 
 3.24360891e-05  2.00057754e-01  2.00611716e-01  2.00629279e-01 -1.52519423e-05  2.21653843e-10 -1.28472696e-11 
 3.24499967e-05  2.00057410e-01  2.00520979e-01  2.00521946e-01 -1.53104031e-05 -1.22338767e-10 -2.52597636e-11 
 3.24709154e-05  2.00057633e-01  2.00509091e-01  2.00494607e-01 -1.52407504e-05  6.69393623e-11  6.93299097e-12 
 3.25058530e-05  2.00057433e-01  2.00589329e-01  2.00572597e-01 -1.53035353e-05 -4.56452892e-11  3.73312839e-12 
 3.25586450e-05  2.00057764e-01  2.00636543e-01  2.00627970e-01 -1.52382894e-05  3.97027361e-11  4.20756165e-12 
 3.26257755e-05  2.00057501e-01  2.00616342e-01  2.00606456e-01 -1.53035860e-05 -3.57603595e-11 -3.51459964e-12 
 3.27257755e-05  2.00057799e-01  2.00641862e-01  2.00630485e-01 -1.52383697e-05  3.17837707e-11  5.84651701e-12 
 3.28257755e-05  2.00057580e-01  2.00651222e-01  2.00641961e-01 -1.53035078e-05 -2.90235026e-11 -2.85818141e-12 
 3.29257755e-05  2.00057864e-01  2.00648941e-01  2.00638319e-01 -1.52384361e-05  2.50934089e-11  4.25935621e-12 
 3.30257755e-05  2.00057642e-01  2.00658619e-01  2.00648659e-01 -1.53034790e-05 -2.30391797e-11 -1.57111840e-12 
 3.31257755e-05  2.00057931e-01  2.00655848e-01  2.00645882e-01 -1.52384458e-05  1.98129152e-11  3.30089835e-12 
 3.32257755e-05  2.00057702e-01  2.00658391e-01  2.00648178e-01 -1.53034829e-05 -1.85061842e-11 -1.10039896e-12 
 3.33257755e-05  2.00057995e-01  2.00659233e-01  2.00649324e-01 -1.52384414e-05  1.58455714e-11  3.07229117e-12 
 3.34257755e-05  2.00057764e-01  2.00658554e-01  2.00648442e-01 -1.53034850e-05 -1.49961272e-11 -1.00810359e-12 
 3.35257755e-05  2.00058057e-01  2.00659756e-01  2.00649738e-01 -1.52384440e-05  1.26720678e-11  2.97526326e-12 
 3.36257755e-05  2.00057827e-01  2.00659287e-01  2.00649264e-01 -1.53034795e-05 -1.21078007e-11 -8.80868132e-13 
 3.37257755e-05  2.00058119e-01  2.00659587e-01  2.00649532e-01 -1.52384511e-05  1.00325041e-11  2.80697189e-12 
 3.38257755e-05  2.00057890e-01  2.00659708e-01  2.00649690e-01 -1.53034723e-05 -9.70550918e-12 -6.98098751e-13 
 3.39257755e-05  2.00058181e-01  2.00659607e-01  2.00649566e-01 -1.52384579e-05  7.85431572e-12  2.62707944e-12 
 3.40257755e-05  2.00057952e-01  2.00659793e-01  2.00649759e-01 -1.53034661e-05 -7.73923829e-12 -5.36581738e-13 
 3.41257755e-05  2.00058243e-01  2.00659745e-01  2.00649716e-01 -1.52384636e-05  6.08260035e-12  2.48694847e-12 
 3.42257755e-05  2.00058014e-01  2.00659809e-01  2.00649770e-01 -1.53034607e-05 -6.14388228e-12 -4.16752462e-13 
 3.43128878e-05  2.00058301e-01  2.00659847e-01  2.00649818e-01 -1.52384695e-05  4.54960592e-12  2.37579379e-12 
 3.44000000e-05  2.00058068e-01  2.00659854e-01  2.00649818e-01 -1.53034543e-05 -4.67614380e-12 -3.11559535e-13 
 3.44001227e-05  2.00044728e-01  2.00573705e-01  2.00645789e-01 -1.72989313e-05 -8.76558713e-09 -5.66642854e-09 
 3.44003680e-05  2.00022455e-01  2.00480237e-01  2.00633737e-01 -1.79961754e-05 -2.11245658e-08 -1.60854038e-08 
 3.44007122e-05  1.99992162e-01  2.00454253e-01  2.00610997e-01 -1.80451612e-05 -3.17592870e-08 -2.87132217e-08 
 3.44011147e-05  1.99956977e-01  2.00439798e-01  2.00585067e-01 -1.89777774e-05 -4.00295195e-08 -4.14649895e-08 
 3.44013693e-05  1.99935968e-01  2.00435957e-01  2.00569833e-01 -2.09773810e-05 -3.58780966e-08 -4.83464384e-08 
 3.44015572e-05  1.99921616e-01  2.00434971e-01  2.00559374e-01 -2.40249860e-05 -2.14649893e-08 -5.27710227e-08 
 3.44017291e-05  1.99909945e-01  2.00439006e-01  2.00550573e-01 -2.82828497e-05  6.21981093e-09 -5.62388194e-08 
 3.44018990e-05  1.99899778e-01  2.00446148e-01  2.00542815e-01 -3.40447830e-05  5.34021619e-08 -5.90332678e-08 
 3.44020501e-05  1.99892064e-01  2.00457906e-01  2.00536900e-01 -4.03581958e-05  1.18704704e-07 -6.08704218e-08 
 3.44021762e-05  1.99886348e-01  2.00471862e-01  2.00532865e-01 -4.64124138e-05  1.97029276e-07 -6.18098844e-08 
 3.44022818e-05  1.99882056e-01  2.00488606e-01  2.00530273e-01 -5.18744129e-05  2.86285035e-07 -6.20477564e-08 
 3.44023732e-05  1.99878420e-01  2.00507792e-01  2.00528761e-01 -5.68022648e-05  3.87722881e-07 -6.17181551e-08 
 3.44024552e-05  1.99875183e-01  2.00530561e-01  2.00528128e-01 -6.12230715e-05  5.04741219e-07 -6.08608891e-08 
 3.44025327e-05  1.99871918e-01  2.00558222e-01  2.00528318e-01 -6.53021879e-05  6.45121325e-07 -5.94199120e-08 
 3.44026149e-05  1.99868616e-01  2.00595488e-01  2.00529564e-01 -6.94066315e-05  8.33834447e-07 -5.70672449e-08 
 3.44027027e-05  1.99866051e-01  2.00643054e-01  2.00532313e-01 -7.35977100e-05  1.08475687e-06 -5.35652346e-08 
 3.44028167e-05  1.99865270e-01  2.00710883e-01  2.00538319e-01 -7.88886146e-05  1.48318490e-06 -4.76501325e-08 
 3.44029172e-05  1.99866932e-01  2.00771138e-01  2.00545910e-01 -8.35078283e-05  1.89396050e-06 -4.13839115e-08 
 3.44030396e-05  1.99871727e-01  2.00840519e-01  2.00557849e-01 -8.90689427e-05  2.45611465e-06 -3.27327371e-08 
 3.44031724e-05  1.99879760e-01  2.00908484e-01  2.00573719e-01 -9.48809653e-05  3.12796386e-06 -2.23803169e-08 
 3.44033250e-05  1.99891998e-01  2.00975500e-01  2.00594934e-01 -1.00850339e-04  3.95690829e-06 -9.65820841e-09 
 3.44034702e-05  1.99905791e-01  2.01026038e-01  2.00617282e-01 -1.05014052e-04  4.77881979e-06  2.83353694e-09 
 3.44035718e-05  1.99916164e-01  2.01049966e-01  2.00633627e-01 -1.05651286e-04  5.35291121e-06  1.14076706e-08 
 3.44036363e-05  1.99922624e-01  2.01055999e-01  2.00644052e-01 -1.03331005e-04  5.70326353e-06  1.64914074e-08 
 3.44036895e-05  1.99927595e-01  2.01051312e-01  2.00652476e-01 -9.89253752e-05  5.97160163e-06  2.02066107e-08 
 3.44037487e-05  1.99932367e-01  2.01032386e-01  2.00661356e-01 -9.17399752e-05  6.23460631e-06  2.35546062e-08 
 3.44038184e-05  1.99936776e-01  2.00991156e-01  2.00670703e-01 -8.13451408e-05  6.48434961e-06  2.62275238e-08 
 3.44038947e-05  1.99939919e-01  2.00926277e-01  2.00679063e-01 -6.91424810e-05  6.67733098e-06  2.75257540e-08 
 3.44039931e-05  1.99941500e-01  2.00824397e-01  2.00686251e-01 -5.44276536e-05  6.80477177e-06  2.69129932e-08 
 3.44040865e-05  1.99940733e-01  2.00722179e-01  2.00689075e-01 -4.31028475e-05  6.81580737e-06  2.44221300e-08 
 3.44041700e-05  1.99938618e-01  2.00636101e-01  2.00688418e-01 -3.54880095e-05  6.75496289e-06  2.11025406e-08 
 3.44042555e-05  1.99935410e-01  2.00558792e-01  2.00685021e-01 -2.98922004e-05  6.64316623e-06  1.70536071e-08 
 3.44043513e-05  1.99930984e-01  2.00487395e-01  2.00678557e-01 -2.56656778e-05  6.47834533e-06  1.21101828e-08 
 3.44044465e-05  1.99925983e-01  2.00431781e-01  2.00670002e-01 -2.30286487e-05  6.28915021e-06  7.03750422e-09 
 3.44045541e-05  1.99919920e-01  2.00384463e-01  2.00658547e-01 -2.12377003e-05  6.06000320e-06  1.33173103e-09 
 3.44046690e-05  1.99913142e-01  2.00347864e-01  2.00644956e-01 -2.01942131e-05  5.80895146e-06 -4.59258779e-09 
 3.44048059e-05  1.99904888e-01  2.00317102e-01  2.00627768e-01 -1.95668310e-05  5.51217895e-06 -1.13226224e-08 
 3.44049030e-05  1.99898961e-01  2.00301019e-01  2.00615249e-01 -1.93591410e-05  5.30674885e-06 -1.58604309e-08 
 3.44050000e-05  1.99893024e-01  2.00287884e-01  2.00602652e-01 -1.92346653e-05  5.10710782e-06 -2.02040221e-08 
 3.44050021e-05  1.99893907e-01  2.00291355e-01  2.00602388e-01 -1.81917585e-05  5.10320660e-06 -2.01791204e-08 
 3.44050062e-05  1.99894732e-01  2.00297761e-01  2.00601867e-01 -1.77866246e-05  5.09544063e-06 -2.01355488e-08 
 3.44050144e-05  1.99894662e-01  2.00308224e-01  2.00600854e-01 -1.75695872e-05  5.07997841e-06 -2.00680213e-08 
 3.44050308e-05  1.99894781e-01  2.00324216e-01  2.00598926e-01 -1.72657550e-05  5.04904063e-06 -1.99518848e-08 
 3.44050578e-05  1.99894778e-01  2.00344456e-01  2.00595968e-01 -1.68301498e-05  4.99806221e-06 -1.97878679e-08 
 3.44051120e-05  1.99894871e-01  2.00374426e-01  2.00590686e-01 -1.62343311e-05  4.89659081e-06 -1.95332715e-08 
 3.44052203e-05  1.99894818e-01  2.00409814e-01  2.00581842e-01 -1.55892253e-05  4.69711714e-06 -1.91810188e-08 
 3.44054369e-05  1.99894675e-01  2.00432482e-01  2.00567666e-01 -1.52435928e-05  4.31739913e-06 -1.86778194e-08 
 3.44057317e-05  1.99894323e-01  2.00429018e-01  2.00551299e-01 -1.52045866e-05  3.84592170e-06 -1.80082171e-08 
 3.44061372e-05  1.99893953e-01  2.00416221e-01  2.00530491e-01 -1.52133235e-05  3.27926432e-06 -1.69652652e-08 
 3.44067054e-05  1.99893420e-01  2.00399318e-01  2.00503398e-01 -1.52008115e-05  2.62143353e-06 -1.53839130e-08 
 3.44077662e-05  1.99892716e-01  2.00373695e-01  2.00458971e-01 -1.52133700e-05  1.71823420e-06 -1.24073361e-08 
 3.44098878e-05  1.99891707e-01  2.00340931e-01  2.00392431e-01 -1.52045991e-05  7.08185631e-07 -7.37911323e-09 
 3.44141310e-05  1.99890841e-01  2.00326959e-01  2.00329536e-01 -1.52266424e-05  6.46655707e-08 -1.86225788e-09 
 3.44196769e-05  1.99890468e-01  2.00365963e-01  2.00336802e-01 -1.52262704e-05 -2.76967998e-09 -7.91739478e-11 
 3.44279627e-05  1.99890414e-01  2.00457513e-01  2.00417774e-01 -1.52500747e-05  6.58046600e-10  2.68258386e-11 
 3.44417891e-05  1.99890434e-01  2.00578139e-01  2.00550009e-01 -1.52480047e-05 -2.85204822e-10  2.09299108e-11 
 3.44566512e-05  1.99890529e-01  2.00625457e-01  2.00612504e-01 -1.52650355e-05  1.50988774e-10  1.22746429e-11 
 3.44831345e-05  1.99890482e-01  2.00592136e-01  2.00589392e-01 -1.52564985e-05 -1.03207436e-10 -6.43820159e-12 
 3.45303539e-05  1.99890421e-01  2.00510301e-01  2.00502221e-01 -1.52698910e-05  7.75859487e-11 -8.48217384e-13 
 3.45651769e-05  1.99890377e-01  2.00512073e-01  2.00500369e-01 -1.52574964e-05 -5.88918519e-11  1.32319416e-12 
 3.46000000e-05  1.99890437e-01  2.00524541e-01  2.00514207e-01 -1.52695905e-05  4.43531789e-11  2.74175268e-12 
 3.46000257e-05  1.99892445e-01  2.00540155e-01  2.00514369e-01 -1.37375287e-05  1.72556707e-09  3.76615402e-09 
 3.46000770e-05  1.99894302e-01  2.00563861e-01  2.00514930e-01 -1.31891740e-05  4.81813248e-09  1.13070070e-08 
 3.46001796e-05  1.99897485e-01  2.00591544e-01  2.00517052e-01 -1.28198208e-05  9.87326774e-09  2.58021567e-08 
 3.46003156e-05  1.99901936e-01  2.00610896e-01  2.00520979e-01 -1.25537995e-05  1.54755143e-08  4.39562066e-08 
 3.46005877e-05  1.99910417e-01  2.00623645e-01  2.00529881e-01 -1.25698957e-05  2.55030231e-08  7.74493456e-08 
 3.46009647e-05  1.99922430e-01  2.00627425e-01  2.00541888e-01 -1.25176752e-05  3.79412369e-08  1.18596003e-07 
 3.46015989e-05  1.99942902e-01  2.00626328e-01  2.00558765e-01 -1.32706282e-05  5.47227556e-08  1.77517272e-07 
 3.46017048e-05  1.99946952e-01  2.00625042e-01  2.00561125e-01 -1.36102030e-05  5.66742982e-08  1.86395877e-07 
 3.46019167e-05  1.99956140e-01  2.00615089e-01  2.00565102e-01 -1.59633343e-05  5.78345432e-08  2.02915262e-07 
 3.46020663e-05  1.99964569e-01  2.00600761e-01  2.00567007e-01 -1.91485181e-05  5.54629341e-08  2.13081139e-07 
 3.46021914e-05  1.99972750e-01  2.00581026e-01  2.00567684e-01 -2.32746374e-05  5.03835434e-08  2.20070472e-07 
 3.46023164e-05  1.99982094e-01  2.00553295e-01  2.00567169e-01 -2.84428727e-05  4.18705181e-08  2.25037725e-07 
 3.46024420e-05  1.99991870e-01  2.00515646e-01  2.00565075e-01 -3.44274699e-05  2.93156554e-08  2.27433846e-07 
 3.46025603e-05  2.00001145e-01  2.00469618e-01  2.00561264e-01 -3.98675110e-05  1.31899812e-08  2.26559943e-07 
 3.46026680e-05  2.00008799e-01  2.00416078e-01  2.00555847e-01 -4.39940021e-05 -5.94994541e-09  2.22423795e-07 
 3.46027892e-05  2.00016210e-01  2.00341529e-01  2.00546991e-01 -4.73773298e-05 -3.30124198e-08  2.13085845e-07 
 3.46028995e-05  2.00021307e-01  2.00264732e-01  2.00536034e-01 -5.06377784e-05 -6.14378250e-08  2.00152394e-07 
 3.46030666e-05  2.00026291e-01  2.00147226e-01  2.00514035e-01 -5.61384051e-05 -1.06653430e-07  1.73285919e-07 
 3.46031984e-05  2.00027563e-01  2.00060204e-01  2.00492440e-01 -6.06545743e-05 -1.41716625e-07  1.46774848e-07 
 3.46033340e-05  2.00026533e-01  1.99980201e-01  2.00466976e-01 -6.50666971e-05 -1.75411611e-07  1.15598749e-07 
 3.46034394e-05  2.00023567e-01  1.99926936e-01  2.00445358e-01 -6.81378275e-05 -1.98957152e-07  8.93263663e-08 
 3.46035000e-05  2.00020662e-01  1.99901542e-01  2.00432396e-01 -6.95754400e-05 -2.10788116e-07  7.37326930e-08 
 3.46035402e-05  2.00017650e-01  1.99888248e-01  2.00423658e-01 -7.02778765e-05 -2.17421598e-07  6.34015480e-08 
 3.46035743e-05  2.00013859e-01  1.99880890e-01  2.00416222e-01 -7.05245180e-05 -2.21669301e-07  5.48320834e-08 
 3.46036006e-05  2.00009358e-01  1.99879365e-01  2.00410522e-01 -7.03431344e-05 -2.23471931e-07  4.85463527e-08 
 3.46036264e-05  2.00003094e-01  1.99883563e-01  2.00404976e-01 -6.96540785e-05 -2.23236161e-07  4.28361859e-08 
 3.46036559e-05  1.99993791e-01  1.99897949e-01  2.00398824e-01 -6.81391643e-05 -2.19647610e-07  3.72207280e-08 
 3.46036899e-05  1.99981543e-01  1.99928996e-01  2.00392132e-01 -6.54511727e-05 -2.10543510e-07  3.22462424e-08 
 3.46037272e-05  1.99967860e-01  1.99979701e-01  2.00385505e-01 -6.15630546e-05 -1.94746301e-07  2.88079634e-08 
 3.46037800e-05  1.99950451e-01  2.00072602e-01  2.00377785e-01 -5.50110076e-05 -1.64538625e-07  2.73756098e-08 
 3.46038110e-05  1.99942013e-01  2.00133992e-01  2.00374278e-01 -5.09010617e-05 -1.43972064e-07  2.82188252e-08 
 3.46038461e-05  1.99934238e-01  2.00204280e-01  2.00371278e-01 -4.62947849e-05 -1.19863394e-07  3.03634048e-08 
 3.46038877e-05  1.99927240e-01  2.00284320e-01  2.00369016e-01 -4.11291035e-05 -9.16341975e-08  3.41835801e-08 
 3.46039328e-05  1.99922040e-01  2.00363120e-01  2.00368028e-01 -3.60816240e-05 -6.29321198e-08  3.94601465e-08 
 3.46039787e-05  1.99918716e-01  2.00432442e-01  2.00368387e-01 -3.16420467e-05 -3.67533179e-08  4.56343278e-08 
 3.46040284e-05  1.99916770e-01  2.00494442e-01  2.00370061e-01 -2.76433754e-05 -1.23823389e-08  5.28606813e-08 
 3.46040825e-05  1.99915981e-01  2.00547548e-01  2.00373079e-01 -2.41767670e-05  9.46969080e-09  6.10452687e-08 
 3.46041445e-05  1.99916191e-01  2.00592833e-01  2.00377658e-01 -2.11717151e-05  2.91075548e-08  7.05418259e-08 
 3.46042151e-05  1.99917292e-01  2.00628947e-01  2.00383878e-01 -1.87341055e-05  4.57320285e-08  8.13079501e-08 
 3.46042994e-05  1.99919279e-01  2.00657072e-01  2.00392135e-01 -1.68200295e-05  5.95171288e-08  9.38808652e-08 
 3.46044006e-05  1.99922140e-01  2.00677705e-01  2.00402655e-01 -1.54544883e-05  7.01583675e-08  1.08478950e-07 
 3.46045284e-05  1.99926092e-01  2.00693200e-01  2.00416258e-01 -1.45612306e-05  7.80899245e-08  1.26121060e-07 
 3.46046934e-05  1.99931390e-01  2.00705998e-01  2.00433721e-01 -1.40734852e-05  8.36773825e-08  1.47637233e-07 
 3.46048467e-05  1.99936382e-01  2.00715381e-01  2.00449602e-01 -1.39081139e-05  8.66915572e-08  1.66488158e-07 
 3.46050000e-05  1.99941382e-01  2.00724118e-01  2.00465077e-01 -1.38435561e-05  8.88704300e-08  1.84376186e-07 
 3.46050042e-05  1.99940374e-01  2.00720888e-01  2.00465489e-01 -1.49278315e-05  8.86366410e-08  1.84129107e-07 
 3.46050126e-05  1.99939677e-01  2.00715224e-01  2.00466303e-01 -1.52042684e-05  8.81808459e-08  1.83409351e-07 
 3.46050294e-05  1.99939816e-01  2.00706811e-01  2.00467875e-01 -1.51615723e-05  8.73404200e-08  1.81676270e-07 
 3.46050630e-05  1.99939415e-01  2.00694232e-01  2.00470847e-01 -1.52952440e-05  8.58517948e-08  1.78432316e-07 
 3.46051302e-05  1.99939428e-01  2.00676615e-01  2.00476272e-01 -1.52995369e-05  8.33246264e-08  1.72124681e-07 
 3.46052646e-05  1.99939274e-01  2.00658789e-01  2.00485769e-01 -1.53744904e-05  7.89937475e-08  1.60426186e-07 
 3.46054246e-05  1.99939574e-01  2.00653906e-01  2.00495725e-01 -1.53158536e-05  7.42619549e-08  1.47653835e-07 
 3.46056850e-05  1.99939652e-01  2.00658608e-01  2.00510628e-01 -1.53589897e-05  6.70665832e-08  1.29288514e-07 
 3.46061441e-05  1.99940169e-01  2.00674817e-01  2.00535193e-01 -1.53090733e-05  5.59711030e-08  1.02830529e-07 
 3.46070622e-05  1.99940651e-01  2.00705558e-01  2.00580173e-01 -1.53530864e-05  3.88822092e-08  6.65438931e-08 
 3.46088985e-05  1.99941698e-01  2.00751375e-01  2.00654450e-01 -1.53003809e-05  1.83340061e-08  3.10495596e-08 
 3.46125711e-05  1.99942519e-01  2.00797686e-01  2.00747652e-01 -1.53361832e-05  3.07409102e-09  1.23739017e-08 
 3.46180024e-05  1.99943161e-01  2.00797150e-01  2.00789022e-01 -1.52774797e-05 -3.24539365e-11  8.40045440e-09 
 3.46252082e-05  1.99943169e-01  2.00743504e-01  2.00755096e-01 -1.53133345e-05  1.69333297e-11  4.43292277e-09 
 3.46379555e-05  1.99943311e-01  2.00637754e-01  2.00648072e-01 -1.52571640e-05 -2.25835863e-11  1.36785290e-09 
 3.46520273e-05  1.99943109e-01  2.00569092e-01  2.00567384e-01 -1.52988378e-05 -4.82217369e-12  3.16516722e-10 
 3.46752203e-05  1.99943229e-01  2.00553292e-01  2.00540698e-01 -1.52492171e-05 -1.87424468e-12  1.02614797e-12 
 3.47137179e-05  1.99943144e-01  2.00595050e-01  2.00582198e-01 -1.52940681e-05  3.56013634e-12  1.10004877e-11 
 3.47754995e-05  1.99943326e-01  2.00592996e-01  2.00585521e-01 -1.52478102e-05 -3.07285772e-12  4.19788016e-12 
 3.48546167e-05  1.99943156e-01  2.00557745e-01  2.00547563e-01 -1.52941873e-05  7.29681940e-13  9.21068018e-13 
 3.49546167e-05  1.99943322e-01  2.00563211e-01  2.00553064e-01 -1.52477961e-05 -1.22566605e-12  5.93789005e-12 
 3.50546167e-05  1.99943191e-01  2.00552607e-01  2.00543194e-01 -1.52941440e-05  1.79263505e-13  3.60118467e-12 
 3.51546167e-05  1.99943342e-01  2.00548312e-01  2.00537934e-01 -1.52478353e-05 -1.10771657e-12  2.55307006e-12 
 3.52546167e-05  1.99943220e-01  2.00550143e-01  2.00540346e-01 -1.52941120e-05  3.43839974e-13  6.71705606e-12 
 3.53546167e-05  1.99943373e-01  2.00545599e-01  2.00535580e-01 -1.52478495e-05 -1.22922484e-12  4.84808645e-13 
 3.54546167e-05  1.99943247e-01  2.00547131e-01  2.00537023e-01 -1.52941072e-05  3.86185441e-13  7.96355191e-12 
 3.55546167e-05  1.99943405e-01  2.00546014e-01  2.00536114e-01 -1.52478481e-05 -1.15648593e-12 -1.86188304e-13 
 3.56546167e-05  1.99943277e-01  2.00545697e-01  2.00535571e-01 -1.52941087e-05  2.60045457e-13  8.43983905e-12 
 3.57546167e-05  1.99943436e-01  2.00546042e-01  2.00536089e-01 -1.52478480e-05 -1.01058745e-12 -6.47579646e-13 
 3.58546167e-05  1.99943308e-01  2.00545572e-01  2.00535502e-01 -1.52941064e-05  1.31238987e-13  8.98224670e-12 
 3.59546167e-05  1.99943467e-01  2.00545760e-01  2.00535764e-01 -1.52478517e-05 -9.06443106e-13 -1.25276390e-12 
 3.60546167e-05  1.99943339e-01  2.00545733e-01  2.00535679e-01 -1.52941020e-05  5.26076578e-14  9.61211509e-12 
 3.61546167e-05  1.99943498e-01  2.00545629e-01  2.00535631e-01 -1.52478561e-05 -8.44792769e-13 -1.86121686e-12 
 3.62546167e-05  1.99943370e-01  2.00545785e-01  2.00535724e-01 -1.52940979e-05  1.33985704e-15  1.01756377e-11 
 3.63546167e-05  1.99943529e-01  2.00545655e-01  2.00535665e-01 -1.52478599e-05 -7.98452667e-13 -2.37154437e-12 
 3.64546167e-05  1.99943401e-01  2.00545778e-01  2.00535712e-01 -1.52940942e-05 -4.20642254e-14  1.06380358e-11 
 3.65273084e-05  1.99943555e-01  2.00545709e-01  2.00535720e-01 -1.52478641e-05 -7.50445279e-13 -2.86032542e-12 
 3.66000000e-05  1.99943424e-01  2.00545780e-01  2.00535715e-01 -1.52940894e-05 -9.25338365e-14  1.11627202e-11 
 3.66001025e-05  1.99938353e-01  2.00506510e-01  2.00534170e-01 -1.66979565e-05 -5.39646528e-09 -2.07338649e-08 
 3.66003074e-05  1.99931408e-01  2.00461086e-01  2.00529414e-01 -1.68797134e-05 -1.46731714e-08 -6.08746593e-08 
 3.66006137e-05  1.99921896e-01  2.00446040e-01  2.00519499e-01 -1.69175562e-05 -2.60370361e-08 -1.15018094e-07 
 3.66009673e-05  1.99910918e-01  2.00443162e-01  2.00508283e-01 -1.73851321e-05 -3.77674230e-08 -1.70160916e-07 
 3.66012986e-05  1.99901639e-01  2.00445485e-01  2.00499087e-01 -1.90727253e-05 -4.66825941e-08 -2.15130874e-07 
 3.66015121e-05  1.99896677e-01  2.00449930e-01  2.00494057e-01 -2.18853085e-05 -5.09519717e-08 -2.40468400e-07 
 3.66016826e-05  1.99893834e-01  2.00457545e-01  2.00490738e-01 -2.55269781e-05 -5.31434585e-08 -2.58349280e-07 
 3.66018537e-05  1.99891951e-01  2.00468382e-01  2.00488236e-01 -3.06452494e-05 -5.40655941e-08 -2.73852963e-07 
 3.66020096e-05  1.99891146e-01  2.00482943e-01  2.00486869e-01 -3.64768894e-05 -5.34446583e-08 -2.85520080e-07 
 3.66021407e-05  1.99890839e-01  2.00499343e-01  2.00486576e-01 -4.21486270e-05 -5.13743338e-08 -2.93130101e-07 
 3.66022501e-05  1.99890730e-01  2.00517763e-01  2.00487088e-01 -4.72186024e-05 -4.80330260e-08 -2.97632191e-07 
 3.66023440e-05  1.99890412e-01  2.00538189e-01  2.00488226e-01 -5.16857494e-05 -4.34455895e-08 -2.99812326e-07 
 3.66024274e-05  1.99889822e-01  2.00561608e-01  2.00489920e-01 -5.55389725e-05 -3.74715414e-08 -3.00158176e-07 
 3.66025044e-05  1.99888714e-01  2.00589120e-01  2.00492209e-01 -5.88681375e-05 -2.97675953e-08 -2.98807185e-07 
 3.66025821e-05  1.99887129e-01  2.00624069e-01  2.00495404e-01 -6.18197744e-05 -1.93330971e-08 -2.95504087e-07 
 3.66026692e-05  1.99885351e-01  2.00671284e-01  2.00500270e-01 -6.46732885e-05 -4.53168136e-09 -2.89222292e-07 
 3.66027651e-05  1.99884389e-01  2.00729172e-01  2.00507421e-01 -6.74660047e-05  1.43284116e-08 -2.79236105e-07 
 3.66028701e-05  1.99884739e-01  2.00793379e-01  2.00517451e-01 -7.04090305e-05  3.60047596e-08 -2.65020566e-07 
 3.66029885e-05  1.99886846e-01  2.00861801e-01  2.00531343e-01 -7.37532689e-05  5.98757468e-08 -2.45505410e-07 
 3.66031185e-05  1.99890815e-01  2.00929212e-01  2.00549290e-01 -7.74700109e-05  8.41423979e-08 -2.20597884e-07 
 3.66032616e-05  1.99896800e-01  2.00993102e-01  2.00571639e-01 -8.13558313e-05  1.07886959e-07 -1.89934593e-07 
 3.66034196e-05  1.99904746e-01  2.01049856e-01  2.00598587e-01 -8.47736907e-05  1.29931217e-07 -1.53395426e-07 
 3.66035349e-05  1.99911068e-01  2.01079033e-01  2.00619140e-01 -8.56181018e-05  1.42236483e-07 -1.26017704e-07 
 3.66036041e-05  1.99914782e-01  2.01087723e-01  2.00631543e-01 -8.40608542e-05  1.46870657e-07 -1.09961601e-07 
 3.66036581e-05  1.99917449e-01  2.01085648e-01  2.00641051e-01 -8.06764258e-05  1.47722959e-07 -9.82134359e-08 
 3.66037140e-05  1.99919766e-01  2.01071379e-01  2.00650509e-01 -7.51705985e-05  1.44821304e-07 -8.73324638e-08 
 3.66037879e-05  1.99922009e-01  2.01031662e-01  2.00661896e-01 -6.59079907e-05  1.34325381e-07 -7.57273407e-08 
 3.66038561e-05  1.99923170e-01  2.00976570e-01  2.00670840e-01 -5.66743258e-05  1.18521156e-07 -6.81483085e-08 
 3.66039495e-05  1.99923474e-01  2.00883415e-01  2.00679976e-01 -4.47975945e-05  9.04460390e-08 -6.26421490e-08 
 3.66040724e-05  1.99922034e-01  2.00753187e-01  2.00686130e-01 -3.27335966e-05  4.93488950e-08 -6.26912182e-08 
 3.66041585e-05  1.99920154e-01  2.00669262e-01  2.00686640e-01 -2.71567345e-05  2.17730515e-08 -6.65402060e-08 
 3.66042391e-05  1.99917992e-01  2.00602654e-01  2.00684716e-01 -2.36628593e-05 -8.25717250e-10 -7.19951834e-08 
 3.66043359e-05  1.99915105e-01  2.00538751e-01  2.00680001e-01 -2.09935338e-05 -2.31964549e-08 -8.00610062e-08 
 3.66044287e-05  1.99912155e-01  2.00492704e-01  2.00673649e-01 -1.95545467e-05 -3.98288297e-08 -8.86935504e-08 
 3.66045380e-05  1.99908594e-01  2.00453703e-01  2.00664649e-01 -1.86380626e-05 -5.42907523e-08 -9.93590390e-08 
 3.66046501e-05  1.99904885e-01  2.00426226e-01  2.00654352e-01 -1.82172655e-05 -6.46555759e-08 -1.10432911e-07 
 3.66047878e-05  1.99900333e-01  2.00403661e-01  2.00640976e-01 -1.80016480e-05 -7.31207459e-08 -1.23809504e-07 
 3.66048939e-05  1.99896826e-01  2.00391636e-01  2.00630449e-01 -1.79619487e-05 -7.74664301e-08 -1.33794387e-07 
 3.66050000e-05  1.99893340e-01  2.00382281e-01  2.00619915e-01 -1.79417315e-05 -8.06486523e-08 -1.43439485e-07 
 3.66050022e-05  1.99894024e-01  2.00384051e-01  2.00619699e-01 -1.69334171e-05 -8.05514385e-08 -1.43341790e-07 
 3.66050066e-05  1.99894643e-01  2.00387340e-01  2.00619270e-01 -1.65785490e-05 -8.03532422e-08 -1.43106725e-07 
 3.66050154e-05  1.99894562e-01  2.00392705e-01  2.00618429e-01 -1.64380424e-05 -7.99629514e-08 -1.42558938e-07 
 3.66050330e-05  1.99894642e-01  2.00400861e-01  2.00616804e-01 -1.62520878e-05 -7.92403461e-08 -1.41486513e-07 
 3.66050617e-05  1.99894607e-01  2.00411265e-01  2.00614282e-01 -1.59918458e-05 -7.81766707e-08 -1.39777976e-07 
 3.66051192e-05  1.99894637e-01  2.00426548e-01  2.00609617e-01 -1.56570039e-05 -7.63467276e-08 -1.36488455e-07 
 3.66052340e-05  1.99894526e-01  2.00443205e-01  2.00601318e-01 -1.53214248e-05 -7.32590032e-08 -1.30291600e-07 
 3.66054638e-05  1.99894352e-01  2.00449682e-01  2.00586830e-01 -1.51943629e-05 -6.76522396e-08 -1.18959453e-07 
 3.66057562e-05  1.99894053e-01  2.00441274e-01  2.00570101e-01 -1.51988992e-05 -6.07010740e-08 -1.06064050e-07 
 3.66061711e-05  1.99893750e-01  2.00426263e-01  2.00547673e-01 -1.52121459e-05 -5.16334809e-08 -9.01351883e-08 
 3.66067824e-05  1.99893286e-01  2.00405660e-01  2.00516789e-01 -1.52035806e-05 -4.05829597e-08 -7.08869092e-08 
 3.66080051e-05  1.99892639e-01  2.00371624e-01  2.00462491e-01 -1.52177027e-05 -2.49150060e-08 -4.35573985e-08 
 3.66104504e-05  1.99891737e-01  2.00326529e-01  2.00381409e-01 -1.52142575e-05 -8.82842352e-09 -1.54555126e-08 
 3.66153411e-05  1.99891007e-01  2.00297544e-01  2.00302897e-01 -1.52365074e-05 -2.66711066e-10 -4.53276611e-10 
 3.66215430e-05  1.99890723e-01  2.00322242e-01  2.00299554e-01 -1.52364779e-05 -1.28492187e-11 -7.61597821e-12 
 3.66317101e-05  1.99890696e-01  2.00396743e-01  2.00366483e-01 -1.52568235e-05  3.55194129e-12  8.12737166e-12 
 3.66455238e-05  1.99890711e-01  2.00472406e-01  2.00451758e-01 -1.52525060e-05  1.11722302e-11  2.04316740e-11 
 3.66634138e-05  1.99890780e-01  2.00499973e-01  2.00489911e-01 -1.52664277e-05 -7.02630445e-13  1.40175344e-12 
 3.66942287e-05  1.99890723e-01  2.00471316e-01  2.00465321e-01 -1.52580135e-05 -1.64278465e-12 -1.31215904e-12 
 3.67471144e-05  1.99890709e-01  2.00445420e-01  2.00434302e-01 -1.52689208e-05 -1.49750633e-12 -4.49421641e-13 
 3.68000000e-05  1.99890705e-01  2.00472461e-01  2.00461008e-01 -1.52582315e-05  1.62232185e-12  3.92262416e-12 
 3.68000361e-05  1.99894577e-01  2.00512401e-01  2.00461597e-01 -1.33588145e-05  4.25471059e-09  1.81945958e-09 
 3.68001083e-05  1.99899260e-01  2.00569484e-01  2.00463571e-01 -1.23702704e-05  1.16258350e-08  5.27214064e-09 
 3.68002527e-05  1.99907972e-01  2.00626904e-01  2.00470567e-01 -1.16959900e-05  2.14908435e-08  1.15650947e-08 
 3.68004376e-05  1.99919312e-01  2.00659810e-01  2.00482177e-01 -1.14396404e-05  2.98319667e-08  1.89167295e-08 
 3.68007872e-05  1.99940368e-01  2.00681446e-01  2.00505492e-01 -1.14729728e-05  4.19657354e-08  3.13688068e-08 
 3.68011787e-05  1.99964475e-01  2.00696022e-01  2.00530651e-01 -1.14511256e-05  5.32195936e-08  4.34364687e-08 
 3.68014512e-05  1.99981542e-01  2.00703217e-01  2.00547080e-01 -1.16784800e-05  5.86708581e-08  5.07599267e-08 
 3.68016523e-05  1.99995100e-01  2.00708172e-01  2.00558568e-01 -1.21117763e-05  5.70871518e-08  5.55731075e-08 
 3.68018063e-05  2.00006254e-01  2.00708064e-01  2.00566909e-01 -1.31214113e-05  4.59282799e-08  5.87983461e-08 
 3.68019378e-05  2.00017040e-01  2.00705166e-01  2.00573554e-01 -1.46486355e-05  2.14250833e-08  6.10840017e-08 
 3.68020629e-05  2.00028247e-01  2.00696679e-01  2.00579283e-01 -1.71015976e-05 -2.42732744e-08  6.26696601e-08 
 3.68021902e-05  2.00040972e-01  2.00681760e-01  2.00584242e-01 -2.05785381e-05 -1.04584751e-07  6.34857112e-08 
 3.68023193e-05  2.00054547e-01  2.00657665e-01  2.00588040e-01 -2.51060871e-05 -2.34174697e-07  6.32469872e-08 
 3.68024461e-05  2.00068232e-01  2.00624277e-01  2.00590162e-01 -2.98890235e-05 -4.22984382e-07  6.17154600e-08 
 3.68025649e-05  2.00080286e-01  2.00581801e-01  2.00590294e-01 -3.39612352e-05 -6.70498379e-07  5.88363520e-08 
 3.68026733e-05  2.00090126e-01  2.00531367e-01  2.00588437e-01 -3.63628283e-05 -9.71418715e-07  5.47075180e-08 
 3.68027951e-05  2.00098701e-01  2.00459743e-01  2.00583542e-01 -3.75044317e-05 -1.41213944e-06  4.80590719e-08 
 3.68029058e-05  2.00104074e-01  2.00384877e-01  2.00576126e-01 -3.83875262e-05 -1.91043515e-06  4.01775496e-08 
 3.68030754e-05  2.00107260e-01  2.00266362e-01  2.00559030e-01 -4.03382318e-05 -2.83719599e-06  2.52303268e-08 
 3.68032087e-05  2.00105659e-01  2.00177185e-01  2.00541001e-01 -4.20792126e-05 -3.68479934e-06  1.14968134e-08 
 3.68033310e-05  2.00100820e-01  2.00102323e-01  2.00521357e-01 -4.37579301e-05 -4.53628431e-06 -2.25372419e-09 
 3.68034408e-05  2.00093699e-01  2.00043404e-01  2.00501651e-01 -4.50809466e-05 -5.34424003e-06 -1.52065154e-08 
 3.68035123e-05  2.00087013e-01  2.00011269e-01  2.00488000e-01 -4.57775291e-05 -5.88223643e-06 -2.37458040e-08 
 3.68035499e-05  2.00082445e-01  1.99997607e-01  2.00480630e-01 -4.59563810e-05 -6.16469020e-06 -2.81787928e-08 
 3.68035860e-05  2.00076495e-01  1.99988363e-01  2.00473483e-01 -4.59237949e-05 -6.43048895e-06 -3.22872010e-08 
 3.68036134e-05  2.00070286e-01  1.99985592e-01  2.00468072e-01 -4.55966973e-05 -6.62345364e-06 -3.51971789e-08 
 3.68036401e-05  2.00062177e-01  1.99988643e-01  2.00462857e-01 -4.49323051e-05 -6.79863834e-06 -3.77330445e-08 
 3.68036708e-05  2.00050851e-01  2.00001919e-01  2.00457023e-01 -4.36638640e-05 -6.97740813e-06 -4.01191361e-08 
 3.68037053e-05  2.00036951e-01  2.00030970e-01  2.00450853e-01 -4.16850709e-05 -7.14224371e-06 -4.19736973e-08 
 3.68037448e-05  2.00021437e-01  2.00081416e-01  2.00444515e-01 -3.88843657e-05 -7.28099633e-06 -4.29779929e-08 
 3.68038016e-05  2.00002411e-01  2.00176912e-01  2.00437199e-01 -3.43686942e-05 -7.39181812e-06 -4.25414115e-08 
 3.68038373e-05  1.99993380e-01  2.00244800e-01  2.00433854e-01 -3.15064099e-05 -7.41379962e-06 -4.13251644e-08 
 3.68038726e-05  1.99986651e-01  2.00312964e-01  2.00431541e-01 -2.88083732e-05 -7.40695783e-06 -3.96146026e-08 
 3.68039146e-05  1.99981225e-01  2.00391189e-01  2.00430048e-01 -2.58949525e-05 -7.36972253e-06 -3.71269185e-08 
 3.68039603e-05  1.99977991e-01  2.00469224e-01  2.00429870e-01 -2.31496337e-05 -7.30245134e-06 -3.40802487e-08 
 3.68040080e-05  1.99976907e-01  2.00540550e-01  2.00431097e-01 -2.07860493e-05 -7.21169240e-06 -3.07204215e-08 
 3.68040593e-05  1.99977608e-01  2.00605267e-01  2.00433776e-01 -1.87543448e-05 -7.09870719e-06 -2.70491077e-08 
 3.68041160e-05  1.99979914e-01  2.00663003e-01  2.00438047e-01 -1.70572184e-05 -6.96312043e-06 -2.30510009e-08 
 3.68041807e-05  1.99983780e-01  2.00713813e-01  2.00444187e-01 -1.56627272e-05 -6.80159242e-06 -1.86447726e-08 
 3.68042558e-05  1.99989240e-01  2.00757094e-01  2.00452509e-01 -1.45878695e-05 -6.61115770e-06 -1.37742884e-08 
 3.68043457e-05  1.99996504e-01  2.00793223e-01  2.00463552e-01 -1.37967655e-05 -6.38451929e-06 -8.27803109e-09 
 3.68044566e-05  2.00005993e-01  2.00822936e-01  2.00478067e-01 -1.32746606e-05 -6.11163581e-06 -1.93808598e-09 
 3.68045997e-05  2.00018603e-01  2.00848109e-01  2.00497405e-01 -1.29605242e-05 -5.77376030e-06  5.65463805e-09 
 3.68047946e-05  2.00036034e-01  2.00871698e-01  2.00523847e-01 -1.28108197e-05 -5.34155441e-06  1.51230724e-08 
 3.68050000e-05  2.00054564e-01  2.00891315e-01  2.00551283e-01 -1.27590590e-05 -4.91965538e-06  2.41949006e-08 
 3.68050057e-05  2.00053024e-01  2.00882530e-01  2.00552019e-01 -1.39708924e-05 -4.90904193e-06  2.41258908e-08 
 3.68050172e-05  2.00052139e-01  2.00867626e-01  2.00553453e-01 -1.43397003e-05 -4.88781903e-06  2.40108285e-08 
 3.68050402e-05  2.00052403e-01  2.00846508e-01  2.00556137e-01 -1.44533260e-05 -4.84531977e-06  2.38284893e-08 
 3.68050861e-05  2.00051860e-01  2.00816090e-01  2.00560961e-01 -1.48652580e-05 -4.76051701e-06  2.35231082e-08 
 3.68051779e-05  2.00052125e-01  2.00777246e-01  2.00569101e-01 -1.51252274e-05 -4.59349236e-06  2.30655040e-08 
 3.68053280e-05  2.00052076e-01  2.00748723e-01  2.00579818e-01 -1.53646739e-05 -4.33117880e-06  2.24677844e-08 
 3.68055192e-05  2.00052744e-01  2.00740743e-01  2.00591229e-01 -1.53166018e-05 -4.01800324e-06  2.17619472e-08 
 3.68058370e-05  2.00053073e-01  2.00746176e-01  2.00608224e-01 -1.53779114e-05 -3.54642704e-06  2.05650956e-08 
 3.68063163e-05  2.00054144e-01  2.00761536e-01  2.00631948e-01 -1.53078052e-05 -2.93674771e-06  1.87420855e-08 
 3.68071782e-05  2.00055042e-01  2.00785744e-01  2.00670663e-01 -1.53715979e-05 -2.08721716e-06  1.55660719e-08 
 3.68089019e-05  2.00056850e-01  2.00820469e-01  2.00733425e-01 -1.53001593e-05 -1.03222135e-06  1.01800195e-08 
 3.68123493e-05  2.00057986e-01  2.00848460e-01  2.00807700e-01 -1.53548448e-05 -1.99199240e-07  3.60192324e-09 
 3.68176634e-05  2.00058737e-01  2.00825288e-01  2.00827416e-01 -1.52757437e-05  4.21541190e-09  3.21080727e-10 
 3.68245795e-05  2.00058499e-01  2.00745548e-01  2.00767010e-01 -1.53287788e-05 -6.23361219e-10 -3.80559148e-11 
 3.68360888e-05  2.00058691e-01  2.00613305e-01  2.00630903e-01 -1.52519448e-05  2.21633440e-10 -1.28724824e-11 
 3.68499968e-05  2.00058347e-01  2.00522389e-01  2.00523386e-01 -1.53104038e-05 -1.22356449e-10 -2.52881928e-11 
 3.68709145e-05  2.00058570e-01  2.00510327e-01  2.00495858e-01 -1.52407521e-05  6.69271240e-11  6.91468047e-12 
 3.69058430e-05  2.00058369e-01  2.00590471e-01  2.00573737e-01 -1.53035352e-05 -4.56393742e-11  3.73399450e-12 
 3.69586411e-05  2.00058700e-01  2.00637709e-01  2.00629136e-01 -1.52382897e-05  3.97010317e-11  4.20980845e-12 
 3.70257676e-05  2.00058438e-01  2.00617431e-01  2.00607550e-01 -1.53035854e-05 -3.57600366e-11 -3.51918212e-12 
 3.71257676e-05  2.00058736e-01  2.00642868e-01  2.00631489e-01 -1.52383702e-05  3.17814937e-11  5.84710340e-12 
 3.72257676e-05  2.00058517e-01  2.00652214e-01  2.00642955e-01 -1.53035071e-05 -2.90212583e-11 -2.85857525e-12 
 3.73257676e-05  2.00058800e-01  2.00649897e-01  2.00639276e-01 -1.52384366e-05  2.50905926e-11  4.25836531e-12 
 3.74257676e-05  2.00058578e-01  2.00659569e-01  2.00649609e-01 -1.53034783e-05 -2.30367338e-11 -1.57046983e-12 
 3.75257676e-05  2.00058868e-01  2.00656791e-01  2.00646825e-01 -1.52384463e-05  1.98106637e-11  3.30023368e-12 
 3.76257676e-05  2.00058639e-01  2.00659327e-01  2.00649113e-01 -1.53034823e-05 -1.85043508e-11 -1.10016049e-12 
 3.77257676e-05  2.00058932e-01  2.00660170e-01  2.00650261e-01 -1.52384418e-05  1.58439767e-11  3.07217923e-12 
 3.78257676e-05  2.00058701e-01  2.00659487e-01  2.00649375e-01 -1.53034844e-05 -1.49947665e-11 -1.00814013e-12 
 3.79257676e-05  2.00058993e-01  2.00660689e-01  2.00650671e-01 -1.52384444e-05  1.26708320e-11  2.97528620e-12 
 3.80257676e-05  2.00058764e-01  2.00660220e-01  2.00650197e-01 -1.53034788e-05 -1.21066722e-11 -8.80879842e-13 
 3.81257676e-05  2.00059055e-01  2.00660519e-01  2.00650464e-01 -1.52384516e-05  1.00314546e-11  2.80693920e-12 
 3.82257676e-05  2.00058826e-01  2.00660640e-01  2.00650622e-01 -1.53034716e-05 -9.70454077e-12 -6.98047468e-13 
 3.83257676e-05  2.00059117e-01  2.00660538e-01  2.00650497e-01 -1.52384584e-05  7.85342754e-12  2.62701601e-12 
 3.84257676e-05  2.00058888e-01  2.00660725e-01  2.00650691e-01 -1.53034654e-05 -7.73842709e-12 -5.36523083e-13 
 3.85257676e-05  2.00059180e-01  2.00660677e-01  2.00650648e-01 -1.52384641e-05  6.08186331e-12  2.48689659e-12 
 3.86257676e-05  2.00058950e-01  2.00660741e-01  2.00650702e-01 -1.53034600e-05 -6.14321419e-12 -4.16708931e-13 
 3.87128838e-05  2.00059238e-01  2.00660778e-01  2.00650749e-01 -1.52384699e-05  4.54903736e-12  2.37575671e-12 
 3.88000000e-05  2.00059004e-01  2.00660785e-01  2.00650749e-01 -1.53034536e-05 -4.67565873e-12 -3.11529123e-13 
 3.88001227e-05  2.00045664e-01  2.00574635e-01  2.00646720e-01 -1.72989466e-05 -8.76586417e-09 -5.66666433e-09 
 3.88003680e-05  2.00023389e-01  2.00481166e-01  2.00634667e-01 -1.79961898e-05 -2.11251990e-08 -1.60860545e-08 
 3.88007122e-05  1.99993096e-01  2.00455184e-01  2.00611927e-01 -1.80451794e-05 -3.17600574e-08 -2.87141444e-08 
 3.88011148e-05  1.99957910e-01  2.00440729e-01  2.00585996e-01 -1.89779643e-05 -4.00296661e-08 -4.14661227e-08 
 3.88013693e-05  1.99936903e-01  2.00436889e-01  2.00570763e-01 -2.09776711e-05 -3.58770714e-08 -4.83470343e-08 
 3.88015572e-05  1.99922551e-01  2.00435903e-01  2.00560305e-01 -2.40253495e-05 -2.14629625e-08 -5.27714043e-08 
 3.88017291e-05  1.99910880e-01  2.00439938e-01  2.00551504e-01 -2.82833784e-05  6.22363874e-09 -5.62391445e-08 
 3.88018990e-05  1.99900713e-01  2.00447081e-01  2.00543746e-01 -3.40454183e-05  5.34079820e-08 -5.90335001e-08 
 3.88020501e-05  1.99893000e-01  2.00458839e-01  2.00537831e-01 -4.03588292e-05  1.18712015e-07 -6.08705530e-08 
 3.88021762e-05  1.99887284e-01  2.00472795e-01  2.00533797e-01 -4.64129947e-05  1.97037713e-07 -6.18099352e-08 
 3.88022818e-05  1.99882992e-01  2.00489540e-01  2.00531204e-01 -5.18749359e-05  2.86294604e-07 -6.20477451e-08 
 3.88023732e-05  1.99879356e-01  2.00508726e-01  2.00529692e-01 -5.68027349e-05  3.87733821e-07 -6.17180900e-08 
 3.88024553e-05  1.99876119e-01  2.00531495e-01  2.00529059e-01 -6.12234971e-05  5.04753997e-07 -6.08607703e-08 
 3.88025327e-05  1.99872854e-01  2.00559157e-01  2.00529250e-01 -6.53025902e-05  6.45137235e-07 -5.94197254e-08 
 3.88026149e-05  1.99869552e-01  2.00596425e-01  2.00530496e-01 -6.94070761e-05  8.33857869e-07 -5.70669287e-08 
 3.88027027e-05  1.99866987e-01  2.00643991e-01  2.00533245e-01 -7.35981401e-05  1.08478575e-06 -5.35648123e-08 
 3.88028168e-05  1.99866206e-01  2.00711824e-01  2.00539252e-01 -7.88893456e-05  1.48324534e-06 -4.76492151e-08 
 3.88029172e-05  1.99867868e-01  2.00772079e-01  2.00546843e-01 -8.35084961e-05  1.89402356e-06 -4.13829402e-08 
 3.88030396e-05  1.99872665e-01  2.00841459e-01  2.00558783e-01 -8.90696201e-05  2.45618751e-06 -3.27316100e-08 
 3.88031724e-05  1.99880697e-01  2.00909423e-01  2.00574653e-01 -9.48816355e-05  3.12804741e-06 -2.23790268e-08 
 3.88033250e-05  1.99892937e-01  2.00976439e-01  2.00595869e-01 -1.00850983e-04  3.95701039e-06 -9.65664365e-09 
 3.88034703e-05  1.99906729e-01  2.01026974e-01  2.00618216e-01 -1.05014379e-04  4.77891452e-06  2.83496894e-09 
 3.88035718e-05  1.99917102e-01  2.01050899e-01  2.00634560e-01 -1.05651134e-04  5.35297307e-06  1.14085850e-08 
 3.88036363e-05  1.99923562e-01  2.01056931e-01  2.00644985e-01 -1.03330498e-04  5.70330729e-06  1.64920324e-08 
 3.88036895e-05  1.99928533e-01  2.01052242e-01  2.00653409e-01 -9.89245362e-05  5.97164062e-06  2.02071357e-08 
 3.88037487e-05  1.99933304e-01  2.01033313e-01  2.00662289e-01 -9.17386190e-05  6.23464652e-06  2.35550883e-08 
 3.88038184e-05  1.99937713e-01  2.00992081e-01  2.00671636e-01 -8.13436507e-05  6.48437877e-06  2.62277921e-08 
 3.88038947e-05  1.99940856e-01  2.00927196e-01  2.00679996e-01 -6.91404512e-05  6.67735615e-06  2.75258361e-08 
 3.88039931e-05  1.99942437e-01  2.00825312e-01  2.00687183e-01 -5.44255151e-05  6.80478196e-06  2.69127198e-08 
 3.88040865e-05  1.99941669e-01  2.00723100e-01  2.00690007e-01 -4.31018370e-05  6.81580363e-06  2.44217957e-08 
 3.88041700e-05  1.99939554e-01  2.00637025e-01  2.00689350e-01 -3.54874192e-05  6.75495464e-06  2.11021997e-08 
 3.88042556e-05  1.99936346e-01  2.00559717e-01  2.00685952e-01 -2.98917450e-05  6.64315317e-06  1.70531864e-08 
 3.88043513e-05  1.99931920e-01  2.00488321e-01  2.00679488e-01 -2.56654002e-05  6.47833002e-06  1.21097562e-08 
 3.88044465e-05  1.99926919e-01  2.00432708e-01  2.00670932e-01 -2.30284467e-05  6.28913077e-06  7.03700648e-09 
 3.88045541e-05  1.99920856e-01  2.00385391e-01  2.00659478e-01 -2.12375840e-05  6.05998231e-06  1.33122902e-09 
 3.88046690e-05  1.99914078e-01  2.00348792e-01  2.00645887e-01 -2.01941376e-05  5.80892632e-06 -4.59316608e-09 
 3.88048059e-05  1.99905824e-01  2.00318031e-01  2.00628698e-01 -1.95667943e-05  5.51215192e-06 -1.13232229e-08 
 3.88049030e-05  1.99899897e-01  2.00301950e-01  2.00616180e-01 -1.93591301e-05  5.30673568e-06 -1.58607173e-08 
 3.88050000e-05  1.99893960e-01  2.00288815e-01  2.00603583e-01 -1.92346661e-05  5.10710782e-06 -2.02040197e-08 
 3.88050021e-05  1.99894844e-01  2.00292287e-01  2.00603320e-01 -1.81917589e-05  5.10320660e-06 -2.01791181e-08 
 3.88050062e-05  1.99895669e-01  2.00298693e-01  2.00602798e-01 -1.77866246e-05  5.09544062e-06 -2.01355464e-08 
 3.88050144e-05  1.99895598e-01  2.00309156e-01  2.00601786e-01 -1.75695873e-05  5.07997840e-06 -2.00680189e-08 
 3.88050308e-05  1.99895717e-01  2.00325148e-01  2.00599858e-01 -1.72657548e-05  5.04904059e-06 -1.99518823e-08 
 3.88050578e-05  1.99895715e-01  2.00345388e-01  2.00596900e-01 -1.68301492e-05  4.99806211e-06 -1.97878653e-08 
 3.88051120e-05  1.99895808e-01  2.00375358e-01  2.00591617e-01 -1.62343301e-05  4.89659059e-06 -1.95332687e-08 
 3.88052203e-05  1.99895755e-01  2.00410746e-01  2.00582774e-01 -1.55892245e-05  4.69711669e-06 -1.91810160e-08 
 3.88054369e-05  1.99895612e-01  2.00433414e-01  2.00568598e-01 -1.52435924e-05  4.31739827e-06 -1.86778163e-08 
 3.88057317e-05  1.99895259e-01  2.00429950e-01  2.00552230e-01 -1.52045866e-05  3.84592095e-06 -1.80082142e-08 
 3.88061372e-05  1.99894889e-01  2.00417152e-01  2.00531423e-01 -1.52133233e-05  3.27926324e-06 -1.69652614e-08 
 3.88067054e-05  1.99894356e-01  2.00400250e-01  2.00504330e-01 -1.52008114e-05  2.62143261e-06 -1.53839093e-08 
 3.88077662e-05  1.99893653e-01  2.00374627e-01  2.00459903e-01 -1.52133699e-05  1.71823234e-06 -1.24073281e-08 
 3.88098878e-05  1.99892643e-01  2.00341863e-01  2.00393362e-01 -1.52045990e-05  7.08183676e-07 -7.37910063e-09 
 3.88141310e-05  1.99891778e-01  2.00327891e-01  2.00330468e-01 -1.52266422e-05  6.46648059e-08 -1.86224783e-09 
 3.88196769e-05  1.99891404e-01  2.00366895e-01  2.00337734e-01 -1.52262703e-05 -2.76965108e-09 -7.91729081e-11 
 3.88279628e-05  1.99891351e-01  2.00458445e-01  2.00418707e-01 -1.52500745e-05  6.58041570e-10  2.68257491e-11 
 3.88417892e-05  1.99891370e-01  2.00579071e-01  2.00550942e-01 -1.52480047e-05 -2.85202823e-10  2.09299943e-11 
 3.88566512e-05  1.99891466e-01  2.00626389e-01  2.00613436e-01 -1.52650354e-05  1.50987835e-10  1.22745540e-11 
 3.88831346e-05  1.99891419e-01  2.00593067e-01  2.00590324e-01 -1.52564985e-05 -1.03206900e-10 -6.43820126e-12 
 3.89303540e-05  1.99891357e-01  2.00511233e-01  2.00503152e-01 -1.52698909e-05  7.75855174e-11 -8.48224865e-13 
 3.89651770e-05  1.99891313e-01  2.00513005e-01  2.00501301e-01 -1.52574963e-05 -5.88914839e-11  1.32322934e-12 
 3.90000000e-05  1.99891374e-01  2.00525473e-01  2.00515139e-01 -1.52695903e-05  4.43528918e-11  2.74174384e-12 
 3.90000257e-05  1.99893381e-01  2.00541087e-01  2.00515301e-01 -1.37375292e-05  1.72556381e-09  3.76614691e-09 
 3.90000770e-05  1.99895238e-01  2.00564793e-01  2.00515862e-01 -1.31891748e-05  4.81812414e-09  1.13069861e-08 
 3.90001796e-05  1.99898421e-01  2.00592476e-01  2.00517984e-01 -1.28198217e-05  9.87325204e-09  2.58021105e-08 
 3.90003156e-05  1.99902872e-01  2.00611828e-01  2.00521911e-01 -1.25537997e-05  1.54754914e-08  4.39561339e-08 
 3.90005877e-05  1.99911353e-01  2.00624577e-01  2.00530813e-01 -1.25698956e-05  2.55029861e-08  7.74492294e-08 
 3.90009647e-05  1.99923366e-01  2.00628357e-01  2.00542820e-01 -1.25176750e-05  3.79411973e-08  1.18595889e-07 
 3.90015989e-05  1.99943839e-01  2.00627260e-01  2.00559697e-01 -1.32706172e-05  5.47227077e-08  1.77517116e-07 
 3.90017048e-05  1.99947888e-01  2.00625974e-01  2.00562057e-01 -1.36101874e-05  5.66742623e-08  1.86395743e-07 
 3.90019167e-05  1.99957076e-01  2.00616021e-01  2.00566034e-01 -1.59632994e-05  5.78345506e-08  2.02915188e-07 
 3.90020663e-05  1.99965506e-01  2.00601693e-01  2.00567939e-01 -1.91484598e-05  5.54629911e-08  2.13081128e-07 
 3.90021914e-05  1.99973687e-01  2.00581959e-01  2.00568616e-01 -2.32745567e-05  5.03836560e-08  2.20070580e-07 
 3.90023164e-05  1.99983030e-01  2.00554227e-01  2.00568101e-01 -2.84427753e-05  4.18706953e-08  2.25038097e-07 
 3.90024420e-05  1.99992806e-01  2.00516578e-01  2.00566007e-01 -3.44273704e-05  2.93158986e-08  2.27434781e-07 
 3.90025603e-05  2.00002082e-01  2.00470550e-01  2.00562196e-01 -3.98674296e-05  1.31902797e-08  2.26561902e-07 
 3.90026680e-05  2.00009735e-01  2.00417011e-01  2.00556779e-01 -4.39939454e-05 -5.94958614e-09  2.22427358e-07 
 3.90027892e-05  2.00017146e-01  2.00342462e-01  2.00547923e-01 -4.73772861e-05 -3.30120150e-08  2.13092305e-07 
 3.90028995e-05  2.00022243e-01  2.00265665e-01  2.00536966e-01 -5.06377199e-05 -6.14373006e-08  2.00162803e-07 
 3.90030666e-05  2.00027228e-01  2.00148160e-01  2.00514967e-01 -5.61382948e-05 -1.06652513e-07  1.73305195e-07 
 3.90031984e-05  2.00028500e-01  2.00061139e-01  2.00493372e-01 -6.06544144e-05 -1.41715331e-07  1.46803636e-07 
 3.90033340e-05  2.00027469e-01  1.99981135e-01  2.00467908e-01 -6.50665618e-05 -1.75410493e-07  1.15638950e-07 
 3.90034394e-05  2.00024503e-01  1.99927870e-01  2.00446291e-01 -6.81377522e-05 -1.98956444e-07  8.93763994e-08 
 3.90035000e-05  2.00021598e-01  1.99902474e-01  2.00433328e-01 -6.95754075e-05 -2.10787708e-07  7.37886924e-08 
 3.90035402e-05  2.00018586e-01  1.99889180e-01  2.00424590e-01 -7.02778560e-05 -2.17421228e-07  6.34618939e-08 
 3.90035743e-05  2.00014795e-01  1.99881822e-01  2.00417154e-01 -7.05245170e-05 -2.21669062e-07  5.48960328e-08 
 3.90036006e-05  2.00010294e-01  1.99880297e-01  2.00411454e-01 -7.03431459e-05 -2.23471754e-07  4.86131995e-08 
 3.90036264e-05  2.00004030e-01  1.99884495e-01  2.00405908e-01 -6.96541077e-05 -2.23236048e-07  4.29059923e-08 
 3.90036559e-05  1.99994727e-01  1.99898880e-01  2.00399756e-01 -6.81392270e-05 -2.19647628e-07  3.72939735e-08 
 3.90036899e-05  1.99982479e-01  1.99929927e-01  2.00393064e-01 -6.54512574e-05 -2.10543656e-07  3.23234592e-08 
 3.90037272e-05  1.99968796e-01  1.99980631e-01  2.00386437e-01 -6.15631978e-05 -1.94746738e-07  2.88896358e-08 
 3.90037800e-05  1.99951388e-01  2.00073530e-01  2.00378717e-01 -5.50112481e-05 -1.64539600e-07  2.74636676e-08 
 3.90038110e-05  1.99942950e-01  2.00134921e-01  2.00375209e-01 -5.09012587e-05 -1.43972868e-07  2.83107003e-08 
 3.90038461e-05  1.99935174e-01  2.00205209e-01  2.00372209e-01 -4.62949846e-05 -1.19864251e-07  3.04596533e-08 
 3.90038877e-05  1.99928176e-01  2.00285249e-01  2.00369948e-01 -4.11293184e-05 -9.16351738e-08  3.42850673e-08 
 3.90039328e-05  1.99922976e-01  2.00364049e-01  2.00368959e-01 -3.60818069e-05 -6.29329491e-08  3.95674238e-08 
 3.90039787e-05  1.99919651e-01  2.00433371e-01  2.00369318e-01 -3.16422210e-05 -3.67541187e-08  4.57475422e-08 
 3.90040284e-05  1.99917706e-01  2.00495372e-01  2.00370993e-01 -2.76435216e-05 -1.23829907e-08  5.29804188e-08 
 3.90040825e-05  1.99916917e-01  2.00548478e-01  2.00374010e-01 -2.41769008e-05  9.46910190e-09  6.11721320e-08 
 3.90041445e-05  1.99917127e-01  2.00593763e-01  2.00378589e-01 -2.11718224e-05  2.91071214e-08  7.06769348e-08 
 3.90042151e-05  1.99918227e-01  2.00629877e-01  2.00384809e-01 -1.87341951e-05  4.57317022e-08  8.14524725e-08 
 3.90042994e-05  1.99920215e-01  2.00658003e-01  2.00393066e-01 -1.68200942e-05  5.95169632e-08  9.40366716e-08 
 3.90044006e-05  1.99923076e-01  2.00678636e-01  2.00403587e-01 -1.54545345e-05  7.01583278e-08  1.08648233e-07 
 3.90045284e-05  1.99927028e-01  2.00694131e-01  2.00417189e-01 -1.45612574e-05  7.80900243e-08  1.26307260e-07 
 3.90046934e-05  1.99932326e-01  2.00706929e-01  2.00434652e-01 -1.40734992e-05  8.36775819e-08  1.47844764e-07 
 3.90048467e-05  1.99937318e-01  2.00716313e-01  2.00450533e-01 -1.39081165e-05  8.66919115e-08  1.66715611e-07 
 3.90050000e-05  1.99942318e-01  2.00725050e-01  2.00466009e-01 -1.38435565e-05  8.88708679e-08  1.84622759e-07 
 3.90050042e-05  1.99941310e-01  2.00721820e-01  2.00466421e-01 -1.49278318e-05  8.86370793e-08  1.84376180e-07 
 3.90050126e-05  1.99940612e-01  2.00716156e-01  2.00467234e-01 -1.52042686e-05  8.81812852e-08  1.83657418e-07 
 3.90050294e-05  1.99940751e-01  2.00707743e-01  2.00468806e-01 -1.51615726e-05  8.73408610e-08  1.81926307e-07 
 3.90050630e-05  1.99940351e-01  2.00695164e-01  2.00471778e-01 -1.52952442e-05  8.58522392e-08  1.78686217e-07 
 3.90051302e-05  1.99940364e-01  2.00677547e-01  2.00477204e-01 -1.52995373e-05  8.33250766e-08  1.72386009e-07 
 3.90052646e-05  1.99940210e-01  2.00659721e-01  2.00486701e-01 -1.53744908e-05  7.89942061e-08  1.60701228e-07 
 3.90054246e-05  1.99940510e-01  2.00654838e-01  2.00496657e-01 -1.53158540e-05  7.42624181e-08  1.47943355e-07 
 3.90056850e-05  1.99940588e-01  2.00659540e-01  2.00511560e-01 -1.53589901e-05  6.70670434e-08  1.29597792e-07 
 3.90061441e-05  1.99941105e-01  2.00675749e-01  2.00536125e-01 -1.53090737e-05  5.59715339e-08  1.03165074e-07 
 3.90070622e-05  1.99941587e-01  2.00706490e-01  2.00581105e-01 -1.53530868e-05  3.88825342e-08  6.69029337e-08 
 3.90088985e-05  1.99942633e-01  2.00752307e-01  2.00655382e-01 -1.53003814e-05  1.83340940e-08  3.14022405e-08 
 3.90125711e-05  1.99943454e-01  2.00798618e-01  2.00748583e-01 -1.53361834e-05  3.07391559e-09  1.26512863e-08 
 3.90180024e-05  1.99944096e-01  2.00798082e-01  2.00789954e-01 -1.52774801e-05 -3.26456514e-11  8.57481771e-09 
 3.90252082e-05  1.99944105e-01  2.00744437e-01  2.00756028e-01 -1.53133345e-05  1.68345192e-11  4.52714690e-09 
 3.90379555e-05  1.99944247e-01  2.00638686e-01  2.00649004e-01 -1.52571642e-05 -2.26151363e-11  1.39674946e-09 
 3.90520274e-05  1.99944045e-01  2.00570025e-01  2.00568316e-01 -1.52988376e-05 -4.82982252e-12  3.24130471e-10 
 3.90752203e-05  1.99944164e-01  2.00554224e-01  2.00541630e-01 -1.52492171e-05 -1.87474146e-12  1.14442841e-12 
 3.91137179e-05  1.99944079e-01  2.00595981e-01  2.00583129e-01 -1.52940678e-05  3.56043428e-12  1.09874444e-11 
 3.91754997e-05  1.99944261e-01  2.00593927e-01  2.00586452e-01 -1.52478102e-05 -3.07312661e-12  4.19493086e-12 
 3.92546170e-05  1.99944091e-01  2.00558676e-01  2.00548494e-01 -1.52941870e-05  7.29925669e-13  9.30019245e-13 
 3.93546170e-05  1.99944257e-01  2.00564142e-01  2.00553994e-01 -1.52477961e-05 -1.22590024e-12  5.92692784e-12 
 3.94546170e-05  1.99944126e-01  2.00553538e-01  2.00544124e-01 -1.52941438e-05  1.79482731e-13  3.61301109e-12 
 3.95546170e-05  1.99944277e-01  2.00549242e-01  2.00538865e-01 -1.52478353e-05 -1.10792538e-12  2.54106843e-12 
 3.96546170e-05  1.99944155e-01  2.00551074e-01  2.00541277e-01 -1.52941117e-05  3.44036431e-13  6.72873297e-12 
 3.97546170e-05  1.99944309e-01  2.00546529e-01  2.00536511e-01 -1.52478495e-05 -1.22941067e-12  4.73522588e-13 
 3.98546170e-05  1.99944182e-01  2.00548062e-01  2.00537954e-01 -1.52941070e-05  3.86361733e-13  7.97437387e-12 
 3.99546170e-05  1.99944341e-01  2.00546945e-01  2.00537044e-01 -1.52478481e-05 -1.15665420e-12 -1.96434394e-13 
 4.00546170e-05  1.99944212e-01  2.00546628e-01  2.00536502e-01 -1.52941084e-05  2.60205919e-13  8.44946487e-12 
 4.01546170e-05  1.99944372e-01  2.00546973e-01  2.00537019e-01 -1.52478480e-05 -1.01074140e-12 -6.56622705e-13 
 4.02546170e-05  1.99944243e-01  2.00546503e-01  2.00536432e-01 -1.52941062e-05  1.31384703e-13  8.99074359e-12 
 4.03546170e-05  1.99944402e-01  2.00546691e-01  2.00536695e-01 -1.52478517e-05 -9.06584053e-13 -1.26071251e-12 
 4.04546170e-05  1.99944275e-01  2.00546663e-01  2.00536610e-01 -1.52941018e-05  5.27427494e-14  9.61958806e-12 
 4.05546170e-05  1.99944433e-01  2.00546560e-01  2.00536562e-01 -1.52478561e-05 -8.44923090e-13 -1.86817250e-12 
 4.06546170e-05  1.99944306e-01  2.00546715e-01  2.00536655e-01 -1.52940976e-05  1.46540766e-15  1.01822481e-11 
 4.07546170e-05  1.99944464e-01  2.00546586e-01  2.00536595e-01 -1.52478599e-05 -7.98574531e-13 -2.37756126e-12 
 4.08546170e-05  1.99944337e-01  2.00546709e-01  2.00536643e-01 -1.52940940e-05 -4.19466979e-14  1.06437254e-11 
 4.09273085e-05  1.99944491e-01  2.00546640e-01  2.00536651e-01 -1.52478641e-05 -7.50562156e-13 -2.86542236e-12 
 4.10000000e-05  1.99944359e-01  2.00546710e-01  2.00536645e-01 -1.52940892e-05 -9.24247658e-14  1.11676330e-11 
 4.10001025e-05  1.99939289e-01  2.00507441e-01  2.00535101e-01 -1.66979563e-05 -5.39645776e-09 -2.07338279e-08 
 4.10003074e-05  1.99932343e-01  2.00462017e-01  2.00530345e-01 -1.68797132e-05 -1.46731514e-08 -6.08745633e-08 
 4.10006137e-05  1.99922831e-01  2.00446971e-01  2.00520430e-01 -1.69175558e-05 -2.60370101e-08 -1.15017969e-07 
 4.10009673e-05  1.99911853e-01  2.00444092e-01  2.00509214e-01 -1.73851293e-05 -3.77673890e-08 -1.70160750e-07 
 4.10012986e-05  1.99902574e-01  2.00446416e-01  2.00500017e-01 -1.90727245e-05 -4.66825927e-08 -2.15130862e-07 
 4.10015121e-05  1.99897613e-01  2.00450861e-01  2.00494988e-01 -2.18853120e-05 -5.09519758e-08 -2.40468421e-07 
 4.10016826e-05  1.99894769e-01  2.00458476e-01  2.00491669e-01 -2.55269830e-05 -5.31434607e-08 -2.58349297e-07 
 4.10018537e-05  1.99892887e-01  2.00469313e-01  2.00489167e-01 -3.06452551e-05 -5.40655946e-08 -2.73852976e-07 
 4.10020096e-05  1.99892082e-01  2.00483874e-01  2.00487800e-01 -3.64768949e-05 -5.34446571e-08 -2.85520088e-07 
 4.10021407e-05  1.99891775e-01  2.00500273e-01  2.00487506e-01 -4.21486318e-05 -5.13743315e-08 -2.93130105e-07 
 4.10022501e-05  1.99891665e-01  2.00518694e-01  2.00488018e-01 -4.72186065e-05 -4.80330227e-08 -2.97632193e-07 
 4.10023440e-05  1.99891347e-01  2.00539119e-01  2.00489156e-01 -5.16857529e-05 -4.34455850e-08 -2.99812326e-07 
 4.10024274e-05  1.99890757e-01  2.00562539e-01  2.00490850e-01 -5.55389756e-05 -3.74715356e-08 -3.00158175e-07 
 4.10025044e-05  1.99889649e-01  2.00590050e-01  2.00493139e-01 -5.88681401e-05 -2.97675877e-08 -2.98807183e-07 
 4.10025821e-05  1.99888065e-01  2.00625000e-01  2.00496334e-01 -6.18197769e-05 -1.93330862e-08 -2.95504082e-07 
 4.10026692e-05  1.99886287e-01  2.00672215e-01  2.00501200e-01 -6.46732905e-05 -4.53166872e-09 -2.89222286e-07 
 4.10027651e-05  1.99885325e-01  2.00730103e-01  2.00508352e-01 -6.74660074e-05  1.43284320e-08 -2.79236092e-07 
 4.10028701e-05  1.99885674e-01  2.00794310e-01  2.00518382e-01 -7.04090325e-05  3.60047751e-08 -2.65020554e-07 
 4.10029886e-05  1.99887781e-01  2.00862732e-01  2.00532274e-01 -7.37532711e-05  5.98757631e-08 -2.45505395e-07 
 4.10031185e-05  1.99891751e-01  2.00930143e-01  2.00550221e-01 -7.74700130e-05  8.41424116e-08 -2.20597868e-07 
 4.10032616e-05  1.99897735e-01  2.00994032e-01  2.00572570e-01 -8.13558337e-05  1.07886974e-07 -1.89934570e-07 
 4.10034196e-05  1.99905681e-01  2.01050787e-01  2.00599517e-01 -8.47736921e-05  1.29931229e-07 -1.53395402e-07 
 4.10035349e-05  1.99912003e-01  2.01079963e-01  2.00620071e-01 -8.56181014e-05  1.42236487e-07 -1.26017691e-07 
 4.10036041e-05  1.99915717e-01  2.01088654e-01  2.00632474e-01 -8.40608527e-05  1.46870658e-07 -1.09961594e-07 
 4.10036581e-05  1.99918384e-01  2.01086579e-01  2.00641981e-01 -8.06764233e-05  1.47722959e-07 -9.82134295e-08 
 4.10037140e-05  1.99920701e-01  2.01072309e-01  2.00651440e-01 -7.51705946e-05  1.44821301e-07 -8.73324574e-08 
 4.10037879e-05  1.99922945e-01  2.01032593e-01  2.00662827e-01 -6.59079869e-05  1.34325376e-07 -7.57273366e-08 
 4.10038561e-05  1.99924105e-01  2.00977500e-01  2.00671771e-01 -5.66743208e-05  1.18521146e-07 -6.81483048e-08 
 4.10039495e-05  1.99924409e-01  2.00884345e-01  2.00680907e-01 -4.47975896e-05  9.04460256e-08 -6.26421473e-08 
 4.10040724e-05  1.99922969e-01  2.00754117e-01  2.00687061e-01 -3.27335893e-05  4.93488658e-08 -6.26912202e-08 
 4.10041585e-05  1.99921090e-01  2.00670192e-01  2.00687571e-01 -2.71567277e-05  2.17730144e-08 -6.65402125e-08 
 4.10042391e-05  1.99918927e-01  2.00603585e-01  2.00685647e-01 -2.36628541e-05 -8.25753130e-10 -7.19951934e-08 
 4.10043359e-05  1.99916040e-01  2.00539682e-01  2.00680931e-01 -2.09935310e-05 -2.31964816e-08 -8.00610174e-08 
 4.10044287e-05  1.99913090e-01  2.00493635e-01  2.00674580e-01 -1.95545449e-05 -3.98288522e-08 -8.86935636e-08 
 4.10045380e-05  1.99909529e-01  2.00454634e-01  2.00665579e-01 -1.86380617e-05 -5.42907691e-08 -9.93590534e-08 
 4.10046501e-05  1.99905821e-01  2.00427156e-01  2.00655283e-01 -1.82172649e-05 -6.46555895e-08 -1.10432928e-07 
 4.10047878e-05  1.99901268e-01  2.00404591e-01  2.00641906e-01 -1.80016477e-05 -7.31207556e-08 -1.23809522e-07 
 4.10048939e-05  1.99897762e-01  2.00392566e-01  2.00631379e-01 -1.79619486e-05 -7.74664336e-08 -1.33794396e-07 
 4.10050000e-05  1.99894275e-01  2.00383212e-01  2.00620846e-01 -1.79417314e-05 -8.06486523e-08 -1.43439484e-07 
 4.10050022e-05  1.99894959e-01  2.00384981e-01  2.00620629e-01 -1.69334170e-05 -8.05514384e-08 -1.43341790e-07 
 4.10050066e-05  1.99895578e-01  2.00388271e-01  2.00620200e-01 -1.65785489e-05 -8.03532421e-08 -1.43106725e-07 
 4.10050154e-05  1.99895498e-01  2.00393636e-01  2.00619360e-01 -1.64380423e-05 -7.99629514e-08 -1.42558937e-07 
 4.10050330e-05  1.99895577e-01  2.00401792e-01  2.00617734e-01 -1.62520877e-05 -7.92403461e-08 -1.41486512e-07 
 4.10050617e-05  1.99895542e-01  2.00412196e-01  2.00615213e-01 -1.59918457e-05 -7.81766707e-08 -1.39777976e-07 
 4.10051192e-05  1.99895573e-01  2.00427479e-01  2.00610547e-01 -1.56570038e-05 -7.63467276e-08 -1.36488455e-07 
 4.10052340e-05  1.99895461e-01  2.00444136e-01  2.00602248e-01 -1.53214247e-05 -7.32590032e-08 -1.30291600e-07 
 4.10054638e-05  1.99895287e-01  2.00450612e-01  2.00587761e-01 -1.51943628e-05 -6.76522395e-08 -1.18959453e-07 
 4.10057562e-05  1.99894989e-01  2.00442205e-01  2.00571032e-01 -1.51988990e-05 -6.07010739e-08 -1.06064050e-07 
 4.10061711e-05  1.99894685e-01  2.00427193e-01  2.00548603e-01 -1.52121458e-05 -5.16334808e-08 -9.01351879e-08 
 4.10067824e-05  1.99894222e-01  2.00406591e-01  2.00517720e-01 -1.52035805e-05 -4.05829597e-08 -7.08869089e-08 
 4.10080051e-05  1.99893574e-01  2.00372555e-01  2.00463422e-01 -1.52177026e-05 -2.49150059e-08 -4.35573983e-08 
 4.10104504e-05  1.99892672e-01  2.00327460e-01  2.00382339e-01 -1.52142574e-05 -8.82842352e-09 -1.54555125e-08 
 4.10153411e-05  1.99891942e-01  2.00298475e-01  2.00303828e-01 -1.52365073e-05 -2.66711072e-10 -4.53276621e-10 
 4.10215430e-05  1.99891658e-01  2.00323173e-01  2.00300485e-01 -1.52364778e-05 -1.28492262e-11 -7.61598982e-12 
 4.10317101e-05  1.99891631e-01  2.00397674e-01  2.00367414e-01 -1.52568234e-05  3.55195972e-12  8.12740858e-12 
 4.10455238e-05  1.99891646e-01  2.00473337e-01  2.00452689e-01 -1.52525059e-05  1.11722504e-11  2.04316955e-11 
 4.10634138e-05  1.99891715e-01  2.00500904e-01  2.00490842e-01 -1.52664276e-05 -7.02630662e-13  1.40175160e-12 
 4.10942287e-05  1.99891659e-01  2.00472247e-01  2.00466251e-01 -1.52580134e-05 -1.64279549e-12 -1.31216695e-12 
 4.11471144e-05  1.99891644e-01  2.00446350e-01  2.00435233e-01 -1.52689207e-05 -1.49750503e-12 -4.49424731e-13 
 4.12000000e-05  1.99891640e-01  2.00473392e-01  2.00461939e-01 -1.52582314e-05  1.62232987e-12  3.92262861e-12 
 4.12000361e-05  1.99895513e-01  2.00513332e-01  2.00462528e-01 -1.33588143e-05  4.25471109e-09  1.81945982e-09 
 4.12001083e-05  1.99900195e-01  2.00570415e-01  2.00464502e-01 -1.23702701e-05  1.16258363e-08  5.27214131e-09 
 4.12002527e-05  1.99908907e-01  2.00627835e-01  2.00471498e-01 -1.16959898e-05  2.14908454e-08  1.15650961e-08 
 4.12004376e-05  1.99920247e-01  2.00660741e-01  2.00483107e-01 -1.14396403e-05  2.98319689e-08  1.89167317e-08 
 4.12007872e-05  1.99941304e-01  2.00682377e-01  2.00506422e-01 -1.14729726e-05  4.19657372e-08  3.13688088e-08 
 4.12011787e-05  1.99965411e-01  2.00696952e-01  2.00531582e-01 -1.14511255e-05  5.32195961e-08  4.34364714e-08 
 4.12014512e-05  1.99982478e-01  2.00704148e-01  2.00548011e-01 -1.16784799e-05  5.86708582e-08  5.07599264e-08 
 4.12016523e-05  1.99996036e-01  2.00709102e-01  2.00559499e-01 -1.21117765e-05  5.70871490e-08  5.55731092e-08 
 4.12018063e-05  2.00007190e-01  2.00708995e-01  2.00567840e-01 -1.31214111e-05  4.59282803e-08  5.87983462e-08 
 4.12019378e-05  2.00017976e-01  2.00706097e-01  2.00574485e-01 -1.46486359e-05  2.14250744e-08  6.10840024e-08 
 4.12020629e-05  2.00029182e-01  2.00697610e-01  2.00580213e-01 -1.71015989e-05 -2.42733024e-08  6.26696609e-08 
 4.12021902e-05  2.00041907e-01  2.00682691e-01  2.00585172e-01 -2.05785400e-05 -1.04584802e-07  6.34857118e-08 
 4.12023193e-05  2.00055482e-01  2.00658596e-01  2.00588971e-01 -2.51060894e-05 -2.34174773e-07  6.32469878e-08 
 4.12024461e-05  2.00069167e-01  2.00625208e-01  2.00591093e-01 -2.98890256e-05 -4.22984486e-07  6.17154612e-08 
 4.12025649e-05  2.00081221e-01  2.00582731e-01  2.00591225e-01 -3.39612367e-05 -6.70498509e-07  5.88363549e-08 
 4.12026733e-05  2.00091059e-01  2.00532298e-01  2.00589368e-01 -3.63628290e-05 -9.71418874e-07  5.47075240e-08 
 4.12027951e-05  2.00099634e-01  2.00460674e-01  2.00584473e-01 -3.75044320e-05 -1.41213963e-06  4.80590840e-08 
 4.12029058e-05  2.00105005e-01  2.00385808e-01  2.00577057e-01 -3.83875268e-05 -1.91043542e-06  4.01775694e-08 
 4.12030754e-05  2.00108187e-01  2.00267293e-01  2.00559960e-01 -4.03382332e-05 -2.83719656e-06  2.52303623e-08 
 4.12032087e-05  2.00106581e-01  2.00178116e-01  2.00541931e-01 -4.20792149e-05 -3.68480032e-06  1.14968640e-08 
 4.12033310e-05  2.00101738e-01  2.00103254e-01  2.00522288e-01 -4.37579327e-05 -4.53628545e-06 -2.25365192e-09 
 4.12034408e-05  2.00094612e-01  2.00044334e-01  2.00502582e-01 -4.50809485e-05 -5.34424100e-06 -1.52064156e-08 
 4.12035123e-05  2.00087923e-01  2.00012200e-01  2.00488931e-01 -4.57775302e-05 -5.88223693e-06 -2.37456791e-08 
 4.12035499e-05  2.00083352e-01  1.99998538e-01  2.00481561e-01 -4.59563816e-05 -6.16469048e-06 -2.81786547e-08 
 4.12035860e-05  2.00077400e-01  1.99989294e-01  2.00474414e-01 -4.59237954e-05 -6.43048921e-06 -3.22870530e-08 
 4.12036134e-05  2.00071189e-01  1.99986523e-01  2.00469003e-01 -4.55966971e-05 -6.62345392e-06 -3.51970235e-08 
 4.12036401e-05  2.00063078e-01  1.99989574e-01  2.00463788e-01 -4.49323045e-05 -6.79863863e-06 -3.77328818e-08 
 4.12036708e-05  2.00051751e-01  2.00002849e-01  2.00457954e-01 -4.36638619e-05 -6.97740842e-06 -4.01189644e-08 
 4.12037053e-05  2.00037849e-01  2.00031901e-01  2.00451784e-01 -4.16850683e-05 -7.14224393e-06 -4.19735141e-08 
 4.12037448e-05  2.00022332e-01  2.00082346e-01  2.00445445e-01 -3.88843609e-05 -7.28099653e-06 -4.29777970e-08 
 4.12038016e-05  2.00003303e-01  2.00177843e-01  2.00438129e-01 -3.43686855e-05 -7.39181825e-06 -4.25411950e-08 
 4.12038373e-05  1.99994269e-01  2.00245732e-01  2.00434785e-01 -3.15063954e-05 -7.41379965e-06 -4.13249320e-08 
 4.12038726e-05  1.99987538e-01  2.00313896e-01  2.00432471e-01 -2.88083569e-05 -7.40695770e-06 -3.96143548e-08 
 4.12039146e-05  1.99982109e-01  2.00392120e-01  2.00430979e-01 -2.58949368e-05 -7.36972222e-06 -3.71266542e-08 
 4.12039603e-05  1.99978872e-01  2.00470156e-01  2.00430800e-01 -2.31496209e-05 -7.30245091e-06 -3.40799689e-08 
 4.12040080e-05  1.99977784e-01  2.00541481e-01  2.00432028e-01 -2.07860380e-05 -7.21169183e-06 -3.07201244e-08 
 4.12040593e-05  1.99978481e-01  2.00606198e-01  2.00434707e-01 -1.87543356e-05 -7.09870650e-06 -2.70487931e-08 
 4.12041160e-05  1.99980783e-01  2.00663934e-01  2.00438978e-01 -1.70572107e-05 -6.96311958e-06 -2.30506654e-08 
 4.12041807e-05  1.99984644e-01  2.00714744e-01  2.00445118e-01 -1.56627214e-05 -6.80159145e-06 -1.86444146e-08 
 4.12042558e-05  1.99990098e-01  2.00758025e-01  2.00453440e-01 -1.45878653e-05 -6.61115653e-06 -1.37739025e-08 
 4.12043457e-05  1.99997356e-01  2.00794154e-01  2.00464483e-01 -1.37967631e-05 -6.38451792e-06 -8.27761280e-09 
 4.12044566e-05  2.00006835e-01  2.00823867e-01  2.00478998e-01 -1.32746575e-05 -6.11163410e-06 -1.93762604e-09 
 4.12045997e-05  2.00019433e-01  2.00849040e-01  2.00498336e-01 -1.29605253e-05 -5.77375798e-06  5.65515563e-09 
 4.12047946e-05  2.00036847e-01  2.00872629e-01  2.00524778e-01 -1.28108199e-05 -5.34155256e-06  1.51236382e-08 
 4.12050000e-05  2.00055358e-01  2.00892246e-01  2.00552214e-01 -1.27590615e-05 -4.91965537e-06  2.41954862e-08 
 4.12050057e-05  2.00053819e-01  2.00883460e-01  2.00552950e-01 -1.39708924e-05 -4.90904201e-06  2.41264785e-08 
 4.12050172e-05  2.00052932e-01  2.00868557e-01  2.00554384e-01 -1.43396999e-05 -4.88781931e-06  2.40114203e-08 
 4.12050402e-05  2.00053194e-01  2.00847439e-01  2.00557067e-01 -1.44533246e-05 -4.84532045e-06  2.38290886e-08 
 4.12050861e-05  2.00052647e-01  2.00817021e-01  2.00561892e-01 -1.48652548e-05 -4.76051847e-06  2.35237216e-08 
 4.12051779e-05  2.00052905e-01  2.00778178e-01  2.00570032e-01 -1.51252255e-05 -4.59349532e-06  2.30661429e-08 
 4.12053280e-05  2.00052843e-01  2.00749654e-01  2.00580749e-01 -1.53646748e-05 -4.33118169e-06  2.24684556e-08 
 4.12055192e-05  2.00053497e-01  2.00741673e-01  2.00592159e-01 -1.53166037e-05 -4.01800788e-06  2.17626588e-08 
 4.12058370e-05  2.00053802e-01  2.00747106e-01  2.00609154e-01 -1.53779130e-05 -3.54643349e-06  2.05658587e-08 
 4.12063163e-05  2.00054841e-01  2.00762466e-01  2.00632878e-01 -1.53078072e-05 -2.93675618e-06  1.87428981e-08 
 4.12071782e-05  2.00055691e-01  2.00786674e-01  2.00671593e-01 -1.53715995e-05 -2.08722824e-06  1.55669130e-08 
 4.12089019e-05  2.00057431e-01  2.00821396e-01  2.00734354e-01 -1.53001616e-05 -1.03223233e-06  1.01807762e-08 
 4.12123492e-05  2.00058495e-01  2.00849381e-01  2.00808625e-01 -1.53548465e-05 -1.99204827e-07  3.60236450e-09 
 4.12176633e-05  2.00059212e-01  2.00826191e-01  2.00828327e-01 -1.52757455e-05  4.21546800e-09  3.21176986e-10 
 4.12245794e-05  2.00058967e-01  2.00746416e-01  2.00767892e-01 -1.53287798e-05 -6.23363413e-10 -3.80598424e-11 
 4.12360887e-05  2.00059159e-01  2.00614099e-01  2.00631714e-01 -1.52519460e-05  2.21623406e-10 -1.28850703e-11 
 4.12499968e-05  2.00058815e-01  2.00523092e-01  2.00524105e-01 -1.53104043e-05 -1.22365409e-10 -2.53023874e-11 
 4.12709141e-05  2.00059037e-01  2.00510943e-01  2.00496483e-01 -1.52407529e-05  6.69211212e-11  6.90553723e-12 
 4.13058380e-05  2.00058837e-01  2.00591041e-01  2.00574307e-01 -1.53035353e-05 -4.56365204e-11  3.73442976e-12 
 4.13586392e-05  2.00059168e-01  2.00638292e-01  2.00629719e-01 -1.52382898e-05  3.97002817e-11  4.21092924e-12 
 4.14257493e-05  2.00058905e-01  2.00617974e-01  2.00608096e-01 -1.53035852e-05 -3.57589741e-11 -3.52163155e-12 
 4.15257493e-05  2.00059203e-01  2.00643366e-01  2.00631987e-01 -1.52383704e-05  3.17794033e-11  5.84732978e-12 
 4.16257493e-05  2.00058984e-01  2.00652710e-01  2.00643452e-01 -1.53035068e-05 -2.90191926e-11 -2.85856603e-12 
 4.17257493e-05  2.00059268e-01  2.00650373e-01  2.00639752e-01 -1.52384368e-05  2.50883353e-11  4.25767364e-12 
 4.18257493e-05  2.00059046e-01  2.00660043e-01  2.00650082e-01 -1.53034780e-05 -2.30347646e-11 -1.56999554e-12 
 4.19257493e-05  2.00059335e-01  2.00657262e-01  2.00647297e-01 -1.52384465e-05  1.98089021e-11  3.29981740e-12 
 4.20257493e-05  2.00059106e-01  2.00659793e-01  2.00649580e-01 -1.53034820e-05 -1.85028895e-11 -1.09999851e-12 
 4.21257493e-05  2.00059399e-01  2.00660638e-01  2.00650729e-01 -1.52384420e-05  1.58427097e-11  3.07210339e-12 
 4.22257493e-05  2.00059168e-01  2.00659953e-01  2.00649841e-01 -1.53034841e-05 -1.49936684e-11 -1.00814105e-12 
 4.23257493e-05  2.00059461e-01  2.00661155e-01  2.00651137e-01 -1.52384446e-05  1.26698424e-11  2.97527790e-12 
 4.24257493e-05  2.00059231e-01  2.00660686e-01  2.00650662e-01 -1.53034785e-05 -1.21057782e-11 -8.80860489e-13 
 4.25257493e-05  2.00059523e-01  2.00660984e-01  2.00650929e-01 -1.52384518e-05  1.00306363e-11  2.80689529e-12 
 4.26257493e-05  2.00059293e-01  2.00661106e-01  2.00651088e-01 -1.53034713e-05 -9.70379766e-12 -6.97994342e-13 
 4.27257493e-05  2.00059585e-01  2.00661004e-01  2.00650963e-01 -1.52384586e-05  7.85275534e-12  2.62695914e-12 
 4.28257493e-05  2.00059356e-01  2.00661190e-01  2.00651156e-01 -1.53034651e-05 -7.73782427e-12 -5.36471475e-13 
 4.29257493e-05  2.00059647e-01  2.00661142e-01  2.00651113e-01 -1.52384643e-05  6.08132576e-12  2.48685149e-12 
 4.30257493e-05  2.00059418e-01  2.00661206e-01  2.00651167e-01 -1.53034597e-05 -6.14273541e-12 -4.16670821e-13 
 4.31128747e-05  2.00059705e-01  2.00661244e-01  2.00651214e-01 -1.52384701e-05  4.54869627e-12  2.37573145e-12 
 4.32000000e-05  2.00059472e-01  2.00661251e-01  2.00651215e-01 -1.53034533e-05 -4.67542606e-12 -3.11505487e-13 
 4.32001227e-05  2.00046130e-01  2.00575095e-01  2.00647185e-01 -1.72989822e-05 -8.76650393e-09 -5.66720825e-09 
 4.32003680e-05  2.00023854e-01  2.00481624e-01  2.00635130e-01 -1.79962231e-05 -2.11266603e-08 -1.60875555e-08 
 4.32007123e-05  1.99993558e-01  2.00455646e-01  2.00612388e-01 -1.80452215e-05 -3.17618351e-08 -2.87162809e-08 
 4.32011149e-05  1.99958370e-01  2.00441192e-01  2.00586456e-01 -1.89783959e-05 -4.00300039e-08 -4.14687439e-08 
 4.32013694e-05  1.99937366e-01  2.00437353e-01  2.00571225e-01 -2.09783405e-05 -3.58747059e-08 -4.83484152e-08 
 4.32015573e-05  1.99923016e-01  2.00436368e-01  2.00560768e-01 -2.40261882e-05 -2.14582859e-08 -5.27722906e-08 
 4.32017291e-05  1.99911345e-01  2.00440405e-01  2.00551967e-01 -2.82845984e-05  6.23247149e-09 -5.62399000e-08 
 4.32018991e-05  1.99901179e-01  2.00447548e-01  2.00544209e-01 -3.40468844e-05  5.34214115e-08 -5.90340414e-08 
 4.32020502e-05  1.99893466e-01  2.00459307e-01  2.00538295e-01 -4.03602909e-05  1.18728885e-07 -6.08708604e-08 
 4.32021762e-05  1.99887751e-01  2.00473264e-01  2.00534261e-01 -4.64143352e-05  1.97057181e-07 -6.18100569e-08 
 4.32022818e-05  1.99883459e-01  2.00490009e-01  2.00531669e-01 -5.18761427e-05  2.86316684e-07 -6.20477235e-08 
 4.32023732e-05  1.99879823e-01  2.00509196e-01  2.00530157e-01 -5.68038196e-05  3.87759064e-07 -6.17179443e-08 
 4.32024553e-05  1.99876586e-01  2.00531966e-01  2.00529524e-01 -6.12244790e-05  5.04783480e-07 -6.08605006e-08 
 4.32025327e-05  1.99873321e-01  2.00559630e-01  2.00529715e-01 -6.53035183e-05  6.45173949e-07 -5.94192989e-08 
 4.32026149e-05  1.99870019e-01  2.00596901e-01  2.00530961e-01 -6.94081022e-05  8.33911916e-07 -5.70662032e-08 
 4.32027027e-05  1.99867455e-01  2.00644469e-01  2.00533711e-01 -7.35991327e-05  1.08485242e-06 -5.35638418e-08 
 4.32028168e-05  1.99866674e-01  2.00712311e-01  2.00539719e-01 -7.88910326e-05  1.48338481e-06 -4.76471018e-08 
 4.32029173e-05  1.99868337e-01  2.00772564e-01  2.00547312e-01 -8.35100373e-05  1.89416909e-06 -4.13807023e-08 
 4.32030396e-05  1.99873134e-01  2.00841943e-01  2.00559252e-01 -8.90711836e-05  2.45635566e-06 -3.27290124e-08 
 4.32031725e-05  1.99881168e-01  2.00909906e-01  2.00575123e-01 -9.48831825e-05  3.12824025e-06 -2.23760530e-08 
 4.32033251e-05  1.99893408e-01  2.00976921e-01  2.00596340e-01 -1.00852471e-04  3.95724604e-06 -9.65303552e-09 
 4.32034703e-05  1.99907201e-01  2.01027451e-01  2.00618688e-01 -1.05015136e-04  4.77913317e-06  2.83827069e-09 
 4.32035718e-05  1.99917572e-01  2.01051369e-01  2.00635030e-01 -1.05650784e-04  5.35311584e-06  1.14106924e-08 
 4.32036363e-05  1.99924031e-01  2.01057396e-01  2.00645453e-01 -1.03329327e-04  5.70340832e-06  1.64934718e-08 
 4.32036896e-05  1.99929002e-01  2.01052704e-01  2.00653878e-01 -9.89225994e-05  5.97173061e-06  2.02083444e-08 
 4.32037488e-05  1.99933773e-01  2.01033768e-01  2.00662757e-01 -9.17354884e-05  6.23473933e-06  2.35561980e-08 
 4.32038184e-05  1.99938182e-01  2.00992530e-01  2.00672104e-01 -8.13402107e-05  6.48444609e-06  2.62284084e-08 
 4.32038947e-05  1.99941325e-01  2.00927633e-01  2.00680464e-01 -6.91357652e-05  6.67741424e-06  2.75260226e-08 
 4.32039931e-05  1.99942905e-01  2.00825738e-01  2.00687650e-01 -5.44205780e-05  6.80480548e-06  2.69120857e-08 
 4.32040865e-05  1.99942136e-01  2.00723541e-01  2.00690472e-01 -4.30995035e-05  6.81579500e-06  2.44210209e-08 
 4.32041700e-05  1.99940021e-01  2.00637473e-01  2.00689815e-01 -3.54860562e-05  6.75493560e-06  2.11014096e-08 
 4.32042556e-05  1.99936813e-01  2.00560166e-01  2.00686417e-01 -2.98906934e-05  6.64312300e-06  1.70522121e-08 
 4.32043514e-05  1.99932387e-01  2.00488774e-01  2.00679952e-01 -2.56647593e-05  6.47829465e-06  1.21087684e-08 
 4.32044465e-05  1.99927385e-01  2.00433163e-01  2.00671395e-01 -2.30279804e-05  6.28908587e-06  7.03585438e-09 
 4.32045541e-05  1.99921322e-01  2.00385848e-01  2.00659940e-01 -2.12373155e-05  6.05993406e-06  1.33006711e-09 
 4.32046691e-05  1.99914544e-01  2.00349250e-01  2.00646349e-01 -2.01939634e-05  5.80886826e-06 -4.59450407e-09 
 4.32048059e-05  1.99906290e-01  2.00318491e-01  2.00629159e-01 -1.95667097e-05  5.51208949e-06 -1.13246121e-08 
 4.32049030e-05  1.99900364e-01  2.00302413e-01  2.00616644e-01 -1.93591052e-05  5.30670525e-06 -1.58613808e-08 
 4.32050000e-05  1.99894428e-01  2.00289281e-01  2.00604048e-01 -1.92346682e-05  5.10710782e-06 -2.02040163e-08 
 4.32050021e-05  1.99895311e-01  2.00292752e-01  2.00603785e-01 -1.81917599e-05  5.10320660e-06 -2.01791146e-08 
 4.32050062e-05  1.99896136e-01  2.00299158e-01  2.00603264e-01 -1.77866246e-05  5.09544061e-06 -2.01355429e-08 
 4.32050144e-05  1.99896066e-01  2.00309621e-01  2.00602251e-01 -1.75695879e-05  5.07997836e-06 -2.00680153e-08 
 4.32050308e-05  1.99896185e-01  2.00325613e-01  2.00600323e-01 -1.72657544e-05  5.04904050e-06 -1.99518786e-08 
 4.32050578e-05  1.99896182e-01  2.00345853e-01  2.00597365e-01 -1.68301482e-05  4.99806188e-06 -1.97878612e-08 
 4.32051120e-05  1.99896276e-01  2.00375823e-01  2.00592083e-01 -1.62343278e-05  4.89659008e-06 -1.95332643e-08 
 4.32052203e-05  1.99896223e-01  2.00411211e-01  2.00583239e-01 -1.55892226e-05  4.69711564e-06 -1.91810112e-08 
 4.32054369e-05  1.99896080e-01  2.00433879e-01  2.00569063e-01 -1.52435916e-05  4.31739628e-06 -1.86778109e-08 
 4.32057317e-05  1.99895727e-01  2.00430415e-01  2.00552696e-01 -1.52045867e-05  3.84591922e-06 -1.80082089e-08 
 4.32061372e-05  1.99895357e-01  2.00417617e-01  2.00531888e-01 -1.52133231e-05  3.27926075e-06 -1.69652541e-08 
 4.32067054e-05  1.99894824e-01  2.00400715e-01  2.00504795e-01 -1.52008115e-05  2.62143047e-06 -1.53839017e-08 
 4.32077662e-05  1.99894121e-01  2.00375092e-01  2.00460368e-01 -1.52133697e-05  1.71822805e-06 -1.24073103e-08 
 4.32098878e-05  1.99893111e-01  2.00342328e-01  2.00393827e-01 -1.52045991e-05  7.08179155e-07 -7.37907171e-09 
 4.32141310e-05  1.99892245e-01  2.00328356e-01  2.00330933e-01 -1.52266421e-05  6.46630371e-08 -1.86222458e-09 
 4.32196769e-05  1.99891872e-01  2.00367361e-01  2.00338199e-01 -1.52262705e-05 -2.76958426e-09 -7.91705247e-11 
 4.32279628e-05  1.99891818e-01  2.00458911e-01  2.00419172e-01 -1.52500744e-05  6.58029880e-10  2.68254815e-11 
 4.32417893e-05  1.99891838e-01  2.00579537e-01  2.00551408e-01 -1.52480048e-05 -2.85198191e-10  2.09301578e-11 
 4.32566513e-05  1.99891934e-01  2.00626854e-01  2.00613901e-01 -1.52650352e-05  1.50985649e-10  1.22743265e-11 
 4.32831348e-05  1.99891886e-01  2.00593532e-01  2.00590789e-01 -1.52564985e-05 -1.03205627e-10 -6.43817237e-12 
 4.33303544e-05  1.99891825e-01  2.00511698e-01  2.00503617e-01 -1.52698907e-05  7.75845566e-11 -8.48235111e-13 
 4.33840518e-05  1.99891786e-01  2.00516748e-01  2.00504680e-01 -1.52574308e-05 -6.50002070e-11  2.00828368e-12 
 4.34677246e-05  1.99891861e-01  2.00523286e-01  2.00514705e-01 -1.52696117e-05  5.73735822e-11  1.15436914e-12 
 4.35677246e-05  1.99891814e-01  2.00497906e-01  2.00487783e-01 -1.52575026e-05 -5.32622052e-11 -2.78842487e-13 
 4.36677246e-05  1.99891871e-01  2.00504022e-01  2.00493795e-01 -1.52696035e-05  4.75010625e-11  2.44629577e-12 
 4.37677246e-05  1.99891850e-01  2.00497806e-01  2.00488261e-01 -1.52574761e-05 -4.37479033e-11 -4.14913546e-13 
 4.38677246e-05  1.99891896e-01  2.00495326e-01  2.00484987e-01 -1.52696295e-05  3.86128510e-11  2.09991811e-12 
 4.39677246e-05  1.99891880e-01  2.00497108e-01  2.00487284e-01 -1.52574565e-05 -3.55474367e-11  1.75532006e-13 
 4.40677246e-05  1.99891928e-01  2.00494150e-01  2.00484085e-01 -1.52696369e-05  3.12260189e-11  1.61541662e-12 
 4.41677246e-05  1.99891909e-01  2.00495290e-01  2.00485248e-01 -1.52574562e-05 -2.89346672e-11  5.13298497e-13 
 4.42677246e-05  1.99891960e-01  2.00494706e-01  2.00484725e-01 -1.52696331e-05  2.53333550e-11  1.44237015e-12 
 4.43677246e-05  1.99891939e-01  2.00494407e-01  2.00484357e-01 -1.52574600e-05 -2.36584487e-11  5.99364742e-13 
 4.44677246e-05  1.99891991e-01  2.00494798e-01  2.00484778e-01 -1.52696305e-05  2.05900132e-11  1.39591480e-12 
 4.45677246e-05  1.99891971e-01  2.00494385e-01  2.00484377e-01 -1.52574609e-05 -1.93726883e-11  6.49122141e-13 
 4.46677246e-05  1.99892022e-01  2.00494622e-01  2.00484572e-01 -1.52696306e-05  1.67103336e-11  1.33309070e-12 
 4.47677246e-05  1.99892002e-01  2.00494528e-01  2.00484531e-01 -1.52574603e-05 -1.58582852e-11  7.25285446e-13 
 4.48677246e-05  1.99892053e-01  2.00494546e-01  2.00484496e-01 -1.52696313e-05  1.35301093e-11  1.25282033e-12 
 4.49677246e-05  1.99892033e-01  2.00494578e-01  2.00484575e-01 -1.52574598e-05 -1.29836682e-11  8.02775272e-13 
 4.50677246e-05  1.99892084e-01  2.00494578e-01  2.00484534e-01 -1.52696315e-05  1.09345454e-11  1.18299093e-12 
 4.51677246e-05  1.99892064e-01  2.00494583e-01  2.00484576e-01 -1.52574597e-05 -1.06411822e-11  8.64005536e-13 
 4.52677246e-05  1.99892115e-01  2.00494627e-01  2.00484585e-01 -1.52696315e-05  8.82066295e-12  1.12960005e-12 
 4.53677246e-05  1.99892095e-01  2.00494601e-01  2.00484594e-01 -1.52574597e-05 -8.73313965e-12  9.11317246e-13 
 4.54677246e-05  1.99892146e-01  2.00494661e-01  2.00484618e-01 -1.52696316e-05  7.09792143e-12  1.08687164e-12 
 4.55677246e-05  1.99892126e-01  2.00494633e-01  2.00484627e-01 -1.52574596e-05 -7.17730649e-12  9.50530616e-13 
 4.56677246e-05  1.99892177e-01  2.00494688e-01  2.00484645e-01 -1.52696317e-05  5.69266054e-12  1.05065078e-12 
 4.57677246e-05  1.99892157e-01  2.00494666e-01  2.00484661e-01 -1.52574595e-05 -5.90801778e-12  9.83983565e-13 
 4.58677246e-05  1.99892208e-01  2.00494717e-01  2.00484674e-01 -1.52696318e-05  4.54623990e-12  1.01988735e-12 
 4.59677246e-05  1.99892188e-01  2.00494698e-01  2.00484692e-01 -1.52574593e-05 -4.87263398e-12  1.01214263e-12 
 4.60677246e-05  1.99892239e-01  2.00494748e-01  2.00484705e-01 -1.52696319e-05  3.61118340e-12  9.94203689e-13 
 4.61677246e-05  1.99892220e-01  2.00494729e-01  2.00484722e-01 -1.52574592e-05 -4.02819379e-12  1.03553207e-12 
 4.62677246e-05  1.99892270e-01  2.00494779e-01  2.00484736e-01 -1.52696320e-05  2.84856947e-12  9.72905187e-13 
 4.63677246e-05  1.99892251e-01  2.00494759e-01  2.00484753e-01 -1.52574591e-05 -3.33946065e-12  1.05494248e-12 
 4.64677246e-05  1.99892302e-01  2.00494810e-01  2.00484767e-01 -1.52696321e-05  2.22653927e-12  9.55200329e-13 
 4.65677246e-05  1.99892282e-01  2.00494790e-01  2.00484784e-01 -1.52574590e-05 -2.77765376e-12  1.07110197e-12 
 4.66677246e-05  1.99892333e-01  2.00494841e-01  2.00484798e-01 -1.52696322e-05  1.71911205e-12  9.40448728e-13 
 4.67677246e-05  1.99892313e-01  2.00494822e-01  2.00484815e-01 -1.52574589e-05 -2.31933418e-12  1.08456554e-12 
 4.68338623e-05  1.99892358e-01  2.00494867e-01  2.00484824e-01 -1.52696324e-05  1.21173427e-12  9.25359778e-13 
 4.69000000e-05  1.99892333e-01  2.00494842e-01  2.00484835e-01 -1.52574587e-05 -1.78095017e-12  1.10076851e-12 
 4.69100000e-05  1.99892353e-01  2.00494861e-01  2.00484836e-01 -1.52635457e-05 -7.11404676e-13  9.99885721e-13 
 4.69300000e-05  1.99892356e-01  2.00494864e-01  2.00484840e-01 -1.52635454e-05 -2.28668430e-13  1.01516338e-12 
 4.69650000e-05  1.99892361e-01  2.00494869e-01  2.00484845e-01 -1.52635457e-05 -5.43563675e-13  1.00480361e-12 
 4.70000000e-05  1.99892367e-01  2.00494875e-01  2.00484850e-01 -1.52635454e-05 -3.08100333e-13  1.01272566e-12 
 4.70000270e-05  1.99893531e-01  2.00510799e-01  2.00485021e-01 -1.25622950e-05  3.93323538e-09  6.86851234e-10 
 4.70000811e-05  1.99894199e-01  2.00534792e-01  2.00485615e-01 -1.20404931e-05  1.17079815e-08  1.99174375e-09 
 4.70001893e-05  1.99895110e-01  2.00562210e-01  2.00487854e-01 -1.17138444e-05  2.62220653e-08  4.38376888e-09 
 4.70003326e-05  1.99896494e-01  2.00580930e-01  2.00491961e-01 -1.14837745e-05  4.40406833e-08  7.29521407e-09 
 4.70006193e-05  1.99898930e-01  2.00593443e-01  2.00501201e-01 -1.15160230e-05  7.66319978e-08  1.25730461e-08 
 4.70009646e-05  1.99902054e-01  2.00597966e-01  2.00512116e-01 -1.14625870e-05  1.11410889e-07  1.81765156e-08 
 4.70016049e-05  1.99908203e-01  2.00599720e-01  2.00529529e-01 -1.22530268e-05  1.65207288e-07  2.66147422e-08 
 4.70017097e-05  1.99909837e-01  2.00598746e-01  2.00531980e-01 -1.26077476e-05  1.72666709e-07  2.77197932e-08 
 4.70019194e-05  1.99914327e-01  2.00588449e-01  2.00536132e-01 -1.49709116e-05  1.84242454e-07  2.93130020e-08 
 4.70020664e-05  1.99919462e-01  2.00572847e-01  2.00538102e-01 -1.80801345e-05  1.87029279e-07  2.97152379e-08 
 4.70021875e-05  1.99924973e-01  2.00551354e-01  2.00538763e-01 -2.19676001e-05  1.81488230e-07  2.93415492e-08 
 4.70023072e-05  1.99931800e-01  2.00521152e-01  2.00538177e-01 -2.66657697e-05  1.61288248e-07  2.81380125e-08 
 4.70024258e-05  1.99939521e-01  2.00480393e-01  2.00535980e-01 -3.18944452e-05  1.13223322e-07  2.59080719e-08 
 4.70025355e-05  1.99947584e-01  2.00431055e-01  2.00532101e-01 -3.63681918e-05  2.36841434e-08  2.26902877e-08 
 4.70026344e-05  1.99955249e-01  2.00374091e-01  2.00526690e-01 -3.94697906e-05 -1.18343052e-07  1.85887260e-08 
 4.70027339e-05  1.99963461e-01  2.00302984e-01  2.00518956e-01 -4.12681757e-05 -3.51609875e-07  1.30724375e-08 
 4.70028402e-05  1.99972604e-01  2.00214753e-01  2.00507703e-01 -4.29550518e-05 -7.43724271e-07  5.58163479e-09 
 4.70029749e-05  1.99985096e-01  2.00096487e-01  2.00488712e-01 -4.53910517e-05 -1.53264669e-06 -5.97649834e-09 
 4.70030964e-05  1.99996961e-01  1.99992070e-01  2.00467152e-01 -4.78040095e-05 -2.60016664e-06 -1.80505666e-08 
 4.70032263e-05  2.00010018e-01  1.99889273e-01  2.00439971e-01 -5.02862425e-05 -4.19690930e-06 -3.22794234e-08 
 4.70033309e-05  2.00020180e-01  1.99817054e-01  2.00415516e-01 -5.20175529e-05 -5.86955389e-06 -4.44080780e-08 
 4.70033952e-05  2.00026448e-01  1.99780319e-01  2.00399597e-01 -5.26760049e-05 -7.09676384e-06 -5.19887791e-08 
 4.70034359e-05  2.00030753e-01  1.99762122e-01  2.00389294e-01 -5.28628671e-05 -7.96958328e-06 -5.67363214e-08 
 4.70034713e-05  2.00034765e-01  1.99751228e-01  2.00380246e-01 -5.27262053e-05 -8.80635009e-06 -6.07583878e-08 
 4.70034989e-05  2.00037484e-01  1.99747562e-01  2.00373225e-01 -5.23459992e-05 -9.51308465e-06 -6.37323500e-08 
 4.70035228e-05  2.00038957e-01  1.99749555e-01  2.00367182e-01 -5.16530840e-05 -1.01710960e-05 -6.61216717e-08 
 4.70035468e-05  2.00039195e-01  1.99758390e-01  2.00361230e-01 -5.05581219e-05 -1.08741239e-05 -6.82366254e-08 
 4.70035786e-05  2.00038067e-01  1.99783059e-01  2.00353635e-01 -4.84740516e-05 -1.18735611e-05 -7.04580940e-08 
 4.70036075e-05  2.00036361e-01  1.99818683e-01  2.00347163e-01 -4.60966309e-05 -1.28469546e-05 -7.18271097e-08 
 4.70036491e-05  2.00033991e-01  1.99888607e-01  2.00338866e-01 -4.21523271e-05 -1.43473254e-05 -7.27155955e-08 
 4.70036903e-05  2.00032694e-01  1.99973538e-01  2.00332028e-01 -3.80053738e-05 -1.59468104e-05 -7.24861955e-08 
 4.70037232e-05  2.00032788e-01  2.00047044e-01  2.00327685e-01 -3.47442608e-05 -1.72939398e-05 -7.16674887e-08 
 4.70037568e-05  2.00033970e-01  2.00122541e-01  2.00324317e-01 -3.16200459e-05 -1.87214292e-05 -7.04132853e-08 
 4.70037972e-05  2.00036751e-01  2.00210274e-01  2.00321619e-01 -2.82202817e-05 -2.05135268e-05 -6.85143358e-08 
 4.70038348e-05  2.00040465e-01  2.00285355e-01  2.00320371e-01 -2.54831367e-05 -2.22327866e-05 -6.65187209e-08 
 4.70038779e-05  2.00045808e-01  2.00362237e-01  2.00320259e-01 -2.28337400e-05 -2.42739459e-05 -6.40816093e-08 
 4.70039207e-05  2.00051963e-01  2.00427860e-01  2.00321359e-01 -2.06935727e-05 -2.63605919e-05 -6.16040782e-08 
 4.70039719e-05  2.00060120e-01  2.00492927e-01  2.00323973e-01 -1.86935005e-05 -2.89281026e-05 -5.86431788e-08 
 4.70040258e-05  2.00069352e-01  2.00547526e-01  2.00327947e-01 -1.71221852e-05 -3.17133682e-05 -5.55644192e-08 
 4.70040920e-05  2.00081274e-01  2.00598700e-01  2.00334092e-01 -1.57671947e-05 -3.52385783e-05 -5.18532376e-08 
 4.70041658e-05  2.00095030e-01  2.00640180e-01  2.00342097e-01 -1.47824892e-05 -3.92979774e-05 -4.77799671e-08 
 4.70042603e-05  2.00113096e-01  2.00677195e-01  2.00353468e-01 -1.40384304e-05 -4.46898555e-05 -4.25828233e-08 
 4.70043734e-05  2.00135105e-01  2.00706973e-01  2.00368011e-01 -1.35791402e-05 -5.14157344e-05 -3.62716336e-08 
 4.70045288e-05  2.00165717e-01  2.00734745e-01  2.00388682e-01 -1.33118113e-05 -6.11018404e-05 -2.72498515e-08 
 4.70047341e-05  2.00206408e-01  2.00761423e-01  2.00416234e-01 -1.31950713e-05 -7.46154477e-05 -1.44536120e-08 
 4.70050000e-05  2.00258971e-01  2.00790085e-01  2.00451534e-01 -1.31549798e-05 -9.31814629e-05  3.92671598e-09 
 4.70050066e-05  2.00258403e-01  2.00785690e-01  2.00452391e-01 -1.54570330e-05 -9.36582829e-05  4.22974583e-09 
 4.70050199e-05  2.00258056e-01  2.00778372e-01  2.00454083e-01 -1.56721616e-05 -9.46090720e-05  4.85185966e-09 
 4.70050464e-05  2.00258141e-01  2.00768396e-01  2.00457347e-01 -1.55853263e-05 -9.64901453e-05  6.16170086e-09 
 4.70050995e-05  2.00258028e-01  2.00754519e-01  2.00463522e-01 -1.56912430e-05 -1.00168441e-04  8.96230857e-09 
 4.70052056e-05  2.00258500e-01  2.00739259e-01  2.00474883e-01 -1.55992358e-05 -1.07200863e-04  1.51665471e-08 
 4.70053313e-05  2.00259059e-01  2.00733984e-01  2.00487226e-01 -1.56372582e-05 -1.14991979e-04  2.33678802e-08 
 4.70055240e-05  2.00260410e-01  2.00737335e-01  2.00504926e-01 -1.55118076e-05 -1.25885123e-04  3.73858960e-08 
 4.70058229e-05  2.00262678e-01  2.00750861e-01  2.00530778e-01 -1.55068764e-05 -1.40479371e-04  6.16999823e-08 
 4.70064207e-05  2.00268736e-01  2.00779232e-01  2.00578674e-01 -1.53194880e-05 -1.62652838e-04  1.15305392e-07 
 4.70073171e-05  2.00279749e-01  2.00811844e-01  2.00641561e-01 -1.52597241e-05 -1.82471635e-04  1.96824438e-07 
 4.70081738e-05  2.00291998e-01  2.00832355e-01  2.00691440e-01 -1.51143149e-05 -1.90728609e-04  2.66359106e-07 
 4.70092020e-05  2.00307428e-01  2.00845442e-01  2.00738319e-01 -1.51213689e-05 -1.92096401e-04  3.31766987e-07 
 4.70102605e-05  2.00323845e-01  2.00847723e-01  2.00772643e-01 -1.50213605e-05 -1.87589231e-04  3.77533713e-07 
 4.70116021e-05  2.00344128e-01  2.00837553e-01  2.00798010e-01 -1.50655792e-05 -1.77478954e-04  4.08360371e-07 
 4.70130779e-05  2.00365668e-01  2.00813263e-01  2.00805922e-01 -1.49938486e-05 -1.63954886e-04  4.15862835e-07 
 4.70150062e-05  2.00391558e-01  2.00767113e-01  2.00791575e-01 -1.50616115e-05 -1.45845524e-04  4.00059009e-07 
 4.70173240e-05  2.00419710e-01  2.00698397e-01  2.00747955e-01 -1.50080230e-05 -1.25743102e-04  3.62424026e-07 
 4.70205223e-05  2.00453113e-01  2.00594130e-01  2.00660782e-01 -1.50900604e-05 -1.02410541e-04  3.03075264e-07 
 4.70237151e-05  2.00481469e-01  2.00490880e-01  2.00560777e-01 -1.50433355e-05 -8.39508350e-05  2.49001595e-07 
 4.70275873e-05  2.00510105e-01  2.00378611e-01  2.00442016e-01 -1.51270282e-05 -6.66943335e-05  1.96255906e-07 
 4.70314567e-05  2.00534045e-01  2.00286834e-01  2.00337912e-01 -1.50815448e-05 -5.36829685e-05  1.56216771e-07 
 4.70361020e-05  2.00557588e-01  2.00206888e-01  2.00240563e-01 -1.51652568e-05 -4.20098533e-05  1.20635228e-07 
 4.70409159e-05  2.00577673e-01  2.00158030e-01  2.00173740e-01 -1.51201402e-05 -3.31345641e-05  9.39801811e-08 
 4.70466800e-05  2.00596896e-01  2.00139769e-01  2.00136418e-01 -1.52026579e-05 -2.54047875e-05  7.11582616e-08 
 4.70528357e-05  2.00613375e-01  2.00159728e-01  2.00140086e-01 -1.51563821e-05 -1.95029562e-05  5.40462853e-08 
 4.70602076e-05  2.00628582e-01  2.00221904e-01  2.00188615e-01 -1.52363692e-05 -1.44933185e-05  3.97776000e-08 
 4.70682905e-05  2.00641465e-01  2.00318840e-01  2.00277267e-01 -1.51875676e-05 -1.06731418e-05  2.90726387e-08 
 4.70780817e-05  2.00652823e-01  2.00450248e-01  2.00406032e-01 -1.52640394e-05 -7.50464239e-06  2.03180132e-08 
 4.70890792e-05  2.00662083e-01  2.00589747e-01  2.00548942e-01 -1.52117693e-05 -5.14243962e-06  1.38611582e-08 
 4.71023812e-05  2.00669504e-01  2.00723552e-01  2.00690926e-01 -1.52840055e-05 -3.30246295e-06  8.87313668e-09 
 4.71175921e-05  2.00675095e-01  2.00822618e-01  2.00799485e-01 -1.52278037e-05 -2.01590267e-06  5.40172317e-09 
 4.71361107e-05  2.00678936e-01  2.00884146e-01  2.00868548e-01 -1.52959485e-05 -1.11231489e-06  2.97419339e-09 
 4.71578685e-05  2.00681505e-01  2.00916971e-01  2.00904271e-01 -1.52362118e-05 -5.54992617e-07  1.48076096e-09 
 4.71850351e-05  2.00682846e-01  2.00950353e-01  2.00936947e-01 -1.53010898e-05 -2.29664169e-07  6.14326665e-10 
 4.72186247e-05  2.00683668e-01  2.01002666e-01  2.00988327e-01 -1.52389315e-05 -7.47701172e-08  2.02590628e-10 
 4.72633541e-05  2.00683881e-01  2.01068784e-01  2.01055511e-01 -1.53021977e-05 -1.42277743e-08  4.15530408e-11 
 4.73248393e-05  2.00684097e-01  2.01128883e-01  2.01117044e-01 -1.52393527e-05 -6.27679439e-10  3.58102523e-12 
 4.74203600e-05  2.00684042e-01  2.01188615e-01  2.01177191e-01 -1.53023344e-05  1.96773010e-10  1.57562114e-12 
 4.75203600e-05  2.00684187e-01  2.01229518e-01  2.01218745e-01 -1.52393890e-05 -1.17479535e-10  1.67431992e-12 
 4.76203600e-05  2.00684110e-01  2.01250892e-01  2.01240457e-01 -1.53023497e-05  9.36512311e-11  1.10869473e-12 
 4.77203600e-05  2.00684239e-01  2.01264349e-01  2.01253983e-01 -1.52394096e-05 -8.79160471e-11  1.34338227e-12 
 4.78203600e-05  2.00684154e-01  2.01272270e-01  2.01262104e-01 -1.53023490e-05  7.92522781e-11  9.61876087e-13 
 4.79203600e-05  2.00684277e-01  2.01276374e-01  2.01266208e-01 -1.52394204e-05 -7.76337833e-11  1.18932132e-12 
 4.80203600e-05  2.00684190e-01  2.01279311e-01  2.01269200e-01 -1.53023464e-05  7.02251601e-11  9.28060634e-13 
 4.81203600e-05  2.00684311e-01  2.01280686e-01  2.01270600e-01 -1.52394259e-05 -6.95658568e-11  1.14626678e-12 
 4.82203600e-05  2.00684222e-01  2.01281622e-01  2.01271534e-01 -1.53023434e-05  6.28283283e-11  8.94281827e-13 
 4.83203600e-05  2.00684343e-01  2.01282194e-01  2.01272125e-01 -1.52394302e-05 -6.28503668e-11  1.15566199e-12 
 4.84203600e-05  2.00684254e-01  2.01282453e-01  2.01272382e-01 -1.53023397e-05  5.66887294e-11  8.62913690e-13 
 4.85203600e-05  2.00684375e-01  2.01282691e-01  2.01272623e-01 -1.52394346e-05 -5.72613328e-11  1.17331801e-12 
 4.86203600e-05  2.00684285e-01  2.01282785e-01  2.01272721e-01 -1.53023354e-05  5.15839177e-11  8.41860815e-13 
 4.87203600e-05  2.00684406e-01  2.01282866e-01  2.01272799e-01 -1.52394391e-05 -5.26048599e-11  1.18765154e-12 
 4.88203600e-05  2.00684316e-01  2.01282921e-01  2.01272858e-01 -1.53023310e-05  4.73301971e-11  8.26851987e-13 
 4.89203600e-05  2.00684437e-01  2.01282950e-01  2.01272885e-01 -1.52394435e-05 -4.87214403e-11  1.20067254e-12 
 4.90203600e-05  2.00684348e-01  2.01282982e-01  2.01272919e-01 -1.53023267e-05  4.37834439e-11  8.13185673e-13 
 4.91203600e-05  2.00684468e-01  2.01283003e-01  2.01272938e-01 -1.52394478e-05 -4.54833235e-11  1.21384391e-12 
 4.92203600e-05  2.00684379e-01  2.01283022e-01  2.01272958e-01 -1.53023224e-05  4.08267810e-11  7.99924688e-13 
 4.93203600e-05  2.00684499e-01  2.01283042e-01  2.01272977e-01 -1.52394521e-05 -4.27840935e-11  1.22657451e-12 
 4.94203600e-05  2.00684410e-01  2.01283056e-01  2.01272993e-01 -1.53023180e-05  3.83621316e-11  7.87637750e-13 
 4.95203600e-05  2.00684531e-01  2.01283075e-01  2.01273010e-01 -1.52394565e-05 -4.05339338e-11  1.23819325e-12 
 4.96203600e-05  2.00684441e-01  2.01283089e-01  2.01273026e-01 -1.53023137e-05  3.63077400e-11  7.76619491e-13 
 4.97203600e-05  2.00684562e-01  2.01283106e-01  2.01273041e-01 -1.52394608e-05 -3.86582136e-11  1.24858506e-12 
 4.98203600e-05  2.00684472e-01  2.01283120e-01  2.01273057e-01 -1.53023094e-05  3.45950105e-11  7.66789952e-13 
 4.99203600e-05  2.00684593e-01  2.01283138e-01  2.01273073e-01 -1.52394651e-05 -3.70939254e-11  1.25786903e-12 
 5.00203600e-05  2.00684503e-01  2.01283152e-01  2.01273088e-01 -1.53023051e-05  3.31662139e-11  7.58014528e-13 
 5.01203600e-05  2.00684624e-01  2.01283169e-01  2.01273104e-01 -1.52394694e-05 -3.57895831e-11  1.26614870e-12 
 5.02203600e-05  2.00684535e-01  2.01283183e-01  2.01273119e-01 -1.53023007e-05  3.19751755e-11  7.50214290e-13 
 5.03203600e-05  2.00684655e-01  2.01283200e-01  2.01273135e-01 -1.52394737e-05 -3.47012872e-11  1.27348376e-12 
 5.04203600e-05  2.00684566e-01  2.01283214e-01  2.01273151e-01 -1.53022964e-05  3.09812354e-11  7.43325540e-13 
 5.05203600e-05  2.00684686e-01  2.01283231e-01  2.01273166e-01 -1.52394780e-05 -3.37936905e-11  1.27994349e-12 
 5.06203600e-05  2.00684597e-01  2.01283245e-01  2.01273182e-01 -1.53022921e-05  3.01521278e-11  7.37275096e-13 
 5.07203600e-05  2.00684718e-01  2.01283262e-01  2.01273197e-01 -1.52394823e-05 -3.30363564e-11  1.28560454e-12 
 5.08203600e-05  2.00684628e-01  2.01283276e-01  2.01273213e-01 -1.53022878e-05  2.94601429e-11  7.31982237e-13 
 5.09203600e-05  2.00684749e-01  2.01283293e-01  2.01273228e-01 -1.52394867e-05 -3.24039367e-11  1.29054851e-12 
 5.10203600e-05  2.00684659e-01  2.01283307e-01  2.01273244e-01 -1.53022835e-05  2.88826411e-11  7.27367981e-13 
 5.11203600e-05  2.00684780e-01  2.01283324e-01  2.01273259e-01 -1.52394910e-05 -3.18761051e-11  1.29485122e-12 
 5.12203600e-05  2.00684691e-01  2.01283338e-01  2.01273275e-01 -1.53022791e-05  2.83999692e-11  7.23358331e-13 
 5.13203600e-05  2.00684811e-01  2.01283355e-01  2.01273290e-01 -1.52394953e-05 -3.14351576e-11  1.29858483e-12 
 5.14203600e-05  2.00684722e-01  2.01283369e-01  2.01273306e-01 -1.53022748e-05  2.79967403e-11  7.19885035e-13 
 5.15203600e-05  2.00684842e-01  2.01283386e-01  2.01273321e-01 -1.52394996e-05 -3.10666785e-11  1.30181375e-12 
 5.16203600e-05  2.00684753e-01  2.01283400e-01  2.01273337e-01 -1.53022705e-05  2.76597263e-11  7.16885156e-13 
 5.17203600e-05  2.00684874e-01  2.01283417e-01  2.01273352e-01 -1.52395039e-05 -3.07584411e-11  1.30459939e-12 
 5.18203600e-05  2.00684784e-01  2.01283431e-01  2.01273368e-01 -1.53022662e-05  2.73778339e-11  7.14301177e-13 
 5.19203600e-05  2.00684905e-01  2.01283448e-01  2.01273383e-01 -1.52395082e-05 -3.05006250e-11  1.30699536e-12 
 5.20203600e-05  2.00684815e-01  2.01283462e-01  2.01273399e-01 -1.53022619e-05  2.71419068e-11  7.12081002e-13 
 5.21203600e-05  2.00684936e-01  2.01283479e-01  2.01273414e-01 -1.52395125e-05 -3.02845839e-11  1.30905112e-12 
 5.22203600e-05  2.00684847e-01  2.01283493e-01  2.01273430e-01 -1.53022575e-05  2.69443012e-11  7.10178878e-13 
 5.23203600e-05  2.00684967e-01  2.01283510e-01  2.01273445e-01 -1.52395168e-05 -3.01033246e-11  1.31081008e-12 
 5.24203600e-05  2.00684878e-01  2.01283524e-01  2.01273461e-01 -1.53022532e-05  2.67784072e-11  7.08552791e-13 
 5.25203600e-05  2.00684998e-01  2.01283541e-01  2.01273476e-01 -1.52395211e-05 -2.99516462e-11  1.31231159e-12 
 5.26203600e-05  2.00684909e-01  2.01283555e-01  2.01273492e-01 -1.53022489e-05  2.66390070e-11  7.07166693e-13 
 5.27203600e-05  2.00685029e-01  2.01283572e-01  2.01273507e-01 -1.52395254e-05 -2.98237270e-11  1.31359062e-12 
 5.28203600e-05  2.00684940e-01  2.01283586e-01  2.01273523e-01 -1.53022446e-05  2.65220582e-11  7.05987569e-13 
 5.29203600e-05  2.00685061e-01  2.01283603e-01  2.01273538e-01 -1.52395298e-05 -2.97163329e-11  1.31467596e-12 
 5.30203600e-05  2.00684971e-01  2.01283617e-01  2.01273554e-01 -1.53022403e-05  2.64232546e-11  7.04988639e-13 
 5.31203600e-05  2.00685092e-01  2.01283634e-01  2.01273569e-01 -1.52395341e-05 -2.96256054e-11  1.31559526e-12 
 5.32203600e-05  2.00685003e-01  2.01283648e-01  2.01273585e-01 -1.53022360e-05  2.63398578e-11  7.04143666e-13 
 5.33203600e-05  2.00685123e-01  2.01283665e-01  2.01273600e-01 -1.52395384e-05 -2.95491435e-11  1.31637046e-12 
 5.34203600e-05  2.00685034e-01  2.01283679e-01  2.01273616e-01 -1.53022316e-05  2.62693508e-11  7.03432104e-13 
 5.35203600e-05  2.00685154e-01  2.01283696e-01  2.01273631e-01 -1.52395427e-05 -2.94839368e-11  1.31702391e-12 
 5.36203600e-05  2.00685065e-01  2.01283710e-01  2.01273647e-01 -1.53022273e-05  2.62096623e-11  7.02834004e-13 
 5.37203600e-05  2.00685185e-01  2.01283727e-01  2.01273662e-01 -1.52395470e-05 -2.94286878e-11  1.31757105e-12 
 5.38203600e-05  2.00685096e-01  2.01283741e-01  2.01273678e-01 -1.53022230e-05  2.61587163e-11  7.02333916e-13 
 5.39203600e-05  2.00685216e-01  2.01283758e-01  2.01273693e-01 -1.52395513e-05 -2.93819496e-11  1.31802653e-12 
 5.40203600e-05  2.00685127e-01  2.01283772e-01  2.01273709e-01 -1.53022187e-05  2.61149778e-11  7.01918666e-13 
 5.41203600e-05  2.00685248e-01  2.01283789e-01  2.01273725e-01 -1.52395556e-05 -2.93415459e-11  1.31840518e-12 
 5.42203600e-05  2.00685158e-01  2.01283803e-01  2.01273740e-01 -1.53022144e-05  2.60777296e-11  7.01574703e-13 
 5.43203600e-05  2.00685279e-01  2.01283820e-01  2.01273756e-01 -1.52395599e-05 -2.93068074e-11  1.31871738e-12 
 5.44203600e-05  2.00685190e-01  2.01283834e-01  2.01273771e-01 -1.53022101e-05  2.60456912e-11  7.01291835e-13 
 5.45203600e-05  2.00685310e-01  2.01283851e-01  2.01273787e-01 -1.52395642e-05 -2.92768188e-11  1.31897293e-12 
 5.46203600e-05  2.00685221e-01  2.01283865e-01  2.01273802e-01 -1.53022058e-05  2.60178222e-11  7.01061659e-13 
 5.47203600e-05  2.00685341e-01  2.01283883e-01  2.01273818e-01 -1.52395685e-05 -2.92508585e-11  1.31917963e-12 
 5.48203600e-05  2.00685252e-01  2.01283896e-01  2.01273833e-01 -1.53022014e-05  2.59933019e-11  7.00876152e-13 
 5.49203600e-05  2.00685372e-01  2.01283914e-01  2.01273849e-01 -1.52395728e-05 -2.92282500e-11  1.31934567e-12 
 5.50203600e-05  2.00685283e-01  2.01283927e-01  2.01273864e-01 -1.53021971e-05  2.59720669e-11  7.00728809e-13 
 5.51203600e-05  2.00685404e-01  2.01283945e-01  2.01273880e-01 -1.52395771e-05 -2.92079228e-11  1.31947675e-12 
 5.52203600e-05  2.00685314e-01  2.01283959e-01  2.01273895e-01 -1.53021928e-05  2.59532656e-11  7.00612962e-13 
 5.53203600e-05  2.00685435e-01  2.01283976e-01  2.01273911e-01 -1.52395814e-05 -2.91904888e-11  1.31957737e-12 
 5.54203600e-05  2.00685346e-01  2.01283990e-01  2.01273926e-01 -1.53021885e-05  2.59363904e-11  7.00525792e-13 
 5.55203600e-05  2.00685466e-01  2.01284007e-01  2.01273942e-01 -1.52395858e-05 -2.91745267e-11  1.31965277e-12 
 5.56203600e-05  2.00685377e-01  2.01284021e-01  2.01273957e-01 -1.53021842e-05  2.59212946e-11  7.00461770e-13 
 5.57203600e-05  2.00685497e-01  2.01284038e-01  2.01273973e-01 -1.52395901e-05 -2.91602593e-11  1.31970693e-12 
 5.58203600e-05  2.00685408e-01  2.01284052e-01  2.01273988e-01 -1.53021799e-05  2.59078757e-11  7.00416992e-13 
 5.59203600e-05  2.00685528e-01  2.01284069e-01  2.01274004e-01 -1.52395944e-05 -2.91470381e-11  1.31974298e-12 
 5.60203600e-05  2.00685439e-01  2.01284083e-01  2.01274019e-01 -1.53021756e-05  2.58957276e-11  7.00388966e-13 
 5.61203600e-05  2.00685559e-01  2.01284100e-01  2.01274035e-01 -1.52395987e-05 -2.91353894e-11  1.31976260e-12 
 5.62203600e-05  2.00685470e-01  2.01284114e-01  2.01274050e-01 -1.53021712e-05  2.58839209e-11  7.00375250e-13 
 5.63203600e-05  2.00685591e-01  2.01284131e-01  2.01274066e-01 -1.52396030e-05 -2.91246435e-11  1.31976976e-12 
 5.64203600e-05  2.00685502e-01  2.01284145e-01  2.01274081e-01 -1.53021669e-05  2.58735971e-11  7.00374491e-13 
 5.65203600e-05  2.00685622e-01  2.01284162e-01  2.01274097e-01 -1.52396073e-05 -2.91142694e-11  1.31976531e-12 
 5.66203600e-05  2.00685533e-01  2.01284176e-01  2.01274112e-01 -1.53021626e-05  2.58638853e-11  7.00383816e-13 
 5.67203600e-05  2.00685653e-01  2.01284193e-01  2.01274128e-01 -1.52396116e-05 -2.91046286e-11  1.31975155e-12 
 5.68203600e-05  2.00685564e-01  2.01284207e-01  2.01274143e-01 -1.53021583e-05  2.58545171e-11  7.00401325e-13 
 5.69203600e-05  2.00685684e-01  2.01284224e-01  2.01274159e-01 -1.52396159e-05 -2.90958618e-11  1.31973051e-12 
 5.70203600e-05  2.00685595e-01  2.01284238e-01  2.01274174e-01 -1.53021540e-05  2.58458840e-11  7.00427509e-13 
 5.71203600e-05  2.00685715e-01  2.01284255e-01  2.01274190e-01 -1.52396202e-05 -2.90871797e-11  1.31970194e-12 
 5.72203600e-05  2.00685626e-01  2.01284269e-01  2.01274206e-01 -1.53021497e-05  2.58373932e-11  7.00458626e-13 
 5.73203600e-05  2.00685746e-01  2.01284286e-01  2.01274221e-01 -1.52396245e-05 -2.90792499e-11  1.31966736e-12 
 5.74203600e-05  2.00685658e-01  2.01284300e-01  2.01274237e-01 -1.53021454e-05  2.58292634e-11  7.00495326e-13 
 5.75203600e-05  2.00685778e-01  2.01284317e-01  2.01274252e-01 -1.52396288e-05 -2.90711713e-11  1.31962914e-12 
 5.76203600e-05  2.00685689e-01  2.01284331e-01  2.01274268e-01 -1.53021411e-05  2.58219210e-11  7.00536200e-13 
 5.77203600e-05  2.00685809e-01  2.01284348e-01  2.01274283e-01 -1.52396331e-05 -2.90637824e-11  1.31958528e-12 
 5.78203600e-05  2.00685720e-01  2.01284362e-01  2.01274299e-01 -1.53021368e-05  2.58142800e-11  7.00582225e-13 
 5.79203600e-05  2.00685840e-01  2.01284379e-01  2.01274314e-01 -1.52396374e-05 -2.90563064e-11  1.31953850e-12 
 5.80203600e-05  2.00685751e-01  2.01284393e-01  2.01274330e-01 -1.53021324e-05  2.58068983e-11  7.00629442e-13 
 5.81203600e-05  2.00685871e-01  2.01284410e-01  2.01274345e-01 -1.52396417e-05 -2.90492617e-11  1.31948895e-12 
 5.82203600e-05  2.00685782e-01  2.01284424e-01  2.01274361e-01 -1.53021281e-05  2.57999384e-11  7.00680508e-13 
 5.83203600e-05  2.00685902e-01  2.01284441e-01  2.01274376e-01 -1.52396460e-05 -2.90420888e-11  1.31943653e-12 
 5.84203600e-05  2.00685814e-01  2.01284455e-01  2.01274392e-01 -1.53021238e-05  2.57930921e-11  7.00733796e-13 
 5.85203600e-05  2.00685934e-01  2.01284472e-01  2.01274407e-01 -1.52396503e-05 -2.90351465e-11  1.31938221e-12 
 5.86203600e-05  2.00685845e-01  2.01284486e-01  2.01274423e-01 -1.53021195e-05  2.57861495e-11  7.00788765e-13 
 5.87203600e-05  2.00685965e-01  2.01284503e-01  2.01274438e-01 -1.52396546e-05 -2.90284804e-11  1.31932643e-12 
 5.88203600e-05  2.00685876e-01  2.01284517e-01  2.01274454e-01 -1.53021152e-05  2.57795708e-11  7.00846282e-13 
 5.89203600e-05  2.00685996e-01  2.01284534e-01  2.01274469e-01 -1.52396589e-05 -2.90219322e-11  1.31926810e-12 
 5.90203600e-05  2.00685907e-01  2.01284548e-01  2.01274485e-01 -1.53021109e-05  2.57727249e-11  7.00904883e-13 
 5.91203600e-05  2.00686027e-01  2.01284565e-01  2.01274500e-01 -1.52396632e-05 -2.90152967e-11  1.31920896e-12 
 5.92203600e-05  2.00685938e-01  2.01284579e-01  2.01274516e-01 -1.53021066e-05  2.57660757e-11  7.00964406e-13 
 5.93203600e-05  2.00686058e-01  2.01284596e-01  2.01274531e-01 -1.52396675e-05 -2.90088136e-11  1.31914927e-12 
 5.94203600e-05  2.00685969e-01  2.01284610e-01  2.01274547e-01 -1.53021023e-05  2.57598682e-11  7.01024959e-13 
 5.95203600e-05  2.00686089e-01  2.01284627e-01  2.01274562e-01 -1.52396718e-05 -2.90021414e-11  1.31908785e-12 
 5.96203600e-05  2.00686001e-01  2.01284641e-01  2.01274578e-01 -1.53020980e-05  2.57534126e-11  7.01086650e-13 
 5.97203600e-05  2.00686121e-01  2.01284658e-01  2.01274593e-01 -1.52396761e-05 -2.89959007e-11  1.31902556e-12 
 5.98203600e-05  2.00686032e-01  2.01284672e-01  2.01274609e-01 -1.53020937e-05  2.57468187e-11  7.01149046e-13 
 5.99203600e-05  2.00686152e-01  2.01284689e-01  2.01274624e-01 -1.52396804e-05 -2.89894790e-11  1.31896301e-12 
 6.00203600e-05  2.00686063e-01  2.01284703e-01  2.01274640e-01 -1.53020893e-05  2.57405262e-11  7.01211496e-13 
 6.01203600e-05  2.00686183e-01  2.01284720e-01  2.01274655e-01 -1.52396847e-05 -2.89831928e-11  1.31890028e-12 
 6.02203600e-05  2.00686094e-01  2.01284734e-01  2.01274671e-01 -1.53020850e-05  2.57344142e-11  7.01274867e-13 
 6.03203600e-05  2.00686214e-01  2.01284751e-01  2.01274686e-01 -1.52396890e-05 -2.89767357e-11  1.31883626e-12 
 6.04203600e-05  2.00686125e-01  2.01284765e-01  2.01274702e-01 -1.53020807e-05  2.57279391e-11  7.01339323e-13 
 6.05203600e-05  2.00686245e-01  2.01284782e-01  2.01274717e-01 -1.52396933e-05 -2.89705154e-11  1.31877251e-12 
 6.06203600e-05  2.00686157e-01  2.01284796e-01  2.01274733e-01 -1.53020764e-05  2.57217407e-11  7.01403454e-13 
 6.07203600e-05  2.00686276e-01  2.01284813e-01  2.01274748e-01 -1.52396976e-05 -2.89641904e-11  1.31870816e-12 
 6.08203600e-05  2.00686188e-01  2.01284828e-01  2.01274764e-01 -1.53020721e-05  2.57155378e-11  7.01467964e-13 
 6.09203600e-05  2.00686308e-01  2.01284844e-01  2.01274780e-01 -1.52397019e-05 -2.89581831e-11  1.31864344e-12 
 6.10203600e-05  2.00686219e-01  2.01284859e-01  2.01274795e-01 -1.53020678e-05  2.57092201e-11  7.01532907e-13 
 6.11203600e-05  2.00686339e-01  2.01284875e-01  2.01274811e-01 -1.52397062e-05 -2.89518435e-11  1.31857822e-12 
 6.12203600e-05  2.00686250e-01  2.01284890e-01  2.01274826e-01 -1.53020635e-05  2.57032358e-11  7.01598447e-13 
 6.13203600e-05  2.00686370e-01  2.01284906e-01  2.01274842e-01 -1.52397105e-05 -2.89456850e-11  1.31851257e-12 
 6.14203600e-05  2.00686281e-01  2.01284921e-01  2.01274857e-01 -1.53020592e-05  2.56969068e-11  7.01663987e-13 
 6.15203600e-05  2.00686401e-01  2.01284937e-01  2.01274873e-01 -1.52397148e-05 -2.89394251e-11  1.31844709e-12 
 6.16203600e-05  2.00686313e-01  2.01284952e-01  2.01274888e-01 -1.53020549e-05  2.56908962e-11  7.01729419e-13 
 6.17203600e-05  2.00686432e-01  2.01284968e-01  2.01274904e-01 -1.52397191e-05 -2.89334535e-11  1.31838068e-12 
 6.18203600e-05  2.00686344e-01  2.01284983e-01  2.01274919e-01 -1.53020506e-05  2.56844331e-11  7.01795447e-13 
 6.19203600e-05  2.00686463e-01  2.01284999e-01  2.01274935e-01 -1.52397234e-05 -2.89274698e-11  1.31831465e-12 
 6.20203600e-05  2.00686375e-01  2.01285014e-01  2.01274950e-01 -1.53020463e-05  2.56783809e-11  7.01861800e-13 
 6.21203600e-05  2.00686495e-01  2.01285030e-01  2.01274966e-01 -1.52397277e-05 -2.89211415e-11  1.31824857e-12 
 6.22203600e-05  2.00686406e-01  2.01285045e-01  2.01274981e-01 -1.53020420e-05  2.56725008e-11  7.01928587e-13 
 6.23203600e-05  2.00686526e-01  2.01285061e-01  2.01274997e-01 -1.52397320e-05 -2.89149453e-11  1.31818184e-12 
 6.24203600e-05  2.00686437e-01  2.01285076e-01  2.01275012e-01 -1.53020377e-05  2.56660442e-11  7.01994994e-13 
 6.25203600e-05  2.00686557e-01  2.01285093e-01  2.01275028e-01 -1.52397363e-05 -2.89090811e-11  1.31811592e-12 
 6.26203600e-05  2.00686469e-01  2.01285107e-01  2.01275043e-01 -1.53020334e-05  2.56602350e-11  7.02061618e-13 
 6.27203600e-05  2.00686588e-01  2.01285124e-01  2.01275059e-01 -1.52397406e-05 -2.89027936e-11  1.31804853e-12 
 6.28203600e-05  2.00686500e-01  2.01285138e-01  2.01275074e-01 -1.53020291e-05  2.56540355e-11  7.02128405e-13 
 6.29203600e-05  2.00686619e-01  2.01285155e-01  2.01275090e-01 -1.52397449e-05 -2.88967422e-11  1.31798186e-12 
 6.30203600e-05  2.00686531e-01  2.01285169e-01  2.01275105e-01 -1.53020248e-05  2.56482266e-11  7.02195734e-13 
 6.31203600e-05  2.00686651e-01  2.01285186e-01  2.01275121e-01 -1.52397492e-05 -2.88905453e-11  1.31791431e-12 
 6.32203600e-05  2.00686562e-01  2.01285200e-01  2.01275136e-01 -1.53020205e-05  2.56419198e-11  7.02262575e-13 
 6.33203600e-05  2.00686682e-01  2.01285217e-01  2.01275152e-01 -1.52397535e-05 -2.88846967e-11  1.31784742e-12 
 6.34203600e-05  2.00686593e-01  2.01285231e-01  2.01275167e-01 -1.53020162e-05  2.56359350e-11  7.02329796e-13 
 6.35203600e-05  2.00686713e-01  2.01285248e-01  2.01275183e-01 -1.52397578e-05 -2.88785007e-11  1.31777976e-12 
 6.36203600e-05  2.00686625e-01  2.01285262e-01  2.01275198e-01 -1.53020119e-05  2.56299296e-11  7.02397016e-13 
 6.37203600e-05  2.00686744e-01  2.01285279e-01  2.01275214e-01 -1.52397621e-05 -2.88726395e-11  1.31771238e-12 
 6.38203600e-05  2.00686656e-01  2.01285293e-01  2.01275229e-01 -1.53020076e-05  2.56236818e-11  7.02464942e-13 
 6.39203600e-05  2.00686775e-01  2.01285310e-01  2.01275245e-01 -1.52397664e-05 -2.88664342e-11  1.31764505e-12 
 6.40203600e-05  2.00686687e-01  2.01285324e-01  2.01275261e-01 -1.53020033e-05  2.56179810e-11  7.02532433e-13 
 6.41203600e-05  2.00686806e-01  2.01285341e-01  2.01275276e-01 -1.52397707e-05 -2.88603438e-11  1.31757750e-12 
 6.42203600e-05  2.00686718e-01  2.01285355e-01  2.01275292e-01 -1.53019990e-05  2.56116987e-11  7.02599545e-13 
 6.43203600e-05  2.00686838e-01  2.01285372e-01  2.01275307e-01 -1.52397750e-05 -2.88545377e-11  1.31751023e-12 
 6.44203600e-05  2.00686749e-01  2.01285386e-01  2.01275323e-01 -1.53019946e-05  2.56058020e-11  7.02667904e-13 
 6.45203600e-05  2.00686869e-01  2.01285403e-01  2.01275338e-01 -1.52397793e-05 -2.88484696e-11  1.31744209e-12 
 6.46203600e-05  2.00686780e-01  2.01285417e-01  2.01275354e-01 -1.53019903e-05  2.55995219e-11  7.02735342e-13 
 6.47203600e-05  2.00686900e-01  2.01285434e-01  2.01275369e-01 -1.52397835e-05 -2.88425529e-11  1.31737492e-12 
 6.48203600e-05  2.00686812e-01  2.01285448e-01  2.01275385e-01 -1.53019860e-05  2.55939881e-11  7.02803213e-13 
 6.49203600e-05  2.00686931e-01  2.01285465e-01  2.01275400e-01 -1.52397878e-05 -2.88362736e-11  1.31730618e-12 
 6.50203600e-05  2.00686843e-01  2.01285479e-01  2.01275416e-01 -1.53019817e-05  2.55877711e-11  7.02871572e-13 
 6.51203600e-05  2.00686962e-01  2.01285496e-01  2.01275431e-01 -1.52397921e-05 -2.88305011e-11  1.31723815e-12 
 6.52203600e-05  2.00686874e-01  2.01285510e-01  2.01275447e-01 -1.53019774e-05  2.55818468e-11  7.02939660e-13 
 6.53203600e-05  2.00686993e-01  2.01285527e-01  2.01275462e-01 -1.52397964e-05 -2.88244448e-11  1.31716990e-12 
 6.54203600e-05  2.00686905e-01  2.01285541e-01  2.01275478e-01 -1.53019731e-05  2.55758392e-11  7.03007693e-13 
 6.55203600e-05  2.00687025e-01  2.01285558e-01  2.01275493e-01 -1.52398007e-05 -2.88187586e-11  1.31710154e-12 
 6.56203600e-05  2.00686936e-01  2.01285572e-01  2.01275509e-01 -1.53019688e-05  2.55697234e-11  7.03076703e-13 
 6.57203600e-05  2.00687056e-01  2.01285589e-01  2.01275524e-01 -1.52398050e-05 -2.88126903e-11  1.31703296e-12 
 6.58203600e-05  2.00686968e-01  2.01285603e-01  2.01275540e-01 -1.53019646e-05  2.55638236e-11  7.03145279e-13 
 6.59203600e-05  2.00687087e-01  2.01285620e-01  2.01275555e-01 -1.52398093e-05 -2.88067781e-11  1.31696422e-12 
 6.60203600e-05  2.00686999e-01  2.01285634e-01  2.01275571e-01 -1.53019603e-05  2.55580149e-11  7.03214071e-13 
 6.61203600e-05  2.00687118e-01  2.01285651e-01  2.01275586e-01 -1.52398136e-05 -2.88005128e-11  1.31689554e-12 
 6.62203600e-05  2.00687030e-01  2.01285665e-01  2.01275602e-01 -1.53019560e-05  2.55519948e-11  7.03282051e-13 
 6.63203600e-05  2.00687149e-01  2.01285682e-01  2.01275617e-01 -1.52398179e-05 -2.87947292e-11  1.31682751e-12 
 6.64203600e-05  2.00687061e-01  2.01285697e-01  2.01275633e-01 -1.53019517e-05  2.55462602e-11  7.03351223e-13 
 6.65203600e-05  2.00687181e-01  2.01285713e-01  2.01275648e-01 -1.52398222e-05 -2.87887951e-11  1.31675801e-12 
 6.66203600e-05  2.00687092e-01  2.01285728e-01  2.01275664e-01 -1.53019474e-05  2.55400976e-11  7.03420178e-13 
 6.67203600e-05  2.00687212e-01  2.01285744e-01  2.01275679e-01 -1.52398265e-05 -2.87829092e-11  1.31668927e-12 
 6.68203600e-05  2.00687124e-01  2.01285759e-01  2.01275695e-01 -1.53019431e-05  2.55343706e-11  7.03488971e-13 
 6.69203600e-05  2.00687243e-01  2.01285775e-01  2.01275710e-01 -1.52398307e-05 -2.87768652e-11  1.31661994e-12 
 6.70203600e-05  2.00687155e-01  2.01285790e-01  2.01275726e-01 -1.53019388e-05  2.55282826e-11  7.03557384e-13 
 6.71203600e-05  2.00687274e-01  2.01285806e-01  2.01275741e-01 -1.52398350e-05 -2.87710912e-11  1.31655087e-12 
 6.72203600e-05  2.00687186e-01  2.01285821e-01  2.01275757e-01 -1.53019345e-05  2.55225760e-11  7.03626935e-13 
 6.73203600e-05  2.00687305e-01  2.01285837e-01  2.01275772e-01 -1.52398393e-05 -2.87649988e-11  1.31648148e-12 
 6.74203600e-05  2.00687217e-01  2.01285852e-01  2.01275788e-01 -1.53019302e-05  2.55163950e-11  7.03695945e-13 
 6.75203600e-05  2.00687336e-01  2.01285868e-01  2.01275803e-01 -1.52398436e-05 -2.87592753e-11  1.31641253e-12 
 6.76203600e-05  2.00687248e-01  2.01285883e-01  2.01275819e-01 -1.53019259e-05  2.55105969e-11  7.03765225e-13 
 6.77203600e-05  2.00687368e-01  2.01285899e-01  2.01275835e-01 -1.52398479e-05 -2.87534167e-11  1.31634374e-12 
 6.78203600e-05  2.00687280e-01  2.01285914e-01  2.01275850e-01 -1.53019216e-05  2.55049432e-11  7.03835102e-13 
 6.79203600e-05  2.00687399e-01  2.01285930e-01  2.01275866e-01 -1.52398522e-05 -2.87473927e-11  1.31627342e-12 
 6.80203600e-05  2.00687311e-01  2.01285945e-01  2.01275881e-01 -1.53019173e-05  2.54987305e-11  7.03904762e-13 
 6.81203600e-05  2.00687430e-01  2.01285961e-01  2.01275897e-01 -1.52398565e-05 -2.87415113e-11  1.31620452e-12 
 6.82203600e-05  2.00687342e-01  2.01285976e-01  2.01275912e-01 -1.53019130e-05  2.54931261e-11  7.03974260e-13 
 6.83203600e-05  2.00687461e-01  2.01285992e-01  2.01275928e-01 -1.52398608e-05 -2.87356360e-11  1.31613492e-12 
 6.84203600e-05  2.00687373e-01  2.01286007e-01  2.01275943e-01 -1.53019087e-05  2.54872096e-11  7.04044082e-13 
 6.85203600e-05  2.00687492e-01  2.01286023e-01  2.01275959e-01 -1.52398650e-05 -2.87297935e-11  1.31606477e-12 
 6.86203600e-05  2.00687404e-01  2.01286038e-01  2.01275974e-01 -1.53019044e-05  2.54813295e-11  7.04113796e-13 
 6.87203600e-05  2.00687523e-01  2.01286054e-01  2.01275990e-01 -1.52398693e-05 -2.87240030e-11  1.31599511e-12 
 6.88203600e-05  2.00687435e-01  2.01286069e-01  2.01276005e-01 -1.53019001e-05  2.54754275e-11  7.04183998e-13 
 6.89203600e-05  2.00687555e-01  2.01286085e-01  2.01276021e-01 -1.52398736e-05 -2.87180412e-11  1.31592496e-12 
 6.90203600e-05  2.00687467e-01  2.01286100e-01  2.01276036e-01 -1.53018958e-05  2.54695956e-11  7.04254092e-13 
 6.91203600e-05  2.00687586e-01  2.01286116e-01  2.01276052e-01 -1.52398779e-05 -2.87123979e-11  1.31585454e-12 
 6.92203600e-05  2.00687498e-01  2.01286131e-01  2.01276067e-01 -1.53018915e-05  2.54635714e-11  7.04323969e-13 
 6.93203600e-05  2.00687617e-01  2.01286147e-01  2.01276083e-01 -1.52398822e-05 -2.87064036e-11  1.31578467e-12 
 6.94203600e-05  2.00687529e-01  2.01286162e-01  2.01276098e-01 -1.53018872e-05  2.54579548e-11  7.04394063e-13 
 6.95203600e-05  2.00687648e-01  2.01286178e-01  2.01276114e-01 -1.52398865e-05 -2.87005380e-11  1.31571452e-12 
 6.96203600e-05  2.00687560e-01  2.01286193e-01  2.01276129e-01 -1.53018829e-05  2.54521111e-11  7.04464427e-13 
 6.97203600e-05  2.00687679e-01  2.01286209e-01  2.01276145e-01 -1.52398908e-05 -2.86947538e-11  1.31564405e-12 
 6.98203600e-05  2.00687591e-01  2.01286224e-01  2.01276160e-01 -1.53018787e-05  2.54461183e-11  7.04534521e-13 
 6.99203600e-05  2.00687711e-01  2.01286240e-01  2.01276176e-01 -1.52398950e-05 -2.86890446e-11  1.31557363e-12 
 7.00203600e-05  2.00687623e-01  2.01286255e-01  2.01276191e-01 -1.53018744e-05  2.54404655e-11  7.04605428e-13 
 7.01203600e-05  2.00687742e-01  2.01286271e-01  2.01276207e-01 -1.52398993e-05 -2.86830609e-11  1.31550277e-12 
 7.02203600e-05  2.00687654e-01  2.01286286e-01  2.01276222e-01 -1.53018701e-05  2.54345427e-11  7.04675793e-13 
 7.03203600e-05  2.00687773e-01  2.01286303e-01  2.01276238e-01 -1.52399036e-05 -2.86772528e-11  1.31543252e-12 
 7.04203600e-05  2.00687685e-01  2.01286317e-01  2.01276253e-01 -1.53018658e-05  2.54287273e-11  7.04745832e-13 
 7.05203600e-05  2.00687804e-01  2.01286334e-01  2.01276269e-01 -1.52399079e-05 -2.86715972e-11  1.31536188e-12 
 7.06203600e-05  2.00687716e-01  2.01286348e-01  2.01276284e-01 -1.53018615e-05  2.54228275e-11  7.04816305e-13 
 7.07203600e-05  2.00687835e-01  2.01286365e-01  2.01276300e-01 -1.52399122e-05 -2.86658787e-11  1.31529103e-12 
 7.08203600e-05  2.00687747e-01  2.01286379e-01  2.01276315e-01 -1.53018572e-05  2.54171992e-11  7.04887375e-13 
 7.09203600e-05  2.00687866e-01  2.01286396e-01  2.01276331e-01 -1.52399164e-05 -2.86597881e-11  1.31522029e-12 
 7.10203600e-05  2.00687779e-01  2.01286410e-01  2.01276347e-01 -1.53018529e-05  2.54115349e-11  7.04958336e-13 
 7.11203600e-05  2.00687898e-01  2.01286427e-01  2.01276362e-01 -1.52399207e-05 -2.86541351e-11  1.31514884e-12 
 7.12203600e-05  2.00687810e-01  2.01286441e-01  2.01276378e-01 -1.53018486e-05  2.54054377e-11  7.05029730e-13 
 7.13203600e-05  2.00687929e-01  2.01286458e-01  2.01276393e-01 -1.52399250e-05 -2.86483975e-11  1.31507885e-12 
 7.14203600e-05  2.00687841e-01  2.01286472e-01  2.01276409e-01 -1.53018443e-05  2.53997546e-11  7.05100637e-13 
 7.15203600e-05  2.00687960e-01  2.01286489e-01  2.01276424e-01 -1.52399293e-05 -2.86427861e-11  1.31500724e-12 
 7.16203600e-05  2.00687872e-01  2.01286503e-01  2.01276440e-01 -1.53018401e-05  2.53938517e-11  7.05172086e-13 
 7.17203600e-05  2.00687991e-01  2.01286520e-01  2.01276455e-01 -1.52399336e-05 -2.86367616e-11  1.31493628e-12 
 7.18203600e-05  2.00687903e-01  2.01286534e-01  2.01276471e-01 -1.53018358e-05  2.53883318e-11  7.05243210e-13 
 7.19203600e-05  2.00688022e-01  2.01286551e-01  2.01276486e-01 -1.52399378e-05 -2.86310565e-11  1.31486440e-12 
 7.20203600e-05  2.00687935e-01  2.01286565e-01  2.01276502e-01 -1.53018315e-05  2.53824431e-11  7.05314821e-13 
 7.21203600e-05  2.00688053e-01  2.01286582e-01  2.01276517e-01 -1.52399421e-05 -2.86253549e-11  1.31479278e-12 
 7.22203600e-05  2.00687966e-01  2.01286597e-01  2.01276533e-01 -1.53018272e-05  2.53766461e-11  7.05386053e-13 
 7.23203600e-05  2.00688085e-01  2.01286613e-01  2.01276548e-01 -1.52399464e-05 -2.86195750e-11  1.31472161e-12 
 7.24203600e-05  2.00687997e-01  2.01286628e-01  2.01276564e-01 -1.53018229e-05  2.53709226e-11  7.05457719e-13 
 7.25203600e-05  2.00688116e-01  2.01286644e-01  2.01276579e-01 -1.52399507e-05 -2.86138320e-11  1.31464978e-12 
 7.26203600e-05  2.00688028e-01  2.01286659e-01  2.01276595e-01 -1.53018186e-05  2.53652082e-11  7.05529439e-13 
 7.27203600e-05  2.00688147e-01  2.01286675e-01  2.01276610e-01 -1.52399550e-05 -2.86080033e-11  1.31457811e-12 
 7.28203600e-05  2.00688059e-01  2.01286690e-01  2.01276626e-01 -1.53018143e-05  2.53595161e-11  7.05600996e-13 
 7.29203600e-05  2.00688178e-01  2.01286706e-01  2.01276641e-01 -1.52399592e-05 -2.86021161e-11  1.31450666e-12 
 7.30203600e-05  2.00688091e-01  2.01286721e-01  2.01276657e-01 -1.53018101e-05  2.53537269e-11  7.05672662e-13 
 7.31203600e-05  2.00688209e-01  2.01286737e-01  2.01276672e-01 -1.52399635e-05 -2.85966758e-11  1.31443505e-12 
 7.32203600e-05  2.00688122e-01  2.01286752e-01  2.01276688e-01 -1.53018058e-05  2.53478310e-11  7.05744870e-13 
 7.33203600e-05  2.00688241e-01  2.01286768e-01  2.01276703e-01 -1.52399678e-05 -2.85910048e-11  1.31436322e-12 
 7.34203600e-05  2.00688153e-01  2.01286783e-01  2.01276719e-01 -1.53018015e-05  2.53423324e-11  7.05817241e-13 
 7.35203600e-05  2.00688272e-01  2.01286799e-01  2.01276734e-01 -1.52399721e-05 -2.85850326e-11  1.31429053e-12 
 7.36203600e-05  2.00688184e-01  2.01286814e-01  2.01276750e-01 -1.53017972e-05  2.53364578e-11  7.05889286e-13 
 7.37203600e-05  2.00688303e-01  2.01286830e-01  2.01276765e-01 -1.52399763e-05 -2.85794155e-11  1.31421881e-12 
 7.38203600e-05  2.00688215e-01  2.01286845e-01  2.01276781e-01 -1.53017929e-05  2.53306837e-11  7.05961168e-13 
 7.39203600e-05  2.00688334e-01  2.01286861e-01  2.01276796e-01 -1.52399806e-05 -2.85735522e-11  1.31414682e-12 
 7.40203600e-05  2.00688246e-01  2.01286876e-01  2.01276812e-01 -1.53017886e-05  2.53252825e-11  7.06032672e-13 
 7.41203600e-05  2.00688365e-01  2.01286892e-01  2.01276827e-01 -1.52399849e-05 -2.85678731e-11  1.31407428e-12 
 7.42203600e-05  2.00688278e-01  2.01286907e-01  2.01276843e-01 -1.53017844e-05  2.53194423e-11  7.06105313e-13 
 7.43203600e-05  2.00688396e-01  2.01286923e-01  2.01276858e-01 -1.52399892e-05 -2.85622743e-11  1.31400143e-12 
 7.44203600e-05  2.00688309e-01  2.01286938e-01  2.01276874e-01 -1.53017801e-05  2.53136696e-11  7.06178226e-13 
 7.45203600e-05  2.00688428e-01  2.01286954e-01  2.01276889e-01 -1.52399934e-05 -2.85564777e-11  1.31392927e-12 
 7.46203600e-05  2.00688340e-01  2.01286969e-01  2.01276905e-01 -1.53017758e-05  2.53080181e-11  7.06250596e-13 
 7.47203600e-05  2.00688459e-01  2.01286985e-01  2.01276921e-01 -1.52399977e-05 -2.85507826e-11  1.31385658e-12 
 7.48203600e-05  2.00688371e-01  2.01287000e-01  2.01276936e-01 -1.53017715e-05  2.53023687e-11  7.06322858e-13 
 7.49203600e-05  2.00688490e-01  2.01287016e-01  2.01276952e-01 -1.52400020e-05 -2.85450474e-11  1.31378415e-12 
 7.50203600e-05  2.00688402e-01  2.01287031e-01  2.01276967e-01 -1.53017672e-05  2.52966257e-11  7.06395717e-13 
 7.51203600e-05  2.00688521e-01  2.01287047e-01  2.01276983e-01 -1.52400063e-05 -2.85396184e-11  1.31371086e-12 
 7.52203600e-05  2.00688434e-01  2.01287062e-01  2.01276998e-01 -1.53017629e-05  2.52906741e-11  7.06468738e-13 
 7.53203600e-05  2.00688552e-01  2.01287078e-01  2.01277014e-01 -1.52400105e-05 -2.85339686e-11  1.31363795e-12 
 7.54203600e-05  2.00688465e-01  2.01287093e-01  2.01277029e-01 -1.53017587e-05  2.52851965e-11  7.06541650e-13 
 7.55203600e-05  2.00688583e-01  2.01287109e-01  2.01277045e-01 -1.52400148e-05 -2.85280285e-11  1.31356503e-12 
 7.56203600e-05  2.00688496e-01  2.01287124e-01  2.01277060e-01 -1.53017544e-05  2.52794411e-11  7.06614238e-13 
 7.57203600e-05  2.00688615e-01  2.01287140e-01  2.01277076e-01 -1.52400191e-05 -2.85226341e-11  1.31349245e-12 
 7.58203600e-05  2.00688527e-01  2.01287155e-01  2.01277091e-01 -1.53017501e-05  2.52737928e-11  7.06687747e-13 
 7.59203600e-05  2.00688646e-01  2.01287171e-01  2.01277107e-01 -1.52400233e-05 -2.85167894e-11  1.31341921e-12 
 7.60203600e-05  2.00688558e-01  2.01287186e-01  2.01277122e-01 -1.53017458e-05  2.52682656e-11  7.06760551e-13 
 7.61203600e-05  2.00688677e-01  2.01287202e-01  2.01277138e-01 -1.52400276e-05 -2.85110984e-11  1.31334575e-12 
 7.62203600e-05  2.00688590e-01  2.01287217e-01  2.01277153e-01 -1.53017416e-05  2.52624653e-11  7.06834005e-13 
 7.63203600e-05  2.00688708e-01  2.01287233e-01  2.01277169e-01 -1.52400319e-05 -2.85055538e-11  1.31327262e-12 
 7.64203600e-05  2.00688621e-01  2.01287248e-01  2.01277184e-01 -1.53017373e-05  2.52567587e-11  7.06907352e-13 
 7.65203600e-05  2.00688739e-01  2.01287264e-01  2.01277200e-01 -1.52400362e-05 -2.84997254e-11  1.31319982e-12 
 7.66203600e-05  2.00688652e-01  2.01287279e-01  2.01277215e-01 -1.53017330e-05  2.52513108e-11  7.06980590e-13 
 7.67203600e-05  2.00688770e-01  2.01287295e-01  2.01277231e-01 -1.52400404e-05 -2.84939448e-11  1.31312702e-12 
 7.68203600e-05  2.00688683e-01  2.01287310e-01  2.01277246e-01 -1.53017287e-05  2.52458037e-11  7.07053882e-13 
 7.69203600e-05  2.00688802e-01  2.01287326e-01  2.01277262e-01 -1.52400447e-05 -2.84884573e-11  1.31305296e-12 
 7.70203600e-05  2.00688714e-01  2.01287341e-01  2.01277277e-01 -1.53017244e-05  2.52398759e-11  7.07127662e-13 
 7.71203600e-05  2.00688833e-01  2.01287357e-01  2.01277293e-01 -1.52400490e-05 -2.84826893e-11  1.31298011e-12 
 7.72203600e-05  2.00688746e-01  2.01287372e-01  2.01277308e-01 -1.53017202e-05  2.52343133e-11  7.07200791e-13 
 7.73203600e-05  2.00688864e-01  2.01287388e-01  2.01277324e-01 -1.52400532e-05 -2.84771612e-11  1.31290616e-12 
 7.74203600e-05  2.00688777e-01  2.01287403e-01  2.01277339e-01 -1.53017159e-05  2.52286293e-11  7.07274191e-13 
 7.75203600e-05  2.00688895e-01  2.01287419e-01  2.01277355e-01 -1.52400575e-05 -2.84716595e-11  1.31283271e-12 
 7.76203600e-05  2.00688808e-01  2.01287434e-01  2.01277370e-01 -1.53017116e-05  2.52231369e-11  7.07348297e-13 
 7.77203600e-05  2.00688926e-01  2.01287450e-01  2.01277386e-01 -1.52400618e-05 -2.84660036e-11  1.31275790e-12 
 7.78203600e-05  2.00688839e-01  2.01287465e-01  2.01277402e-01 -1.53017073e-05  2.52172721e-11  7.07422239e-13 
 7.79203600e-05  2.00688958e-01  2.01287482e-01  2.01277417e-01 -1.52400660e-05 -2.84603010e-11  1.31268407e-12 
 7.80203600e-05  2.00688870e-01  2.01287497e-01  2.01277433e-01 -1.53017031e-05  2.52117680e-11  7.07496182e-13 
 7.81203600e-05  2.00688989e-01  2.01287513e-01  2.01277448e-01 -1.52400703e-05 -2.84547177e-11  1.31260996e-12 
 7.82203600e-05  2.00688901e-01  2.01287528e-01  2.01277464e-01 -1.53016988e-05  2.52058866e-11  7.07569691e-13 
 7.83203600e-05  2.00689020e-01  2.01287544e-01  2.01277479e-01 -1.52400746e-05 -2.84493843e-11  1.31253656e-12 
 7.84203600e-05  2.00688933e-01  2.01287559e-01  2.01277495e-01 -1.53016945e-05  2.52004481e-11  7.07644989e-13 
 7.85203600e-05  2.00689051e-01  2.01287575e-01  2.01277510e-01 -1.52400788e-05 -2.84434106e-11  1.31246197e-12 
 7.86203600e-05  2.00688964e-01  2.01287590e-01  2.01277526e-01 -1.53016903e-05  2.51948607e-11  7.07718769e-13 
 7.87203600e-05  2.00689082e-01  2.01287606e-01  2.01277541e-01 -1.52400831e-05 -2.84378476e-11  1.31238819e-12 
 7.88203600e-05  2.00688995e-01  2.01287621e-01  2.01277557e-01 -1.53016860e-05  2.51892090e-11  7.07792711e-13 
 7.89203600e-05  2.00689113e-01  2.01287637e-01  2.01277572e-01 -1.52400874e-05 -2.84323500e-11  1.31231370e-12 
 7.90203600e-05  2.00689026e-01  2.01287652e-01  2.01277588e-01 -1.53016817e-05  2.51835662e-11  7.07867358e-13 
 7.91203600e-05  2.00689145e-01  2.01287668e-01  2.01277603e-01 -1.52400916e-05 -2.84267271e-11  1.31223938e-12 
 7.92203600e-05  2.00689057e-01  2.01287683e-01  2.01277619e-01 -1.53016774e-05  2.51780350e-11  7.07941681e-13 
 7.93203600e-05  2.00689176e-01  2.01287699e-01  2.01277634e-01 -1.52400959e-05 -2.84210203e-11  1.31216500e-12 
 7.94203600e-05  2.00689089e-01  2.01287714e-01  2.01277650e-01 -1.53016732e-05  2.51724106e-11  7.08015569e-13 
 7.95203600e-05  2.00689207e-01  2.01287730e-01  2.01277665e-01 -1.52401001e-05 -2.84155622e-11  1.31209057e-12 
 7.96203600e-05  2.00689120e-01  2.01287745e-01  2.01277681e-01 -1.53016689e-05  2.51671101e-11  7.08090813e-13 
 7.97203600e-05  2.00689238e-01  2.01287761e-01  2.01277696e-01 -1.52401044e-05 -2.84098136e-11  1.31201511e-12 
 7.98203600e-05  2.00689151e-01  2.01287776e-01  2.01277712e-01 -1.53016646e-05  2.51612587e-11  7.08165839e-13 
 7.99203600e-05  2.00689269e-01  2.01287792e-01  2.01277727e-01 -1.52401087e-05 -2.84042002e-11  1.31194052e-12 
 8.00203600e-05  2.00689182e-01  2.01287807e-01  2.01277743e-01 -1.53016604e-05  2.51556311e-11  7.08239945e-13 
 8.01203600e-05  2.00689300e-01  2.01287823e-01  2.01277758e-01 -1.52401129e-05 -2.83986745e-11  1.31186625e-12 
 8.02203600e-05  2.00689213e-01  2.01287838e-01  2.01277774e-01 -1.53016561e-05  2.51502541e-11  7.08314700e-13 
 8.03203600e-05  2.00689332e-01  2.01287854e-01  2.01277789e-01 -1.52401172e-05 -2.83931390e-11  1.31179112e-12 
 8.04203600e-05  2.00689245e-01  2.01287869e-01  2.01277805e-01 -1.53016518e-05  2.51445056e-11  7.08389781e-13 
 8.05203600e-05  2.00689363e-01  2.01287885e-01  2.01277820e-01 -1.52401215e-05 -2.83877420e-11  1.31171582e-12 
 8.06203600e-05  2.00689276e-01  2.01287900e-01  2.01277836e-01 -1.53016476e-05  2.51388439e-11  7.08465133e-13 
 8.07203600e-05  2.00689394e-01  2.01287916e-01  2.01277851e-01 -1.52401257e-05 -2.83819821e-11  1.31164155e-12 
 8.08203600e-05  2.00689307e-01  2.01287931e-01  2.01277867e-01 -1.53016433e-05  2.51334006e-11  7.08539726e-13 
 8.09203600e-05  2.00689425e-01  2.01287947e-01  2.01277882e-01 -1.52401300e-05 -2.83762139e-11  1.31156647e-12 
 8.10203600e-05  2.00689338e-01  2.01287962e-01  2.01277898e-01 -1.53016390e-05  2.51279986e-11  7.08614862e-13 
 8.11203600e-05  2.00689456e-01  2.01287978e-01  2.01277913e-01 -1.52401342e-05 -2.83708100e-11  1.31149128e-12 
 8.12203600e-05  2.00689369e-01  2.01287993e-01  2.01277929e-01 -1.53016348e-05  2.51224104e-11  7.08690051e-13 
 8.13203600e-05  2.00689488e-01  2.01288009e-01  2.01277944e-01 -1.52401385e-05 -2.83651522e-11  1.31141549e-12 
 8.14203600e-05  2.00689401e-01  2.01288024e-01  2.01277960e-01 -1.53016305e-05  2.51165228e-11  7.08765132e-13 
 8.15203600e-05  2.00689519e-01  2.01288040e-01  2.01277975e-01 -1.52401427e-05 -2.83597880e-11  1.31134101e-12 
 8.16203600e-05  2.00689432e-01  2.01288055e-01  2.01277991e-01 -1.53016262e-05  2.51112442e-11  7.08840159e-13 
 8.17203600e-05  2.00689550e-01  2.01288071e-01  2.01278007e-01 -1.52401470e-05 -2.83541556e-11  1.31126528e-12 
 8.18203600e-05  2.00689463e-01  2.01288086e-01  2.01278022e-01 -1.53016220e-05  2.51057382e-11  7.08916216e-13 
 8.19203600e-05  2.00689581e-01  2.01288102e-01  2.01278038e-01 -1.52401513e-05 -2.83487218e-11  1.31118960e-12 
 8.20203600e-05  2.00689494e-01  2.01288117e-01  2.01278053e-01 -1.53016177e-05  2.51000197e-11  7.08991785e-13 
 8.21203600e-05  2.00689612e-01  2.01288133e-01  2.01278069e-01 -1.52401555e-05 -2.83428695e-11  1.31111474e-12 
 8.22203600e-05  2.00689525e-01  2.01288148e-01  2.01278084e-01 -1.53016134e-05  2.50946189e-11  7.09066920e-13 
 8.23203600e-05  2.00689643e-01  2.01288164e-01  2.01278100e-01 -1.52401598e-05 -2.83375244e-11  1.31103884e-12 
 8.24203600e-05  2.00689557e-01  2.01288179e-01  2.01278115e-01 -1.53016092e-05  2.50891137e-11  7.09142922e-13 
 8.25203600e-05  2.00689675e-01  2.01288195e-01  2.01278131e-01 -1.52401640e-05 -2.83318122e-11  1.31096300e-12 
 8.26203600e-05  2.00689588e-01  2.01288210e-01  2.01278146e-01 -1.53016049e-05  2.50835581e-11  7.09218383e-13 
 8.27203600e-05  2.00689706e-01  2.01288226e-01  2.01278162e-01 -1.52401683e-05 -2.83264473e-11  1.31088733e-12 
 8.28203600e-05  2.00689619e-01  2.01288241e-01  2.01278177e-01 -1.53016006e-05  2.50778552e-11  7.09294548e-13 
 8.29203600e-05  2.00689737e-01  2.01288257e-01  2.01278193e-01 -1.52401725e-05 -2.83209346e-11  1.31081159e-12 
 8.30203600e-05  2.00689650e-01  2.01288272e-01  2.01278208e-01 -1.53015964e-05  2.50722891e-11  7.09369846e-13 
 8.31203600e-05  2.00689768e-01  2.01288288e-01  2.01278224e-01 -1.52401768e-05 -2.83154234e-11  1.31073613e-12 
 8.32203600e-05  2.00689681e-01  2.01288303e-01  2.01278239e-01 -1.53015921e-05  2.50669791e-11  7.09445794e-13 
 8.33203600e-05  2.00689799e-01  2.01288319e-01  2.01278255e-01 -1.52401810e-05 -2.83097489e-11  1.31065948e-12 
 8.34203600e-05  2.00689712e-01  2.01288334e-01  2.01278270e-01 -1.53015879e-05  2.50614572e-11  7.09522068e-13 
 8.35203600e-05  2.00689830e-01  2.01288350e-01  2.01278286e-01 -1.52401853e-05 -2.83041904e-11  1.31058342e-12 
 8.36203600e-05  2.00689744e-01  2.01288365e-01  2.01278301e-01 -1.53015836e-05  2.50558827e-11  7.09598125e-13 
 8.37203600e-05  2.00689862e-01  2.01288381e-01  2.01278317e-01 -1.52401896e-05 -2.82987939e-11  1.31050737e-12 
 8.38203600e-05  2.00689775e-01  2.01288397e-01  2.01278332e-01 -1.53015793e-05  2.50503257e-11  7.09674398e-13 
 8.39203600e-05  2.00689893e-01  2.01288412e-01  2.01278348e-01 -1.52401938e-05 -2.82934347e-11  1.31043098e-12 
 8.40203600e-05  2.00689806e-01  2.01288428e-01  2.01278363e-01 -1.53015751e-05  2.50445051e-11  7.09750347e-13 
 8.41203600e-05  2.00689924e-01  2.01288443e-01  2.01278379e-01 -1.52401981e-05 -2.82876856e-11  1.31035569e-12 
 8.42203600e-05  2.00689837e-01  2.01288459e-01  2.01278394e-01 -1.53015708e-05  2.50393042e-11  7.09826024e-13 
 8.43203600e-05  2.00689955e-01  2.01288474e-01  2.01278410e-01 -1.52402023e-05 -2.82823277e-11  1.31027914e-12 
 8.44203600e-05  2.00689868e-01  2.01288490e-01  2.01278425e-01 -1.53015666e-05  2.50338251e-11  7.09903056e-13 
 8.45203600e-05  2.00689986e-01  2.01288505e-01  2.01278441e-01 -1.52402066e-05 -2.82768962e-11  1.31020222e-12 
 8.46203600e-05  2.00689900e-01  2.01288521e-01  2.01278456e-01 -1.53015623e-05  2.50281139e-11  7.09979655e-13 
 8.47203600e-05  2.00690018e-01  2.01288536e-01  2.01278472e-01 -1.52402108e-05 -2.82712553e-11  1.31012611e-12 
 8.48203600e-05  2.00689931e-01  2.01288552e-01  2.01278488e-01 -1.53015580e-05  2.50228898e-11  7.10055983e-13 
 8.49203600e-05  2.00690049e-01  2.01288567e-01  2.01278503e-01 -1.52402151e-05 -2.82658235e-11  1.31004929e-12 
 8.50203600e-05  2.00689962e-01  2.01288583e-01  2.01278519e-01 -1.53015538e-05  2.50173166e-11  7.10132799e-13 
 8.51203600e-05  2.00690080e-01  2.01288598e-01  2.01278534e-01 -1.52402193e-05 -2.82601614e-11  1.30997253e-12 
 8.52203600e-05  2.00689993e-01  2.01288614e-01  2.01278550e-01 -1.53015495e-05  2.50118197e-11  7.10209181e-13 
 8.53203600e-05  2.00690111e-01  2.01288629e-01  2.01278565e-01 -1.52402236e-05 -2.82545974e-11  1.30989593e-12 
 8.54203600e-05  2.00690024e-01  2.01288645e-01  2.01278581e-01 -1.53015453e-05  2.50062701e-11  7.10285400e-13 
 8.55203600e-05  2.00690142e-01  2.01288661e-01  2.01278596e-01 -1.52402278e-05 -2.82493822e-11  1.30981998e-12 
 8.56203600e-05  2.00690056e-01  2.01288676e-01  2.01278612e-01 -1.53015410e-05  2.50008490e-11  7.10362541e-13 
 8.57203600e-05  2.00690173e-01  2.01288692e-01  2.01278627e-01 -1.52402321e-05 -2.82439300e-11  1.30974273e-12 
 8.58203600e-05  2.00690087e-01  2.01288707e-01  2.01278643e-01 -1.53015368e-05  2.49951425e-11  7.10439628e-13 
 8.59203600e-05  2.00690205e-01  2.01288723e-01  2.01278658e-01 -1.52402363e-05 -2.82383303e-11  1.30966581e-12 
 8.60203600e-05  2.00690118e-01  2.01288738e-01  2.01278674e-01 -1.53015325e-05  2.49897871e-11  7.10516173e-13 
 8.61203600e-05  2.00690236e-01  2.01288754e-01  2.01278689e-01 -1.52402405e-05 -2.82327848e-11  1.30958932e-12 
 8.62203600e-05  2.00690149e-01  2.01288769e-01  2.01278705e-01 -1.53015283e-05  2.49842935e-11  7.10592880e-13 
 8.63203600e-05  2.00690267e-01  2.01288785e-01  2.01278720e-01 -1.52402448e-05 -2.82274644e-11  1.30951234e-12 
 8.64203600e-05  2.00690180e-01  2.01288800e-01  2.01278736e-01 -1.53015240e-05  2.49788001e-11  7.10669967e-13 
 8.65203600e-05  2.00690298e-01  2.01288816e-01  2.01278751e-01 -1.52402490e-05 -2.82218656e-11  1.30943542e-12 
 8.66203600e-05  2.00690212e-01  2.01288831e-01  2.01278767e-01 -1.53015198e-05  2.49734987e-11  7.10746999e-13 
 8.67203600e-05  2.00690329e-01  2.01288847e-01  2.01278782e-01 -1.52402533e-05 -2.82163696e-11  1.30935768e-12 
 8.68203600e-05  2.00690243e-01  2.01288862e-01  2.01278798e-01 -1.53015155e-05  2.49679591e-11  7.10824086e-13 
 8.69203600e-05  2.00690360e-01  2.01288878e-01  2.01278813e-01 -1.52402575e-05 -2.82109518e-11  1.30928081e-12 
 8.70203600e-05  2.00690274e-01  2.01288893e-01  2.01278829e-01 -1.53015112e-05  2.49624607e-11  7.10901336e-13 
 8.71203600e-05  2.00690392e-01  2.01288909e-01  2.01278844e-01 -1.52402618e-05 -2.82054855e-11  1.30920351e-12 
 8.72203600e-05  2.00690305e-01  2.01288924e-01  2.01278860e-01 -1.53015070e-05  2.49569497e-11  7.10978477e-13 
 8.73203600e-05  2.00690423e-01  2.01288940e-01  2.01278875e-01 -1.52402660e-05 -2.82001430e-11  1.30912674e-12 
 8.74203600e-05  2.00690336e-01  2.01288955e-01  2.01278891e-01 -1.53015027e-05  2.49514684e-11  7.11056105e-13 
 8.75203600e-05  2.00690454e-01  2.01288971e-01  2.01278906e-01 -1.52402703e-05 -2.81943854e-11  1.30904960e-12 
 8.76203600e-05  2.00690367e-01  2.01288986e-01  2.01278922e-01 -1.53014985e-05  2.49462575e-11  7.11133626e-13 
 8.77203600e-05  2.00690485e-01  2.01289002e-01  2.01278937e-01 -1.52402745e-05 -2.81891357e-11  1.30897192e-12 
 8.78203600e-05  2.00690399e-01  2.01289017e-01  2.01278953e-01 -1.53014942e-05  2.49406192e-11  7.11211309e-13 
 8.79203600e-05  2.00690516e-01  2.01289033e-01  2.01278968e-01 -1.52402787e-05 -2.81835972e-11  1.30889397e-12 
 8.80203600e-05  2.00690430e-01  2.01289048e-01  2.01278984e-01 -1.53014900e-05  2.49350937e-11  7.11288884e-13 
 8.81203600e-05  2.00690547e-01  2.01289064e-01  2.01278999e-01 -1.52402830e-05 -2.81783204e-11  1.30881661e-12 
 8.82203600e-05  2.00690461e-01  2.01289079e-01  2.01279015e-01 -1.53014857e-05  2.49296636e-11  7.11366404e-13 
 8.83203600e-05  2.00690579e-01  2.01289095e-01  2.01279030e-01 -1.52402872e-05 -2.81726641e-11  1.30873914e-12 
 8.84203600e-05  2.00690492e-01  2.01289110e-01  2.01279046e-01 -1.53014815e-05  2.49243692e-11  7.11443599e-13 
 8.85203600e-05  2.00690610e-01  2.01289126e-01  2.01279062e-01 -1.52402915e-05 -2.81672769e-11  1.30866119e-12 
 8.86203600e-05  2.00690523e-01  2.01289141e-01  2.01279077e-01 -1.53014772e-05  2.49188760e-11  7.11521337e-13 
 8.87203600e-05  2.00690641e-01  2.01289157e-01  2.01279093e-01 -1.52402957e-05 -2.81618804e-11  1.30858329e-12 
 8.88203600e-05  2.00690555e-01  2.01289172e-01  2.01279108e-01 -1.53014730e-05  2.49133398e-11  7.11599345e-13 
 8.89203600e-05  2.00690672e-01  2.01289188e-01  2.01279124e-01 -1.52402999e-05 -2.81563622e-11  1.30850555e-12 
 8.90203600e-05  2.00690586e-01  2.01289203e-01  2.01279139e-01 -1.53014688e-05  2.49079286e-11  7.11676920e-13 
 8.91203600e-05  2.00690703e-01  2.01289219e-01  2.01279155e-01 -1.52403042e-05 -2.81510585e-11  1.30842781e-12 
 8.92203600e-05  2.00690617e-01  2.01289234e-01  2.01279170e-01 -1.53014645e-05  2.49027706e-11  7.11755362e-13 
 8.93203600e-05  2.00690735e-01  2.01289250e-01  2.01279186e-01 -1.52403084e-05 -2.81453307e-11  1.30834915e-12 
 8.94203600e-05  2.00690648e-01  2.01289265e-01  2.01279201e-01 -1.53014603e-05  2.48972769e-11  7.11833424e-13 
 8.95203600e-05  2.00690766e-01  2.01289281e-01  2.01279217e-01 -1.52403127e-05 -2.81400103e-11  1.30827109e-12 
 8.96203600e-05  2.00690679e-01  2.01289297e-01  2.01279232e-01 -1.53014560e-05  2.48916905e-11  7.11911216e-13 
 8.97203600e-05  2.00690797e-01  2.01289312e-01  2.01279248e-01 -1.52403169e-05 -2.81345468e-11  1.30819373e-12 
 8.98203600e-05  2.00690711e-01  2.01289328e-01  2.01279263e-01 -1.53014518e-05  2.48862237e-11  7.11989116e-13 
 8.99203600e-05  2.00690828e-01  2.01289343e-01  2.01279279e-01 -1.52403211e-05 -2.81293012e-11  1.30811562e-12 
 9.00203600e-05  2.00690742e-01  2.01289359e-01  2.01279294e-01 -1.53014475e-05  2.48809127e-11  7.12067395e-13 
 9.01203600e-05  2.00690859e-01  2.01289374e-01  2.01279310e-01 -1.52403254e-05 -2.81238427e-11  1.30803728e-12 
 9.02203600e-05  2.00690773e-01  2.01289390e-01  2.01279325e-01 -1.53014433e-05  2.48753563e-11  7.12145187e-13 
 9.03203600e-05  2.00690890e-01  2.01289405e-01  2.01279341e-01 -1.52403296e-05 -2.81183870e-11  1.30795917e-12 
 9.04203600e-05  2.00690804e-01  2.01289421e-01  2.01279356e-01 -1.53014390e-05  2.48699295e-11  7.12223466e-13 
 9.05203600e-05  2.00690922e-01  2.01289436e-01  2.01279372e-01 -1.52403339e-05 -2.81130390e-11  1.30788089e-12 
 9.06203600e-05  2.00690835e-01  2.01289452e-01  2.01279387e-01 -1.53014348e-05  2.48644870e-11  7.12301691e-13 
 9.07203600e-05  2.00690953e-01  2.01289467e-01  2.01279403e-01 -1.52403381e-05 -2.81077282e-11  1.30780250e-12 
 9.08203600e-05  2.00690867e-01  2.01289483e-01  2.01279418e-01 -1.53014305e-05  2.48590107e-11  7.12380458e-13 
 9.09203600e-05  2.00690984e-01  2.01289498e-01  2.01279434e-01 -1.52403423e-05 -2.81022180e-11  1.30772449e-12 
 9.10203600e-05  2.00690898e-01  2.01289514e-01  2.01279449e-01 -1.53014263e-05  2.48537200e-11  7.12458250e-13 
 9.11203600e-05  2.00691015e-01  2.01289529e-01  2.01279465e-01 -1.52403466e-05 -2.80967890e-11  1.30764594e-12 
 9.12203600e-05  2.00690929e-01  2.01289545e-01  2.01279480e-01 -1.53014221e-05  2.48483942e-11  7.12537342e-13 
 9.13203600e-05  2.00691046e-01  2.01289560e-01  2.01279496e-01 -1.52403508e-05 -2.80913734e-11  1.30756669e-12 
 9.14203600e-05  2.00690960e-01  2.01289576e-01  2.01279511e-01 -1.53014178e-05  2.48428114e-11  7.12615513e-13 
 9.15203600e-05  2.00691077e-01  2.01289591e-01  2.01279527e-01 -1.52403550e-05 -2.80859084e-11  1.30748868e-12 
 9.16203600e-05  2.00690991e-01  2.01289607e-01  2.01279542e-01 -1.53014136e-05  2.48376241e-11  7.12693739e-13 
 9.17203600e-05  2.00691109e-01  2.01289622e-01  2.01279558e-01 -1.52403593e-05 -2.80804501e-11  1.30741002e-12 
 9.18203600e-05  2.00691022e-01  2.01289638e-01  2.01279574e-01 -1.53014093e-05  2.48321346e-11  7.12772452e-13 
 9.19203600e-05  2.00691140e-01  2.01289653e-01  2.01279589e-01 -1.52403635e-05 -2.80753738e-11  1.30733103e-12 
 9.20203600e-05  2.00691054e-01  2.01289669e-01  2.01279605e-01 -1.53014051e-05  2.48266243e-11  7.12851544e-13 
 9.21203600e-05  2.00691171e-01  2.01289684e-01  2.01279620e-01 -1.52403677e-05 -2.80698897e-11  1.30725189e-12 
 9.22203600e-05  2.00691085e-01  2.01289700e-01  2.01279636e-01 -1.53014009e-05  2.48211612e-11  7.12930366e-13 
 9.23203600e-05  2.00691202e-01  2.01289715e-01  2.01279651e-01 -1.52403720e-05 -2.80643976e-11  1.30717334e-12 
 9.24203600e-05  2.00691116e-01  2.01289731e-01  2.01279667e-01 -1.53013966e-05  2.48159121e-11  7.13008916e-13 
 9.25203600e-05  2.00691233e-01  2.01289746e-01  2.01279682e-01 -1.52403762e-05 -2.80590475e-11  1.30709462e-12 
 9.26203600e-05  2.00691147e-01  2.01289762e-01  2.01279698e-01 -1.53013924e-05  2.48103066e-11  7.13087521e-13 
 9.27203600e-05  2.00691265e-01  2.01289777e-01  2.01279713e-01 -1.52403804e-05 -2.80539183e-11  1.30701645e-12 
 9.28203600e-05  2.00691178e-01  2.01289793e-01  2.01279729e-01 -1.53013882e-05  2.48049790e-11  7.13167210e-13 
 9.29203600e-05  2.00691296e-01  2.01289808e-01  2.01279744e-01 -1.52403846e-05 -2.80483926e-11  1.30693720e-12 
 9.30203600e-05  2.00691210e-01  2.01289824e-01  2.01279760e-01 -1.53013839e-05  2.47996216e-11  7.13246248e-13 
 9.31203600e-05  2.00691327e-01  2.01289840e-01  2.01279775e-01 -1.52403889e-05 -2.80430152e-11  1.30685827e-12 
 9.32203600e-05  2.00691241e-01  2.01289855e-01  2.01279791e-01 -1.53013797e-05  2.47942133e-11  7.13325286e-13 
 9.33203600e-05  2.00691358e-01  2.01289871e-01  2.01279806e-01 -1.52403931e-05 -2.80374432e-11  1.30677955e-12 
 9.34203600e-05  2.00691272e-01  2.01289886e-01  2.01279822e-01 -1.53013754e-05  2.47891050e-11  7.13404433e-13 
 9.35203600e-05  2.00691389e-01  2.01289902e-01  2.01279837e-01 -1.52403973e-05 -2.80319526e-11  1.30670014e-12 
 9.36203600e-05  2.00691303e-01  2.01289917e-01  2.01279853e-01 -1.53013712e-05  2.47835702e-11  7.13483146e-13 
 9.37203600e-05  2.00691420e-01  2.01289933e-01  2.01279868e-01 -1.52404016e-05 -2.80269675e-11  1.30662077e-12 
 9.38203600e-05  2.00691334e-01  2.01289948e-01  2.01279884e-01 -1.53013670e-05  2.47781199e-11  7.13562835e-13 
 9.39203600e-05  2.00691452e-01  2.01289964e-01  2.01279899e-01 -1.52404058e-05 -2.80212943e-11  1.30654141e-12 
 9.40203600e-05  2.00691366e-01  2.01289979e-01  2.01279915e-01 -1.53013627e-05  2.47727832e-11  7.13641494e-13 
 9.41203600e-05  2.00691483e-01  2.01289995e-01  2.01279930e-01 -1.52404100e-05 -2.80160951e-11  1.30646199e-12 
 9.42203600e-05  2.00691397e-01  2.01290010e-01  2.01279946e-01 -1.53013585e-05  2.47674242e-11  7.13721129e-13 
 9.43203600e-05  2.00691514e-01  2.01290026e-01  2.01279961e-01 -1.52404142e-05 -2.80105964e-11  1.30638263e-12 
 9.44203600e-05  2.00691428e-01  2.01290041e-01  2.01279977e-01 -1.53013543e-05  2.47622359e-11  7.13800492e-13 
 9.45203600e-05  2.00691545e-01  2.01290057e-01  2.01279992e-01 -1.52404185e-05 -2.80050902e-11  1.30630332e-12 
 9.46203600e-05  2.00691459e-01  2.01290072e-01  2.01280008e-01 -1.53013500e-05  2.47568194e-11  7.13879585e-13 
 9.47203600e-05  2.00691576e-01  2.01290088e-01  2.01280023e-01 -1.52404227e-05 -2.79998837e-11  1.30622412e-12 
 9.48203600e-05  2.00691490e-01  2.01290103e-01  2.01280039e-01 -1.53013458e-05  2.47513264e-11  7.13959274e-13 
 9.49203600e-05  2.00691607e-01  2.01290119e-01  2.01280054e-01 -1.52404269e-05 -2.79944887e-11  1.30614486e-12 
 9.50203600e-05  2.00691522e-01  2.01290134e-01  2.01280070e-01 -1.53013416e-05  2.47462081e-11  7.14038583e-13 
 9.51203600e-05  2.00691639e-01  2.01290150e-01  2.01280085e-01 -1.52404311e-05 -2.79890542e-11  1.30606507e-12 
 9.52203600e-05  2.00691553e-01  2.01290165e-01  2.01280101e-01 -1.53013373e-05  2.47406462e-11  7.14118489e-13 
 9.53203600e-05  2.00691670e-01  2.01290181e-01  2.01280116e-01 -1.52404354e-05 -2.79838403e-11  1.30598532e-12 
 9.54203600e-05  2.00691584e-01  2.01290196e-01  2.01280132e-01 -1.53013331e-05  2.47352813e-11  7.14198123e-13 
 9.55203600e-05  2.00691701e-01  2.01290212e-01  2.01280148e-01 -1.52404396e-05 -2.79782139e-11  1.30590634e-12 
 9.56203600e-05  2.00691615e-01  2.01290228e-01  2.01280163e-01 -1.53013289e-05  2.47301630e-11  7.14276891e-13 
 9.57203600e-05  2.00691732e-01  2.01290243e-01  2.01280179e-01 -1.52404438e-05 -2.79729948e-11  1.30582638e-12 
 9.58203600e-05  2.00691646e-01  2.01290259e-01  2.01280194e-01 -1.53013246e-05  2.47248346e-11  7.14356959e-13 
 9.59203600e-05  2.00691763e-01  2.01290274e-01  2.01280210e-01 -1.52404480e-05 -2.79678075e-11  1.30574593e-12 
 9.60203600e-05  2.00691678e-01  2.01290290e-01  2.01280225e-01 -1.53013204e-05  2.47190161e-11  7.14437298e-13 
 9.61203600e-05  2.00691795e-01  2.01290305e-01  2.01280241e-01 -1.52404522e-05 -2.79625552e-11  1.30566668e-12 
 9.62203600e-05  2.00691709e-01  2.01290321e-01  2.01280256e-01 -1.53013162e-05  2.47138089e-11  7.14516933e-13 
 9.63203600e-05  2.00691826e-01  2.01290336e-01  2.01280272e-01 -1.52404565e-05 -2.79570388e-11  1.30558693e-12 
 9.64203600e-05  2.00691740e-01  2.01290352e-01  2.01280287e-01 -1.53013120e-05  2.47085659e-11  7.14596459e-13 
 9.65203600e-05  2.00691857e-01  2.01290367e-01  2.01280303e-01 -1.52404607e-05 -2.79516486e-11  1.30550724e-12 
 9.66203600e-05  2.00691771e-01  2.01290383e-01  2.01280318e-01 -1.53013077e-05  2.47033754e-11  7.14676528e-13 
 9.67203600e-05  2.00691888e-01  2.01290398e-01  2.01280334e-01 -1.52404649e-05 -2.79463455e-11  1.30542707e-12 
 9.68203600e-05  2.00691802e-01  2.01290414e-01  2.01280349e-01 -1.53013035e-05  2.46977794e-11  7.14756650e-13 
 9.69203600e-05  2.00691919e-01  2.01290429e-01  2.01280365e-01 -1.52404691e-05 -2.79411327e-11  1.30534700e-12 
 9.70203600e-05  2.00691833e-01  2.01290445e-01  2.01280380e-01 -1.53012993e-05  2.46925434e-11  7.14836718e-13 
 9.71203600e-05  2.00691950e-01  2.01290460e-01  2.01280396e-01 -1.52404733e-05 -2.79356516e-11  1.30526698e-12 
 9.72203600e-05  2.00691865e-01  2.01290476e-01  2.01280411e-01 -1.53012951e-05  2.46872726e-11  7.14916624e-13 
 9.73203600e-05  2.00691982e-01  2.01290491e-01  2.01280427e-01 -1.52404776e-05 -2.79302644e-11  1.30518719e-12 
 9.74203600e-05  2.00691896e-01  2.01290507e-01  2.01280442e-01 -1.53012908e-05  2.46819971e-11  7.14996367e-13 
 9.75203600e-05  2.00692013e-01  2.01290522e-01  2.01280458e-01 -1.52404818e-05 -2.79249130e-11  1.30510723e-12 
 9.76203600e-05  2.00691927e-01  2.01290538e-01  2.01280473e-01 -1.53012866e-05  2.46766958e-11  7.15076652e-13 
 9.77203600e-05  2.00692044e-01  2.01290553e-01  2.01280489e-01 -1.52404860e-05 -2.79195866e-11  1.30502683e-12 
 9.78203600e-05  2.00691958e-01  2.01290569e-01  2.01280504e-01 -1.53012824e-05  2.46712854e-11  7.15156504e-13 
 9.79203600e-05  2.00692075e-01  2.01290584e-01  2.01280520e-01 -1.52404902e-05 -2.79142315e-11  1.30494714e-12 
 9.80203600e-05  2.00691989e-01  2.01290600e-01  2.01280535e-01 -1.53012782e-05  2.46660461e-11  7.15237060e-13 
 9.81203600e-05  2.00692106e-01  2.01290615e-01  2.01280551e-01 -1.52404944e-05 -2.79089972e-11  1.30486643e-12 
 9.82203600e-05  2.00692021e-01  2.01290631e-01  2.01280566e-01 -1.53012739e-05  2.46607069e-11  7.15317616e-13 
 9.83203600e-05  2.00692137e-01  2.01290646e-01  2.01280582e-01 -1.52404986e-05 -2.79036436e-11  1.30478619e-12 
 9.84203600e-05  2.00692052e-01  2.01290662e-01  2.01280597e-01 -1.53012697e-05  2.46553190e-11  7.15397359e-13 
 9.85203600e-05  2.00692169e-01  2.01290677e-01  2.01280613e-01 -1.52405029e-05 -2.78981885e-11  1.30470613e-12 
 9.86203600e-05  2.00692083e-01  2.01290693e-01  2.01280628e-01 -1.53012655e-05  2.46501153e-11  7.15477699e-13 
 9.87203600e-05  2.00692200e-01  2.01290708e-01  2.01280644e-01 -1.52405071e-05 -2.78929126e-11  1.30462579e-12 
 9.88203600e-05  2.00692114e-01  2.01290724e-01  2.01280660e-01 -1.53012613e-05  2.46446563e-11  7.15558038e-13 
 9.89203600e-05  2.00692231e-01  2.01290739e-01  2.01280675e-01 -1.52405113e-05 -2.78876427e-11  1.30454550e-12 
 9.90203600e-05  2.00692145e-01  2.01290755e-01  2.01280691e-01 -1.53012570e-05  2.46394292e-11  7.15638378e-13 
 9.91203600e-05  2.00692262e-01  2.01290770e-01  2.01280706e-01 -1.52405155e-05 -2.78824819e-11  1.30446495e-12 
 9.92203600e-05  2.00692177e-01  2.01290786e-01  2.01280722e-01 -1.53012528e-05  2.46340138e-11  7.15718880e-13 
 9.93203600e-05  2.00692293e-01  2.01290801e-01  2.01280737e-01 -1.52405197e-05 -2.78773352e-11  1.30438417e-12 
 9.94203600e-05  2.00692208e-01  2.01290817e-01  2.01280753e-01 -1.53012486e-05  2.46285939e-11  7.15800032e-13 
 9.95203600e-05  2.00692324e-01  2.01290832e-01  2.01280768e-01 -1.52405239e-05 -2.78718114e-11  1.30430318e-12 
 9.96203600e-05  2.00692239e-01  2.01290848e-01  2.01280784e-01 -1.53012444e-05  2.46233990e-11  7.15880263e-13 
 9.97203600e-05  2.00692356e-01  2.01290863e-01  2.01280799e-01 -1.52405281e-05 -2.78665270e-11  1.30422301e-12 
 9.98203600e-05  2.00692270e-01  2.01290879e-01  2.01280815e-01 -1.53012402e-05  2.46181229e-11  7.15961199e-13 
 9.99203600e-05  2.00692387e-01  2.01290894e-01  2.01280830e-01 -1.52405324e-05 -2.78611364e-11  1.30414240e-12 
 1.00020360e-04  2.00692301e-01  2.01290910e-01  2.01280846e-01 -1.53012359e-05  2.46126340e-11  7.16041538e-13 
 1.00120360e-04  2.00692418e-01  2.01290925e-01  2.01280861e-01 -1.52405366e-05 -2.78560417e-11  1.30406216e-12 
 1.00220360e-04  2.00692333e-01  2.01290941e-01  2.01280877e-01 -1.53012317e-05  2.46074959e-11  7.16122474e-13 
 1.00320360e-04  2.00692449e-01  2.01290956e-01  2.01280892e-01 -1.52405408e-05 -2.78506122e-11  1.30398079e-12 
 1.00420360e-04  2.00692364e-01  2.01290972e-01  2.01280908e-01 -1.53012275e-05  2.46021523e-11  7.16203301e-13 
 1.00520360e-04  2.00692480e-01  2.01290987e-01  2.01280923e-01 -1.52405450e-05 -2.78452242e-11  1.30390024e-12 
 1.00620360e-04  2.00692395e-01  2.01291003e-01  2.01280939e-01 -1.53012233e-05  2.45967378e-11  7.16283749e-13 
 1.00720360e-04  2.00692512e-01  2.01291019e-01  2.01280954e-01 -1.52405492e-05 -2.78401488e-11  1.30381995e-12 
 1.00820360e-04  2.00692426e-01  2.01291034e-01  2.01280970e-01 -1.53012191e-05  2.45916378e-11  7.16364739e-13 
 1.00920360e-04  2.00692543e-01  2.01291050e-01  2.01280985e-01 -1.52405534e-05 -2.78347395e-11  1.30373858e-12 
 1.01020360e-04  2.00692457e-01  2.01291065e-01  2.01281001e-01 -1.53012149e-05  2.45862638e-11  7.16445295e-13 
 1.01120360e-04  2.00692574e-01  2.01291081e-01  2.01281016e-01 -1.52405576e-05 -2.78293324e-11  1.30365770e-12 
 1.01220360e-04  2.00692488e-01  2.01291096e-01  2.01281032e-01 -1.53012106e-05  2.45811366e-11  7.16526176e-13 
 1.01320360e-04  2.00692605e-01  2.01291112e-01  2.01281047e-01 -1.52405618e-05 -2.78239920e-11  1.30357693e-12 
 1.01420360e-04  2.00692520e-01  2.01291128e-01  2.01281063e-01 -1.53012064e-05  2.45756729e-11  7.16606787e-13 
 1.01520360e-04  2.00692636e-01  2.01291143e-01  2.01281078e-01 -1.52405660e-05 -2.78187482e-11  1.30349648e-12 
 1.01620360e-04  2.00692551e-01  2.01291159e-01  2.01281094e-01 -1.53012022e-05  2.45705444e-11  7.16687885e-13 
 1.01720360e-04  2.00692667e-01  2.01291174e-01  2.01281109e-01 -1.52405702e-05 -2.78136464e-11  1.30341500e-12 
 1.01820360e-04  2.00692582e-01  2.01291190e-01  2.01281125e-01 -1.53011980e-05  2.45651461e-11  7.16769200e-13 
 1.01920360e-04  2.00692699e-01  2.01291205e-01  2.01281140e-01 -1.52405744e-05 -2.78081573e-11  1.30333396e-12 
 1.02020360e-04  2.00692613e-01  2.01291221e-01  2.01281156e-01 -1.53011938e-05  2.45599090e-11  7.16850353e-13 
 1.02120360e-04  2.00692730e-01  2.01291236e-01  2.01281171e-01 -1.52405786e-05 -2.78030715e-11  1.30325275e-12 
 1.02220360e-04  2.00692644e-01  2.01291252e-01  2.01281187e-01 -1.53011896e-05  2.45545687e-11  7.16931614e-13 
 1.02320360e-04  2.00692761e-01  2.01291267e-01  2.01281202e-01 -1.52405828e-05 -2.77974770e-11  1.30317133e-12 
 1.02420360e-04  2.00692676e-01  2.01291283e-01  2.01281218e-01 -1.53011854e-05  2.45495995e-11  7.17012387e-13 
 1.02520360e-04  2.00692792e-01  2.01291298e-01  2.01281234e-01 -1.52405870e-05 -2.77922897e-11  1.30308991e-12 
 1.02620360e-04  2.00692707e-01  2.01291314e-01  2.01281249e-01 -1.53011812e-05  2.45440649e-11  7.17093811e-13 
 1.02720360e-04  2.00692823e-01  2.01291329e-01  2.01281265e-01 -1.52405913e-05 -2.77868689e-11  1.30300935e-12 
 1.02820360e-04  2.00692738e-01  2.01291345e-01  2.01281280e-01 -1.53011769e-05  2.45389869e-11  7.17174258e-13 
 1.02920360e-04  2.00692854e-01  2.01291360e-01  2.01281296e-01 -1.52405955e-05 -2.77817816e-11  1.30292787e-12 
 1.03020360e-04  2.00692769e-01  2.01291376e-01  2.01281311e-01 -1.53011727e-05  2.45334890e-11  7.17255682e-13 
 1.03120360e-04  2.00692886e-01  2.01291391e-01  2.01281327e-01 -1.52405997e-05 -2.77764621e-11  1.30284694e-12 
 1.03220360e-04  2.00692800e-01  2.01291407e-01  2.01281342e-01 -1.53011685e-05  2.45282737e-11  7.17336672e-13 
 1.03320360e-04  2.00692917e-01  2.01291422e-01  2.01281358e-01 -1.52406039e-05 -2.77713165e-11  1.30276633e-12 
 1.03420360e-04  2.00692832e-01  2.01291438e-01  2.01281373e-01 -1.53011643e-05  2.45229423e-11  7.17418638e-13 
 1.03520360e-04  2.00692948e-01  2.01291453e-01  2.01281389e-01 -1.52406081e-05 -2.77659857e-11  1.30268523e-12 
 1.03620360e-04  2.00692863e-01  2.01291469e-01  2.01281404e-01 -1.53011601e-05  2.45175772e-11  7.17499682e-13 
 1.03720360e-04  2.00692979e-01  2.01291484e-01  2.01281420e-01 -1.52406123e-05 -2.77608828e-11  1.30260375e-12 
 1.03820360e-04  2.00692894e-01  2.01291500e-01  2.01281435e-01 -1.53011559e-05  2.45124227e-11  7.17581376e-13 
 1.03920360e-04  2.00693010e-01  2.01291515e-01  2.01281451e-01 -1.52406165e-05 -2.77554544e-11  1.30252206e-12 
 1.04020360e-04  2.00692925e-01  2.01291531e-01  2.01281466e-01 -1.53011517e-05  2.45072031e-11  7.17662908e-13 
 1.04120360e-04  2.00693042e-01  2.01291546e-01  2.01281482e-01 -1.52406207e-05 -2.77503903e-11  1.30244052e-12 
 1.04220360e-04  2.00692956e-01  2.01291562e-01  2.01281497e-01 -1.53011475e-05  2.45018322e-11  7.17744982e-13 
 1.04320360e-04  2.00693073e-01  2.01291577e-01  2.01281513e-01 -1.52406249e-05 -2.77449528e-11  1.30235856e-12 
 1.04420360e-04  2.00692988e-01  2.01291593e-01  2.01281528e-01 -1.53011433e-05  2.44966376e-11  7.17826081e-13 
 1.04520360e-04  2.00693104e-01  2.01291608e-01  2.01281544e-01 -1.52406291e-05 -2.77397354e-11  1.30227719e-12 
 1.04620360e-04  2.00693019e-01  2.01291624e-01  2.01281559e-01 -1.53011391e-05  2.44912244e-11  7.17907233e-13 
 1.04720360e-04  2.00693135e-01  2.01291639e-01  2.01281575e-01 -1.52406333e-05 -2.77344530e-11  1.30219604e-12 
 1.04820360e-04  2.00693050e-01  2.01291655e-01  2.01281590e-01 -1.53011349e-05  2.44862674e-11  7.17988603e-13 
 1.04920360e-04  2.00693166e-01  2.01291670e-01  2.01281606e-01 -1.52406375e-05 -2.77292419e-11  1.30211396e-12 
 1.05020360e-04  2.00693081e-01  2.01291686e-01  2.01281621e-01 -1.53011307e-05  2.44807967e-11  7.18070568e-13 
 1.05120360e-04  2.00693197e-01  2.01291701e-01  2.01281637e-01 -1.52406417e-05 -2.77239783e-11  1.30203227e-12 
 1.05220360e-04  2.00693112e-01  2.01291717e-01  2.01281652e-01 -1.53011265e-05  2.44755514e-11  7.18152154e-13 
 1.05320360e-04  2.00693229e-01  2.01291732e-01  2.01281668e-01 -1.52406459e-05 -2.77187696e-11  1.30195079e-12 
 1.05420360e-04  2.00693143e-01  2.01291748e-01  2.01281683e-01 -1.53011222e-05  2.44702481e-11  7.18234066e-13 
 1.05520360e-04  2.00693260e-01  2.01291763e-01  2.01281699e-01 -1.52406500e-05 -2.77134719e-11  1.30186942e-12 
 1.05620360e-04  2.00693175e-01  2.01291779e-01  2.01281714e-01 -1.53011180e-05  2.44650888e-11  7.18315544e-13 
 1.05720360e-04  2.00693291e-01  2.01291794e-01  2.01281730e-01 -1.52406542e-05 -2.77082552e-11  1.30178707e-12 
 1.05820360e-04  2.00693206e-01  2.01291810e-01  2.01281746e-01 -1.53011138e-05  2.44599425e-11  7.18397455e-13 
 1.05920360e-04  2.00693322e-01  2.01291825e-01  2.01281761e-01 -1.52406584e-05 -2.77027524e-11  1.30170549e-12 
 1.06020360e-04  2.00693237e-01  2.01291841e-01  2.01281777e-01 -1.53011096e-05  2.44547373e-11  7.18478716e-13 
 1.06120360e-04  2.00693353e-01  2.01291856e-01  2.01281792e-01 -1.52406626e-05 -2.76977235e-11  1.30162352e-12 
 1.06220360e-04  2.00693268e-01  2.01291872e-01  2.01281808e-01 -1.53011054e-05  2.44492415e-11  7.18560953e-13 
 1.06320360e-04  2.00693384e-01  2.01291887e-01  2.01281823e-01 -1.52406668e-05 -2.76924271e-11  1.30154226e-12 
 1.06420360e-04  2.00693299e-01  2.01291903e-01  2.01281839e-01 -1.53011012e-05  2.44441271e-11  7.18641889e-13 
 1.06520360e-04  2.00693416e-01  2.01291918e-01  2.01281854e-01 -1.52406710e-05 -2.76874277e-11  1.30145997e-12 
 1.06620360e-04  2.00693331e-01  2.01291934e-01  2.01281870e-01 -1.53010970e-05  2.44386649e-11  7.18723963e-13 
 1.06720360e-04  2.00693447e-01  2.01291949e-01  2.01281885e-01 -1.52406752e-05 -2.76820585e-11  1.30137855e-12 
 1.06820360e-04  2.00693362e-01  2.01291965e-01  2.01281901e-01 -1.53010928e-05  2.44336697e-11  7.18805928e-13 
 1.06920360e-04  2.00693478e-01  2.01291980e-01  2.01281916e-01 -1.52406794e-05 -2.76767712e-11  1.30129712e-12 
 1.07020360e-04  2.00693393e-01  2.01291996e-01  2.01281932e-01 -1.53010886e-05  2.44283738e-11  7.18887948e-13 
 1.07120360e-04  2.00693509e-01  2.01292011e-01  2.01281947e-01 -1.52406836e-05 -2.76716265e-11  1.30121505e-12 
 1.07220360e-04  2.00693424e-01  2.01292027e-01  2.01281963e-01 -1.53010844e-05  2.44232622e-11  7.18970185e-13 
 1.07320360e-04  2.00693540e-01  2.01292042e-01  2.01281978e-01 -1.52406878e-05 -2.76661413e-11  1.30113260e-12 
 1.07420360e-04  2.00693455e-01  2.01292059e-01  2.01281994e-01 -1.53010802e-05  2.44179340e-11  7.19051825e-13 
 1.07520360e-04  2.00693571e-01  2.01292073e-01  2.01282009e-01 -1.52406920e-05 -2.76612123e-11  1.30105079e-12 
 1.07620360e-04  2.00693487e-01  2.01292090e-01  2.01282025e-01 -1.53010760e-05  2.44127336e-11  7.19134604e-13 
 1.07720360e-04  2.00693603e-01  2.01292104e-01  2.01282040e-01 -1.52406962e-05 -2.76557731e-11  1.30096801e-12 
 1.07820360e-04  2.00693518e-01  2.01292121e-01  2.01282056e-01 -1.53010718e-05  2.44074060e-11  7.19216191e-13 
 1.07920360e-04  2.00693634e-01  2.01292135e-01  2.01282071e-01 -1.52407004e-05 -2.76507677e-11  1.30088605e-12 
 1.08020360e-04  2.00693549e-01  2.01292152e-01  2.01282087e-01 -1.53010676e-05  2.44021203e-11  7.19298698e-13 
 1.08120360e-04  2.00693665e-01  2.01292167e-01  2.01282102e-01 -1.52407046e-05 -2.76453734e-11  1.30080435e-12 
 1.08220360e-04  2.00693580e-01  2.01292183e-01  2.01282118e-01 -1.53010634e-05  2.43969315e-11  7.19380176e-13 
 1.08320360e-04  2.00693696e-01  2.01292198e-01  2.01282133e-01 -1.52407087e-05 -2.76402512e-11  1.30072255e-12 
 1.08420360e-04  2.00693611e-01  2.01292214e-01  2.01282149e-01 -1.53010593e-05  2.43917484e-11  7.19462847e-13 
 1.08520360e-04  2.00693727e-01  2.01292229e-01  2.01282164e-01 -1.52407129e-05 -2.76350169e-11  1.30063999e-12 
 1.08620360e-04  2.00693643e-01  2.01292245e-01  2.01282180e-01 -1.53010551e-05  2.43864191e-11  7.19544704e-13 
 1.08720360e-04  2.00693759e-01  2.01292260e-01  2.01282195e-01 -1.52407171e-05 -2.76299374e-11  1.30055808e-12 
 1.08820360e-04  2.00693674e-01  2.01292276e-01  2.01282211e-01 -1.53010509e-05  2.43812652e-11  7.19627537e-13 
 1.08920360e-04  2.00693790e-01  2.01292291e-01  2.01282226e-01 -1.52407213e-05 -2.76247046e-11  1.30047541e-12 
 1.09020360e-04  2.00693705e-01  2.01292307e-01  2.01282242e-01 -1.53010467e-05  2.43759787e-11  7.19710099e-13 
 1.09120360e-04  2.00693821e-01  2.01292322e-01  2.01282257e-01 -1.52407255e-05 -2.76193504e-11  1.30039312e-12 
 1.09220360e-04  2.00693736e-01  2.01292338e-01  2.01282273e-01 -1.53010425e-05  2.43708343e-11  7.19791685e-13 
 1.09320360e-04  2.00693852e-01  2.01292353e-01  2.01282288e-01 -1.52407297e-05 -2.76142384e-11  1.30031110e-12 
 1.09420360e-04  2.00693767e-01  2.01292369e-01  2.01282304e-01 -1.53010383e-05  2.43655595e-11  7.19874084e-13 
 1.09520360e-04  2.00693883e-01  2.01292384e-01  2.01282320e-01 -1.52407339e-05 -2.76090652e-11  1.30022853e-12 
 1.09620360e-04  2.00693798e-01  2.01292400e-01  2.01282335e-01 -1.53010341e-05  2.43603633e-11  7.19956917e-13 
 1.09720360e-04  2.00693914e-01  2.01292415e-01  2.01282351e-01 -1.52407380e-05 -2.76035555e-11  1.30014668e-12 
 1.09820360e-04  2.00693830e-01  2.01292431e-01  2.01282366e-01 -1.53010299e-05  2.43551715e-11  7.20038178e-13 
 1.09920360e-04  2.00693946e-01  2.01292446e-01  2.01282382e-01 -1.52407422e-05 -2.75985716e-11  1.30006449e-12 
 1.10020360e-04  2.00693861e-01  2.01292462e-01  2.01282397e-01 -1.53010257e-05  2.43500235e-11  7.20120524e-13 
 1.10120360e-04  2.00693977e-01  2.01292477e-01  2.01282413e-01 -1.52407464e-05 -2.75934499e-11  1.29998139e-12 
 1.10220360e-04  2.00693892e-01  2.01292493e-01  2.01282428e-01 -1.53010215e-05  2.43447805e-11  7.20203248e-13 
 1.10320360e-04  2.00694008e-01  2.01292508e-01  2.01282444e-01 -1.52407506e-05 -2.75879812e-11  1.29989932e-12 
 1.10420360e-04  2.00693923e-01  2.01292524e-01  2.01282459e-01 -1.53010173e-05  2.43395469e-11  7.20285431e-13 
 1.10520360e-04  2.00694039e-01  2.01292539e-01  2.01282475e-01 -1.52407548e-05 -2.75829767e-11  1.29981675e-12 
 1.10620360e-04  2.00693954e-01  2.01292555e-01  2.01282490e-01 -1.53010131e-05  2.43342675e-11  7.20367613e-13 
 1.10720360e-04  2.00694070e-01  2.01292570e-01  2.01282506e-01 -1.52407590e-05 -2.75777658e-11  1.29973463e-12 
 1.10820360e-04  2.00693986e-01  2.01292586e-01  2.01282521e-01 -1.53010089e-05  2.43291598e-11  7.20450392e-13 
 1.10920360e-04  2.00694101e-01  2.01292601e-01  2.01282537e-01 -1.52407631e-05 -2.75726215e-11  1.29965179e-12 
 1.11020360e-04  2.00694017e-01  2.01292617e-01  2.01282552e-01 -1.53010048e-05  2.43239352e-11  7.20533171e-13 
 1.11120360e-04  2.00694133e-01  2.01292632e-01  2.01282568e-01 -1.52407673e-05 -2.75672534e-11  1.29956907e-12 
 1.11220360e-04  2.00694048e-01  2.01292648e-01  2.01282583e-01 -1.53010006e-05  2.43188718e-11  7.20615570e-13 
 1.11320360e-04  2.00694164e-01  2.01292663e-01  2.01282599e-01 -1.52407715e-05 -2.75619811e-11  1.29948634e-12 
 1.11420360e-04  2.00694079e-01  2.01292679e-01  2.01282614e-01 -1.53009964e-05  2.43134571e-11  7.20697590e-13 
 1.11520360e-04  2.00694195e-01  2.01292694e-01  2.01282630e-01 -1.52407757e-05 -2.75570142e-11  1.29940459e-12 
 1.11620360e-04  2.00694110e-01  2.01292710e-01  2.01282645e-01 -1.53009922e-05  2.43084598e-11  7.20781128e-13 
 1.11720360e-04  2.00694226e-01  2.01292725e-01  2.01282661e-01 -1.52407799e-05 -2.75516925e-11  1.29932160e-12 
 1.11820360e-04  2.00694142e-01  2.01292741e-01  2.01282676e-01 -1.53009880e-05  2.43031608e-11  7.20863202e-13 
 1.11920360e-04  2.00694257e-01  2.01292756e-01  2.01282692e-01 -1.52407840e-05 -2.75463690e-11  1.29923915e-12 
 1.12020360e-04  2.00694173e-01  2.01292772e-01  2.01282707e-01 -1.53009838e-05  2.42980479e-11  7.20945710e-13 
 1.12120360e-04  2.00694289e-01  2.01292787e-01  2.01282723e-01 -1.52407882e-05 -2.75413535e-11  1.29915647e-12 
 1.12220360e-04  2.00694204e-01  2.01292803e-01  2.01282738e-01 -1.53009796e-05  2.42928312e-11  7.21028272e-13 
 1.12320360e-04  2.00694320e-01  2.01292818e-01  2.01282754e-01 -1.52407924e-05 -2.75362645e-11  1.29907397e-12 
 1.12420360e-04  2.00694235e-01  2.01292834e-01  2.01282769e-01 -1.53009754e-05  2.42874343e-11  7.21111755e-13 
 1.12520360e-04  2.00694351e-01  2.01292849e-01  2.01282785e-01 -1.52407966e-05 -2.75310653e-11  1.29899113e-12 
 1.12620360e-04  2.00694266e-01  2.01292865e-01  2.01282800e-01 -1.53009713e-05  2.42824341e-11  7.21194263e-13 
 1.12720360e-04  2.00694382e-01  2.01292880e-01  2.01282816e-01 -1.52408007e-05 -2.75257974e-11  1.29890836e-12 
 1.12820360e-04  2.00694298e-01  2.01292896e-01  2.01282832e-01 -1.53009671e-05  2.42772408e-11  7.21277096e-13 
 1.12920360e-04  2.00694413e-01  2.01292911e-01  2.01282847e-01 -1.52408049e-05 -2.75204518e-11  1.29882590e-12 
 1.13020360e-04  2.00694329e-01  2.01292927e-01  2.01282863e-01 -1.53009629e-05  2.42721648e-11  7.21359658e-13 
 1.13120360e-04  2.00694444e-01  2.01292942e-01  2.01282878e-01 -1.52408091e-05 -2.75154084e-11  1.29874285e-12 
 1.13220360e-04  2.00694360e-01  2.01292958e-01  2.01282894e-01 -1.53009587e-05  2.42669363e-11  7.21442817e-13 
 1.13320360e-04  2.00694476e-01  2.01292973e-01  2.01282909e-01 -1.52408133e-05 -2.75100986e-11  1.29865986e-12 
 1.13420360e-04  2.00694391e-01  2.01292990e-01  2.01282925e-01 -1.53009545e-05  2.42617916e-11  7.21525433e-13 
 1.13520360e-04  2.00694507e-01  2.01293004e-01  2.01282940e-01 -1.52408174e-05 -2.75048014e-11  1.29857719e-12 
 1.13620360e-04  2.00694422e-01  2.01293021e-01  2.01282956e-01 -1.53009504e-05  2.42567140e-11  7.21607941e-13 
 1.13720360e-04  2.00694538e-01  2.01293035e-01  2.01282971e-01 -1.52408216e-05 -2.74998793e-11  1.29849408e-12 
 1.13820360e-04  2.00694453e-01  2.01293052e-01  2.01282987e-01 -1.53009462e-05  2.42512891e-11  7.21690882e-13 
 1.13920360e-04  2.00694569e-01  2.01293066e-01  2.01283002e-01 -1.52408258e-05 -2.74947200e-11  1.29841130e-12 
 1.14020360e-04  2.00694485e-01  2.01293083e-01  2.01283018e-01 -1.53009420e-05  2.42459932e-11  7.21773661e-13 
 1.14120360e-04  2.00694600e-01  2.01293097e-01  2.01283033e-01 -1.52408300e-05 -2.74895872e-11  1.29832907e-12 
 1.14220360e-04  2.00694516e-01  2.01293114e-01  2.01283049e-01 -1.53009378e-05  2.42410430e-11  7.21856548e-13 
 1.14320360e-04  2.00694631e-01  2.01293128e-01  2.01283064e-01 -1.52408341e-05 -2.74843512e-11  1.29824585e-12 
 1.14420360e-04  2.00694547e-01  2.01293145e-01  2.01283080e-01 -1.53009336e-05  2.42357005e-11  7.21939490e-13 
 1.14520360e-04  2.00694663e-01  2.01293159e-01  2.01283095e-01 -1.52408383e-05 -2.74792916e-11  1.29816307e-12 
 1.14620360e-04  2.00694578e-01  2.01293176e-01  2.01283111e-01 -1.53009295e-05  2.42307006e-11  7.22022485e-13 
 1.14720360e-04  2.00694694e-01  2.01293190e-01  2.01283126e-01 -1.52408425e-05 -2.74739324e-11  1.29807948e-12 
 1.14820360e-04  2.00694609e-01  2.01293207e-01  2.01283142e-01 -1.53009253e-05  2.42255333e-11  7.22105644e-13 
 1.14920360e-04  2.00694725e-01  2.01293221e-01  2.01283157e-01 -1.52408467e-05 -2.74688540e-11  1.29799676e-12 
 1.15020360e-04  2.00694641e-01  2.01293238e-01  2.01283173e-01 -1.53009211e-05  2.42201816e-11  7.22188802e-13 
 1.15120360e-04  2.00694756e-01  2.01293252e-01  2.01283188e-01 -1.52408508e-05 -2.74636605e-11  1.29791414e-12 
 1.15220360e-04  2.00694672e-01  2.01293269e-01  2.01283204e-01 -1.53009169e-05  2.42151464e-11  7.22271581e-13 
 1.15320360e-04  2.00694787e-01  2.01293283e-01  2.01283219e-01 -1.52408550e-05 -2.74585055e-11  1.29783077e-12 
 1.15420360e-04  2.00694703e-01  2.01293300e-01  2.01283235e-01 -1.53009127e-05  2.42099344e-11  7.22353926e-13 
 1.15520360e-04  2.00694819e-01  2.01293314e-01  2.01283250e-01 -1.52408592e-05 -2.74534347e-11  1.29774777e-12 
 1.15620360e-04  2.00694734e-01  2.01293331e-01  2.01283266e-01 -1.53009086e-05  2.42046814e-11  7.22437138e-13 
 1.15720360e-04  2.00694850e-01  2.01293346e-01  2.01283281e-01 -1.52408633e-05 -2.74481503e-11  1.29766510e-12 
 1.15820360e-04  2.00694765e-01  2.01293362e-01  2.01283297e-01 -1.53009044e-05  2.41998012e-11  7.22520459e-13 
 1.15920360e-04  2.00694881e-01  2.01293377e-01  2.01283312e-01 -1.52408675e-05 -2.74428559e-11  1.29758210e-12 
 1.16020360e-04  2.00694797e-01  2.01293393e-01  2.01283328e-01 -1.53009002e-05  2.41945262e-11  7.22603130e-13 
 1.16120360e-04  2.00694912e-01  2.01293408e-01  2.01283343e-01 -1.52408717e-05 -2.74380785e-11  1.29749884e-12 
 1.16220360e-04  2.00694828e-01  2.01293424e-01  2.01283359e-01 -1.53008960e-05  2.41892973e-11  7.22687155e-13 
 1.16320360e-04  2.00694943e-01  2.01293439e-01  2.01283374e-01 -1.52408758e-05 -2.74326044e-11  1.29741530e-12 
 1.16420360e-04  2.00694859e-01  2.01293455e-01  2.01283390e-01 -1.53008919e-05  2.41842379e-11  7.22769988e-13 
 1.16520360e-04  2.00694974e-01  2.01293470e-01  2.01283406e-01 -1.52408800e-05 -2.74274251e-11  1.29733230e-12 
 1.16620360e-04  2.00694890e-01  2.01293486e-01  2.01283421e-01 -1.53008877e-05  2.41789661e-11  7.22852767e-13 
 1.16720360e-04  2.00695006e-01  2.01293501e-01  2.01283437e-01 -1.52408842e-05 -2.74223285e-11  1.29724931e-12 
 1.16820360e-04  2.00694921e-01  2.01293517e-01  2.01283452e-01 -1.53008835e-05  2.41737921e-11  7.22935546e-13 
 1.16920360e-04  2.00695037e-01  2.01293532e-01  2.01283468e-01 -1.52408883e-05 -2.74175014e-11  1.29716642e-12 
 1.17020360e-04  2.00694953e-01  2.01293548e-01  2.01283483e-01 -1.53008793e-05  2.41687018e-11  7.23019246e-13 
 1.17120360e-04  2.00695068e-01  2.01293563e-01  2.01283499e-01 -1.52408925e-05 -2.74120648e-11  1.29708267e-12 
 1.17220360e-04  2.00694984e-01  2.01293579e-01  2.01283514e-01 -1.53008752e-05  2.41636724e-11  7.23102459e-13 
 1.17320360e-04  2.00695099e-01  2.01293594e-01  2.01283530e-01 -1.52408967e-05 -2.74067832e-11  1.29699924e-12 
 1.17420360e-04  2.00695015e-01  2.01293610e-01  2.01283545e-01 -1.53008710e-05  2.41584521e-11  7.23185509e-13 
 1.17520360e-04  2.00695130e-01  2.01293625e-01  2.01283561e-01 -1.52409008e-05 -2.74019720e-11  1.29691586e-12 
 1.17620360e-04  2.00695046e-01  2.01293641e-01  2.01283576e-01 -1.53008668e-05  2.41532293e-11  7.23269101e-13 
 1.17720360e-04  2.00695161e-01  2.01293656e-01  2.01283592e-01 -1.52409050e-05 -2.73964859e-11  1.29683341e-12 
 1.17820360e-04  2.00695077e-01  2.01293672e-01  2.01283607e-01 -1.53008627e-05  2.41480605e-11  7.23351717e-13 
 1.17920360e-04  2.00695193e-01  2.01293687e-01  2.01283623e-01 -1.52409091e-05 -2.73915324e-11  1.29675079e-12 
 1.18020360e-04  2.00695109e-01  2.01293703e-01  2.01283638e-01 -1.53008585e-05  2.41429830e-11  7.23434821e-13 
 1.18120360e-04  2.00695224e-01  2.01293718e-01  2.01283654e-01 -1.52409133e-05 -2.73863571e-11  1.29666704e-12 
 1.18220360e-04  2.00695140e-01  2.01293734e-01  2.01283669e-01 -1.53008543e-05  2.41379705e-11  7.23518630e-13 
 1.18320360e-04  2.00695255e-01  2.01293749e-01  2.01283685e-01 -1.52409175e-05 -2.73813478e-11  1.29658280e-12 
 1.18420360e-04  2.00695171e-01  2.01293765e-01  2.01283700e-01 -1.53008502e-05  2.41324948e-11  7.23602276e-13 
 1.18520360e-04  2.00695286e-01  2.01293780e-01  2.01283716e-01 -1.52409216e-05 -2.73761465e-11  1.29649996e-12 
 1.18620360e-04  2.00695202e-01  2.01293796e-01  2.01283731e-01 -1.53008460e-05  2.41276285e-11  7.23685922e-13 
 1.18720360e-04  2.00695317e-01  2.01293811e-01  2.01283747e-01 -1.52409258e-05 -2.73708205e-11  1.29641615e-12 
 1.18820360e-04  2.00695233e-01  2.01293827e-01  2.01283762e-01 -1.53008418e-05  2.41224319e-11  7.23769026e-13 
 1.18920360e-04  2.00695348e-01  2.01293842e-01  2.01283778e-01 -1.52409299e-05 -2.73658119e-11  1.29633327e-12 
 1.19020360e-04  2.00695264e-01  2.01293858e-01  2.01283793e-01 -1.53008377e-05  2.41173951e-11  7.23852510e-13 
 1.19120360e-04  2.00695380e-01  2.01293873e-01  2.01283809e-01 -1.52409341e-05 -2.73605615e-11  1.29624940e-12 
 1.19220360e-04  2.00695296e-01  2.01293890e-01  2.01283824e-01 -1.53008335e-05  2.41121173e-11  7.23935723e-13 
 1.19320360e-04  2.00695411e-01  2.01293904e-01  2.01283840e-01 -1.52409383e-05 -2.73554829e-11  1.29616630e-12 
 1.19420360e-04  2.00695327e-01  2.01293921e-01  2.01283855e-01 -1.53008293e-05  2.41068992e-11  7.24018989e-13 
 1.19520360e-04  2.00695442e-01  2.01293935e-01  2.01283871e-01 -1.52409424e-05 -2.73504598e-11  1.29608330e-12 
 1.19620360e-04  2.00695358e-01  2.01293952e-01  2.01283886e-01 -1.53008252e-05  2.41018210e-11  7.24101660e-13 
 1.19720360e-04  2.00695473e-01  2.01293966e-01  2.01283902e-01 -1.52409466e-05 -2.73455217e-11  1.29599987e-12 
 1.19820360e-04  2.00695389e-01  2.01293983e-01  2.01283918e-01 -1.53008210e-05  2.40967396e-11  7.24186499e-13 
 1.19920360e-04  2.00695504e-01  2.01293997e-01  2.01283933e-01 -1.52409507e-05 -2.73401020e-11  1.29591601e-12 
 1.20020360e-04  2.00695420e-01  2.01294014e-01  2.01283949e-01 -1.53008168e-05  2.40916848e-11  7.24269819e-13 
 1.20120360e-04  2.00695536e-01  2.01294028e-01  2.01283964e-01 -1.52409549e-05 -2.73349576e-11  1.29583247e-12 
 1.20220360e-04  2.00695452e-01  2.01294045e-01  2.01283980e-01 -1.53008127e-05  2.40864871e-11  7.24353086e-13 
 1.20320360e-04  2.00695567e-01  2.01294059e-01  2.01283995e-01 -1.52409590e-05 -2.73297177e-11  1.29574953e-12 
 1.20420360e-04  2.00695483e-01  2.01294076e-01  2.01284011e-01 -1.53008085e-05  2.40814068e-11  7.24435865e-13 
 1.20520360e-04  2.00695598e-01  2.01294090e-01  2.01284026e-01 -1.52409632e-05 -2.73246998e-11  1.29566621e-12 
 1.20620360e-04  2.00695514e-01  2.01294107e-01  2.01284042e-01 -1.53008043e-05  2.40764049e-11  7.24519674e-13 
 1.20720360e-04  2.00695629e-01  2.01294121e-01  2.01284057e-01 -1.52409674e-05 -2.73197667e-11  1.29558191e-12 
 1.20820360e-04  2.00695545e-01  2.01294138e-01  2.01284073e-01 -1.53008002e-05  2.40711127e-11  7.24603320e-13 
 1.20920360e-04  2.00695660e-01  2.01294152e-01  2.01284088e-01 -1.52409715e-05 -2.73144229e-11  1.29549838e-12 
 1.21020360e-04  2.00695576e-01  2.01294169e-01  2.01284104e-01 -1.53007960e-05  2.40660727e-11  7.24686424e-13 
 1.21120360e-04  2.00695691e-01  2.01294183e-01  2.01284119e-01 -1.52409757e-05 -2.73092638e-11  1.29541511e-12 
 1.21220360e-04  2.00695608e-01  2.01294200e-01  2.01284135e-01 -1.53007919e-05  2.40610455e-11  7.24769854e-13 
 1.21320360e-04  2.00695723e-01  2.01294214e-01  2.01284150e-01 -1.52409798e-05 -2.73041865e-11  1.29533168e-12 
 1.21420360e-04  2.00695639e-01  2.01294231e-01  2.01284166e-01 -1.53007877e-05  2.40556420e-11  7.24853174e-13 
 1.21520360e-04  2.00695754e-01  2.01294245e-01  2.01284181e-01 -1.52409840e-05 -2.72992609e-11  1.29524825e-12 
 1.21620360e-04  2.00695670e-01  2.01294262e-01  2.01284197e-01 -1.53007835e-05  2.40508039e-11  7.24937254e-13 
 1.21720360e-04  2.00695785e-01  2.01294276e-01  2.01284212e-01 -1.52409881e-05 -2.72939486e-11  1.29516417e-12 
 1.21820360e-04  2.00695701e-01  2.01294293e-01  2.01284228e-01 -1.53007794e-05  2.40455540e-11  7.25020629e-13 
 1.21920360e-04  2.00695816e-01  2.01294307e-01  2.01284243e-01 -1.52409923e-05 -2.72888294e-11  1.29508080e-12 
 1.22020360e-04  2.00695732e-01  2.01294324e-01  2.01284259e-01 -1.53007752e-05  2.40404580e-11  7.25104493e-13 
 1.22120360e-04  2.00695847e-01  2.01294338e-01  2.01284274e-01 -1.52409964e-05 -2.72838304e-11  1.29499715e-12 
 1.22220360e-04  2.00695764e-01  2.01294355e-01  2.01284290e-01 -1.53007711e-05  2.40352994e-11  7.25188030e-13 
 1.22320360e-04  2.00695878e-01  2.01294369e-01  2.01284305e-01 -1.52410006e-05 -2.72787006e-11  1.29491323e-12 
 1.22420360e-04  2.00695795e-01  2.01294386e-01  2.01284321e-01 -1.53007669e-05  2.40302624e-11  7.25271622e-13 
 1.22520360e-04  2.00695910e-01  2.01294400e-01  2.01284336e-01 -1.52410047e-05 -2.72735768e-11  1.29482942e-12 
 1.22620360e-04  2.00695826e-01  2.01294417e-01  2.01284352e-01 -1.53007628e-05  2.40249949e-11  7.25355594e-13 
 1.22720360e-04  2.00695941e-01  2.01294431e-01  2.01284367e-01 -1.52410089e-05 -2.72685871e-11  1.29474589e-12 
 1.22820360e-04  2.00695857e-01  2.01294448e-01  2.01284383e-01 -1.53007586e-05  2.40199494e-11  7.25439240e-13 
 1.22920360e-04  2.00695972e-01  2.01294462e-01  2.01284398e-01 -1.52410130e-05 -2.72632520e-11  1.29466316e-12 
 1.23020360e-04  2.00695888e-01  2.01294479e-01  2.01284414e-01 -1.53007544e-05  2.40150308e-11  7.25522778e-13 
 1.23120360e-04  2.00696003e-01  2.01294493e-01  2.01284429e-01 -1.52410172e-05 -2.72581471e-11  1.29457935e-12 
 1.23220360e-04  2.00695919e-01  2.01294510e-01  2.01284445e-01 -1.53007503e-05  2.40098815e-11  7.25606641e-13 
 1.23320360e-04  2.00696034e-01  2.01294525e-01  2.01284460e-01 -1.52410213e-05 -2.72532266e-11  1.29449549e-12 
 1.23420360e-04  2.00695951e-01  2.01294541e-01  2.01284476e-01 -1.53007461e-05  2.40045874e-11  7.25690721e-13 
 1.23520360e-04  2.00696066e-01  2.01294556e-01  2.01284492e-01 -1.52410255e-05 -2.72480946e-11  1.29441168e-12 
 1.23620360e-04  2.00695982e-01  2.01294572e-01  2.01284507e-01 -1.53007420e-05  2.39995313e-11  7.25774421e-13 
 1.23720360e-04  2.00696097e-01  2.01294587e-01  2.01284523e-01 -1.52410296e-05 -2.72430047e-11  1.29432787e-12 
 1.23820360e-04  2.00696013e-01  2.01294603e-01  2.01284538e-01 -1.53007378e-05  2.39944685e-11  7.25858230e-13 
 1.23920360e-04  2.00696128e-01  2.01294618e-01  2.01284554e-01 -1.52410337e-05 -2.72378123e-11  1.29424401e-12 
 1.24020360e-04  2.00696044e-01  2.01294634e-01  2.01284569e-01 -1.53007337e-05  2.39894346e-11  7.25942093e-13 
 1.24120360e-04  2.00696159e-01  2.01294649e-01  2.01284585e-01 -1.52410379e-05 -2.72327881e-11  1.29416042e-12 
 1.24220360e-04  2.00696075e-01  2.01294665e-01  2.01284600e-01 -1.53007295e-05  2.39841688e-11  7.26025631e-13 
 1.24320360e-04  2.00696190e-01  2.01294680e-01  2.01284616e-01 -1.52410420e-05 -2.72275061e-11  1.29407677e-12 
 1.24420360e-04  2.00696107e-01  2.01294696e-01  2.01284631e-01 -1.53007254e-05  2.39792648e-11  7.26108897e-13 
 1.24520360e-04  2.00696221e-01  2.01294711e-01  2.01284647e-01 -1.52410462e-05 -2.72226204e-11  1.29399296e-12 
 1.24620360e-04  2.00696138e-01  2.01294727e-01  2.01284662e-01 -1.53007212e-05  2.39741625e-11  7.26193031e-13 
 1.24720360e-04  2.00696253e-01  2.01294742e-01  2.01284678e-01 -1.52410503e-05 -2.72174590e-11  1.29390888e-12 
 1.24820360e-04  2.00696169e-01  2.01294758e-01  2.01284693e-01 -1.53007171e-05  2.39689104e-11  7.26276840e-13 
 1.24920360e-04  2.00696284e-01  2.01294773e-01  2.01284709e-01 -1.52410545e-05 -2.72123812e-11  1.29382534e-12 
 1.25020360e-04  2.00696200e-01  2.01294789e-01  2.01284724e-01 -1.53007129e-05  2.39638717e-11  7.26360812e-13 
 1.25120360e-04  2.00696315e-01  2.01294804e-01  2.01284740e-01 -1.52410586e-05 -2.72073750e-11  1.29374121e-12 
 1.25220360e-04  2.00696231e-01  2.01294821e-01  2.01284755e-01 -1.53007088e-05  2.39588278e-11  7.26444729e-13 
 1.25320360e-04  2.00696346e-01  2.01294835e-01  2.01284771e-01 -1.52410627e-05 -2.72019952e-11  1.29365756e-12 
 1.25420360e-04  2.00696263e-01  2.01294852e-01  2.01284786e-01 -1.53007046e-05  2.39538838e-11  7.26528158e-13 
 1.25520360e-04  2.00696377e-01  2.01294866e-01  2.01284802e-01 -1.52410669e-05 -2.71970549e-11  1.29357386e-12 
 1.25620360e-04  2.00696294e-01  2.01294883e-01  2.01284817e-01 -1.53007005e-05  2.39485471e-11  7.26612130e-13 
 1.25720360e-04  2.00696408e-01  2.01294897e-01  2.01284833e-01 -1.52410710e-05 -2.71920494e-11  1.29349000e-12 
 1.25820360e-04  2.00696325e-01  2.01294914e-01  2.01284848e-01 -1.53006963e-05  2.39436158e-11  7.26695722e-13 
 1.25920360e-04  2.00696440e-01  2.01294928e-01  2.01284864e-01 -1.52410752e-05 -2.71868721e-11  1.29340630e-12 
 1.26020360e-04  2.00696356e-01  2.01294945e-01  2.01284879e-01 -1.53006922e-05  2.39384580e-11  7.26779585e-13 
 1.26120360e-04  2.00696471e-01  2.01294959e-01  2.01284895e-01 -1.52410793e-05 -2.71818466e-11  1.29332238e-12 
 1.26220360e-04  2.00696387e-01  2.01294976e-01  2.01284910e-01 -1.53006880e-05  2.39332907e-11  7.26862906e-13 
 1.26320360e-04  2.00696502e-01  2.01294990e-01  2.01284926e-01 -1.52410834e-05 -2.71769341e-11  1.29323830e-12 
 1.26420360e-04  2.00696419e-01  2.01295007e-01  2.01284941e-01 -1.53006839e-05  2.39282190e-11  7.26946877e-13 
 1.26520360e-04  2.00696533e-01  2.01295021e-01  2.01284957e-01 -1.52410876e-05 -2.71718134e-11  1.29315422e-12 
 1.26620360e-04  2.00696450e-01  2.01295038e-01  2.01284972e-01 -1.53006797e-05  2.39230326e-11  7.27030957e-13 
 1.26720360e-04  2.00696564e-01  2.01295052e-01  2.01284988e-01 -1.52410917e-05 -2.71666780e-11  1.29307041e-12 
 1.26820360e-04  2.00696481e-01  2.01295069e-01  2.01285004e-01 -1.53006756e-05  2.39181728e-11  7.27115308e-13 
 1.26920360e-04  2.00696595e-01  2.01295083e-01  2.01285019e-01 -1.52410959e-05 -2.71614888e-11  1.29298617e-12 
 1.27020360e-04  2.00696512e-01  2.01295100e-01  2.01285035e-01 -1.53006715e-05  2.39130671e-11  7.27199117e-13 
 1.27120360e-04  2.00696627e-01  2.01295114e-01  2.01285050e-01 -1.52411000e-05 -2.71565179e-11  1.29290215e-12 
 1.27220360e-04  2.00696543e-01  2.01295131e-01  2.01285066e-01 -1.53006673e-05  2.39080099e-11  7.27283305e-13 
 1.27320360e-04  2.00696658e-01  2.01295145e-01  2.01285081e-01 -1.52411041e-05 -2.71512344e-11  1.29281812e-12 
 1.27420360e-04  2.00696574e-01  2.01295162e-01  2.01285097e-01 -1.53006632e-05  2.39029118e-11  7.27366789e-13 
 1.27520360e-04  2.00696689e-01  2.01295176e-01  2.01285112e-01 -1.52411083e-05 -2.71462570e-11  1.29273437e-12 
 1.27620360e-04  2.00696606e-01  2.01295193e-01  2.01285128e-01 -1.53006590e-05  2.38978418e-11  7.27450543e-13 
 1.27720360e-04  2.00696720e-01  2.01295207e-01  2.01285143e-01 -1.52411124e-05 -2.71412077e-11  1.29265039e-12 
 1.27820360e-04  2.00696637e-01  2.01295224e-01  2.01285159e-01 -1.53006549e-05  2.38927723e-11  7.27534677e-13 
 1.27920360e-04  2.00696751e-01  2.01295238e-01  2.01285174e-01 -1.52411165e-05 -2.71361902e-11  1.29256610e-12 
 1.28020360e-04  2.00696668e-01  2.01295255e-01  2.01285190e-01 -1.53006507e-05  2.38876536e-11  7.27618595e-13 
 1.28120360e-04  2.00696783e-01  2.01295269e-01  2.01285205e-01 -1.52411207e-05 -2.71309342e-11  1.29248283e-12 
 1.28220360e-04  2.00696699e-01  2.01295286e-01  2.01285221e-01 -1.53006466e-05  2.38827051e-11  7.27702349e-13 
 1.28320360e-04  2.00696814e-01  2.01295300e-01  2.01285236e-01 -1.52411248e-05 -2.71259846e-11  1.29239951e-12 
 1.28420360e-04  2.00696730e-01  2.01295317e-01  2.01285252e-01 -1.53006425e-05  2.38776351e-11  7.27786538e-13 
 1.28520360e-04  2.00696845e-01  2.01295331e-01  2.01285267e-01 -1.52411289e-05 -2.71207922e-11  1.29231543e-12 
 1.28620360e-04  2.00696762e-01  2.01295348e-01  2.01285283e-01 -1.53006383e-05  2.38726829e-11  7.27870563e-13 
 1.28720360e-04  2.00696876e-01  2.01295362e-01  2.01285298e-01 -1.52411331e-05 -2.71157259e-11  1.29223119e-12 
 1.28820360e-04  2.00696793e-01  2.01295379e-01  2.01285314e-01 -1.53006342e-05  2.38674649e-11  7.27954535e-13 
 1.28920360e-04  2.00696907e-01  2.01295393e-01  2.01285329e-01 -1.52411372e-05 -2.71108257e-11  1.29214716e-12 
 1.29020360e-04  2.00696824e-01  2.01295410e-01  2.01285345e-01 -1.53006300e-05  2.38622718e-11  7.28038452e-13 
 1.29120360e-04  2.00696938e-01  2.01295424e-01  2.01285360e-01 -1.52411413e-05 -2.71057881e-11  1.29206303e-12 
 1.29220360e-04  2.00696855e-01  2.01295441e-01  2.01285376e-01 -1.53006259e-05  2.38573679e-11  7.28122966e-13 
 1.29320360e-04  2.00696970e-01  2.01295455e-01  2.01285391e-01 -1.52411455e-05 -2.71005388e-11  1.29197922e-12 
 1.29420360e-04  2.00696886e-01  2.01295472e-01  2.01285407e-01 -1.53006218e-05  2.38522858e-11  7.28206666e-13 
 1.29520360e-04  2.00697001e-01  2.01295486e-01  2.01285422e-01 -1.52411496e-05 -2.70956209e-11  1.29189508e-12 
 1.29620360e-04  2.00696918e-01  2.01295503e-01  2.01285438e-01 -1.53006176e-05  2.38471597e-11  7.28291125e-13 
 1.29720360e-04  2.00697032e-01  2.01295517e-01  2.01285453e-01 -1.52411537e-05 -2.70905600e-11  1.29181111e-12 
 1.29820360e-04  2.00696949e-01  2.01295534e-01  2.01285469e-01 -1.53006135e-05  2.38420254e-11  7.28374500e-13 
 1.29920360e-04  2.00697063e-01  2.01295548e-01  2.01285484e-01 -1.52411578e-05 -2.70855363e-11  1.29172703e-12 
 1.30020360e-04  2.00696980e-01  2.01295565e-01  2.01285500e-01 -1.53006094e-05  2.38370862e-11  7.28458906e-13 
 1.30120360e-04  2.00697094e-01  2.01295579e-01  2.01285515e-01 -1.52411620e-05 -2.70804134e-11  1.29164312e-12 
 1.30220360e-04  2.00697011e-01  2.01295596e-01  2.01285531e-01 -1.53006052e-05  2.38321038e-11  7.28542823e-13 
 1.30320360e-04  2.00697125e-01  2.01295610e-01  2.01285546e-01 -1.52411661e-05 -2.70752784e-11  1.29155887e-12 
 1.30420360e-04  2.00697042e-01  2.01295627e-01  2.01285562e-01 -1.53006011e-05  2.38270640e-11  7.28627282e-13 
 1.30520360e-04  2.00697157e-01  2.01295641e-01  2.01285577e-01 -1.52411702e-05 -2.70701617e-11  1.29147447e-12 
 1.30620360e-04  2.00697074e-01  2.01295658e-01  2.01285593e-01 -1.53005970e-05  2.38220008e-11  7.28711037e-13 
 1.30720360e-04  2.00697188e-01  2.01295672e-01  2.01285609e-01 -1.52411744e-05 -2.70652515e-11  1.29139017e-12 
 1.30820360e-04  2.00697105e-01  2.01295689e-01  2.01285624e-01 -1.53005928e-05  2.38167014e-11  7.28795117e-13 
 1.30920360e-04  2.00697219e-01  2.01295704e-01  2.01285640e-01 -1.52411785e-05 -2.70604030e-11  1.29130653e-12 
 1.31020360e-04  2.00697136e-01  2.01295720e-01  2.01285655e-01 -1.53005887e-05  2.38116209e-11  7.28879251e-13 
 1.31120360e-04  2.00697250e-01  2.01295735e-01  2.01285671e-01 -1.52411826e-05 -2.70553567e-11  1.29122223e-12 
 1.31220360e-04  2.00697167e-01  2.01295752e-01  2.01285686e-01 -1.53005846e-05  2.38066333e-11  7.28963656e-13 
 1.31320360e-04  2.00697281e-01  2.01295766e-01  2.01285702e-01 -1.52411867e-05 -2.70501425e-11  1.29113826e-12 
 1.31420360e-04  2.00697198e-01  2.01295783e-01  2.01285717e-01 -1.53005804e-05  2.38015092e-11  7.29047411e-13 
 1.31520360e-04  2.00697313e-01  2.01295797e-01  2.01285733e-01 -1.52411909e-05 -2.70451547e-11  1.29105445e-12 
 1.31620360e-04  2.00697229e-01  2.01295814e-01  2.01285748e-01 -1.53005763e-05  2.37964477e-11  7.29130569e-13 
 1.31720360e-04  2.00697344e-01  2.01295828e-01  2.01285764e-01 -1.52411950e-05 -2.70402192e-11  1.29097069e-12 
 1.31820360e-04  2.00697261e-01  2.01295845e-01  2.01285779e-01 -1.53005722e-05  2.37915568e-11  7.29215353e-13 
 1.31920360e-04  2.00697375e-01  2.01295859e-01  2.01285795e-01 -1.52411991e-05 -2.70350621e-11  1.29088656e-12 
 1.32020360e-04  2.00697292e-01  2.01295876e-01  2.01285810e-01 -1.53005680e-05  2.37865526e-11  7.29299704e-13 
 1.32120360e-04  2.00697406e-01  2.01295890e-01  2.01285826e-01 -1.52412032e-05 -2.70298415e-11  1.29080226e-12 
 1.32220360e-04  2.00697323e-01  2.01295907e-01  2.01285841e-01 -1.53005639e-05  2.37815470e-11  7.29384001e-13 
 1.32320360e-04  2.00697437e-01  2.01295921e-01  2.01285857e-01 -1.52412073e-05 -2.70248303e-11  1.29071829e-12 
 1.32420360e-04  2.00697354e-01  2.01295938e-01  2.01285872e-01 -1.53005598e-05  2.37765313e-11  7.29467593e-13 
 1.32520360e-04  2.00697468e-01  2.01295952e-01  2.01285888e-01 -1.52412115e-05 -2.70198247e-11  1.29063427e-12 
 1.32620360e-04  2.00697385e-01  2.01295969e-01  2.01285903e-01 -1.53005556e-05  2.37714902e-11  7.29552107e-13 
 1.32720360e-04  2.00697500e-01  2.01295983e-01  2.01285919e-01 -1.52412156e-05 -2.70147461e-11  1.29055008e-12 
 1.32820360e-04  2.00697417e-01  2.01296000e-01  2.01285934e-01 -1.53005515e-05  2.37664931e-11  7.29636024e-13 
 1.32920360e-04  2.00697531e-01  2.01296014e-01  2.01285950e-01 -1.52412197e-05 -2.70096935e-11  1.29046562e-12 
 1.33020360e-04  2.00697448e-01  2.01296031e-01  2.01285965e-01 -1.53005474e-05  2.37614876e-11  7.29720321e-13 
 1.33120360e-04  2.00697562e-01  2.01296045e-01  2.01285981e-01 -1.52412238e-05 -2.70047680e-11  1.29038121e-12 
 1.33220360e-04  2.00697479e-01  2.01296062e-01  2.01285996e-01 -1.53005433e-05  2.37561496e-11  7.29804563e-13 
 1.33320360e-04  2.00697593e-01  2.01296076e-01  2.01286012e-01 -1.52412279e-05 -2.69997213e-11  1.29029735e-12 
 1.33420360e-04  2.00697510e-01  2.01296093e-01  2.01286027e-01 -1.53005391e-05  2.37513399e-11  7.29888209e-13 
 1.33520360e-04  2.00697624e-01  2.01296107e-01  2.01286043e-01 -1.52412321e-05 -2.69947029e-11  1.29021284e-12 
 1.33620360e-04  2.00697541e-01  2.01296124e-01  2.01286058e-01 -1.53005350e-05  2.37462042e-11  7.29972452e-13 
 1.33720360e-04  2.00697655e-01  2.01296138e-01  2.01286074e-01 -1.52412362e-05 -2.69895072e-11  1.29012941e-12 
 1.33820360e-04  2.00697573e-01  2.01296155e-01  2.01286089e-01 -1.53005309e-05  2.37414010e-11  7.30056749e-13 
 1.33920360e-04  2.00697687e-01  2.01296169e-01  2.01286105e-01 -1.52412403e-05 -2.69846240e-11  1.29004457e-12 
 1.34020360e-04  2.00697604e-01  2.01296186e-01  2.01286121e-01 -1.53005268e-05  2.37359177e-11  7.30140991e-13 
 1.34120360e-04  2.00697718e-01  2.01296200e-01  2.01286136e-01 -1.52412444e-05 -2.69797984e-11  1.28996098e-12 
 1.34220360e-04  2.00697635e-01  2.01296217e-01  2.01286152e-01 -1.53005226e-05  2.37310590e-11  7.30224963e-13 
 1.34320360e-04  2.00697749e-01  2.01296231e-01  2.01286167e-01 -1.52412485e-05 -2.69746272e-11  1.28987635e-12 
 1.34420360e-04  2.00697666e-01  2.01296248e-01  2.01286183e-01 -1.53005185e-05  2.37260745e-11  7.30309530e-13 
 1.34520360e-04  2.00697780e-01  2.01296262e-01  2.01286198e-01 -1.52412526e-05 -2.69694356e-11  1.28979222e-12 
 1.34620360e-04  2.00697697e-01  2.01296279e-01  2.01286214e-01 -1.53005144e-05  2.37212515e-11  7.30394098e-13 
 1.34720360e-04  2.00697811e-01  2.01296293e-01  2.01286229e-01 -1.52412568e-05 -2.69645077e-11  1.28970754e-12 
 1.34820360e-04  2.00697729e-01  2.01296310e-01  2.01286245e-01 -1.53005103e-05  2.37160786e-11  7.30478503e-13 
 1.34920360e-04  2.00697842e-01  2.01296324e-01  2.01286260e-01 -1.52412609e-05 -2.69593200e-11  1.28962352e-12 
 1.35020360e-04  2.00697760e-01  2.01296341e-01  2.01286276e-01 -1.53005061e-05  2.37110284e-11  7.30562041e-13 
 1.35120360e-04  2.00697874e-01  2.01296355e-01  2.01286291e-01 -1.52412650e-05 -2.69544558e-11  1.28953949e-12 
 1.35220360e-04  2.00697791e-01  2.01296372e-01  2.01286307e-01 -1.53005020e-05  2.37060462e-11  7.30646392e-13 
 1.35320360e-04  2.00697905e-01  2.01296386e-01  2.01286322e-01 -1.52412691e-05 -2.69494017e-11  1.28945525e-12 
 1.35420360e-04  2.00697822e-01  2.01296403e-01  2.01286338e-01 -1.53004979e-05  2.37010279e-11  7.30730905e-13 
 1.35520360e-04  2.00697936e-01  2.01296417e-01  2.01286353e-01 -1.52412732e-05 -2.69442754e-11  1.28937095e-12 
 1.35620360e-04  2.00697853e-01  2.01296434e-01  2.01286369e-01 -1.53004938e-05  2.36958955e-11  7.30814389e-13 
 1.35720360e-04  2.00697967e-01  2.01296448e-01  2.01286384e-01 -1.52412773e-05 -2.69393995e-11  1.28928763e-12 
 1.35820360e-04  2.00697884e-01  2.01296465e-01  2.01286400e-01 -1.53004897e-05  2.36909422e-11  7.30898632e-13 
 1.35920360e-04  2.00697998e-01  2.01296479e-01  2.01286415e-01 -1.52412814e-05 -2.69343495e-11  1.28920350e-12 
 1.36020360e-04  2.00697916e-01  2.01296496e-01  2.01286431e-01 -1.53004855e-05  2.36860319e-11  7.30982766e-13 
 1.36120360e-04  2.00698030e-01  2.01296510e-01  2.01286446e-01 -1.52412855e-05 -2.69293262e-11  1.28911866e-12 
 1.36220360e-04  2.00697947e-01  2.01296527e-01  2.01286462e-01 -1.53004814e-05  2.36809209e-11  7.31067062e-13 
 1.36320360e-04  2.00698061e-01  2.01296541e-01  2.01286477e-01 -1.52412897e-05 -2.69242833e-11  1.28903458e-12 
 1.36420360e-04  2.00697978e-01  2.01296558e-01  2.01286493e-01 -1.53004773e-05  2.36759917e-11  7.31151413e-13 
 1.36520360e-04  2.00698092e-01  2.01296572e-01  2.01286508e-01 -1.52412938e-05 -2.69192693e-11  1.28895012e-12 
 1.36620360e-04  2.00698009e-01  2.01296589e-01  2.01286524e-01 -1.53004732e-05  2.36708543e-11  7.31235873e-13 
 1.36720360e-04  2.00698123e-01  2.01296603e-01  2.01286539e-01 -1.52412979e-05 -2.69142128e-11  1.28886631e-12 
 1.36820360e-04  2.00698040e-01  2.01296620e-01  2.01286555e-01 -1.53004691e-05  2.36657963e-11  7.31319573e-13 
 1.36920360e-04  2.00698154e-01  2.01296634e-01  2.01286570e-01 -1.52413020e-05 -2.69093795e-11  1.28878212e-12 
 1.37020360e-04  2.00698072e-01  2.01296651e-01  2.01286586e-01 -1.53004650e-05  2.36607854e-11  7.31403382e-13 
 1.37120360e-04  2.00698185e-01  2.01296665e-01  2.01286601e-01 -1.52413061e-05 -2.69044351e-11  1.28869756e-12 
 1.37220360e-04  2.00698103e-01  2.01296683e-01  2.01286617e-01 -1.53004608e-05  2.36557995e-11  7.31488112e-13 
 1.37320360e-04  2.00698217e-01  2.01296696e-01  2.01286632e-01 -1.52413102e-05 -2.68993371e-11  1.28861364e-12 
 1.37420360e-04  2.00698134e-01  2.01296714e-01  2.01286648e-01 -1.53004567e-05  2.36507170e-11  7.31572409e-13 
 1.37520360e-04  2.00698248e-01  2.01296727e-01  2.01286663e-01 -1.52413143e-05 -2.68943893e-11  1.28852912e-12 
 1.37620360e-04  2.00698165e-01  2.01296745e-01  2.01286679e-01 -1.53004526e-05  2.36457804e-11  7.31656597e-13 
 1.37720360e-04  2.00698279e-01  2.01296758e-01  2.01286695e-01 -1.52413184e-05 -2.68892163e-11  1.28844526e-12 
 1.37820360e-04  2.00698196e-01  2.01296776e-01  2.01286710e-01 -1.53004485e-05  2.36408100e-11  7.31740677e-13 
 1.37920360e-04  2.00698310e-01  2.01296789e-01  2.01286726e-01 -1.52413225e-05 -2.68843968e-11  1.28836026e-12 
 1.38020360e-04  2.00698228e-01  2.01296807e-01  2.01286741e-01 -1.53004444e-05  2.36356141e-11  7.31825624e-13 
 1.38120360e-04  2.00698341e-01  2.01296820e-01  2.01286757e-01 -1.52413266e-05 -2.68793577e-11  1.28827645e-12 
 1.38220360e-04  2.00698259e-01  2.01296838e-01  2.01286772e-01 -1.53004403e-05  2.36306012e-11  7.31909162e-13 
 1.38320360e-04  2.00698372e-01  2.01296851e-01  2.01286788e-01 -1.52413307e-05 -2.68743350e-11  1.28819243e-12 
 1.38420360e-04  2.00698290e-01  2.01296869e-01  2.01286803e-01 -1.53004362e-05  2.36256487e-11  7.31993405e-13 
 1.38520360e-04  2.00698404e-01  2.01296883e-01  2.01286819e-01 -1.52413348e-05 -2.68693149e-11  1.28810824e-12 
 1.38620360e-04  2.00698321e-01  2.01296900e-01  2.01286834e-01 -1.53004320e-05  2.36209084e-11  7.32077864e-13 
 1.38720360e-04  2.00698435e-01  2.01296914e-01  2.01286850e-01 -1.52413389e-05 -2.68641700e-11  1.28802351e-12 
 1.38820360e-04  2.00698352e-01  2.01296931e-01  2.01286865e-01 -1.53004279e-05  2.36157840e-11  7.32161835e-13 
 1.38920360e-04  2.00698466e-01  2.01296945e-01  2.01286881e-01 -1.52413430e-05 -2.68591471e-11  1.28793943e-12 
 1.39020360e-04  2.00698384e-01  2.01296962e-01  2.01286896e-01 -1.53004238e-05  2.36108594e-11  7.32245915e-13 
 1.39120360e-04  2.00698497e-01  2.01296976e-01  2.01286912e-01 -1.52413471e-05 -2.68543323e-11  1.28785551e-12 
 1.39220360e-04  2.00698415e-01  2.01296993e-01  2.01286927e-01 -1.53004197e-05  2.36057092e-11  7.32330266e-13 
 1.39320360e-04  2.00698528e-01  2.01297007e-01  2.01286943e-01 -1.52413512e-05 -2.68491954e-11  1.28777154e-12 
 1.39420360e-04  2.00698446e-01  2.01297024e-01  2.01286958e-01 -1.53004156e-05  2.36009699e-11  7.32414942e-13 
 1.39520360e-04  2.00698560e-01  2.01297038e-01  2.01286974e-01 -1.52413553e-05 -2.68440990e-11  1.28768713e-12 
 1.39620360e-04  2.00698477e-01  2.01297055e-01  2.01286989e-01 -1.53004115e-05  2.35958800e-11  7.32499131e-13 
 1.39720360e-04  2.00698591e-01  2.01297069e-01  2.01287005e-01 -1.52413594e-05 -2.68391286e-11  1.28760273e-12 
 1.39820360e-04  2.00698508e-01  2.01297086e-01  2.01287020e-01 -1.53004074e-05  2.35909189e-11  7.32583211e-13 
 1.39920360e-04  2.00698622e-01  2.01297100e-01  2.01287036e-01 -1.52413635e-05 -2.68341757e-11  1.28751838e-12 
 1.40020360e-04  2.00698539e-01  2.01297117e-01  2.01287051e-01 -1.53004033e-05  2.35859472e-11  7.32667453e-13 
 1.40120360e-04  2.00698653e-01  2.01297131e-01  2.01287067e-01 -1.52413676e-05 -2.68292235e-11  1.28743408e-12 
 1.40220360e-04  2.00698571e-01  2.01297148e-01  2.01287082e-01 -1.53003992e-05  2.35809117e-11  7.32752184e-13 
 1.40320360e-04  2.00698684e-01  2.01297162e-01  2.01287098e-01 -1.52413717e-05 -2.68240887e-11  1.28734989e-12 
 1.40420360e-04  2.00698602e-01  2.01297179e-01  2.01287113e-01 -1.53003951e-05  2.35759509e-11  7.32836318e-13 
 1.40520360e-04  2.00698715e-01  2.01297193e-01  2.01287129e-01 -1.52413758e-05 -2.68191548e-11  1.28726570e-12 
 1.40620360e-04  2.00698633e-01  2.01297210e-01  2.01287144e-01 -1.53003910e-05  2.35708224e-11  7.32920018e-13 
 1.40720360e-04  2.00698747e-01  2.01297224e-01  2.01287160e-01 -1.52413799e-05 -2.68143079e-11  1.28718184e-12 
 1.40820360e-04  2.00698664e-01  2.01297241e-01  2.01287175e-01 -1.53003869e-05  2.35659014e-11  7.33004477e-13 
 1.40920360e-04  2.00698778e-01  2.01297255e-01  2.01287191e-01 -1.52413840e-05 -2.68093095e-11  1.28709760e-12 
 1.41020360e-04  2.00698695e-01  2.01297272e-01  2.01287207e-01 -1.53003828e-05  2.35609668e-11  7.33088720e-13 
 1.41120360e-04  2.00698809e-01  2.01297286e-01  2.01287222e-01 -1.52413881e-05 -2.68041719e-11  1.28701265e-12 
 1.41220360e-04  2.00698727e-01  2.01297303e-01  2.01287238e-01 -1.53003787e-05  2.35560280e-11  7.33173288e-13 
 1.41320360e-04  2.00698840e-01  2.01297317e-01  2.01287253e-01 -1.52413922e-05 -2.67991226e-11  1.28692846e-12 
 1.41420360e-04  2.00698758e-01  2.01297334e-01  2.01287269e-01 -1.53003745e-05  2.35509043e-11  7.33256988e-13 
 1.41520360e-04  2.00698871e-01  2.01297348e-01  2.01287284e-01 -1.52413963e-05 -2.67944406e-11  1.28684455e-12 
 1.41620360e-04  2.00698789e-01  2.01297365e-01  2.01287300e-01 -1.53003704e-05  2.35459009e-11  7.33341447e-13 
 1.41720360e-04  2.00698902e-01  2.01297379e-01  2.01287315e-01 -1.52414004e-05 -2.67893797e-11  1.28676014e-12 
 1.41820360e-04  2.00698820e-01  2.01297396e-01  2.01287331e-01 -1.53003663e-05  2.35410886e-11  7.33426232e-13 
 1.41920360e-04  2.00698934e-01  2.01297410e-01  2.01287346e-01 -1.52414045e-05 -2.67840923e-11  1.28667563e-12 
 1.42020360e-04  2.00698851e-01  2.01297427e-01  2.01287362e-01 -1.53003622e-05  2.35361238e-11  7.33510041e-13 
 1.42120360e-04  2.00698965e-01  2.01297441e-01  2.01287377e-01 -1.52414086e-05 -2.67791783e-11  1.28659171e-12 
 1.42220360e-04  2.00698883e-01  2.01297458e-01  2.01287393e-01 -1.53003581e-05  2.35311562e-11  7.33594338e-13 
 1.42320360e-04  2.00698996e-01  2.01297472e-01  2.01287408e-01 -1.52414127e-05 -2.67743236e-11  1.28650725e-12 
 1.42420360e-04  2.00698914e-01  2.01297489e-01  2.01287424e-01 -1.53003540e-05  2.35259585e-11  7.33677821e-13 
 1.42520360e-04  2.00699027e-01  2.01297503e-01  2.01287439e-01 -1.52414168e-05 -2.67693805e-11  1.28642301e-12 
 1.42620360e-04  2.00698945e-01  2.01297520e-01  2.01287455e-01 -1.53003499e-05  2.35211598e-11  7.33762172e-13 
 1.42720360e-04  2.00699058e-01  2.01297534e-01  2.01287470e-01 -1.52414209e-05 -2.67642789e-11  1.28633969e-12 
 1.42820360e-04  2.00698976e-01  2.01297551e-01  2.01287486e-01 -1.53003458e-05  2.35161775e-11  7.33846306e-13 
 1.42920360e-04  2.00699089e-01  2.01297565e-01  2.01287501e-01 -1.52414250e-05 -2.67594779e-11  1.28625517e-12 
 1.43020360e-04  2.00699007e-01  2.01297582e-01  2.01287517e-01 -1.53003417e-05  2.35111138e-11  7.33931091e-13 
 1.43120360e-04  2.00699121e-01  2.01297596e-01  2.01287532e-01 -1.52414291e-05 -2.67545296e-11  1.28617023e-12 
 1.43220360e-04  2.00699039e-01  2.01297614e-01  2.01287548e-01 -1.53003376e-05  2.35060292e-11  7.34015442e-13 
 1.43320360e-04  2.00699152e-01  2.01297627e-01  2.01287563e-01 -1.52414332e-05 -2.67494256e-11  1.28608647e-12 
 1.43420360e-04  2.00699070e-01  2.01297645e-01  2.01287579e-01 -1.53003335e-05  2.35012274e-11  7.34099305e-13 
 1.43520360e-04  2.00699183e-01  2.01297658e-01  2.01287594e-01 -1.52414373e-05 -2.67446863e-11  1.28600196e-12 
 1.43620360e-04  2.00699101e-01  2.01297676e-01  2.01287610e-01 -1.53003294e-05  2.34959662e-11  7.34183927e-13 
 1.43720360e-04  2.00699214e-01  2.01297689e-01  2.01287625e-01 -1.52414413e-05 -2.67396194e-11  1.28591788e-12 
 1.43820360e-04  2.00699132e-01  2.01297707e-01  2.01287641e-01 -1.53003253e-05  2.34913306e-11  7.34268440e-13 
 1.43920360e-04  2.00699245e-01  2.01297720e-01  2.01287656e-01 -1.52414454e-05 -2.67344573e-11  1.28583331e-12 
 1.44020360e-04  2.00699163e-01  2.01297738e-01  2.01287672e-01 -1.53003213e-05  2.34862928e-11  7.34352466e-13 
 1.44120360e-04  2.00699277e-01  2.01297751e-01  2.01287687e-01 -1.52414495e-05 -2.67295901e-11  1.28574896e-12 
 1.44220360e-04  2.00699194e-01  2.01297769e-01  2.01287703e-01 -1.53003172e-05  2.34813508e-11  7.34436871e-13 
 1.44320360e-04  2.00699308e-01  2.01297782e-01  2.01287718e-01 -1.52414536e-05 -2.67246379e-11  1.28566472e-12 
 1.44420360e-04  2.00699226e-01  2.01297800e-01  2.01287734e-01 -1.53003131e-05  2.34761769e-11  7.34521005e-13 
 1.44520360e-04  2.00699339e-01  2.01297813e-01  2.01287749e-01 -1.52414577e-05 -2.67196068e-11  1.28558156e-12 
 1.44620360e-04  2.00699257e-01  2.01297831e-01  2.01287765e-01 -1.53003090e-05  2.34714817e-11  7.34604922e-13 
 1.44720360e-04  2.00699370e-01  2.01297844e-01  2.01287780e-01 -1.52414618e-05 -2.67146286e-11  1.28549672e-12 
 1.44820360e-04  2.00699288e-01  2.01297862e-01  2.01287796e-01 -1.53003049e-05  2.34664937e-11  7.34689111e-13 
 1.44920360e-04  2.00699401e-01  2.01297875e-01  2.01287812e-01 -1.52414659e-05 -2.67097809e-11  1.28541237e-12 
 1.45020360e-04  2.00699319e-01  2.01297893e-01  2.01287827e-01 -1.53003008e-05  2.34614082e-11  7.34773679e-13 
 1.45120360e-04  2.00699432e-01  2.01297906e-01  2.01287843e-01 -1.52414700e-05 -2.67047285e-11  1.28532818e-12 
 1.45220360e-04  2.00699350e-01  2.01297924e-01  2.01287858e-01 -1.53002967e-05  2.34563866e-11  7.34857704e-13 
 1.45320360e-04  2.00699464e-01  2.01297937e-01  2.01287874e-01 -1.52414740e-05 -2.66998639e-11  1.28524437e-12 
 1.45420360e-04  2.00699382e-01  2.01297955e-01  2.01287889e-01 -1.53002926e-05  2.34515669e-11  7.34941838e-13 
 1.45520360e-04  2.00699495e-01  2.01297968e-01  2.01287905e-01 -1.52414781e-05 -2.66948267e-11  1.28515953e-12 
 1.45620360e-04  2.00699413e-01  2.01297986e-01  2.01287920e-01 -1.53002885e-05  2.34465594e-11  7.35026569e-13 
 1.45720360e-04  2.00699526e-01  2.01297999e-01  2.01287936e-01 -1.52414822e-05 -2.66899528e-11  1.28507551e-12 
 1.45820360e-04  2.00699444e-01  2.01298017e-01  2.01287951e-01 -1.53002844e-05  2.34414907e-11  7.35110540e-13 
 1.45920360e-04  2.00699557e-01  2.01298030e-01  2.01287967e-01 -1.52414863e-05 -2.66851116e-11  1.28499170e-12 
 1.46020360e-04  2.00699475e-01  2.01298048e-01  2.01287982e-01 -1.53002803e-05  2.34365715e-11  7.35194349e-13 
 1.46120360e-04  2.00699588e-01  2.01298062e-01  2.01287998e-01 -1.52414904e-05 -2.66798009e-11  1.28490729e-12 
 1.46220360e-04  2.00699506e-01  2.01298079e-01  2.01288013e-01 -1.53002762e-05  2.34318409e-11  7.35277887e-13 
 1.46320360e-04  2.00699619e-01  2.01298093e-01  2.01288029e-01 -1.52414945e-05 -2.66749259e-11  1.28482289e-12 
 1.46420360e-04  2.00699538e-01  2.01298110e-01  2.01288044e-01 -1.53002721e-05  2.34270574e-11  7.35362888e-13 
 1.46520360e-04  2.00699651e-01  2.01298124e-01  2.01288060e-01 -1.52414985e-05 -2.66698846e-11  1.28473794e-12 
 1.46620360e-04  2.00699569e-01  2.01298141e-01  2.01288075e-01 -1.53002681e-05  2.34216498e-11  7.35447022e-13 
 1.46720360e-04  2.00699682e-01  2.01298155e-01  2.01288091e-01 -1.52415026e-05 -2.66650087e-11  1.28465467e-12 
 1.46810180e-04  2.00699598e-01  2.01298171e-01  2.01288105e-01 -1.53002637e-05  2.34176229e-11  7.35542053e-13 
 1.46900000e-04  2.00699710e-01  2.01298183e-01  2.01288119e-01 -1.52415072e-05 -2.66580768e-11  1.28455986e-12 
