 time            v(XDUT.HOLD)    v(out)          v(pad)          i(VDD)          i(VHI)          i(VLO)         
 0.00000000e+00  7.01864719e-01  7.02010586e-01  7.01975487e-01 -1.55969546e-05 -3.95958656e-13  1.05528764e-12 
 1.00000000e-09  7.01864719e-01  7.02010585e-01  7.01975487e-01 -1.55969546e-05 -3.95973618e-13  1.05527300e-12 
 2.00000000e-09  7.01864719e-01  7.02010585e-01  7.01975487e-01 -1.55969546e-05 -3.95976654e-13  1.05527121e-12 
 4.00000000e-09  7.01864719e-01  7.02010585e-01  7.01975487e-01 -1.55969545e-05 -3.95979039e-13  1.05527110e-12 
 8.00000000e-09  7.01864719e-01  7.02010585e-01  7.01975487e-01 -1.55969545e-05 -3.95959741e-13  1.05529615e-12 
 1.60000000e-08  7.01864719e-01  7.02010585e-01  7.01975487e-01 -1.55969546e-05 -3.95968631e-13  1.05528103e-12 
 3.20000000e-08  7.01864719e-01  7.02010585e-01  7.01975487e-01 -1.55969545e-05 -3.95958873e-13  1.05529821e-12 
 6.40000000e-08  7.01864719e-01  7.02010586e-01  7.01975487e-01 -1.55969545e-05 -3.95958873e-13  1.05529859e-12 
 1.00000000e-07  7.01864719e-01  7.02010585e-01  7.01975487e-01 -1.55969546e-05 -3.95973835e-13  1.05526975e-12 
 1.00024686e-07  7.01869793e-01  7.02056122e-01  7.01975932e-01 -1.23726355e-05  4.55797974e-09  4.91449365e-09 
 1.00074057e-07  7.01874928e-01  7.02125019e-01  7.01977487e-01 -1.09129060e-05  1.27684902e-08  1.46527529e-08 
 1.00172799e-07  7.01883923e-01  7.02204978e-01  7.01983391e-01 -9.84357962e-06  2.50517681e-08  3.31875869e-08 
 1.00315323e-07  7.01897452e-01  7.02266492e-01  7.01995432e-01 -9.23645407e-06  3.81836283e-08  5.83131883e-08 
 1.00575583e-07  7.01921203e-01  7.02307099e-01  7.02020790e-01 -9.27760769e-06  5.78183952e-08  1.00604069e-07 
 1.00895037e-07  7.01950958e-01  7.02324984e-01  7.02052036e-01 -9.20374335e-06  7.87160048e-08  1.47160900e-07 
 1.01318778e-07  7.01990403e-01  7.02336563e-01  7.02090105e-01 -1.00691793e-05  9.92362154e-08  2.01426737e-07 
 1.01445002e-07  7.02003222e-01  7.02338405e-01  7.02100559e-01 -1.07030845e-05  1.01314148e-07  2.16121276e-07 
 1.01655783e-07  7.02026363e-01  7.02330264e-01  7.02116632e-01 -1.45742216e-05  8.57765740e-08  2.39131693e-07 
 1.01799741e-07  7.02045800e-01  7.02313273e-01  7.02126149e-01 -2.00682981e-05  4.87073214e-08  2.53901343e-07 
 1.01917934e-07  7.02064005e-01  7.02285588e-01  7.02132530e-01 -2.76705322e-05 -1.22008179e-08  2.66260622e-07 
 1.02037160e-07  7.02085054e-01  7.02243105e-01  7.02137035e-01 -3.82254537e-05 -1.14633455e-07  2.81477071e-07 
 1.02163546e-07  7.02108360e-01  7.02179216e-01  7.02138959e-01 -5.24728703e-05 -2.81831151e-07  3.07755283e-07 
 1.02300238e-07  7.02133176e-01  7.02087598e-01  7.02136795e-01 -6.93352276e-05 -5.46760396e-07  3.66873929e-07 
 1.02429458e-07  7.02152450e-01  7.01975870e-01  7.02129733e-01 -8.41101789e-05 -8.94873402e-07  4.86212714e-07 
 1.02538980e-07  7.02163523e-01  7.01857052e-01  7.02119085e-01 -9.28042698e-05 -1.28120849e-06  6.75710170e-07 
 1.02640283e-07  7.02166916e-01  7.01722289e-01  7.02104607e-01 -9.61769033e-05 -1.72886426e-06  9.66621097e-07 
 1.02751241e-07  7.02162236e-01  7.01549857e-01  7.02082739e-01 -9.60049591e-05 -2.32846904e-06  1.46962815e-06 
 1.02874887e-07  7.02145660e-01  7.01345376e-01  7.02050391e-01 -9.51849673e-05 -3.12113882e-06  2.33391144e-06 
 1.02950549e-07  7.02130200e-01  7.01223829e-01  7.02026513e-01 -9.46217673e-05 -3.66068070e-06  3.05217399e-06 
 1.03038589e-07  7.02107033e-01  7.01093011e-01  7.01995257e-01 -9.39500728e-05 -4.32761943e-06  4.09752257e-06 
 1.03136760e-07  7.02075103e-01  7.00965634e-01  7.01956705e-01 -9.29248109e-05 -5.10640123e-06  5.55032357e-06 
 1.03221479e-07  7.02039809e-01  7.00876913e-01  7.01921032e-01 -9.16101719e-05 -5.79274294e-06  7.06061610e-06 
 1.03273727e-07  7.02010716e-01  7.00836904e-01  7.01898297e-01 -9.02069870e-05 -6.21269372e-06  8.11647624e-06 
 1.03306300e-07  7.01986988e-01  7.00821056e-01  7.01884000e-01 -8.89725600e-05 -6.46762657e-06  8.82710525e-06 
 1.03332964e-07  7.01962813e-01  7.00816229e-01  7.01872326e-01 -8.75447638e-05 -6.66814857e-06  9.44284966e-06 
 1.03357872e-07  7.01935045e-01  7.00821692e-01  7.01861534e-01 -8.57687209e-05 -6.84432824e-06  1.00494308e-05 
 1.03384070e-07  7.01900352e-01  7.00842220e-01  7.01850436e-01 -8.32585338e-05 -7.01199124e-06  1.07240949e-05 
 1.03416962e-07  7.01851551e-01  7.00894881e-01  7.01837143e-01 -7.92436446e-05 -7.18798977e-06  1.16295533e-05 
 1.03448084e-07  7.01804677e-01  7.00972719e-01  7.01825533e-01 -7.47945332e-05 -7.31438412e-06  1.25488806e-05 
 1.03493176e-07  7.01741602e-01  7.01123166e-01  7.01811006e-01 -6.77553131e-05 -7.42880920e-06  1.39871968e-05 
 1.03527233e-07  7.01700423e-01  7.01255909e-01  7.01802122e-01 -6.23736643e-05 -7.46669123e-06  1.51524117e-05 
 1.03559992e-07  7.01666150e-01  7.01388969e-01  7.01795421e-01 -5.73435897e-05 -7.47095767e-06  1.63310382e-05 
 1.03597203e-07  7.01633088e-01  7.01537810e-01  7.01789997e-01 -5.20352693e-05 -7.44578738e-06  1.77316871e-05 
 1.03637359e-07  7.01602986e-01  7.01688443e-01  7.01786619e-01 -4.68388408e-05 -7.39184962e-06  1.93095076e-05 
 1.03679370e-07  7.01576094e-01  7.01829842e-01  7.01785577e-01 -4.20738487e-05 -7.31455785e-06  2.10265200e-05 
 1.03725306e-07  7.01550189e-01  7.01963056e-01  7.01786956e-01 -3.75683264e-05 -7.21410404e-06  2.29743708e-05 
 1.03775698e-07  7.01524106e-01  7.02083995e-01  7.01790977e-01 -3.34140215e-05 -7.09226489e-06  2.51889245e-05 
 1.03833694e-07  7.01495139e-01  7.02194259e-01  7.01798156e-01 -2.94467124e-05 -6.94396804e-06  2.78312709e-05 
 1.03900662e-07  7.01460875e-01  7.02290325e-01  7.01808969e-01 -2.57648635e-05 -6.76811320e-06  3.09991655e-05 
 1.03982143e-07  7.01415114e-01  7.02373859e-01  7.01824620e-01 -2.22503132e-05 -6.55302676e-06  3.50119498e-05 
 1.04082571e-07  7.01347521e-01  7.02443263e-01  7.01846234e-01 -1.90268650e-05 -6.29082844e-06  4.01814889e-05 
 1.04214613e-07  7.01228610e-01  7.02501729e-01  7.01876654e-01 -1.61433159e-05 -5.95488051e-06  4.73237193e-05 
 1.04390550e-07  7.00989991e-01  7.02550741e-01  7.01918428e-01 -1.39588180e-05 -5.52591968e-06  5.73825652e-05 
 1.04624789e-07  7.00472952e-01  7.02594157e-01  7.01973824e-01 -1.27326999e-05 -4.99080884e-06  7.15711731e-05 
 1.04812395e-07  6.99856905e-01  7.02620902e-01  7.02017120e-01 -1.24018923e-05 -4.59286950e-06  8.34432062e-05 
 1.05000000e-07  6.99032444e-01  7.02644457e-01  7.02059103e-01 -1.22826494e-05 -4.22191483e-06  9.55943328e-05 
 1.05004200e-07  6.99008879e-01  7.02634438e-01  7.02060009e-01 -1.44620076e-05 -4.21469772e-06  9.58672638e-05 
 1.05012600e-07  6.98965075e-01  7.02616899e-01  7.02061789e-01 -1.50302016e-05 -4.20025215e-06  9.64118172e-05 
 1.05029400e-07  6.98880966e-01  7.02590666e-01  7.02065184e-01 -1.50513961e-05 -4.17121776e-06  9.74929352e-05 
 1.05063000e-07  6.98708577e-01  7.02551560e-01  7.02071470e-01 -1.54837700e-05 -4.11295372e-06  9.96233830e-05 
 1.05115493e-07  6.98434476e-01  7.02507151e-01  7.02080255e-01 -1.56757130e-05 -4.02237336e-06  1.02867830e-04 
 1.05220478e-07  6.97861977e-01  7.02453008e-01  7.02095256e-01 -1.60783242e-05 -3.84571465e-06  1.09058507e-04 
 1.05340429e-07  6.97171315e-01  7.02425912e-01  7.02109739e-01 -1.60977110e-05 -3.65304413e-06  1.15664587e-04 
 1.05550979e-07  6.95865448e-01  7.02415339e-01  7.02132027e-01 -1.62479202e-05 -3.33876724e-06  1.26146459e-04 
 1.05934210e-07  6.93209830e-01  7.02431098e-01  7.02168488e-01 -1.61799508e-05 -2.83709449e-06  1.42011655e-04 
 1.06500813e-07  6.88696922e-01  7.02461857e-01  7.02217931e-01 -1.63003792e-05 -2.23563587e-06  1.59212810e-04 
 1.07121425e-07  6.83072776e-01  7.02485081e-01  7.02266609e-01 -1.62496624e-05 -1.73016274e-06  1.71461611e-04 
 1.07795104e-07  6.76311616e-01  7.02494611e-01  7.02311283e-01 -1.63779566e-05 -1.31822207e-06  1.79202447e-04 
 1.08517465e-07  6.68461877e-01  7.02480521e-01  7.02346923e-01 -1.63368129e-05 -9.93111421e-07  1.83113176e-04 
 1.09340542e-07  6.58938799e-01  7.02425578e-01  7.02366997e-01 -1.64736216e-05 -7.27736179e-07  1.83998342e-04 
 1.10265619e-07  6.47701680e-01  7.02301835e-01  7.02355004e-01 -1.64457606e-05 -5.22224927e-07  1.82247586e-04 
 1.11352295e-07  6.34024169e-01  7.02052530e-01  7.02278971e-01 -1.65948778e-05 -3.63476396e-07  1.78196365e-04 
 1.12626877e-07  6.17622863e-01  7.01583257e-01  7.02077386e-01 -1.65836326e-05 -2.48434101e-07  1.72212144e-04 
 1.14204889e-07  5.97172775e-01  7.00675345e-01  7.01605674e-01 -1.67504203e-05 -1.67149752e-07  1.64293855e-04 
 1.16217132e-07  5.71401203e-01  6.98870108e-01  7.00533586e-01 -1.67632732e-05 -1.14370860e-07  1.54405503e-04 
 1.18804016e-07  5.39469896e-01  6.95251552e-01  6.98141544e-01 -1.69522654e-05 -8.41496672e-08  1.42575281e-04 
 1.21922387e-07  5.03463782e-01  6.88635922e-01  6.93353504e-01 -1.69742271e-05 -6.93247364e-08  1.29581812e-04 
 1.25120279e-07  4.69725586e-01  6.79132124e-01  6.85938756e-01 -1.71389523e-05 -6.23715107e-08  1.17393822e-04 
 1.28626921e-07  4.36482283e-01  6.65734485e-01  6.74776168e-01 -1.71203174e-05 -5.76154189e-08  1.05081486e-04 
 1.32364461e-07  4.05141574e-01  6.48695790e-01  6.59723934e-01 -1.72411845e-05 -5.35053711e-08  9.30331478e-05 
 1.36441815e-07  3.75339268e-01  6.28038638e-01  6.40508766e-01 -1.71704066e-05 -4.92194367e-08  8.10946111e-05 
 1.41051166e-07  3.46532010e-01  6.03759501e-01  6.16869371e-01 -1.72302167e-05 -4.42765821e-08  6.90668887e-05 
 1.46766904e-07  3.16983459e-01  5.74632617e-01  5.87315556e-01 -1.70806301e-05 -3.80685212e-08  5.62109012e-05 
 1.52226198e-07  2.94154522e-01  5.49460844e-01  5.60907146e-01 -1.70670585e-05 -3.22877381e-08  4.59041557e-05 
 1.58049806e-07  2.74548867e-01  5.26399114e-01  5.36152049e-01 -1.68649515e-05 -2.66032755e-08  3.67965517e-05 
 1.63769685e-07  2.59187466e-01  5.07622394e-01  5.15697283e-01 -1.68197483e-05 -2.16846207e-08  2.94927344e-05 
 1.69856650e-07  2.46237104e-01  4.91384911e-01  4.97888207e-01 -1.66044546e-05 -1.72626550e-08  2.32225409e-05 
 1.75848002e-07  2.36225681e-01  4.78480986e-01  4.83737710e-01 -1.65609621e-05 -1.36932906e-08  1.83041933e-05 
 1.82635972e-07  2.27440862e-01  4.66618412e-01  4.70825246e-01 -1.63521785e-05 -1.04979143e-08  1.39382902e-05 
 1.90034891e-07  2.20248387e-01  4.56008295e-01  4.59445254e-01 -1.63133124e-05 -7.85908091e-09  1.03286697e-05 
 1.98804842e-07  2.14095709e-01  4.45326539e-01  4.48235307e-01 -1.61168285e-05 -5.63313575e-09  7.21597865e-06 
 2.07800208e-07  2.09712488e-01  4.35453560e-01  4.38121918e-01 -1.61069721e-05 -4.09198473e-09  4.98446875e-06 
 2.14314732e-07  2.07425089e-01  4.28552153e-01  4.31173416e-01 -1.59758323e-05 -3.32919267e-09  3.81518007e-06 
 2.20892995e-07  2.05659598e-01  4.21558080e-01  4.24196816e-01 -1.60166608e-05 -2.76269704e-09  2.91085034e-06 
 2.27484513e-07  2.04311060e-01  4.14419097e-01  4.17112277e-01 -1.59050725e-05 -2.35843734e-09  2.21860598e-06 
 2.37207498e-07  2.02875371e-01  4.03570107e-01  4.06363343e-01 -1.59524910e-05 -1.94416532e-09  1.48072457e-06 
 2.50175278e-07  2.01664252e-01  3.88616663e-01  3.91510398e-01 -1.58432868e-05 -1.60887701e-09  8.57027014e-07 
 2.67205198e-07  2.00797799e-01  3.68808655e-01  3.71694674e-01 -1.59000187e-05 -1.31487306e-09  4.10695449e-07 
 2.83913971e-07  2.00385886e-01  3.50194159e-01  3.52897001e-01 -1.58019831e-05 -1.08199208e-09  1.98267371e-07 
 3.05148001e-07  2.00145841e-01  3.29299674e-01  3.31581736e-01 -1.58621986e-05 -7.94562999e-10  7.48601600e-08 
 3.24491432e-07  2.00058486e-01  3.13775391e-01  3.15593659e-01 -1.57665003e-05 -5.78437292e-10  2.98389859e-08 
 3.43252796e-07  2.00022077e-01  3.01950535e-01  3.03361305e-01 -1.58366860e-05 -4.15263208e-10  1.13324095e-08 
 3.62246044e-07  2.00007196e-01  2.92464629e-01  2.93595005e-01 -1.57507796e-05 -3.16847646e-10  3.53897522e-09 
 3.82092560e-07  2.00000786e-01  2.84060461e-01  2.85053136e-01 -1.58290759e-05 -2.70675480e-10  3.91591141e-10 
 4.03815105e-07  1.99998628e-01  2.75582359e-01  2.76524654e-01 -1.57492826e-05 -2.76901492e-10 -8.88588803e-10 
 4.26937460e-07  1.99997244e-01  2.67021734e-01  2.67914158e-01 -1.58308879e-05 -2.81824163e-10 -1.43378627e-09 
 4.54590568e-07  1.99997009e-01  2.57738358e-01  2.58518461e-01 -1.57510811e-05 -2.63916118e-10 -1.69054448e-09 
 4.85691401e-07  1.99996811e-01  2.48927447e-01  2.49561868e-01 -1.58297772e-05 -2.11620894e-10 -1.60930047e-09 
 5.34602126e-07  1.99997809e-01  2.38006369e-01  2.38480375e-01 -1.57464274e-05 -1.59333466e-10 -1.23943739e-09 
 5.80178213e-07  1.99998022e-01  2.30096083e-01  2.30476688e-01 -1.58246575e-05 -1.28837083e-10 -9.62013190e-10 
 6.29343107e-07  1.99998653e-01  2.23352956e-01  2.23644473e-01 -1.57429646e-05 -1.05512435e-10 -7.89925913e-10 
 6.86669370e-07  1.99998736e-01  2.17446567e-01  2.17655357e-01 -1.58213530e-05 -7.29379786e-11 -5.81407028e-10 
 7.51457083e-07  1.99999367e-01  2.12616134e-01  2.12763364e-01 -1.57397486e-05 -5.64096656e-11 -4.13664008e-10 
 8.21373133e-07  1.99999294e-01  2.08934226e-01  2.09032702e-01 -1.58188380e-05 -3.65824378e-11 -2.87954036e-10 
 8.99751034e-07  1.99999786e-01  2.06151661e-01  2.06212343e-01 -1.57377981e-05 -2.68096658e-11 -1.92970244e-10 
 9.89178641e-07  1.99999630e-01  2.04111253e-01  2.04145607e-01 -1.58172768e-05 -1.42711533e-11 -1.11456266e-10 
 1.08917864e-06  2.00000019e-01  2.02725460e-01  2.02740993e-01 -1.57367198e-05 -1.12812123e-11 -7.06484641e-11 
 1.18917864e-06  1.99999782e-01  2.01922294e-01  2.01927217e-01 -1.58165564e-05 -3.88316831e-12 -3.18124255e-11 
 1.28917864e-06  2.00000110e-01  2.01451415e-01  2.01450175e-01 -1.57363058e-05 -5.43461933e-12 -2.32924439e-11 
 1.38917864e-06  1.99999832e-01  2.01178030e-01  2.01172997e-01 -1.58163107e-05 -3.81588858e-13 -5.11093717e-12 
 1.48917864e-06  2.00000141e-01  2.01019133e-01  2.01012101e-01 -1.57361640e-05 -3.37328668e-12 -6.81130537e-12 
 1.58917864e-06  1.99999850e-01  2.00925803e-01  2.00917470e-01 -1.58162244e-05  7.64077386e-13  4.00160195e-12 
 1.68917864e-06  2.00000151e-01  2.00872159e-01  2.00863120e-01 -1.57361203e-05 -2.65807103e-12 -1.40751636e-12 
 1.78917864e-06  1.99999856e-01  2.00840500e-01  2.00831057e-01 -1.58161901e-05  1.15803244e-12  7.27642865e-12 
 1.88917864e-06  2.00000155e-01  2.00822189e-01  2.00812479e-01 -1.57361101e-05 -2.42953054e-12  3.13545739e-13 
 1.98917864e-06  1.99999858e-01  2.00811585e-01  2.00801751e-01 -1.58161743e-05  1.30616611e-12  8.42480680e-12 
 2.08917864e-06  2.00000156e-01  2.00805279e-01  2.00795353e-01 -1.57361105e-05 -2.36259558e-12  9.09006269e-13 
 2.18917864e-06  1.99999859e-01  2.00801730e-01  2.00791756e-01 -1.58161653e-05  1.36236725e-12  8.78283329e-12 
 2.28917864e-06  2.00000156e-01  2.00799581e-01  2.00789585e-01 -1.57361141e-05 -2.34244048e-12  1.14143618e-12 
 2.38917864e-06  1.99999859e-01  2.00798368e-01  2.00788348e-01 -1.58161588e-05  1.38225347e-12  8.88428610e-12 
 2.48917864e-06  2.00000156e-01  2.00797652e-01  2.00787630e-01 -1.57361189e-05 -2.33604173e-12  1.22892815e-12 
 2.58917864e-06  1.99999859e-01  2.00797233e-01  2.00787199e-01 -1.58161529e-05  1.38975398e-12  8.91767573e-12 
 2.68917864e-06  2.00000156e-01  2.00796991e-01  2.00786959e-01 -1.57361243e-05 -2.33511105e-12  1.25617252e-12 
 2.78917864e-06  1.99999860e-01  2.00796854e-01  2.00786815e-01 -1.58161472e-05  1.39388501e-12  8.93165088e-12 
 2.88917864e-06  2.00000156e-01  2.00796764e-01  2.00786729e-01 -1.57361298e-05 -2.33650013e-12  1.26404621e-12 
 2.98917864e-06  1.99999860e-01  2.00796726e-01  2.00786685e-01 -1.58161415e-05  1.39692836e-12  8.93634152e-12 
 3.08917864e-06  2.00000156e-01  2.00796687e-01  2.00786652e-01 -1.57361354e-05 -2.33846102e-12  1.26786889e-12 
 3.18917864e-06  1.99999860e-01  2.00796682e-01  2.00786639e-01 -1.58161359e-05  1.39927978e-12  8.93636695e-12 
 3.28917864e-06  2.00000156e-01  2.00796662e-01  2.00786627e-01 -1.57361410e-05 -2.34030438e-12  1.27057067e-12 
 3.38917864e-06  1.99999860e-01  2.00796666e-01  2.00786623e-01 -1.58161303e-05  1.40115632e-12  8.93522897e-12 
 3.48917864e-06  2.00000156e-01  2.00796654e-01  2.00786618e-01 -1.57361466e-05 -2.34194370e-12  1.27235321e-12 
 3.58917864e-06  1.99999860e-01  2.00796661e-01  2.00786618e-01 -1.58161247e-05  1.40276701e-12  8.93425188e-12 
 3.68917864e-06  2.00000156e-01  2.00796651e-01  2.00786615e-01 -1.57361521e-05 -2.34344640e-12  1.27334238e-12 
 3.78917864e-06  1.99999860e-01  2.00796660e-01  2.00786616e-01 -1.58161191e-05  1.40422873e-12  8.93359459e-12 
 3.88917864e-06  2.00000156e-01  2.00796649e-01  2.00786614e-01 -1.57361577e-05 -2.34484329e-12  1.27401843e-12 
 3.98917864e-06  1.99999860e-01  2.00796659e-01  2.00786616e-01 -1.58161135e-05  1.40558116e-12  8.93310502e-12 
 4.08917864e-06  2.00000156e-01  2.00796649e-01  2.00786614e-01 -1.57361634e-05 -2.34614259e-12  1.27453408e-12 
 4.18917864e-06  1.99999860e-01  2.00796659e-01  2.00786615e-01 -1.58161079e-05  1.40684144e-12  8.93265534e-12 
 4.28917864e-06  2.00000156e-01  2.00796649e-01  2.00786614e-01 -1.57361689e-05 -2.34735755e-12  1.27486780e-12 
 4.38917864e-06  1.99999860e-01  2.00796659e-01  2.00786615e-01 -1.58161023e-05  1.40802149e-12  8.93226400e-12 
 4.48917864e-06  2.00000156e-01  2.00796648e-01  2.00786614e-01 -1.57361746e-05 -2.34850420e-12  1.27522586e-12 
 4.58917864e-06  1.99999860e-01  2.00796659e-01  2.00786615e-01 -1.58160967e-05  1.40913821e-12  8.93207524e-12 
 4.68917864e-06  2.00000156e-01  2.00796648e-01  2.00786614e-01 -1.57361802e-05 -2.34959578e-12  1.27548905e-12 
 4.78917864e-06  1.99999860e-01  2.00796659e-01  2.00786615e-01 -1.58160911e-05  1.41020572e-12  8.93186350e-12 
 4.88917864e-06  2.00000156e-01  2.00796648e-01  2.00786614e-01 -1.57361858e-05 -2.35064203e-12  1.27570692e-12 
 4.98917864e-06  1.99999860e-01  2.00796660e-01  2.00786615e-01 -1.58160855e-05  1.41123354e-12  8.93164709e-12 
 5.08917864e-06  2.00000156e-01  2.00796648e-01  2.00786614e-01 -1.57361914e-05 -2.35165273e-12  1.27577999e-12 
 5.18917864e-06  1.99999860e-01  2.00796660e-01  2.00786615e-01 -1.58160799e-05  1.41222711e-12  8.93148516e-12 
 5.28917864e-06  2.00000156e-01  2.00796648e-01  2.00786614e-01 -1.57361970e-05 -2.35263241e-12  1.27600030e-12 
 5.38917864e-06  1.99999860e-01  2.00796660e-01  2.00786615e-01 -1.58160743e-05  1.41319291e-12  8.93123379e-12 
 5.48917864e-06  2.00000156e-01  2.00796648e-01  2.00786614e-01 -1.57362026e-05 -2.35358477e-12  1.27623200e-12 
 5.58917864e-06  1.99999860e-01  2.00796660e-01  2.00786615e-01 -1.58160687e-05  1.41413443e-12  8.93113014e-12 
 5.68917864e-06  2.00000156e-01  2.00796648e-01  2.00786614e-01 -1.57362082e-05 -2.35451632e-12  1.27643946e-12 
 5.78917864e-06  1.99999860e-01  2.00796660e-01  2.00786615e-01 -1.58160631e-05  1.41505752e-12  8.93087665e-12 
 5.88917864e-06  2.00000156e-01  2.00796648e-01  2.00786614e-01 -1.57362138e-05 -2.35542965e-12  1.27661553e-12 
 5.98917864e-06  1.99999860e-01  2.00796660e-01  2.00786615e-01 -1.58160575e-05  1.41596175e-12  8.93061807e-12 
 6.08917864e-06  2.00000156e-01  2.00796647e-01  2.00786614e-01 -1.57362194e-05 -2.35632759e-12  1.27686956e-12 
 6.18917864e-06  1.99999860e-01  2.00796660e-01  2.00786615e-01 -1.58160519e-05  1.41685296e-12  8.93032621e-12 
 6.28917864e-06  2.00000156e-01  2.00796647e-01  2.00786614e-01 -1.57362250e-05 -2.35721186e-12  1.27717265e-12 
 6.38917864e-06  1.99999860e-01  2.00796660e-01  2.00786615e-01 -1.58160463e-05  1.41773030e-12  8.93004762e-12 
 6.48917864e-06  2.00000156e-01  2.00796647e-01  2.00786614e-01 -1.57362306e-05 -2.35808313e-12  1.27751097e-12 
 6.58917864e-06  1.99999860e-01  2.00796661e-01  2.00786615e-01 -1.58160407e-05  1.41859593e-12  8.92972583e-12 
 6.68917864e-06  2.00000156e-01  2.00796647e-01  2.00786614e-01 -1.57362362e-05 -2.35894442e-12  1.27788226e-12 
 6.78917864e-06  1.99999860e-01  2.00796661e-01  2.00786615e-01 -1.58160351e-05  1.41945136e-12  8.92938821e-12 
 6.88917864e-06  2.00000156e-01  2.00796647e-01  2.00786614e-01 -1.57362418e-05 -2.35979574e-12  1.27818296e-12 
 6.98917864e-06  1.99999860e-01  2.00796661e-01  2.00786615e-01 -1.58160295e-05  1.42029942e-12  8.92896992e-12 
 7.08917864e-06  2.00000156e-01  2.00796647e-01  2.00786614e-01 -1.57362474e-05 -2.36063859e-12  1.27868246e-12 
 7.18917864e-06  1.99999860e-01  2.00796661e-01  2.00786615e-01 -1.58160239e-05  1.42113838e-12  8.92847428e-12 
 7.28917864e-06  2.00000156e-01  2.00796647e-01  2.00786614e-01 -1.57362529e-05 -2.36147213e-12  1.27906377e-12 
 7.38917864e-06  1.99999860e-01  2.00796661e-01  2.00786615e-01 -1.58160183e-05  1.42196953e-12  8.92810083e-12 
 7.48917864e-06  2.00000156e-01  2.00796647e-01  2.00786614e-01 -1.57362585e-05 -2.36230046e-12  1.27958657e-12 
 7.58917864e-06  1.99999860e-01  2.00796661e-01  2.00786615e-01 -1.58160127e-05  1.42279461e-12  8.92756556e-12 
 7.68917864e-06  2.00000156e-01  2.00796647e-01  2.00786614e-01 -1.57362641e-05 -2.36312077e-12  1.28004524e-12 
 7.78917864e-06  1.99999860e-01  2.00796661e-01  2.00786615e-01 -1.58160071e-05  1.42361080e-12  8.92700242e-12 
 7.88917864e-06  2.00000156e-01  2.00796646e-01  2.00786614e-01 -1.57362697e-05 -2.36393435e-12  1.28059157e-12 
 7.94458932e-06  1.99999860e-01  2.00796661e-01  2.00786615e-01 -1.58159993e-05  1.42473815e-12  8.92100315e-12 
 8.00000000e-06  2.00000156e-01  2.00796646e-01  2.00786614e-01 -1.57362798e-05 -2.36534295e-12  1.27430098e-12 
 8.00007827e-06  1.99986141e-01  2.00697021e-01  2.00783589e-01 -1.88974630e-05 -1.02578406e-08 -1.96285261e-08 
 8.00023482e-06  1.99966194e-01  2.00573614e-01  2.00773977e-01 -1.98140848e-05 -2.61298590e-08 -5.80136073e-08 
 8.00044407e-06  1.99941367e-01  2.00517993e-01  2.00754840e-01 -2.03719760e-05 -4.09115391e-08 -1.06113691e-07 
 8.00069910e-06  1.99910796e-01  2.00493437e-01  2.00729685e-01 -2.21754106e-05 -5.55512921e-08 -1.60667450e-07 
 8.00097442e-06  1.99880218e-01  2.00488752e-01  2.00703734e-01 -2.71040533e-05 -6.15342880e-08 -2.14221908e-07 
 8.00128265e-06  1.99850566e-01  2.00492539e-01  2.00677822e-01 -3.90802801e-05 -4.73457409e-08 -2.66803664e-07 
 8.00154059e-06  1.99831337e-01  2.00509127e-01  2.00659472e-01 -5.52442767e-05 -9.49555370e-09 -3.03981810e-07 
 8.00175056e-06  1.99819412e-01  2.00530263e-01  2.00647397e-01 -7.28759616e-05  4.70755652e-08 -3.28872888e-07 
 8.00191212e-06  1.99812881e-01  2.00556414e-01  2.00640255e-01 -8.89649933e-05  1.13731398e-07 -3.44160256e-07 
 8.00203941e-06  1.99808843e-01  2.00583697e-01  2.00636271e-01 -1.03179830e-04  1.87124812e-07 -3.53306261e-07 
 8.00214545e-06  1.99806377e-01  2.00614955e-01  2.00634320e-01 -1.15788953e-04  2.68539213e-07 -3.58559132e-07 
 8.00223656e-06  1.99804263e-01  2.00649575e-01  2.00633887e-01 -1.27130736e-04  3.59361493e-07 -3.60903416e-07 
 8.00231614e-06  1.99802427e-01  2.00689191e-01  2.00634685e-01 -1.37148541e-04  4.60737286e-07 -3.60915042e-07 
 8.00238678e-06  1.99800096e-01  2.00734277e-01  2.00636552e-01 -1.46027744e-04  5.74478939e-07 -3.58867959e-07 
 8.00245196e-06  1.99797323e-01  2.00787694e-01  2.00639497e-01 -1.53934717e-04  7.06277941e-07 -3.54817439e-07 
 8.00251770e-06  1.99793669e-01  2.00855957e-01  2.00643969e-01 -1.61530392e-04  8.72932412e-07 -3.48093896e-07 
 8.00259187e-06  1.99789994e-01  2.00951339e-01  2.00651266e-01 -1.69504241e-04  1.10881013e-06 -3.36889726e-07 
 8.00267003e-06  1.99787858e-01  2.01068538e-01  2.00661999e-01 -1.77374070e-04  1.41474149e-06 -3.20790230e-07 
 8.00279243e-06  1.99790027e-01  2.01268146e-01  2.00685717e-01 -1.88716690e-04  2.00399097e-06 -2.87432408e-07 
 8.00290136e-06  1.99797555e-01  2.01446981e-01  2.00713940e-01 -1.97816583e-04  2.62766479e-06 -2.50358216e-07 
 8.00301380e-06  1.99810561e-01  2.01619333e-01  2.00749533e-01 -2.05944010e-04  3.34936869e-06 -2.06217378e-07 
 8.00312265e-06  1.99827310e-01  2.01766376e-01  2.00789303e-01 -2.12001217e-04  4.10359546e-06 -1.59190296e-07 
 8.00322039e-06  1.99845298e-01  2.01875293e-01  2.00828473e-01 -2.14824186e-04  4.80819609e-06 -1.14744359e-07 
 8.00329787e-06  1.99860734e-01  2.01939191e-01  2.00861087e-01 -2.13376830e-04  5.36869805e-06 -7.91926073e-08 
 8.00335516e-06  1.99872308e-01  2.01965916e-01  2.00885589e-01 -2.07415956e-04  5.77036177e-06 -5.37285423e-08 
 8.00340422e-06  1.99881613e-01  2.01966590e-01  2.00906397e-01 -1.97257935e-04  6.09219535e-06 -3.34372495e-08 
 8.00345617e-06  1.99890436e-01  2.01937665e-01  2.00927695e-01 -1.81738157e-04  6.39650441e-06 -1.44807435e-08 
 8.00351659e-06  1.99898745e-01  2.01863033e-01  2.00950682e-01 -1.59540942e-04  6.68948918e-06  3.36318214e-09 
 8.00358016e-06  1.99905059e-01  2.01742045e-01  2.00971819e-01 -1.34160075e-04  6.91835779e-06  1.66995582e-08 
 8.00366212e-06  1.99909372e-01  2.01541426e-01  2.00993104e-01 -1.02742650e-04  7.09305520e-06  2.57542436e-08 
 8.00374550e-06  1.99909946e-01  2.01314182e-01  2.01007034e-01 -7.61284278e-05  7.14680515e-06  2.67037372e-08 
 8.00381379e-06  1.99908060e-01  2.01131132e-01  2.01012573e-01 -5.95188921e-05  7.11587909e-06  2.25858457e-08 
 8.00388243e-06  1.99904662e-01  2.00963271e-01  2.01013239e-01 -4.72135562e-05  7.03513163e-06  1.52826940e-08 
 8.00396367e-06  1.99899218e-01  2.00793470e-01  2.01008605e-01 -3.72210575e-05  6.89558077e-06  3.92417455e-09 
 8.00404136e-06  1.99893102e-01  2.00662220e-01  2.00999707e-01 -3.11711057e-05  6.73351597e-06 -8.63247792e-09 
 8.00413150e-06  1.99885290e-01  2.00544887e-01  2.00985319e-01 -2.69352803e-05  6.52680100e-06 -2.42136645e-08 
 8.00422492e-06  1.99876776e-01  2.00455937e-01  2.00967163e-01 -2.45406438e-05  6.30333163e-06 -4.07574113e-08 
 8.00433943e-06  1.99866018e-01  2.00379952e-01  2.00942120e-01 -2.30629253e-05  6.02817511e-06 -6.08771612e-08 
 8.00446712e-06  1.99853887e-01  2.00323767e-01  2.00912223e-01 -2.23994267e-05  5.72796829e-06 -8.26284682e-08 
 8.00463372e-06  1.99837981e-01  2.00275901e-01  2.00872080e-01 -2.20926963e-05  5.35362392e-06 -1.09557093e-07 
 8.00481686e-06  1.99820540e-01  2.00240010e-01  2.00827972e-01 -2.20302659e-05  4.96747139e-06 -1.37167321e-07 
 8.00500000e-06  1.99803133e-01  2.00211794e-01  2.00784716e-01 -2.20041285e-05  4.60763284e-06 -1.62766745e-07 
 8.00500231e-06  1.99804762e-01  2.00217650e-01  2.00784182e-01 -1.99466803e-05  4.60369713e-06 -1.62637796e-07 
 8.00500694e-06  1.99806182e-01  2.00228419e-01  2.00783126e-01 -1.92169965e-05  4.59586657e-06 -1.62343075e-07 
 8.00501620e-06  1.99805958e-01  2.00245846e-01  2.00781071e-01 -1.88682769e-05  4.58025077e-06 -1.61689709e-07 
 8.00503472e-06  1.99806200e-01  2.00272559e-01  2.00777146e-01 -1.82664314e-05  4.54890501e-06 -1.60432697e-07 
 8.00506696e-06  1.99806116e-01  2.00308310e-01  2.00770779e-01 -1.74780688e-05  4.49419149e-06 -1.58338709e-07 
 8.00513146e-06  1.99806246e-01  2.00359290e-01  2.00759393e-01 -1.65030556e-05  4.38506613e-06 -1.54415462e-07 
 8.00526046e-06  1.99805973e-01  2.00413402e-01  2.00740124e-01 -1.57354324e-05  4.17134911e-06 -1.47205270e-07 
 8.00550376e-06  1.99805624e-01  2.00436995e-01  2.00709966e-01 -1.55370279e-05  3.79228913e-06 -1.34864428e-07 
 8.00579352e-06  1.99804968e-01  2.00424414e-01  2.00678271e-01 -1.55580165e-05  3.38430289e-06 -1.21588247e-07 
 8.00631321e-06  1.99804198e-01  2.00393008e-01  2.00625623e-01 -1.55581711e-05  2.75804338e-06 -1.00911449e-07 
 8.00735258e-06  1.99802693e-01  2.00339084e-01  2.00532826e-01 -1.55600599e-05  1.82369306e-06 -6.92597280e-08 
 8.00943131e-06  1.99800954e-01  2.00268635e-01  2.00392463e-01 -1.55730338e-05  7.66987927e-07 -3.16713888e-08 
 8.01358879e-06  1.99799150e-01  2.00226940e-01  2.00252004e-01 -1.55909268e-05  7.77202242e-08 -4.63629990e-09 
 8.01785401e-06  1.99798713e-01  2.00266552e-01  2.00237945e-01 -1.56128106e-05  6.82540988e-09 -6.47808595e-10 
 8.02509683e-06  1.99798373e-01  2.00394246e-01  2.00335487e-01 -1.56302852e-05 -1.20824083e-09  8.22718405e-11 
 8.03468024e-06  1.99798528e-01  2.00560740e-01  2.00508954e-01 -1.56499982e-05  3.95299625e-10  2.43376294e-11 
 8.04599220e-06  1.99798546e-01  2.00679566e-01  2.00649273e-01 -1.56558255e-05 -1.23302663e-10  3.87355830e-11 
 8.06234200e-06  1.99798732e-01  2.00717714e-01  2.00709516e-01 -1.56668257e-05  7.64478715e-11  2.81289689e-12 
 8.09084879e-06  1.99798567e-01  2.00637129e-01  2.00637832e-01 -1.56673399e-05 -5.89384398e-11 -6.91964904e-12 
 8.13374413e-06  1.99798540e-01  2.00558337e-01  2.00548040e-01 -1.56723529e-05  3.96547185e-11 -2.91389894e-12 
 8.16687207e-06  1.99798449e-01  2.00583554e-01  2.00570417e-01 -1.56679894e-05 -2.89597868e-11  5.42931141e-12 
 8.20000000e-06  1.99798590e-01  2.00604381e-01  2.00593914e-01 -1.56720388e-05  2.26347205e-11  1.13426987e-12 
 8.20002443e-06  1.99800506e-01  2.00619379e-01  2.00594063e-01 -1.41780870e-05  1.60980617e-09  3.61438695e-09 
 8.20007329e-06  1.99802279e-01  2.00642284e-01  2.00594581e-01 -1.36192981e-05  4.51424159e-09  1.08673267e-08 
 8.20017100e-06  1.99805303e-01  2.00669400e-01  2.00596545e-01 -1.32485130e-05  9.24448771e-09  2.48166718e-08 
 8.20031382e-06  1.99809968e-01  2.00690320e-01  2.00600615e-01 -1.30181966e-05  1.50806152e-08  4.40707794e-08 
 8.20059945e-06  1.99818890e-01  2.00703539e-01  2.00609940e-01 -1.30592837e-05  2.56529089e-08  7.95073529e-08 
 8.20096436e-06  1.99830561e-01  2.00706605e-01  2.00621517e-01 -1.30371912e-05  3.77465186e-08  1.19750931e-07 
 8.20130433e-06  1.99841495e-01  2.00705989e-01  2.00631035e-01 -1.34150468e-05  4.73296155e-08  1.53182704e-07 
 8.20145105e-06  1.99846795e-01  2.00704759e-01  2.00634701e-01 -1.38418954e-05  5.06716041e-08  1.66560169e-07 
 8.20164368e-06  1.99854696e-01  2.00698686e-01  2.00638930e-01 -1.57050036e-05  5.33535441e-08  1.82917024e-07 
 8.20178312e-06  1.99862185e-01  2.00689447e-01  2.00641377e-01 -1.84541678e-05  5.31905294e-08  1.93457628e-07 
 8.20190390e-06  1.99870055e-01  2.00675194e-01  2.00642835e-01 -2.25415491e-05  5.06755533e-08  2.01163896e-07 
 8.20202696e-06  1.99879858e-01  2.00653622e-01  2.00643390e-01 -2.84775716e-05  4.52069912e-08  2.07018791e-07 
 8.20215759e-06  1.99891552e-01  2.00621726e-01  2.00642588e-01 -3.67854652e-05  3.58050103e-08  2.10387709e-07 
 8.20229971e-06  1.99905251e-01  2.00576537e-01  2.00639631e-01 -4.71960869e-05  2.12245262e-08  2.09861737e-07 
 8.20243566e-06  1.99917825e-01  2.00522074e-01  2.00634318e-01 -5.72352133e-05  2.84796590e-09  2.04416504e-07 
 8.20255635e-06  1.99927775e-01  2.00462471e-01  2.00627150e-01 -6.47000284e-05 -1.76561416e-08  1.94578279e-07 
 8.20266837e-06  1.99934991e-01  2.00395319e-01  2.00618021e-01 -6.95375126e-05 -4.08160085e-08  1.80371791e-07 
 8.20279031e-06  1.99940378e-01  2.00311307e-01  2.00604940e-01 -7.30919174e-05 -6.99144037e-08  1.58792131e-07 
 8.20292493e-06  1.99942960e-01  2.00215689e-01  2.00586510e-01 -7.67714787e-05 -1.03610597e-07  1.28180475e-07 
 8.20302797e-06  1.99942831e-01  2.00147775e-01  2.00569758e-01 -7.93746488e-05 -1.28321554e-07  1.00771824e-07 
 8.20314096e-06  1.99940481e-01  2.00082747e-01  2.00549227e-01 -8.18225464e-05 -1.52926814e-07  6.77969401e-08 
 8.20324684e-06  1.99936261e-01  2.00032946e-01  2.00528431e-01 -8.35501894e-05 -1.72817056e-07  3.49709268e-08 
 8.20332386e-06  1.99931378e-01  2.00005580e-01  2.00512680e-01 -8.42734950e-05 -1.84593362e-07  1.05457743e-08 
 8.20336971e-06  1.99927260e-01  1.99994565e-01  2.00503182e-01 -8.43038525e-05 -1.89914726e-07 -3.91190947e-09 
 8.20340136e-06  1.99923207e-01  1.99990787e-01  2.00496632e-01 -8.39887211e-05 -1.92320870e-07 -1.36458199e-08 
 8.20342930e-06  1.99918205e-01  1.99991782e-01  2.00490905e-01 -8.32976944e-05 -1.92980603e-07 -2.18609562e-08 
 8.20345574e-06  1.99911454e-01  1.99998640e-01  2.00485584e-01 -8.20705650e-05 -1.91602836e-07 -2.90441808e-08 
 8.20348427e-06  1.99901952e-01  2.00015204e-01  2.00480040e-01 -7.99542747e-05 -1.87054099e-07 -3.57989937e-08 
 8.20351816e-06  1.99888910e-01  2.00049387e-01  2.00473876e-01 -7.63469689e-05 -1.76898048e-07 -4.20810975e-08 
 8.20355348e-06  1.99875236e-01  2.00100594e-01  2.00468139e-01 -7.15927904e-05 -1.61212099e-07 -4.64329578e-08 
 8.20360831e-06  1.99856612e-01  2.00200463e-01  2.00461031e-01 -6.30830384e-05 -1.29930904e-07 -4.90473459e-08 
 8.20364460e-06  1.99846965e-01  2.00273077e-01  2.00457655e-01 -5.72366334e-05 -1.06799170e-07 -4.83781237e-08 
 8.20367960e-06  1.99839695e-01  2.00341952e-01  2.00455428e-01 -5.17907296e-05 -8.45723804e-08 -4.63659408e-08 
 8.20372445e-06  1.99832861e-01  2.00423638e-01  2.00453959e-01 -4.54080386e-05 -5.78198096e-08 -4.23643776e-08 
 8.20376576e-06  1.99828611e-01  2.00489835e-01  2.00453840e-01 -4.02312015e-05 -3.57986588e-08 -3.76748482e-08 
 8.20381507e-06  1.99825380e-01  2.00556152e-01  2.00454995e-01 -3.50125096e-05 -1.33648981e-08 -3.13123661e-08 
 8.20386392e-06  1.99823598e-01  2.00608785e-01  2.00457268e-01 -3.07871855e-05  4.76958238e-09 -2.45363508e-08 
 8.20392456e-06  1.99822646e-01  2.00658674e-01  2.00461256e-01 -2.66876560e-05  2.22980551e-08 -1.58435176e-08 
 8.20398909e-06  1.99822625e-01  2.00696941e-01  2.00466520e-01 -2.34202294e-05  3.60301485e-08 -6.51322006e-09 
 8.20407147e-06  1.99823466e-01  2.00730309e-01  2.00474205e-01 -2.04735632e-05  4.82344869e-08  5.26191437e-09 
 8.20416501e-06  1.99825135e-01  2.00754747e-01  2.00483692e-01 -1.82535915e-05  5.72750663e-08  1.82918271e-08 
 8.20428936e-06  1.99828032e-01  2.00775345e-01  2.00496860e-01 -1.64718411e-05  6.47926303e-08  3.49563155e-08 
 8.20443977e-06  1.99832166e-01  2.00791609e-01  2.00513016e-01 -1.53229444e-05  7.03831671e-08  5.41133958e-08 
 8.20464391e-06  1.99838366e-01  2.00807726e-01  2.00534718e-01 -1.46447376e-05  7.53625188e-08  7.84930697e-08 
 8.20482196e-06  1.99844047e-01  2.00819313e-01  2.00553201e-01 -1.44142248e-05  7.85927897e-08  9.83936902e-08 
 8.20500000e-06  1.99849808e-01  2.00829769e-01  2.00571171e-01 -1.43233155e-05  8.13465490e-08  1.17214729e-07 
 8.20500420e-06  1.99848801e-01  2.00826543e-01  2.00571583e-01 -1.53882137e-05  8.11203687e-08  1.16927564e-07 
 8.20501260e-06  1.99848097e-01  2.00820884e-01  2.00572395e-01 -1.56474932e-05  8.06801620e-08  1.16137365e-07 
 8.20502940e-06  1.99848213e-01  2.00812448e-01  2.00573964e-01 -1.56199439e-05  7.98793974e-08  1.14286092e-07 
 8.20506300e-06  1.99847800e-01  2.00799835e-01  2.00576929e-01 -1.57597634e-05  7.84960867e-08  1.10822247e-07 
 8.20513020e-06  1.99847817e-01  2.00782228e-01  2.00582342e-01 -1.57660063e-05  7.61994454e-08  1.04134102e-07 
 8.20526134e-06  1.99847689e-01  2.00764552e-01  2.00591595e-01 -1.58292518e-05  7.23611575e-08  9.21110115e-08 
 8.20541434e-06  1.99847987e-01  2.00759204e-01  2.00601111e-01 -1.57697149e-05  6.81990144e-08  7.93514658e-08 
 8.20567895e-06  1.99848071e-01  2.00763133e-01  2.00616192e-01 -1.58118098e-05  6.14712132e-08  6.01787811e-08 
 8.20619413e-06  1.99848631e-01  2.00780390e-01  2.00643382e-01 -1.57632811e-05  5.01692383e-08  3.11938770e-08 
 8.20722449e-06  1.99849169e-01  2.00812154e-01  2.00692200e-01 -1.58052777e-05  3.33093640e-08 -3.84399194e-09 
 8.20928521e-06  1.99850247e-01  2.00856088e-01  2.00769183e-01 -1.57525061e-05  1.42095187e-08 -2.82474111e-08 
 8.21340665e-06  1.99851014e-01  2.00891061e-01  2.00854446e-01 -1.57854469e-05  1.63104435e-09 -2.60937197e-08 
 8.21896679e-06  1.99851533e-01  2.00873165e-01  2.00873004e-01 -1.57279357e-05  3.33200698e-12 -1.45026709e-08 
 8.22721561e-06  1.99851498e-01  2.00801895e-01  2.00816326e-01 -1.57621141e-05  1.68932236e-11 -6.84774701e-09 
 8.24111034e-06  1.99851593e-01  2.00692871e-01  2.00700165e-01 -1.57079422e-05 -1.85648324e-11 -1.46796931e-09 
 8.25571462e-06  1.99851385e-01  2.00640644e-01  2.00635443e-01 -1.57492758e-05 -2.04117907e-12 -3.84392281e-10 
 8.28218297e-06  1.99851518e-01  2.00647246e-01  2.00632870e-01 -1.57012651e-05 -5.07010016e-13  6.41301534e-11 
 8.32580212e-06  1.99851449e-01  2.00693303e-01  2.00681983e-01 -1.57455165e-05  2.74711005e-12 -2.39712081e-11 
 8.38676069e-06  1.99851607e-01  2.00676007e-01  2.00668375e-01 -1.57005708e-05 -3.36756079e-12  2.97989934e-11 
 8.47296442e-06  1.99851445e-01  2.00654539e-01  2.00643545e-01 -1.57456963e-05  1.30628993e-12 -2.18695701e-11 
 8.57296442e-06  1.99851619e-01  2.00663403e-01  2.00653818e-01 -1.57005052e-05 -1.70863215e-12  2.84792431e-11 
 8.67296442e-06  1.99851482e-01  2.00650797e-01  2.00640960e-01 -1.57456964e-05  3.57582887e-13 -1.80376826e-11 
 8.77296442e-06  1.99851639e-01  2.00652507e-01  2.00642217e-01 -1.57005246e-05 -1.20316192e-12  2.34352355e-11 
 8.87296442e-06  1.99851515e-01  2.00651802e-01  2.00642037e-01 -1.57456695e-05  2.39160471e-13 -1.26375285e-11 
 8.97296442e-06  1.99851668e-01  2.00649031e-01  2.00638889e-01 -1.57005441e-05 -1.21795434e-12  1.86025839e-11 
 9.07296442e-06  1.99851544e-01  2.00650905e-01  2.00640883e-01 -1.57456578e-05  2.83286198e-13 -8.59033314e-12 
 9.17296442e-06  1.99851701e-01  2.00649182e-01  2.00639223e-01 -1.57005484e-05 -1.20512714e-12  1.53456821e-11 
 9.27296442e-06  1.99851574e-01  2.00649749e-01  2.00639623e-01 -1.57456567e-05  2.16726810e-13 -5.88330334e-12 
 9.37296442e-06  1.99851732e-01  2.00649614e-01  2.00639673e-01 -1.57005484e-05 -1.09833345e-12  1.29799175e-11 
 9.47296442e-06  1.99851605e-01  2.00649383e-01  2.00639280e-01 -1.57456558e-05  1.00294772e-13 -3.68676400e-12 
 9.57296442e-06  1.99851763e-01  2.00649606e-01  2.00639627e-01 -1.57005506e-05 -9.89496245e-13  1.08771062e-11 
 9.67296442e-06  1.99851637e-01  2.00649472e-01  2.00639398e-01 -1.57456526e-05  9.53599179e-15 -1.65391453e-12 
 9.77296442e-06  1.99851794e-01  2.00649491e-01  2.00639496e-01 -1.57005543e-05 -9.16692503e-13  8.92744196e-12 
 9.87296442e-06  1.99851668e-01  2.00649581e-01  2.00639510e-01 -1.57456486e-05 -4.86093370e-14  1.95527188e-13 
 9.97296442e-06  1.99851825e-01  2.00649470e-01  2.00639478e-01 -1.57005581e-05 -8.68173589e-13  7.19114758e-12 
 1.00729644e-05  1.99851699e-01  2.00649613e-01  2.00639538e-01 -1.57456450e-05 -9.11055086e-14  1.81671231e-12 
 1.01364822e-05  1.99851851e-01  2.00649512e-01  2.00639524e-01 -1.57005626e-05 -8.19427859e-13  5.29103291e-12 
 1.02000000e-05  1.99851719e-01  2.00649607e-01  2.00639531e-01 -1.57456397e-05 -1.44662277e-13  3.95658392e-12 
 1.02000896e-05  1.99847073e-01  2.00613310e-01  2.00638276e-01 -1.71378850e-05 -4.74993686e-09 -1.78963121e-08 
 1.02002689e-05  1.99840960e-01  2.00569676e-01  2.00634343e-01 -1.74040934e-05 -1.29193601e-08 -5.26936324e-08 
 1.02005820e-05  1.99831540e-01  2.00550966e-01  2.00624437e-01 -1.78902707e-05 -2.46029680e-08 -1.07633518e-07 
 1.02009124e-05  1.99822461e-01  2.00550463e-01  2.00614053e-01 -2.00755766e-05 -3.53520754e-08 -1.58598520e-07 
 1.02011021e-05  1.99818371e-01  2.00554008e-01  2.00608801e-01 -2.26740951e-05 -4.03726371e-08 -1.84631164e-07 
 1.02013331e-05  1.99814746e-01  2.00560335e-01  2.00603354e-01 -2.77656670e-05 -4.54726003e-08 -2.13042745e-07 
 1.02015767e-05  1.99812902e-01  2.00571781e-01  2.00598958e-01 -3.55122847e-05 -4.95294311e-08 -2.38912856e-07 
 1.02017779e-05  1.99812708e-01  2.00585021e-01  2.00596591e-01 -4.38224469e-05 -5.15190606e-08 -2.56758626e-07 
 1.02019368e-05  1.99813404e-01  2.00599947e-01  2.00595720e-01 -5.14497070e-05 -5.17869951e-08 -2.68248884e-07 
 1.02020656e-05  1.99814218e-01  2.00615650e-01  2.00595823e-01 -5.82439657e-05 -5.07116848e-08 -2.75489892e-07 
 1.02021738e-05  1.99815002e-01  2.00633111e-01  2.00596608e-01 -6.41867824e-05 -4.84483146e-08 -2.79829224e-07 
 1.02022672e-05  1.99815411e-01  2.00652406e-01  2.00597933e-01 -6.93872300e-05 -4.50055423e-08 -2.81931511e-07 
 1.02023494e-05  1.99815432e-01  2.00674322e-01  2.00599725e-01 -7.38073919e-05 -4.03117040e-08 -2.82205176e-07 
 1.02024232e-05  1.99814812e-01  2.00699432e-01  2.00601969e-01 -7.75188330e-05 -3.42016505e-08 -2.80813467e-07 
 1.02024931e-05  1.99813573e-01  2.00729700e-01  2.00604797e-01 -8.05915508e-05 -2.61819023e-08 -2.77709738e-07 
 1.02025674e-05  1.99811625e-01  2.00769881e-01  2.00608749e-01 -8.32969592e-05 -1.48565455e-08 -2.72083359e-07 
 1.02026468e-05  1.99809664e-01  2.00820947e-01  2.00614273e-01 -8.55798040e-05  1.45960748e-10 -2.63208045e-07 
 1.02027448e-05  1.99808145e-01  2.00890322e-01  2.00623164e-01 -8.78606307e-05  2.12120191e-08 -2.48272881e-07 
 1.02028550e-05  1.99808089e-01  2.00969659e-01  2.00635963e-01 -9.00424930e-05  4.60313784e-08 -2.26742392e-07 
 1.02029730e-05  1.99809863e-01  2.01049867e-01  2.00652733e-01 -9.21721453e-05  7.18757401e-08 -1.98921351e-07 
 1.02031070e-05  1.99813969e-01  2.01130267e-01  2.00675051e-01 -9.42648351e-05  9.86884582e-08 -1.62557704e-07 
 1.02032375e-05  1.99819637e-01  2.01194018e-01  2.00699320e-01 -9.55494079e-05  1.20984751e-07 -1.23739541e-07 
 1.02033438e-05  1.99825142e-01  2.01231575e-01  2.00720265e-01 -9.51499492e-05  1.35168491e-07 -9.09719658e-08 
 1.02034142e-05  1.99828908e-01  2.01245442e-01  2.00734387e-01 -9.29010687e-05  1.41404812e-07 -6.95319865e-08 
 1.02034704e-05  1.99831754e-01  2.01245781e-01  2.00745528e-01 -8.88404125e-05  1.43242679e-07 -5.33608542e-08 
 1.02035260e-05  1.99834164e-01  2.01232663e-01  2.00756174e-01 -8.27055954e-05  1.41111314e-07 -3.89065715e-08 
 1.02035972e-05  1.99836496e-01  2.01193990e-01  2.00768723e-01 -7.27593514e-05  1.31897661e-07 -2.36312801e-08 
 1.02036616e-05  1.99837764e-01  2.01139783e-01  2.00778598e-01 -6.29012669e-05  1.17781624e-07 -1.33916166e-08 
 1.02037470e-05  1.99838272e-01  2.01048660e-01  2.00788859e-01 -5.02762240e-05  9.30773905e-08 -5.26250171e-09 
 1.02038494e-05  1.99837361e-01  2.00927726e-01  2.00796455e-01 -3.78538650e-05  5.94034372e-08 -2.87058237e-09 
 1.02039175e-05  1.99836072e-01  2.00849392e-01  2.00798660e-01 -3.17980458e-05  3.72233115e-08 -4.95250030e-09 
 1.02039858e-05  1.99834397e-01  2.00778381e-01  2.00798800e-01 -2.73289201e-05  1.68979017e-08 -9.18089415e-09 
 1.02040668e-05  1.99832110e-01  2.00706806e-01  2.00796689e-01 -2.36758887e-05 -3.79891090e-09 -1.61550622e-08 
 1.02041556e-05  1.99829355e-01  2.00644402e-01  2.00792112e-01 -2.12225671e-05 -2.20351817e-08 -2.53973376e-08 
 1.02042479e-05  1.99826366e-01  2.00595687e-01  2.00785510e-01 -1.97694852e-05 -3.64230330e-08 -3.59885362e-08 
 1.02043487e-05  1.99823024e-01  2.00557508e-01  2.00776854e-01 -1.89553749e-05 -4.78146082e-08 -4.80424370e-08 
 1.02044610e-05  1.99819289e-01  2.00528347e-01  2.00766141e-01 -1.85252087e-05 -5.66032909e-08 -6.15376649e-08 
 1.02045921e-05  1.99814921e-01  2.00505794e-01  2.00752900e-01 -1.83420980e-05 -6.34598048e-08 -7.69729520e-08 
 1.02047479e-05  1.99809762e-01  2.00488225e-01  2.00736828e-01 -1.82731900e-05 -6.88304121e-08 -9.45553780e-08 
 1.02048739e-05  1.99805598e-01  2.00478035e-01  2.00723856e-01 -1.82715710e-05 -7.19429964e-08 -1.08083887e-07 
 1.02050000e-05  1.99801456e-01  2.00469648e-01  2.00711065e-01 -1.82669291e-05 -7.44914761e-08 -1.20973506e-07 
 1.02050022e-05  1.99802135e-01  2.00471447e-01  2.00710846e-01 -1.72711766e-05 -7.43794745e-08 -1.20898065e-07 
 1.02050066e-05  1.99802746e-01  2.00474786e-01  2.00710411e-01 -1.69396293e-05 -7.41528633e-08 -1.20705484e-07 
 1.02050154e-05  1.99802662e-01  2.00480253e-01  2.00709558e-01 -1.68028921e-05 -7.37109395e-08 -1.20236506e-07 
 1.02050329e-05  1.99802743e-01  2.00488674e-01  2.00707912e-01 -1.65905401e-05 -7.29008100e-08 -1.19320516e-07 
 1.02050639e-05  1.99802704e-01  2.00500253e-01  2.00705158e-01 -1.62999385e-05 -7.16414554e-08 -1.17753218e-07 
 1.02051259e-05  1.99802730e-01  2.00516875e-01  2.00700097e-01 -1.59465055e-05 -6.95601141e-08 -1.14760955e-07 
 1.02052499e-05  1.99802599e-01  2.00534287e-01  2.00691165e-01 -1.56632630e-05 -6.62053320e-08 -1.09169941e-07 
 1.02054979e-05  1.99802406e-01  2.00540189e-01  2.00675671e-01 -1.55989587e-05 -6.03676577e-08 -9.89971049e-08 
 1.02058239e-05  1.99802083e-01  2.00530717e-01  2.00657278e-01 -1.56128941e-05 -5.32444052e-08 -8.71263351e-08 
 1.02063304e-05  1.99801725e-01  2.00513440e-01  2.00630559e-01 -1.56152018e-05 -4.36216444e-08 -7.14227900e-08 
 1.02071942e-05  1.99801134e-01  2.00487675e-01  2.00589304e-01 -1.56153235e-05 -3.10101966e-08 -5.08005594e-08 
 1.02089217e-05  1.99800380e-01  2.00449475e-01  2.00522151e-01 -1.56242026e-05 -1.53639531e-08 -2.52014983e-08 
 1.02123768e-05  1.99799507e-01  2.00411604e-01  2.00439086e-01 -1.56303145e-05 -3.03333557e-09 -4.97979057e-09 
 1.02183880e-05  1.99799062e-01  2.00415333e-01  2.00400175e-01 -1.56467030e-05  1.89880873e-10  3.22388281e-10 
 1.02261233e-05  1.99798931e-01  2.00468983e-01  2.00439002e-01 -1.56527250e-05 -5.15751944e-11 -7.70790622e-11 
 1.02399364e-05  1.99799003e-01  2.00558265e-01  2.00533861e-01 -1.56651506e-05  3.55336108e-11  5.82946436e-11 
 1.02536853e-05  1.99799023e-01  2.00597512e-01  2.00583726e-01 -1.56646782e-05 -8.09619646e-12 -9.20252541e-12 
 1.02800492e-05  1.99799067e-01  2.00588031e-01  2.00582072e-01 -1.56713338e-05  5.72214498e-12  9.85619572e-12 
 1.03211285e-05  1.99798979e-01  2.00549476e-01  2.00540446e-01 -1.56681998e-05 -8.43750373e-12 -1.06181409e-11 
 1.03605643e-05  1.99799011e-01  2.00559863e-01  2.00547895e-01 -1.56720358e-05  5.86833902e-12  9.89346078e-12 
 1.04000000e-05  1.99799004e-01  2.00578386e-01  2.00567778e-01 -1.56680183e-05 -4.35881301e-12 -3.84553007e-12 
 1.04000270e-05  1.99802286e-01  2.00610674e-01  2.00568129e-01 -1.38995006e-05  3.19734357e-09  1.37263628e-09 
 1.04000810e-05  1.99805912e-01  2.00658540e-01  2.00569336e-01 -1.29656122e-05  8.85069918e-09  3.99830398e-09 
 1.04001891e-05  1.99812445e-01  2.00712211e-01  2.00573820e-01 -1.22679612e-05  1.67152473e-08  8.82657402e-09 
 1.04003438e-05  1.99822084e-01  2.00752317e-01  2.00582729e-01 -1.19379652e-05  2.42430642e-08  1.51948150e-08 
 1.04006463e-05  1.99840429e-01  2.00780515e-01  2.00602542e-01 -1.19585465e-05  3.53259206e-08  2.64841481e-08 
 1.04009830e-05  1.99861357e-01  2.00794167e-01  2.00624597e-01 -1.19380543e-05  4.54776304e-08  3.75685906e-08 
 1.04013525e-05  1.99884821e-01  2.00804154e-01  2.00647238e-01 -1.24155464e-05  5.13544643e-08  4.80705989e-08 
 1.04014764e-05  1.99893469e-01  2.00807025e-01  2.00654412e-01 -1.27957252e-05  4.95108846e-08  5.11841346e-08 
 1.04016791e-05  1.99908743e-01  2.00805794e-01  2.00665478e-01 -1.48420678e-05  2.86489197e-08  5.55783312e-08 
 1.04018259e-05  1.99921946e-01  2.00799320e-01  2.00672723e-01 -1.78559880e-05 -1.29416889e-08  5.79774641e-08 
 1.04019489e-05  1.99934328e-01  2.00786625e-01  2.00678016e-01 -2.20762021e-05 -7.93724067e-08  5.91966535e-08 
 1.04020734e-05  1.99948348e-01  2.00766359e-01  2.00682314e-01 -2.79122419e-05 -1.89351592e-07  5.94571761e-08 
 1.04022211e-05  1.99965488e-01  2.00730965e-01  2.00685545e-01 -3.66542888e-05 -3.92324815e-07  5.82048966e-08 
 1.04023541e-05  1.99980597e-01  2.00688546e-01  2.00686279e-01 -4.50050316e-05 -6.56788201e-07  5.54013972e-08 
 1.04024801e-05  1.99992957e-01  2.00637521e-01  2.00684644e-01 -5.21192530e-05 -9.93205693e-07  5.10335586e-08 
 1.04025942e-05  2.00001786e-01  2.00580179e-01  2.00680812e-01 -5.65186204e-05 -1.38453393e-06  4.53832671e-08 
 1.04027085e-05  2.00007114e-01  2.00510258e-01  2.00674303e-01 -5.84313670e-05 -1.87297914e-06  3.78636576e-08 
 1.04028293e-05  2.00008757e-01  2.00426355e-01  2.00664113e-01 -5.90359321e-05 -2.49830473e-06  2.78950702e-08 
 1.04029916e-05  2.00004214e-01  2.00312888e-01  2.00644957e-01 -5.97519030e-05 -3.49055219e-06  1.19050144e-08 
 1.04031097e-05  1.99996601e-01  2.00238408e-01  2.00627452e-01 -6.01086301e-05 -4.29718453e-06 -1.03783611e-09 
 1.04032156e-05  1.99986678e-01  2.00181445e-01  2.00609720e-01 -6.02966882e-05 -5.06000794e-06 -1.31568288e-08 
 1.04033111e-05  1.99975236e-01  2.00140652e-01  2.00592521e-01 -6.01184000e-05 -5.76354427e-06 -2.41793832e-08 
 1.04033693e-05  1.99966354e-01  2.00122763e-01  2.00581694e-01 -5.97672588e-05 -6.18952733e-06 -3.07400718e-08 
 1.04034027e-05  1.99960098e-01  2.00116352e-01  2.00575421e-01 -5.93129847e-05 -6.42867840e-06 -3.43530755e-08 
 1.04034323e-05  1.99953025e-01  2.00114704e-01  2.00569903e-01 -5.86819314e-05 -6.63164109e-06 -3.73420699e-08 
 1.04034591e-05  1.99944754e-01  2.00118405e-01  2.00564953e-01 -5.77217588e-05 -6.80433811e-06 -3.97773463e-08 
 1.04034873e-05  1.99933846e-01  2.00130183e-01  2.00559901e-01 -5.62474369e-05 -6.96668131e-06 -4.18871406e-08 
 1.04035223e-05  1.99918617e-01  2.00158845e-01  2.00553992e-01 -5.36986691e-05 -7.13281247e-06 -4.36758303e-08 
 1.04035564e-05  1.99903784e-01  2.00201781e-01  2.00548792e-01 -5.06417835e-05 -7.25305695e-06 -4.44623485e-08 
 1.04036076e-05  1.99884463e-01  2.00286801e-01  2.00542409e-01 -4.54565210e-05 -7.35876145e-06 -4.40305001e-08 
 1.04036376e-05  1.99875538e-01  2.00343731e-01  2.00539585e-01 -4.23416845e-05 -7.38298413e-06 -4.30227141e-08 
 1.04036717e-05  1.99867636e-01  2.00410279e-01  2.00537243e-01 -3.88892672e-05 -7.38358828e-06 -4.13948701e-08 
 1.04037126e-05  1.99860982e-01  2.00487946e-01  2.00535650e-01 -3.50654694e-05 -7.35429340e-06 -3.89846370e-08 
 1.04037565e-05  1.99856791e-01  2.00565035e-01  2.00535316e-01 -3.14232765e-05 -7.29583172e-06 -3.60660539e-08 
 1.04038019e-05  1.99854869e-01  2.00635484e-01  2.00536305e-01 -2.82072843e-05 -7.21498528e-06 -3.28814247e-08 
 1.04038510e-05  1.99854821e-01  2.00700165e-01  2.00538669e-01 -2.53160439e-05 -7.11244465e-06 -2.93997626e-08 
 1.04039055e-05  1.99856408e-01  2.00758539e-01  2.00542562e-01 -2.27469616e-05 -6.98787121e-06 -2.56067601e-08 
 1.04039681e-05  1.99859644e-01  2.00810860e-01  2.00548309e-01 -2.04532882e-05 -6.83709176e-06 -2.13945664e-08 
 1.04040412e-05  1.99864551e-01  2.00856160e-01  2.00556236e-01 -1.84682469e-05 -6.65733121e-06 -1.67116881e-08 
 1.04041297e-05  1.99871482e-01  2.00894980e-01  2.00566994e-01 -1.67668060e-05 -6.43941166e-06 -1.13442771e-08 
 1.04042393e-05  1.99880915e-01  2.00927626e-01  2.00581335e-01 -1.53817604e-05 -6.17380570e-06 -5.08264974e-09 
 1.04043812e-05  1.99893983e-01  2.00955859e-01  2.00600673e-01 -1.43270118e-05 -5.84104645e-06  2.50760112e-09 
 1.04045672e-05  1.99911944e-01  2.00981432e-01  2.00626344e-01 -1.36568827e-05 -5.42699269e-06  1.17206374e-08 
 1.04047836e-05  1.99933503e-01  2.01004138e-01  2.00655917e-01 -1.33532735e-05 -4.97826548e-06  2.15158362e-08 
 1.04050000e-05  1.99955363e-01  2.01023566e-01  2.00684783e-01 -1.32489700e-05 -4.56468139e-06  3.04065311e-08 
 1.04050054e-05  1.99953920e-01  2.01015157e-01  2.00685478e-01 -1.44307586e-05 -4.55539584e-06  3.03238113e-08 
 1.04050163e-05  1.99953147e-01  2.01000803e-01  2.00686834e-01 -1.47940791e-05 -4.53682365e-06  3.01796637e-08 
 1.04050380e-05  1.99953651e-01  2.00980245e-01  2.00689377e-01 -1.49454261e-05 -4.49956608e-06  2.99395670e-08 
 1.04050815e-05  1.99953633e-01  2.00950552e-01  2.00693963e-01 -1.53676860e-05 -4.42502502e-06  2.95266890e-08 
 1.04051685e-05  1.99954923e-01  2.00912013e-01  2.00701734e-01 -1.56307225e-05 -4.27782543e-06  2.88625366e-08 
 1.04053055e-05  1.99956448e-01  2.00882777e-01  2.00711633e-01 -1.58286116e-05 -4.05430124e-06  2.79676413e-08 
 1.04054888e-05  1.99959090e-01  2.00871833e-01  2.00722644e-01 -1.57754897e-05 -3.77277050e-06  2.68432900e-08 
 1.04057977e-05  1.99962528e-01  2.00874838e-01  2.00739011e-01 -1.58269478e-05 -3.34165768e-06  2.50015567e-08 
 1.04062750e-05  1.99967827e-01  2.00888843e-01  2.00762156e-01 -1.57658594e-05 -2.76935702e-06  2.23069088e-08 
 1.04071983e-05  1.99975385e-01  2.00912417e-01  2.00802193e-01 -1.58211399e-05 -1.91995284e-06  1.76599671e-08 
 1.04090447e-05  1.99985826e-01  2.00943780e-01  2.00864688e-01 -1.57563014e-05 -8.98774257e-07  1.05972224e-08 
 1.04127376e-05  1.99994461e-01  2.00961275e-01  2.00930785e-01 -1.58019890e-05 -1.43495429e-07  3.11803856e-09 
 1.04181712e-05  1.99997485e-01  2.00923834e-01  2.00932580e-01 -1.57299146e-05  4.63633934e-09  1.86132635e-10 
 1.04255466e-05  1.99997425e-01  2.00832560e-01  2.00855786e-01 -1.57750910e-05 -8.41700557e-10 -3.85990557e-11 
 1.04378581e-05  1.99997571e-01  2.00700735e-01  2.00714721e-01 -1.57059017e-05  3.26319656e-10 -1.60208462e-11 
 1.04516342e-05  1.99997246e-01  2.00632037e-01  2.00629071e-01 -1.57577837e-05 -1.67072017e-10 -1.96200196e-11 
 1.04746582e-05  1.99997471e-01  2.00645867e-01  2.00628824e-01 -1.56958169e-05  1.02235552e-10  9.49349350e-12 
 1.05148746e-05  1.99997306e-01  2.00739673e-01  2.00724725e-01 -1.57517081e-05 -7.41640551e-11  3.31063584e-12 
 1.05645638e-05  1.99997604e-01  2.00760489e-01  2.00752562e-01 -1.56941913e-05  6.10040417e-11  2.48224721e-12 
 1.06358823e-05  1.99997352e-01  2.00746839e-01  2.00735862e-01 -1.57519813e-05 -5.45563111e-11 -1.92173122e-12 
 1.07358823e-05  1.99997650e-01  2.00779947e-01  2.00769182e-01 -1.56941807e-05  4.89460185e-11  4.94659587e-12 
 1.08358823e-05  1.99997436e-01  2.00781705e-01  2.00772240e-01 -1.57519422e-05 -4.48867217e-11 -2.45508648e-12 
 1.09358823e-05  1.99997713e-01  2.00785368e-01  2.00774636e-01 -1.56942375e-05  3.94479967e-11  4.14877811e-12 
 1.10358823e-05  1.99997503e-01  2.00792829e-01  2.00783062e-01 -1.57519067e-05 -3.61382447e-11 -1.50004455e-12 
 1.11358823e-05  1.99997780e-01  2.00790034e-01  2.00779882e-01 -1.56942585e-05  3.14839023e-11  3.18374174e-12 
 1.12358823e-05  1.99997565e-01  2.00793909e-01  2.00783787e-01 -1.57519020e-05 -2.90913535e-11 -8.81074510e-13 
 1.13358823e-05  1.99997846e-01  2.00793404e-01  2.00783463e-01 -1.56942576e-05  2.52326430e-11  2.80342985e-12 
 1.14358823e-05  1.99997627e-01  2.00793652e-01  2.00783512e-01 -1.57519050e-05 -2.35496932e-11 -7.05353907e-13 
 1.15358823e-05  1.99997910e-01  2.00794515e-01  2.00784526e-01 -1.56942570e-05  2.02643453e-11  2.69682210e-12 
 1.16358823e-05  1.99997691e-01  2.00794000e-01  2.00783940e-01 -1.57519031e-05 -1.90705850e-11 -6.17902756e-13 
 1.17358823e-05  1.99997973e-01  2.00794530e-01  2.00784485e-01 -1.56942611e-05  1.62019014e-11  2.58561288e-12 
 1.18358823e-05  1.99997755e-01  2.00794426e-01  2.00784398e-01 -1.57518980e-05 -1.53842362e-11 -4.87123091e-13 
 1.19358823e-05  1.99998036e-01  2.00794469e-01  2.00784418e-01 -1.56942664e-05  1.28583108e-11  2.44255370e-12 
 1.20358823e-05  1.99997819e-01  2.00794608e-01  2.00784573e-01 -1.57518930e-05 -1.23586224e-11 -3.47416377e-13 
 1.21358823e-05  1.99998100e-01  2.00794546e-01  2.00784506e-01 -1.56942711e-05  1.01249530e-11  2.31407103e-12 
 1.22358823e-05  1.99997882e-01  2.00794652e-01  2.00784608e-01 -1.57518886e-05 -9.89257873e-12 -2.34627367e-13 
 1.23179411e-05  1.99998158e-01  2.00794651e-01  2.00784616e-01 -1.56942758e-05  7.68371066e-12  2.20675182e-12 
 1.24000000e-05  1.99997934e-01  2.00794677e-01  2.00784632e-01 -1.57518835e-05 -7.49873536e-12 -1.32634409e-13 
 1.24001156e-05  1.99985367e-01  2.00711322e-01  2.00780949e-01 -1.77780261e-05 -8.14261129e-09 -5.35301367e-09 
 1.24003467e-05  1.99964689e-01  2.00619411e-01  2.00769847e-01 -1.86152417e-05 -1.92131370e-08 -1.52011522e-08 
 1.24008091e-05  1.99925591e-01  2.00585538e-01  2.00739815e-01 -2.01868416e-05 -2.69700318e-08 -3.18183827e-08 
 1.24011728e-05  1.99897374e-01  2.00581127e-01  2.00717233e-01 -2.53270427e-05 -1.42462044e-08 -4.26090959e-08 
 1.24013882e-05  1.99883016e-01  2.00583603e-01  2.00705264e-01 -3.07366768e-05  1.04250380e-08 -4.79364772e-08 
 1.24016187e-05  1.99869722e-01  2.00588370e-01  2.00693863e-01 -3.88480271e-05  5.72013127e-08 -5.27568931e-08 
 1.24018101e-05  1.99860595e-01  2.00598107e-01  2.00685704e-01 -4.73207181e-05  1.18375523e-07 -5.59629577e-08 
 1.24019624e-05  1.99854413e-01  2.00608986e-01  2.00680253e-01 -5.51725031e-05  1.88237615e-07 -5.78890265e-08 
 1.24020877e-05  1.99850142e-01  2.00622761e-01  2.00676615e-01 -6.22366922e-05  2.66170916e-07 -5.89372944e-08 
 1.24021939e-05  1.99846842e-01  2.00638112e-01  2.00674276e-01 -6.85941093e-05  3.52966056e-07 -5.93287031e-08 
 1.24022861e-05  1.99844227e-01  2.00656277e-01  2.00672934e-01 -7.42341420e-05  4.49943356e-07 -5.91713281e-08 
 1.24023673e-05  1.99841805e-01  2.00677088e-01  2.00672413e-01 -7.92201846e-05  5.58739177e-07 -5.85192826e-08 
 1.24024409e-05  1.99839475e-01  2.00701717e-01  2.00672615e-01 -8.35890617e-05  6.83036240e-07 -5.73711881e-08 
 1.24025119e-05  1.99836920e-01  2.00732163e-01  2.00673575e-01 -8.75728968e-05  8.33710163e-07 -5.56100330e-08 
 1.24025960e-05  1.99834186e-01  2.00777961e-01  2.00675941e-01 -9.18869499e-05  1.06045242e-06 -5.25219227e-08 
 1.24026744e-05  1.99832684e-01  2.00828619e-01  2.00679564e-01 -9.55824017e-05  1.32237815e-06 -4.86331823e-08 
 1.24027906e-05  1.99833399e-01  2.00910686e-01  2.00687737e-01 -1.00661236e-04  1.79604761e-06 -4.12765143e-08 
 1.24028925e-05  1.99836978e-01  2.00983882e-01  2.00697708e-01 -1.04833932e-04  2.28752143e-06 -3.34963283e-08 
 1.24030082e-05  1.99844279e-01  2.01062563e-01  2.00711980e-01 -1.09231980e-04  2.91572450e-06 -2.35255671e-08 
 1.24031425e-05  1.99856410e-01  2.01143447e-01  2.00731904e-01 -1.13631311e-04  3.71573631e-06 -1.08948086e-08 
 1.24032671e-05  1.99870623e-01  2.01204816e-01  2.00752928e-01 -1.16426105e-04  4.50228327e-06  1.37943736e-09 
 1.24033650e-05  1.99883094e-01  2.01239867e-01  2.00770564e-01 -1.16692626e-04  5.12809386e-06  1.09692077e-08 
 1.24034347e-05  1.99892226e-01  2.01253557e-01  2.00783377e-01 -1.14271766e-04  5.56188168e-06  1.74374443e-08 
 1.24034905e-05  1.99899210e-01  2.01253323e-01  2.00793547e-01 -1.09596279e-04  5.88846633e-06  2.21042956e-08 
 1.24035470e-05  1.99905626e-01  2.01239065e-01  2.00803436e-01 -1.02370335e-04  6.18534379e-06  2.60580866e-08 
 1.24036151e-05  1.99912039e-01  2.01201409e-01  2.00814366e-01 -9.12996762e-05  6.48386837e-06  2.95284942e-08 
 1.24036829e-05  1.99916817e-01  2.01143826e-01  2.00823682e-01 -7.90253603e-05  6.70765865e-06  3.14630691e-08 
 1.24037698e-05  1.99920433e-01  2.01049338e-01  2.00832661e-01 -6.35306418e-05  6.88454615e-06  3.18157975e-08 
 1.24038853e-05  1.99921418e-01  2.00909306e-01  2.00838831e-01 -4.63158682e-05  6.94960655e-06  2.92739039e-08 
 1.24039708e-05  1.99919849e-01  2.00808986e-01  2.00839176e-01 -3.71433854e-05  6.89709387e-06  2.58002699e-08 
 1.24040477e-05  1.99917289e-01  2.00729066e-01  2.00836745e-01 -3.12523407e-05  6.79889263e-06  2.20085458e-08 
 1.24041387e-05  1.99913272e-01  2.00650287e-01  2.00831128e-01 -2.65144969e-05  6.64179294e-06  1.71113050e-08 
 1.24042248e-05  1.99908843e-01  2.00591318e-01  2.00823674e-01 -2.37016397e-05  6.46758080e-06  1.23184833e-08 
 1.24043267e-05  1.99903095e-01  2.00538306e-01  2.00812931e-01 -2.16957216e-05  6.24474177e-06  6.65934245e-09 
 1.24044310e-05  1.99896909e-01  2.00498940e-01  2.00800486e-01 -2.05837890e-05  6.00935715e-06  1.01553580e-09 
 1.24045602e-05  1.99889023e-01  2.00464732e-01  2.00783929e-01 -1.98948943e-05  5.71902944e-06 -5.66513793e-09 
 1.24047031e-05  1.99880195e-01  2.00438803e-01  2.00764917e-01 -1.95836564e-05  5.40702669e-06 -1.26269250e-08 
 1.24048515e-05  1.99870972e-01  2.00419381e-01  2.00744972e-01 -1.94600379e-05  5.09723425e-06 -1.93959817e-08 
 1.24050000e-05  1.99861759e-01  2.00404005e-01  2.00725173e-01 -1.94205907e-05  4.80355186e-06 -2.57204824e-08 
 1.24050023e-05  1.99862694e-01  2.00407992e-01  2.00724866e-01 -1.83621060e-05  4.79933368e-06 -2.56864631e-08 
 1.24050070e-05  1.99863502e-01  2.00415286e-01  2.00724260e-01 -1.79632083e-05  4.79093527e-06 -2.56257718e-08 
 1.24050164e-05  1.99863372e-01  2.00427027e-01  2.00723087e-01 -1.77499962e-05  4.77419700e-06 -2.55254278e-08 
 1.24050352e-05  1.99863526e-01  2.00444949e-01  2.00720865e-01 -1.73637319e-05  4.74069035e-06 -2.53465934e-08 
 1.24050679e-05  1.99863486e-01  2.00468755e-01  2.00717298e-01 -1.68629825e-05  4.68228768e-06 -2.50790688e-08 
 1.24051334e-05  1.99863583e-01  2.00502548e-01  2.00711047e-01 -1.62359559e-05  4.56632536e-06 -2.46513903e-08 
 1.24052645e-05  1.99863442e-01  2.00538616e-01  2.00700808e-01 -1.57445444e-05  4.34017882e-06 -2.39918911e-08 
 1.24055265e-05  1.99863241e-01  2.00556175e-01  2.00684530e-01 -1.56009157e-05  3.91707737e-06 -2.28618090e-08 
 1.24058336e-05  1.99862850e-01  2.00549664e-01  2.00668135e-01 -1.56170331e-05  3.47189994e-06 -2.15547626e-08 
 1.24063319e-05  1.99862444e-01  2.00535226e-01  2.00643535e-01 -1.56109893e-05  2.85352437e-06 -1.94452539e-08 
 1.24070973e-05  1.99861781e-01  2.00515908e-01  2.00609551e-01 -1.56140219e-05  2.10844204e-06 -1.63730335e-08 
 1.24086279e-05  1.99860974e-01  2.00488401e-01  2.00554506e-01 -1.56142799e-05  1.13451077e-06 -1.11593389e-08 
 1.24116893e-05  1.99859956e-01  2.00466089e-01  2.00488210e-01 -1.56227850e-05  2.83015397e-07 -4.51205919e-09 
 1.24171570e-05  1.99859429e-01  2.00490171e-01  2.00467208e-01 -1.56345341e-05 -9.98686605e-09 -3.56966819e-10 
 1.24236228e-05  1.99859245e-01  2.00562206e-01  2.00522422e-01 -1.56469748e-05  1.16939119e-09  4.51614872e-11 
 1.24348078e-05  1.99859340e-01  2.00682286e-01  2.00646531e-01 -1.56568813e-05 -4.21270088e-10  1.19498441e-11 
 1.24479135e-05  1.99859367e-01  2.00760501e-01  2.00740381e-01 -1.56641422e-05  2.01791238e-10  2.60948199e-11 
 1.24689386e-05  1.99859476e-01  2.00768592e-01  2.00763208e-01 -1.56674594e-05 -1.18594750e-10 -5.31189350e-12 
 1.25035181e-05  1.99859344e-01  2.00694712e-01  2.00690532e-01 -1.56705867e-05  8.25413011e-11 -1.52312619e-12 
 1.25517590e-05  1.99859346e-01  2.00661564e-01  2.00649889e-01 -1.56696366e-05 -7.00869445e-11 -1.46583293e-12 
 1.26000000e-05  1.99859316e-01  2.00682977e-01  2.00672266e-01 -1.56704853e-05  5.70580998e-11  5.07376411e-12 
 1.26000354e-05  1.99861699e-01  2.00702780e-01  2.00672552e-01 -1.40687950e-05  2.27507828e-09  5.23821608e-09 
 1.26001062e-05  1.99864146e-01  2.00731695e-01  2.00673520e-01 -1.34344152e-05  6.23717639e-09  1.56285435e-08 
 1.26002479e-05  1.99868574e-01  2.00761215e-01  2.00676986e-01 -1.31084010e-05  1.25221362e-08  3.53205568e-08 
 1.26004468e-05  1.99874978e-01  2.00777842e-01  2.00683300e-01 -1.30011866e-05  2.01504579e-08  6.10263523e-08 
 1.26007932e-05  1.99885838e-01  2.00784292e-01  2.00694670e-01 -1.30678366e-05  3.22993254e-08  1.01502968e-07 
 1.26012500e-05  1.99900585e-01  2.00785436e-01  2.00708090e-01 -1.32690828e-05  4.59772411e-08  1.48088069e-07 
 1.26013725e-05  1.99904671e-01  2.00784325e-01  2.00711283e-01 -1.35663703e-05  4.90263852e-08  1.59517783e-07 
 1.26016176e-05  1.99914383e-01  2.00778912e-01  2.00716917e-01 -1.53414223e-05  5.31687576e-08  1.80788883e-07 
 1.26017699e-05  1.99922126e-01  2.00769441e-01  2.00719710e-01 -1.81767688e-05  5.33848952e-08  1.92545763e-07 
 1.26018896e-05  1.99929918e-01  2.00756327e-01  2.00721259e-01 -2.19328795e-05  5.11779212e-08  2.00358999e-07 
 1.26020100e-05  1.99939157e-01  2.00735933e-01  2.00721957e-01 -2.75819153e-05  4.62038356e-08  2.06393268e-07 
 1.26021393e-05  1.99950717e-01  2.00705738e-01  2.00721394e-01 -3.54905631e-05  3.73934640e-08  2.10168055e-07 
 1.26022822e-05  1.99964305e-01  2.00661575e-01  2.00718739e-01 -4.59076736e-05  2.33022081e-08  2.10291357e-07 
 1.26024179e-05  1.99977114e-01  2.00608819e-01  2.00713793e-01 -5.59586656e-05  5.53709942e-09  2.05626239e-07 
 1.26025399e-05  1.99987275e-01  2.00550233e-01  2.00706922e-01 -6.38300096e-05 -1.45673576e-08  1.96594833e-07 
 1.26026517e-05  1.99994906e-01  2.00484963e-01  2.00698196e-01 -6.89327653e-05 -3.70988904e-08  1.83416149e-07 
 1.26027746e-05  2.00000591e-01  2.00401417e-01  2.00685479e-01 -7.26819393e-05 -6.59958292e-08  1.62931259e-07 
 1.26029022e-05  2.00003583e-01  2.00310348e-01  2.00668575e-01 -7.61441108e-05 -9.79765769e-08  1.35386219e-07 
 1.26030093e-05  2.00003731e-01  2.00238469e-01  2.00651636e-01 -7.89486528e-05 -1.23956599e-07  1.08225106e-07 
 1.26031263e-05  2.00001726e-01  2.00169522e-01  2.00630700e-01 -8.15135111e-05 -1.49882153e-07  7.53458941e-08 
 1.26032362e-05  1.99997526e-01  2.00116364e-01  2.00609293e-01 -8.34268893e-05 -1.70951067e-07  4.24083916e-08 
 1.26033175e-05  1.99992665e-01  2.00086452e-01  2.00592708e-01 -8.42212766e-05 -1.83709500e-07  1.73847076e-08 
 1.26033662e-05  1.99988368e-01  2.00074196e-01  2.00582639e-01 -8.43326982e-05 -1.89539357e-07  2.50382304e-09 
 1.26033979e-05  1.99984512e-01  2.00069965e-01  2.00576077e-01 -8.40317060e-05 -1.92100436e-07 -6.96415299e-09 
 1.26034266e-05  1.99979508e-01  2.00070441e-01  2.00570178e-01 -8.33949483e-05 -1.92966894e-07 -1.51689285e-08 
 1.26034533e-05  1.99972942e-01  2.00076696e-01  2.00564800e-01 -8.22042491e-05 -1.91800544e-07 -2.22070290e-08 
 1.26034815e-05  1.99963705e-01  2.00092112e-01  2.00559303e-01 -8.02025149e-05 -1.87622291e-07 -2.86848819e-08 
 1.26035157e-05  1.99950668e-01  2.00125324e-01  2.00553051e-01 -7.66452666e-05 -1.77790668e-07 -3.48045912e-08 
 1.26035500e-05  1.99937284e-01  2.00174008e-01  2.00547406e-01 -7.20947367e-05 -1.62907402e-07 -3.88434322e-08 
 1.26036026e-05  1.99919117e-01  2.00268374e-01  2.00540410e-01 -6.39971070e-05 -1.33407223e-07 -4.11332505e-08 
 1.26036353e-05  1.99910005e-01  2.00333545e-01  2.00537170e-01 -5.87234774e-05 -1.12703809e-07 -4.04635737e-08 
 1.26036685e-05  1.99902590e-01  2.00399522e-01  2.00534787e-01 -5.34790890e-05 -9.14897639e-08 -3.85100285e-08 
 1.26037087e-05  1.99895733e-01  2.00475131e-01  2.00533069e-01 -4.75596732e-05 -6.68456814e-08 -3.48327421e-08 
 1.26037520e-05  1.99890617e-01  2.00547834e-01  2.00532527e-01 -4.18759214e-05 -4.27911520e-08 -2.97314741e-08 
 1.26037979e-05  1.99887071e-01  2.00613586e-01  2.00533222e-01 -3.67218016e-05 -2.06758859e-08 -2.34699586e-08 
 1.26038473e-05  1.99884840e-01  2.00671201e-01  2.00535161e-01 -3.21283354e-05 -9.51481202e-10 -1.61613981e-08 
 1.26039029e-05  1.99883607e-01  2.00721577e-01  2.00538487e-01 -2.80289080e-05  1.66286322e-08 -7.58417902e-09 
 1.26039664e-05  1.99883297e-01  2.00763978e-01  2.00543365e-01 -2.44559049e-05  3.17334757e-08  2.36935869e-09 
 1.26040414e-05  1.99883816e-01  2.00798763e-01  2.00550102e-01 -2.14210101e-05  4.43787146e-08  1.40563196e-08 
 1.26041314e-05  1.99885217e-01  2.00826207e-01  2.00559022e-01 -1.89415915e-05  5.45067754e-08  2.78037847e-08 
 1.26042431e-05  1.99887623e-01  2.00847811e-01  2.00570734e-01 -1.70202372e-05  6.24586746e-08  4.43317696e-08 
 1.26043847e-05  1.99891333e-01  2.00865381e-01  2.00585922e-01 -1.56526222e-05  6.86601701e-08  6.43681579e-08 
 1.26045676e-05  1.99896729e-01  2.00881263e-01  2.00605507e-01 -1.48256019e-05  7.37612034e-08  8.88217297e-08 
 1.26047838e-05  1.99903553e-01  2.00896068e-01  2.00628146e-01 -1.44459208e-05  7.80079054e-08  1.15787905e-07 
 1.26050000e-05  1.99910536e-01  2.00908913e-01  2.00650054e-01 -1.43217276e-05  8.14055811e-08  1.40930056e-07 
 1.26050057e-05  1.99909430e-01  2.00904738e-01  2.00650607e-01 -1.54246096e-05  8.11035291e-08  1.40555549e-07 
 1.26050170e-05  1.99908775e-01  2.00897606e-01  2.00651693e-01 -1.56695193e-05  8.05228377e-08  1.39544877e-07 
 1.26050396e-05  1.99908884e-01  2.00887360e-01  2.00653772e-01 -1.56398744e-05  7.94917407e-08  1.37290731e-07 
 1.26050849e-05  1.99908434e-01  2.00872360e-01  2.00657648e-01 -1.57950748e-05  7.77542706e-08  1.33110206e-07 
 1.26051754e-05  1.99908556e-01  2.00853312e-01  2.00664589e-01 -1.57703651e-05  7.48760990e-08  1.25108421e-07 
 1.26053090e-05  1.99908450e-01  2.00840959e-01  2.00673572e-01 -1.58311429e-05  7.10973130e-08  1.14289597e-07 
 1.26054975e-05  1.99908815e-01  2.00838543e-01  2.00684913e-01 -1.57607069e-05  6.60650988e-08  1.00474475e-07 
 1.26058137e-05  1.99908901e-01  2.00846527e-01  2.00702471e-01 -1.58175386e-05  5.83411792e-08  8.07880569e-08 
 1.26064461e-05  1.99909571e-01  2.00868128e-01  2.00734994e-01 -1.57559279e-05  4.54520117e-08  5.13391148e-08 
 1.26077110e-05  1.99910154e-01  2.00903927e-01  2.00791929e-01 -1.58100474e-05  2.74062021e-08  1.81985319e-08 
 1.26102409e-05  1.99911299e-01  2.00949100e-01  2.00875615e-01 -1.57428861e-05  9.31329814e-09 -2.85941012e-09 
 1.26153005e-05  1.99911926e-01  2.00970994e-01  2.00950442e-01 -1.57872565e-05  1.36819509e-10 -4.00616098e-09 
 1.26211230e-05  1.99912331e-01  2.00936547e-01  2.00943212e-01 -1.57178891e-05  2.77327798e-11 -1.74216850e-09 
 1.26312973e-05  1.99912202e-01  2.00844710e-01  2.00859227e-01 -1.57650899e-05 -1.19542874e-11 -8.04241253e-10 
 1.26446165e-05  1.99912313e-01  2.00752607e-01  2.00756553e-01 -1.57002739e-05 -1.11606481e-11 -1.64551018e-10 
 1.26625181e-05  1.99912073e-01  2.00710533e-01  2.00701806e-01 -1.57547075e-05 -2.94164151e-12 -7.07831760e-11 
 1.26919418e-05  1.99912271e-01  2.00734503e-01  2.00720057e-01 -1.56943474e-05  2.22808577e-12  3.11225769e-11 
 1.27481930e-05  1.99912166e-01  2.00765951e-01  2.00757036e-01 -1.57520192e-05 -4.49293163e-13 -7.48523699e-12 
 1.28115743e-05  1.99912330e-01  2.00730969e-01  2.00722532e-01 -1.56941044e-05 -1.66047818e-12  1.25553793e-11 
 1.29115743e-05  1.99912148e-01  2.00722224e-01  2.00711158e-01 -1.57521482e-05  3.08703150e-13 -5.65443813e-12 
 1.30115743e-05  1.99912356e-01  2.00722761e-01  2.00713632e-01 -1.56940206e-05 -9.70009880e-13  1.40823046e-11 
 1.31115743e-05  1.99912176e-01  2.00710698e-01  2.00700416e-01 -1.57521843e-05 -3.61942030e-13 -5.58513142e-12 
 1.32115743e-05  1.99912377e-01  2.00714829e-01  2.00704820e-01 -1.56940108e-05 -4.32005993e-13  1.24895461e-11 
 1.33115743e-05  1.99912210e-01  2.00710620e-01  2.00700762e-01 -1.57521729e-05 -5.78278311e-13 -2.68474929e-12 
 1.34115743e-05  1.99912404e-01  2.00710328e-01  2.00700147e-01 -1.56940263e-05 -4.05368447e-13  9.16876216e-12 
 1.35115743e-05  1.99912242e-01  2.00710882e-01  2.00700953e-01 -1.57521581e-05 -4.81424796e-13  5.84049898e-13 
 1.36115743e-05  1.99912435e-01  2.00709386e-01  2.00699327e-01 -1.56940360e-05 -5.14911464e-13  6.30217780e-12 
 1.37115743e-05  1.99912272e-01  2.00710238e-01  2.00700185e-01 -1.57521522e-05 -3.94473950e-13  3.02624755e-12 
 1.38115743e-05  1.99912467e-01  2.00709662e-01  2.00699671e-01 -1.56940391e-05 -5.58475792e-13  4.22360253e-12 
 1.39115743e-05  1.99912302e-01  2.00709751e-01  2.00699672e-01 -1.57521499e-05 -3.81620516e-13  4.87121633e-12 
 1.40115743e-05  1.99912498e-01  2.00709829e-01  2.00699831e-01 -1.56940415e-05 -5.53168839e-13  2.52076566e-12 
 1.41115743e-05  1.99912334e-01  2.00709682e-01  2.00699622e-01 -1.57521468e-05 -3.90458716e-13  6.49229433e-12 
 1.42115743e-05  1.99912529e-01  2.00709797e-01  2.00699780e-01 -1.56940453e-05 -5.47404353e-13  9.64010447e-13 
 1.43115743e-05  1.99912365e-01  2.00709766e-01  2.00699716e-01 -1.57521426e-05 -3.90404072e-13  7.98391892e-12 
 1.44115743e-05  1.99912560e-01  2.00709762e-01  2.00699740e-01 -1.56940496e-05 -5.51956484e-13 -4.52596348e-13 
 1.45057872e-05  1.99912395e-01  2.00709823e-01  2.00699773e-01 -1.57521381e-05 -3.83131027e-13  9.35833149e-12 
 1.46000000e-05  1.99912590e-01  2.00709779e-01  2.00699760e-01 -1.56940541e-05 -5.59824756e-13 -1.77490791e-12 
 1.46001326e-05  1.99906345e-01  2.00664529e-01  2.00697480e-01 -1.71831943e-05 -6.64481376e-09 -2.60861185e-08 
 1.46003978e-05  1.99897641e-01  2.00616967e-01  2.00690754e-01 -1.75530039e-05 -1.79829876e-08 -7.58578621e-08 
 1.46009282e-05  1.99882989e-01  2.00609999e-01  2.00674008e-01 -2.02203080e-05 -3.57078293e-08 -1.60754598e-07 
 1.46011262e-05  1.99878564e-01  2.00613724e-01  2.00668509e-01 -2.31439066e-05 -4.10650282e-08 -1.87730782e-07 
 1.46013319e-05  1.99875511e-01  2.00620814e-01  2.00663667e-01 -2.77133756e-05 -4.54230598e-08 -2.12869952e-07 
 1.46016106e-05  1.99873476e-01  2.00633684e-01  2.00658763e-01 -3.68112590e-05 -4.99605293e-08 -2.42112938e-07 
 1.46018003e-05  1.99873511e-01  2.00647276e-01  2.00656692e-01 -4.48344677e-05 -5.16437098e-08 -2.58514418e-07 
 1.46019494e-05  1.99874147e-01  2.00661407e-01  2.00655975e-01 -5.21031758e-05 -5.17319560e-08 -2.69014365e-07 
 1.46020750e-05  1.99875029e-01  2.00677376e-01  2.00656141e-01 -5.87403833e-05 -5.05576210e-08 -2.75921106e-07 
 1.46021816e-05  1.99875726e-01  2.00694751e-01  2.00656971e-01 -6.46299446e-05 -4.82072929e-08 -2.80040383e-07 
 1.46022740e-05  1.99876168e-01  2.00714336e-01  2.00658334e-01 -6.97504492e-05 -4.46716642e-08 -2.82001963e-07 
 1.46023554e-05  1.99876090e-01  2.00736397e-01  2.00660160e-01 -7.41291713e-05 -3.98765566e-08 -2.82129708e-07 
 1.46024288e-05  1.99875473e-01  2.00761873e-01  2.00662443e-01 -7.77737279e-05 -3.36394289e-08 -2.80622269e-07 
 1.46024986e-05  1.99874132e-01  2.00792651e-01  2.00665331e-01 -8.08180902e-05 -2.54318232e-08 -2.77356004e-07 
 1.46025738e-05  1.99872181e-01  2.00834021e-01  2.00669421e-01 -8.34982036e-05 -1.37304778e-08 -2.71460983e-07 
 1.46026533e-05  1.99870218e-01  2.00885675e-01  2.00675067e-01 -8.57503702e-05  1.49068850e-09 -2.62327215e-07 
 1.46027549e-05  1.99868792e-01  2.00957877e-01  2.00684488e-01 -8.80695997e-05  2.34685427e-08 -2.46491407e-07 
 1.46028622e-05  1.99868838e-01  2.01035020e-01  2.00697174e-01 -9.01798682e-05  4.76592624e-08 -2.25156708e-07 
 1.46029795e-05  1.99870740e-01  2.01114336e-01  2.00714018e-01 -9.22794792e-05  7.32599369e-08 -1.97248296e-07 
 1.46031129e-05  1.99874887e-01  2.01193729e-01  2.00736371e-01 -9.43455914e-05  9.97876123e-08 -1.60855068e-07 
 1.46032441e-05  1.99880680e-01  2.01257009e-01  2.00760857e-01 -9.55748910e-05  1.21980300e-07 -1.21731717e-07 
 1.46033486e-05  1.99886101e-01  2.01293146e-01  2.00781517e-01 -9.50704259e-05  1.35708395e-07 -8.94502114e-08 
 1.46034178e-05  1.99889818e-01  2.01306061e-01  2.00795375e-01 -9.27088864e-05  1.41625858e-07 -6.84607214e-08 
 1.46034736e-05  1.99892605e-01  2.01305682e-01  2.00806430e-01 -8.85417327e-05  1.43242342e-07 -5.24625594e-08 
 1.46035295e-05  1.99895019e-01  2.01291598e-01  2.00817098e-01 -8.22596968e-05  1.40835538e-07 -3.80530646e-08 
 1.46036002e-05  1.99897274e-01  2.01252104e-01  2.00829493e-01 -7.23100185e-05  1.31360572e-07 -2.30610093e-08 
 1.46036654e-05  1.99898531e-01  2.01196432e-01  2.00839393e-01 -6.23227099e-05  1.16825837e-07 -1.28941590e-08 
 1.46037512e-05  1.99898967e-01  2.01104121e-01  2.00849542e-01 -4.97058549e-05  9.17625104e-08 -5.00520257e-09 
 1.46038568e-05  1.99897963e-01  2.00979334e-01  2.00857078e-01 -3.70924719e-05  5.69734046e-08 -2.94799827e-09 
 1.46039247e-05  1.99896614e-01  2.00901710e-01  2.00859046e-01 -3.12387165e-05  3.49675603e-08 -5.28913838e-09 
 1.46039932e-05  1.99894916e-01  2.00831515e-01  2.00858980e-01 -2.69205809e-05  1.48539386e-08 -9.72351900e-09 
 1.46040749e-05  1.99892571e-01  2.00760633e-01  2.00856634e-01 -2.33905238e-05 -5.66419399e-09 -1.69302925e-08 
 1.46041636e-05  1.99889814e-01  2.00699790e-01  2.00851876e-01 -2.10576807e-05 -2.34619775e-08 -2.62773350e-08 
 1.46042570e-05  1.99886773e-01  2.00651921e-01  2.00845057e-01 -1.96700945e-05 -3.76140533e-08 -3.70471806e-08 
 1.46043583e-05  1.99883418e-01  2.00614778e-01  2.00836242e-01 -1.89024365e-05 -4.87073705e-08 -4.91937837e-08 
 1.46044724e-05  1.99879613e-01  2.00586220e-01  2.00825277e-01 -1.84999788e-05 -5.73221332e-08 -6.28942349e-08 
 1.46046051e-05  1.99875203e-01  2.00564283e-01  2.00811834e-01 -1.83316852e-05 -6.39959175e-08 -7.84671211e-08 
 1.46047643e-05  1.99869926e-01  2.00546999e-01  2.00795405e-01 -1.82716980e-05 -6.92812530e-08 -9.63418807e-08 
 1.46048821e-05  1.99866042e-01  2.00537707e-01  2.00783286e-01 -1.82706350e-05 -7.21185840e-08 -1.08933536e-07 
 1.46050000e-05  1.99862163e-01  2.00529916e-01  2.00771332e-01 -1.82677340e-05 -7.44859673e-08 -1.20965321e-07 
 1.46050022e-05  1.99862844e-01  2.00531715e-01  2.00771113e-01 -1.72715348e-05 -7.43739376e-08 -1.20889966e-07 
 1.46050066e-05  1.99863456e-01  2.00535056e-01  2.00770678e-01 -1.69394961e-05 -7.41472395e-08 -1.20697414e-07 
 1.46050154e-05  1.99863372e-01  2.00540525e-01  2.00769825e-01 -1.68028715e-05 -7.37051273e-08 -1.20228167e-07 
 1.46050330e-05  1.99863453e-01  2.00548949e-01  2.00768177e-01 -1.65903334e-05 -7.28947041e-08 -1.19311694e-07 
 1.46050639e-05  1.99863414e-01  2.00560521e-01  2.00765425e-01 -1.62999433e-05 -7.16361527e-08 -1.17745147e-07 
 1.46051259e-05  1.99863440e-01  2.00577136e-01  2.00760366e-01 -1.59465693e-05 -6.95560022e-08 -1.14754275e-07 
 1.46052499e-05  1.99863308e-01  2.00594545e-01  2.00751437e-01 -1.56633638e-05 -6.62029203e-08 -1.09165767e-07 
 1.46054977e-05  1.99863117e-01  2.00600453e-01  2.00735947e-01 -1.55989232e-05 -6.03680322e-08 -9.89972623e-08 
 1.46058237e-05  1.99862793e-01  2.00590986e-01  2.00717556e-01 -1.56129105e-05 -5.32457390e-08 -8.71277843e-08 
 1.46063300e-05  1.99862435e-01  2.00573715e-01  2.00690845e-01 -1.56151732e-05 -4.36264906e-08 -7.14300796e-08 
 1.46071933e-05  1.99861844e-01  2.00547958e-01  2.00649604e-01 -1.56153376e-05 -3.10187884e-08 -5.08141769e-08 
 1.46089201e-05  1.99861090e-01  2.00509763e-01  2.00582466e-01 -1.56241698e-05 -1.53737930e-08 -2.52173865e-08 
 1.46123735e-05  1.99860217e-01  2.00471878e-01  2.00499395e-01 -1.56303220e-05 -3.03875942e-09 -4.98866222e-09 
 1.46183844e-05  1.99859772e-01  2.00475570e-01  2.00460423e-01 -1.56466684e-05  1.90233650e-10  3.22967748e-10 
 1.46261168e-05  1.99859640e-01  2.00529189e-01  2.00499208e-01 -1.56527339e-05 -5.16302656e-11 -7.71681964e-11 
 1.46399267e-05  1.99859713e-01  2.00618470e-01  2.00594056e-01 -1.56651176e-05  3.55470295e-11  5.83212832e-11 
 1.46536724e-05  1.99859733e-01  2.00657743e-01  2.00643947e-01 -1.56646906e-05 -8.09196590e-12 -9.20075192e-12 
 1.46800268e-05  1.99859777e-01  2.00648294e-01  2.00642331e-01 -1.56713032e-05  5.72177679e-12  9.86139393e-12 
 1.47210937e-05  1.99859688e-01  2.00609720e-01  2.00600690e-01 -1.56682143e-05 -8.43732397e-12 -1.06233041e-11 
 1.47605468e-05  1.99859721e-01  2.00620087e-01  2.00608115e-01 -1.56720063e-05  5.86608648e-12  9.89521171e-12 
 1.48000000e-05  1.99859714e-01  2.00638626e-01  2.00628014e-01 -1.56680329e-05 -4.35639242e-12 -3.84709007e-12 
 1.48000270e-05  1.99862996e-01  2.00670924e-01  2.00628365e-01 -1.38992897e-05  3.19857694e-09  1.37320834e-09 
 1.48000811e-05  1.99866624e-01  2.00718804e-01  2.00629573e-01 -1.29652237e-05  8.85380277e-09  3.99994964e-09 
 1.48001891e-05  1.99873160e-01  2.00772483e-01  2.00634060e-01 -1.22676257e-05  1.67201299e-08  8.83011295e-09 
 1.48003439e-05  1.99882803e-01  2.00812582e-01  2.00642975e-01 -1.19378702e-05  2.42491368e-08  1.52005238e-08 
 1.48006464e-05  1.99901148e-01  2.00840761e-01  2.00662789e-01 -1.19585532e-05  3.53307485e-08  2.64893947e-08 
 1.48009833e-05  1.99922082e-01  2.00854415e-01  2.00684850e-01 -1.19381158e-05  4.54843175e-08  3.75761946e-08 
 1.48013522e-05  1.99945517e-01  2.00864388e-01  2.00707462e-01 -1.24147453e-05  5.13575110e-08  4.80647419e-08 
 1.48014763e-05  1.99954176e-01  2.00867264e-01  2.00714646e-01 -1.27954318e-05  4.95132798e-08  5.11831491e-08 
 1.48016789e-05  1.99969435e-01  2.00866038e-01  2.00725703e-01 -1.48384204e-05  2.86934604e-08  5.55741156e-08 
 1.48018256e-05  1.99982626e-01  2.00859580e-01  2.00732946e-01 -1.78474090e-05 -1.28157165e-08  5.79734569e-08 
 1.48019486e-05  1.99995001e-01  2.00846904e-01  2.00738240e-01 -2.20632297e-05 -7.91516891e-08  5.91946359e-08 
 1.48020731e-05  2.00009015e-01  2.00826659e-01  2.00742541e-01 -2.78950749e-05 -1.89002829e-07  5.94579307e-08 
 1.48022208e-05  2.00026147e-01  2.00791284e-01  2.00745777e-01 -3.66357384e-05 -3.91831056e-07  5.82092784e-08 
 1.48023538e-05  2.00041235e-01  2.00748892e-01  2.00746516e-01 -4.49860714e-05 -6.56075272e-07  5.54100744e-08 
 1.48024798e-05  2.00053559e-01  2.00697888e-01  2.00744886e-01 -5.21048996e-05 -9.92314424e-07  5.10462537e-08 
 1.48025939e-05  2.00062329e-01  2.00640563e-01  2.00741060e-01 -5.65112506e-05 -1.38350785e-06  4.53993874e-08 
 1.48027082e-05  2.00067555e-01  2.00570691e-01  2.00734559e-01 -5.84289659e-05 -1.87155653e-06  3.78873699e-08 
 1.48028290e-05  2.00069039e-01  2.00486805e-01  2.00724378e-01 -5.90346783e-05 -2.49660643e-06  2.79246333e-08 
 1.48029911e-05  2.00064195e-01  2.00373516e-01  2.00705272e-01 -5.97495700e-05 -3.48666081e-06  1.19715627e-08 
 1.48031089e-05  2.00056306e-01  2.00299134e-01  2.00687820e-01 -6.01067085e-05 -4.29125395e-06 -9.37618045e-10 
 1.48032147e-05  2.00046074e-01  2.00242109e-01  2.00670109e-01 -6.02964123e-05 -5.05353190e-06 -1.30473973e-08 
 1.48033105e-05  2.00034279e-01  2.00201114e-01  2.00652870e-01 -6.01209901e-05 -5.75894620e-06 -2.40991010e-08 
 1.48033689e-05  2.00025144e-01  2.00183084e-01  2.00641993e-01 -5.97706356e-05 -6.18699895e-06 -3.06915391e-08 
 1.48034025e-05  2.00018740e-01  2.00176619e-01  2.00635699e-01 -5.93169929e-05 -6.42704660e-06 -3.43180444e-08 
 1.48034320e-05  2.00011555e-01  2.00174934e-01  2.00630179e-01 -5.86881571e-05 -6.63015171e-06 -3.73093034e-08 
 1.48034589e-05  2.00003193e-01  2.00178580e-01  2.00625231e-01 -5.77323411e-05 -6.80285435e-06 -3.97453153e-08 
 1.48034870e-05  1.99992193e-01  2.00190259e-01  2.00620184e-01 -5.62646358e-05 -6.96520183e-06 -4.18567973e-08 
 1.48035220e-05  1.99976800e-01  2.00218828e-01  2.00614266e-01 -5.37189769e-05 -7.13179832e-06 -4.36536909e-08 
 1.48035560e-05  1.99961838e-01  2.00261554e-01  2.00609073e-01 -5.06729385e-05 -7.25211215e-06 -4.44454547e-08 
 1.48036071e-05  1.99942301e-01  2.00346155e-01  2.00602695e-01 -4.55074428e-05 -7.35814482e-06 -4.40276695e-08 
 1.48036372e-05  1.99933175e-01  2.00403212e-01  2.00599852e-01 -4.23826462e-05 -7.38281178e-06 -4.30231352e-08 
 1.48036713e-05  1.99925081e-01  2.00469721e-01  2.00597500e-01 -3.89301466e-05 -7.38372988e-06 -4.14006960e-08 
 1.48037121e-05  1.99918201e-01  2.00547299e-01  2.00595896e-01 -3.51086332e-05 -7.35480071e-06 -3.89980974e-08 
 1.48037560e-05  1.99913753e-01  2.00624494e-01  2.00595548e-01 -3.14599338e-05 -7.29658259e-06 -3.60804383e-08 
 1.48038013e-05  1.99911572e-01  2.00694963e-01  2.00596521e-01 -2.82420667e-05 -7.21602856e-06 -3.28999904e-08 
 1.48038505e-05  1.99911242e-01  2.00759746e-01  2.00598871e-01 -2.53456792e-05 -7.11367108e-06 -2.94185741e-08 
 1.48039048e-05  1.99912513e-01  2.00818156e-01  2.00602743e-01 -2.27746606e-05 -6.98942639e-06 -2.56302940e-08 
 1.48039674e-05  1.99915383e-01  2.00870575e-01  2.00608471e-01 -2.04766676e-05 -6.83887932e-06 -2.14194925e-08 
 1.48040403e-05  1.99919853e-01  2.00915930e-01  2.00616368e-01 -1.84891935e-05 -6.65955952e-06 -1.67431398e-08 
 1.48041286e-05  1.99926249e-01  2.00954837e-01  2.00627095e-01 -1.67838157e-05 -6.44202607e-06 -1.13801903e-08 
 1.48042379e-05  1.99934998e-01  2.00987531e-01  2.00641385e-01 -1.53957099e-05 -6.17713894e-06 -5.13033274e-09 
 1.48043794e-05  1.99947167e-01  2.01015813e-01  2.00660665e-01 -1.43366364e-05 -5.84511003e-06  2.44889261e-09 
 1.48045648e-05  1.99963922e-01  2.01041394e-01  2.00686251e-01 -1.36624254e-05 -5.43215852e-06  1.16436623e-08 
 1.48047824e-05  1.99984250e-01  2.01064271e-01  2.00715992e-01 -1.33542847e-05 -4.98064810e-06  2.15055541e-08 
 1.48050000e-05  2.00004893e-01  2.01083812e-01  2.00745021e-01 -1.32490407e-05 -4.56467529e-06  3.04520061e-08 
 1.48050055e-05  2.00003412e-01  2.01075328e-01  2.00745723e-01 -1.44327282e-05 -4.55529288e-06  3.03686307e-08 
 1.48050165e-05  2.00002577e-01  2.01060860e-01  2.00747092e-01 -1.47965252e-05 -4.53652650e-06  3.02233918e-08 
 1.48050384e-05  2.00002950e-01  2.01040167e-01  2.00749659e-01 -1.49493103e-05 -4.49887910e-06  2.99815735e-08 
 1.48050824e-05  2.00002673e-01  2.01010305e-01  2.00754285e-01 -1.53731248e-05 -4.42356490e-06  2.95662159e-08 
 1.48051703e-05  2.00003464e-01  2.00971676e-01  2.00762115e-01 -1.56344455e-05 -4.27488267e-06  2.88984598e-08 
 1.48053073e-05  2.00004213e-01  2.00942799e-01  2.00771992e-01 -1.58292926e-05 -4.05132035e-06  2.80060287e-08 
 1.48054921e-05  2.00005879e-01  2.00932013e-01  2.00783066e-01 -1.57753345e-05 -3.76791760e-06  2.68755253e-08 
 1.48058032e-05  2.00007789e-01  2.00935210e-01  2.00799524e-01 -1.58271786e-05 -3.33450264e-06  2.50242746e-08 
 1.48062839e-05  2.00011003e-01  2.00949321e-01  2.00822805e-01 -1.57657845e-05 -2.75967472e-06  2.23149075e-08 
 1.48072160e-05  2.00015311e-01  2.00972983e-01  2.00863123e-01 -1.58213868e-05 -1.90639813e-06  1.76333967e-08 
 1.48090801e-05  2.00021447e-01  2.01004214e-01  2.00925818e-01 -1.57561216e-05 -8.85329660e-07  1.05321048e-08 
 1.48128082e-05  2.00026215e-01  2.01020578e-01  2.00991196e-01 -1.58020730e-05 -1.37239794e-07  3.05373514e-09 
 1.48182473e-05  2.00027953e-01  2.00980939e-01  2.00990689e-01 -1.57296557e-05  4.50403367e-09  1.79377205e-10 
 1.48256792e-05  2.00027783e-01  2.00885987e-01  2.00910256e-01 -1.57751701e-05 -8.35092674e-10 -3.88971621e-11 
 1.48380774e-05  2.00027939e-01  2.00748551e-01  2.00763417e-01 -1.57056318e-05  3.25151128e-10 -1.71225096e-11 
 1.48519022e-05  2.00027604e-01  2.00675528e-01  2.00673214e-01 -1.57579323e-05 -1.67624294e-10 -2.00934856e-11 
 1.48750695e-05  2.00027829e-01  2.00685714e-01  2.00668893e-01 -1.56956150e-05  1.02504672e-10  9.14894115e-12 
 1.49152548e-05  2.00027661e-01  2.00777884e-01  2.00762933e-01 -1.57518940e-05 -7.44494260e-11  3.40346859e-12 
 1.49648913e-05  2.00027962e-01  2.00797725e-01  2.00789884e-01 -1.56940012e-05  6.12325375e-11  2.39931442e-12 
 1.50361948e-05  2.00027706e-01  2.00781443e-01  2.00770561e-01 -1.57521663e-05 -5.48190265e-11 -1.96475654e-12 
 1.51361948e-05  2.00028005e-01  2.00812638e-01  2.00801876e-01 -1.56939918e-05  4.91485719e-11  4.91608181e-12 
 1.52361948e-05  2.00027789e-01  2.00813488e-01  2.00804061e-01 -1.57521245e-05 -4.50816257e-11 -2.44863233e-12 
 1.53361948e-05  2.00028067e-01  2.00816290e-01  2.00805561e-01 -1.56940487e-05  3.96083459e-11  4.11119072e-12 
 1.54361948e-05  2.00027855e-01  2.00823523e-01  2.00813760e-01 -1.57520885e-05 -3.62875101e-11 -1.47225456e-12 
 1.55361948e-05  2.00028134e-01  2.00820445e-01  2.00810300e-01 -1.56940693e-05  3.16163977e-11  3.15076323e-12 
 1.56361948e-05  2.00027917e-01  2.00824193e-01  2.00814069e-01 -1.57520841e-05 -2.92160402e-11 -8.57236320e-13 
 1.57361948e-05  2.00028200e-01  2.00823644e-01  2.00813705e-01 -1.56940680e-05  2.53477335e-11  2.78234776e-12 
 1.58361948e-05  2.00027980e-01  2.00823815e-01  2.00813674e-01 -1.57520872e-05 -2.36576661e-11 -6.90149869e-13 
 1.59361948e-05  2.00028264e-01  2.00824678e-01  2.00814687e-01 -1.56940674e-05  2.03645204e-11  2.68398005e-12 
 1.60361948e-05  2.00028044e-01  2.00824136e-01  2.00814076e-01 -1.57520853e-05 -1.91636943e-11 -6.07730066e-13 
 1.61361948e-05  2.00028327e-01  2.00824660e-01  2.00814611e-01 -1.56940715e-05  1.62882045e-11  2.57668962e-12 
 1.62361948e-05  2.00028108e-01  2.00824553e-01  2.00814524e-01 -1.57520802e-05 -1.54642690e-11 -4.79599433e-13 
 1.63361948e-05  2.00028391e-01  2.00824590e-01  2.00814537e-01 -1.56940768e-05  1.29328054e-11  2.43609603e-12 
 1.64361948e-05  2.00028171e-01  2.00824729e-01  2.00814693e-01 -1.57520752e-05 -1.24280143e-11 -3.42169218e-13 
 1.65361948e-05  2.00028454e-01  2.00824666e-01  2.00814623e-01 -1.56940815e-05  1.01899955e-11  2.30995339e-12 
 1.66361948e-05  2.00028235e-01  2.00824769e-01  2.00814725e-01 -1.57520708e-05 -9.95351306e-12 -2.31637409e-13 
 1.67180974e-05  2.00028512e-01  2.00824771e-01  2.00814733e-01 -1.56940861e-05  7.73814346e-12  2.20490737e-12 
 1.68000000e-05  2.00028287e-01  2.00824794e-01  2.00814749e-01 -1.57520658e-05 -7.54745962e-12 -1.31807217e-13 
 1.68001154e-05  2.00015740e-01  2.00741527e-01  2.00811076e-01 -1.77773068e-05 -8.13206655e-09 -5.34359422e-09 
 1.68003461e-05  1.99995100e-01  2.00649655e-01  2.00800002e-01 -1.86140627e-05 -1.91906285e-08 -1.51751434e-08 
 1.68008075e-05  1.99956069e-01  2.00615696e-01  2.00770030e-01 -2.01748167e-05 -2.69775284e-08 -3.17687318e-08 
 1.68011735e-05  1.99927673e-01  2.00611248e-01  2.00747304e-01 -2.53433552e-05 -1.41793319e-08 -4.26298482e-08 
 1.68013895e-05  1.99913286e-01  2.00613739e-01  2.00735309e-01 -3.07768710e-05  1.06252493e-08 -4.79675140e-08 
 1.68016197e-05  1.99900028e-01  2.00618520e-01  2.00723937e-01 -3.88848739e-05  5.74342600e-08 -5.27743104e-08 
 1.68018109e-05  1.99890914e-01  2.00628276e-01  2.00715788e-01 -4.73602033e-05  1.18689892e-07 -5.59750959e-08 
 1.68019631e-05  1.99884742e-01  2.00639164e-01  2.00710347e-01 -5.52094486e-05  1.88600306e-07 -5.78963469e-08 
 1.68020883e-05  1.99880478e-01  2.00652949e-01  2.00706717e-01 -6.22692593e-05  2.66567638e-07 -5.89408672e-08 
 1.68021944e-05  1.99877183e-01  2.00668311e-01  2.00704384e-01 -6.86230875e-05  3.53405934e-07 -5.93293962e-08 
 1.68022865e-05  1.99874569e-01  2.00686488e-01  2.00703046e-01 -7.42597407e-05  4.50435812e-07 -5.91695275e-08 
 1.68023677e-05  1.99872149e-01  2.00707315e-01  2.00702529e-01 -7.92426951e-05  5.59294884e-07 -5.85151373e-08 
 1.68024412e-05  1.99869818e-01  2.00731965e-01  2.00702734e-01 -8.36089673e-05  6.83683913e-07 -5.73645049e-08 
 1.68025122e-05  1.99867262e-01  2.00762449e-01  2.00703698e-01 -8.75917640e-05  8.34537032e-07 -5.55996907e-08 
 1.68025963e-05  1.99864533e-01  2.00808267e-01  2.00706068e-01 -9.19021283e-05  1.06138939e-06 -5.25085949e-08 
 1.68026748e-05  1.99863035e-01  2.00859000e-01  2.00709701e-01 -9.55999473e-05  1.32378153e-06 -4.86119497e-08 
 1.68027912e-05  1.99863767e-01  2.00941235e-01  2.00717904e-01 -1.00686517e-04  1.79873184e-06 -4.12343874e-08 
 1.68028930e-05  1.99867358e-01  2.01014360e-01  2.00727880e-01 -1.04854217e-04  2.29013510e-06 -3.34549516e-08 
 1.68030087e-05  1.99874672e-01  2.01092997e-01  2.00742162e-01 -1.09249497e-04  2.91849589e-06 -2.34817328e-08 
 1.68031429e-05  1.99886815e-01  2.01173828e-01  2.00762096e-01 -1.13644917e-04  3.71867633e-06 -1.08487020e-08 
 1.68032676e-05  1.99901034e-01  2.01235124e-01  2.00783123e-01 -1.16432507e-04  4.50513888e-06  1.42354386e-09 
 1.68033653e-05  1.99913497e-01  2.01270083e-01  2.00800745e-01 -1.16687761e-04  5.13034564e-06  1.10031867e-08 
 1.68034349e-05  1.99922618e-01  2.01283701e-01  2.00813544e-01 -1.14255370e-04  5.56353495e-06  1.74615393e-08 
 1.68034908e-05  1.99929597e-01  2.01283410e-01  2.00823708e-01 -1.09569595e-04  5.88985544e-06  2.21234800e-08 
 1.68035473e-05  1.99936012e-01  2.01269073e-01  2.00833599e-01 -1.02329717e-04  6.18669733e-06  2.60751158e-08 
 1.68036154e-05  1.99942417e-01  2.01231346e-01  2.00844520e-01 -9.12553608e-05  6.48484150e-06  2.95384594e-08 
 1.68036832e-05  1.99947192e-01  2.01173627e-01  2.00853838e-01 -7.89659438e-05  6.70854247e-06  3.14685837e-08 
 1.68037702e-05  1.99950800e-01  2.01079023e-01  2.00862807e-01 -6.34689135e-05  6.88503855e-06  3.18125762e-08 
 1.68038860e-05  1.99951770e-01  2.00938559e-01  2.00868964e-01 -4.62245754e-05  6.94950345e-06  2.92499176e-08 
 1.68039717e-05  1.99950181e-01  2.00838057e-01  2.00869278e-01 -3.70563918e-05  6.89617576e-06  2.57573626e-08 
 1.68040488e-05  1.99947606e-01  2.00758197e-01  2.00866814e-01 -3.11855546e-05  6.79736209e-06  2.19557002e-08 
 1.68041397e-05  1.99943582e-01  2.00679658e-01  2.00861172e-01 -2.64747503e-05  6.63996611e-06  1.70582289e-08 
 1.68042258e-05  1.99939143e-01  2.00620795e-01  2.00853689e-01 -2.36743011e-05  6.46535998e-06  1.22597770e-08 
 1.68043278e-05  1.99933387e-01  2.00567925e-01  2.00842920e-01 -2.16795820e-05  6.24224986e-06  6.59799498e-09 
 1.68044324e-05  1.99927188e-01  2.00528637e-01  2.00830439e-01 -2.05736581e-05  6.00640204e-06  9.46116124e-10 
 1.68045617e-05  1.99919288e-01  2.00494524e-01  2.00813850e-01 -1.98898530e-05  5.71573493e-06 -5.73970476e-09 
 1.68047049e-05  1.99910439e-01  2.00468641e-01  2.00794788e-01 -1.95812200e-05  5.40312370e-06 -1.27130415e-08 
 1.68048525e-05  1.99901272e-01  2.00449394e-01  2.00774964e-01 -1.94596924e-05  5.09537916e-06 -1.94361941e-08 
 1.68050000e-05  1.99892116e-01  2.00434123e-01  2.00755288e-01 -1.94206320e-05  4.80355378e-06 -2.57204414e-08 
 1.68050023e-05  1.99893047e-01  2.00438068e-01  2.00754985e-01 -1.83644429e-05  4.79938362e-06 -2.56867694e-08 
 1.68050070e-05  1.99893855e-01  2.00445291e-01  2.00754385e-01 -1.79668079e-05  4.79108087e-06 -2.56266654e-08 
 1.68050162e-05  1.99893730e-01  2.00456936e-01  2.00753225e-01 -1.77536473e-05  4.77453402e-06 -2.55272892e-08 
 1.68050348e-05  1.99893880e-01  2.00474727e-01  2.00751026e-01 -1.73715477e-05  4.74141053e-06 -2.53501661e-08 
 1.68050672e-05  1.99893843e-01  2.00498407e-01  2.00747489e-01 -1.68721045e-05  4.68358812e-06 -2.50844847e-08 
 1.68051321e-05  1.99893939e-01  2.00532092e-01  2.00741284e-01 -1.62457417e-05  4.56876022e-06 -2.46593742e-08 
 1.68052618e-05  1.99893802e-01  2.00568275e-01  2.00731113e-01 -1.57490063e-05  4.34473510e-06 -2.40041290e-08 
 1.68055212e-05  1.99893603e-01  2.00586258e-01  2.00714946e-01 -1.56013300e-05  3.92524981e-06 -2.28842629e-08 
 1.68058275e-05  1.99893214e-01  2.00579953e-01  2.00698564e-01 -1.56167085e-05  3.48023721e-06 -2.15808295e-08 
 1.68063213e-05  1.99892809e-01  2.00565641e-01  2.00674155e-01 -1.56113528e-05  2.86554757e-06 -1.94896701e-08 
 1.68070807e-05  1.99892150e-01  2.00546397e-01  2.00640356e-01 -1.56136376e-05  2.12239046e-06 -1.64368363e-08 
 1.68085994e-05  1.99891343e-01  2.00518912e-01  2.00585497e-01 -1.56145919e-05  1.14789088e-06 -1.12440718e-08 
 1.68116370e-05  1.99890325e-01  2.00496297e-01  2.00519043e-01 -1.56222805e-05  2.90552199e-07 -4.59000811e-09 
 1.68170990e-05  1.99889787e-01  2.00519749e-01  2.00497068e-01 -1.56347739e-05 -1.00992875e-08 -3.68951394e-10 
 1.68235249e-05  1.99889604e-01  2.00591157e-01  2.00551461e-01 -1.56464671e-05  1.15143333e-09  4.50049476e-11 
 1.68346522e-05  1.99889694e-01  2.00711036e-01  2.00675109e-01 -1.56571389e-05 -4.12140552e-10  1.18648378e-11 
 1.68477312e-05  1.99889724e-01  2.00790032e-01  2.00769718e-01 -1.56637111e-05  1.97523223e-10  2.63193510e-11 
 1.68686260e-05  1.99889832e-01  2.00799200e-01  2.00793698e-01 -1.56677843e-05 -1.15430398e-10 -5.13929535e-12 
 1.69029097e-05  1.99889703e-01  2.00725919e-01  2.00721828e-01 -1.56702016e-05  7.99980871e-11 -1.58326618e-12 
 1.69514549e-05  1.99889702e-01  2.00691466e-01  2.00679814e-01 -1.56700044e-05 -6.81668745e-11 -1.50573976e-12 
 1.70000000e-05  1.99889674e-01  2.00713053e-01  2.00702318e-01 -1.56701134e-05  5.55654836e-11  5.09762284e-12 
 1.70000356e-05  1.99892063e-01  2.00732947e-01  2.00702607e-01 -1.40667912e-05  2.28599953e-09  5.27065348e-09 
 1.70001069e-05  1.99894523e-01  2.00761969e-01  2.00703585e-01 -1.34312636e-05  6.26850271e-09  1.57234173e-08 
 1.70002494e-05  1.99898981e-01  2.00791507e-01  2.00707084e-01 -1.31065630e-05  1.25837482e-08  3.55283738e-08 
 1.70004495e-05  1.99905420e-01  2.00808043e-01  2.00713444e-01 -1.30012729e-05  2.02484098e-08  6.13597617e-08 
 1.70007963e-05  1.99916290e-01  2.00814390e-01  2.00724825e-01 -1.30679642e-05  3.23981402e-08  1.01834961e-07 
 1.70012554e-05  1.99931121e-01  2.00815506e-01  2.00738297e-01 -1.32792223e-05  4.61182343e-08  1.48602396e-07 
 1.70013762e-05  1.99935157e-01  2.00814384e-01  2.00741439e-01 -1.35788350e-05  4.91113614e-08  1.59854481e-07 
 1.70016177e-05  1.99944748e-01  2.00808997e-01  2.00746988e-01 -1.53404714e-05  5.31714676e-08  1.80808344e-07 
 1.70017694e-05  1.99952453e-01  2.00799566e-01  2.00749771e-01 -1.81619349e-05  5.33862950e-08  1.92512892e-07 
 1.70018891e-05  1.99960244e-01  2.00786467e-01  2.00751324e-01 -2.19158051e-05  5.11870656e-08  2.00338675e-07 
 1.70020097e-05  1.99969489e-01  2.00766078e-01  2.00752026e-01 -2.75653604e-05  4.62174371e-08  2.06387532e-07 
 1.70021390e-05  1.99981046e-01  2.00735904e-01  2.00751468e-01 -3.54709219e-05  3.74156764e-08  2.10175775e-07 
 1.70022819e-05  1.99994634e-01  2.00691765e-01  2.00748818e-01 -4.58861463e-05  2.33336460e-08  2.10325716e-07 
 1.70024176e-05  2.00007442e-01  2.00639043e-01  2.00743880e-01 -5.59370881e-05  5.58144488e-09  2.05710164e-07 
 1.70025396e-05  2.00017607e-01  2.00580481e-01  2.00737015e-01 -6.38137820e-05 -1.45148554e-08  1.96754994e-07 
 1.70026514e-05  2.00025242e-01  2.00515240e-01  2.00728297e-01 -6.89225079e-05 -3.70359743e-08  1.83688084e-07 
 1.70027744e-05  2.00030933e-01  2.00431705e-01  2.00715586e-01 -7.26744046e-05 -6.59286723e-08  1.63379827e-07 
 1.70029019e-05  2.00033927e-01  2.00340706e-01  2.00698706e-01 -7.61341347e-05 -9.78824547e-08  1.36115195e-07 
 1.70030089e-05  2.00034080e-01  2.00268764e-01  2.00681765e-01 -7.89410838e-05 -1.23882299e-07  1.09211244e-07 
 1.70031260e-05  2.00032077e-01  2.00199760e-01  2.00660827e-01 -8.15084044e-05 -1.49825946e-07  7.66706829e-08 
 1.70032360e-05  2.00027877e-01  2.00146541e-01  2.00639409e-01 -8.34243495e-05 -1.70915856e-07  4.40894565e-08 
 1.70033174e-05  2.00023013e-01  2.00116584e-01  2.00622809e-01 -8.42206968e-05 -1.83690981e-07  1.93487103e-08 
 1.70033661e-05  2.00018714e-01  2.00104308e-01  2.00612731e-01 -8.43328822e-05 -1.89529282e-07  4.64544856e-09 
 1.70033978e-05  2.00014858e-01  2.00100070e-01  2.00606169e-01 -8.40325728e-05 -1.92092386e-07 -4.69340032e-09 
 1.70034266e-05  2.00009855e-01  2.00100538e-01  2.00600267e-01 -8.33963046e-05 -1.92961985e-07 -1.27835900e-08 
 1.70034533e-05  2.00003291e-01  2.00106785e-01  2.00594888e-01 -8.22063708e-05 -1.91798636e-07 -1.97110335e-08 
 1.70034815e-05  1.99994058e-01  2.00122184e-01  2.00589392e-01 -8.02061751e-05 -1.87625639e-07 -2.60684996e-08 
 1.70035156e-05  1.99981020e-01  2.00155382e-01  2.00583138e-01 -7.66497277e-05 -1.77798446e-07 -3.20424727e-08 
 1.70035500e-05  1.99967640e-01  2.00204030e-01  2.00577496e-01 -7.21022019e-05 -1.62926931e-07 -3.59302362e-08 
 1.70036025e-05  1.99949478e-01  2.00298322e-01  2.00570502e-01 -6.40102275e-05 -1.33450708e-07 -3.79874983e-08 
 1.70036351e-05  1.99940376e-01  2.00363368e-01  2.00567265e-01 -5.87463410e-05 -1.12787826e-07 -3.71744034e-08 
 1.70036683e-05  1.99932959e-01  2.00429291e-01  2.00564880e-01 -5.35057355e-05 -9.15917971e-08 -3.50746620e-08 
 1.70037086e-05  1.99926094e-01  2.00504898e-01  2.00563158e-01 -4.75863178e-05 -6.69499137e-08 -3.12164051e-08 
 1.70037518e-05  1.99920969e-01  2.00577649e-01  2.00562610e-01 -4.18988881e-05 -4.28811478e-08 -2.59149669e-08 
 1.70037977e-05  1.99917416e-01  2.00643423e-01  2.00563300e-01 -3.67431916e-05 -2.07593022e-08 -1.94404612e-08 
 1.70038470e-05  1.99915179e-01  2.00701078e-01  2.00565234e-01 -3.21470112e-05 -1.02286292e-09 -1.18990776e-08 
 1.70039026e-05  1.99913943e-01  2.00751480e-01  2.00568554e-01 -2.80459039e-05  1.65656248e-08 -3.06021232e-09 
 1.70039661e-05  1.99913628e-01  2.00793920e-01  2.00573425e-01 -2.44701776e-05  3.16834529e-08  7.19596955e-09 
 1.70040411e-05  1.99914142e-01  2.00828735e-01  2.00580154e-01 -2.14331868e-05  4.43391819e-08  1.92379236e-08 
 1.70041310e-05  1.99915538e-01  2.00856211e-01  2.00589065e-01 -1.89511158e-05  5.44792023e-08  3.34122642e-08 
 1.70042426e-05  1.99917938e-01  2.00877836e-01  2.00600763e-01 -1.70275023e-05  6.24400513e-08  5.04624357e-08 
 1.70043840e-05  1.99921642e-01  2.00895420e-01  2.00615936e-01 -1.56573507e-05  6.86492404e-08  7.11513651e-08 
 1.70045667e-05  1.99927028e-01  2.00911304e-01  2.00635501e-01 -1.48282146e-05  7.37545763e-08  9.64185333e-08 
 1.70047834e-05  1.99933864e-01  2.00926152e-01  2.00658191e-01 -1.44463087e-05  7.80156394e-08  1.24382962e-07 
 1.70050000e-05  1.99940862e-01  2.00939026e-01  2.00680148e-01 -1.43217381e-05  8.14217905e-08  1.50444311e-07 
 1.70050057e-05  1.99939754e-01  2.00934837e-01  2.00680702e-01 -1.54250938e-05  8.11185828e-08  1.50089355e-07 
 1.70050170e-05  1.99939100e-01  2.00927684e-01  2.00681793e-01 -1.56698024e-05  8.05357724e-08  1.49117004e-07 
 1.70050398e-05  1.99939209e-01  2.00917411e-01  2.00683880e-01 -1.56402050e-05  7.95012775e-08  1.46938955e-07 
 1.70050852e-05  1.99938759e-01  2.00902378e-01  2.00687770e-01 -1.57955169e-05  7.77586476e-08  1.42907002e-07 
 1.70051761e-05  1.99938882e-01  2.00883319e-01  2.00694734e-01 -1.57703941e-05  7.48716794e-08  1.35185891e-07 
 1.70053098e-05  1.99938777e-01  2.00871039e-01  2.00703715e-01 -1.58311639e-05  7.10929277e-08  1.24779522e-07 
 1.70054988e-05  1.99939143e-01  2.00868673e-01  2.00715087e-01 -1.57606238e-05  6.60467124e-08  1.11431402e-07 
 1.70058160e-05  1.99939230e-01  2.00876722e-01  2.00732694e-01 -1.58176104e-05  5.83041761e-08  9.23632503e-08 
 1.70064503e-05  1.99939902e-01  2.00898388e-01  2.00765305e-01 -1.57558593e-05  4.53898478e-08  6.36583471e-08 
 1.70077191e-05  1.99940486e-01  2.00934251e-01  2.00822369e-01 -1.58100943e-05  2.73245171e-08  3.07613283e-08 
 1.70102565e-05  1.99941630e-01  2.00979437e-01  2.00906148e-01 -1.57427805e-05  9.24445120e-09  8.15785146e-09 
 1.70153314e-05  1.99942253e-01  2.01001112e-01  2.00980778e-01 -1.57872614e-05  1.14636997e-10  3.05507922e-09 
 1.70211592e-05  1.99942655e-01  2.00966439e-01  2.00973188e-01 -1.57177728e-05  2.35036211e-11  2.31803193e-09 
 1.70313681e-05  1.99942523e-01  2.00874294e-01  2.00888788e-01 -1.57651074e-05 -1.40161977e-11  6.92697153e-10 
 1.70446748e-05  1.99942633e-01  2.00782509e-01  2.00786402e-01 -1.57001878e-05 -1.14475400e-11  1.96452791e-10 
 1.70626427e-05  1.99942394e-01  2.00740607e-01  2.00731825e-01 -1.57547565e-05 -2.99777846e-12 -3.08835415e-11 
 1.70921182e-05  1.99942592e-01  2.00764833e-01  2.00750392e-01 -1.56942700e-05  2.27393256e-12  2.34759585e-11 
 1.71486463e-05  1.99942486e-01  2.00795984e-01  2.00787101e-01 -1.57520846e-05 -5.05191158e-13 -3.09176209e-12 
 1.72120883e-05  1.99942650e-01  2.00760851e-01  2.00752391e-01 -1.56940328e-05 -1.62559029e-12  9.47030480e-12 
 1.73120883e-05  1.99942468e-01  2.00752384e-01  2.00741322e-01 -1.57522121e-05  2.86655682e-13 -3.06284718e-12 
 1.74120883e-05  1.99942676e-01  2.00752771e-01  2.00743642e-01 -1.56939490e-05 -9.54923640e-13  1.18584948e-11 
 1.75120883e-05  1.99942497e-01  2.00740781e-01  2.00730493e-01 -1.57522487e-05 -3.73811659e-13 -3.64023221e-12 
 1.76120883e-05  1.99942698e-01  2.00744923e-01  2.00734917e-01 -1.56939389e-05 -4.20791657e-13  1.07600064e-11 
 1.77120883e-05  1.99942531e-01  2.00740680e-01  2.00730818e-01 -1.57522375e-05 -5.89424776e-13 -1.12246551e-12 
 1.78120883e-05  1.99942725e-01  2.00740429e-01  2.00730246e-01 -1.56939542e-05 -3.94406513e-13  7.73894295e-12 
 1.79120883e-05  1.99942562e-01  2.00740957e-01  2.00731027e-01 -1.57522227e-05 -4.91663567e-13  1.90618479e-12 
 1.80120883e-05  1.99942756e-01  2.00739473e-01  2.00729411e-01 -1.56939640e-05 -5.05772724e-13  5.07083064e-12 
 1.81120883e-05  1.99942592e-01  2.00740324e-01  2.00730271e-01 -1.57522168e-05 -4.02338969e-13  4.17822434e-12 
 1.82120883e-05  1.99942788e-01  2.00739745e-01  2.00729751e-01 -1.56939671e-05 -5.51830283e-13  3.14289502e-12 
 1.83120883e-05  1.99942623e-01  2.00739838e-01  2.00729759e-01 -1.57522145e-05 -3.87211530e-13  5.88639548e-12 
 1.84120883e-05  1.99942819e-01  2.00739914e-01  2.00729913e-01 -1.56939696e-05 -5.48432176e-13  1.56611909e-12 
 1.85120883e-05  1.99942654e-01  2.00739767e-01  2.00729706e-01 -1.57522113e-05 -3.94517752e-13  7.39053485e-12 
 1.86120883e-05  1.99942850e-01  2.00739884e-01  2.00729864e-01 -1.56939733e-05 -5.43897609e-13  1.17955992e-13 
 1.87120883e-05  1.99942686e-01  2.00739850e-01  2.00729799e-01 -1.57522071e-05 -3.93443741e-13  8.78111662e-12 
 1.88120883e-05  1.99942881e-01  2.00739848e-01  2.00729825e-01 -1.56939777e-05 -5.49322740e-13 -1.20429442e-12 
 1.89060441e-05  1.99942716e-01  2.00739908e-01  2.00729857e-01 -1.57522027e-05 -3.85361664e-13  1.00672088e-11 
 1.90000000e-05  1.99942910e-01  2.00739865e-01  2.00729844e-01 -1.56939822e-05 -5.57951471e-13 -2.44245515e-12 
 1.90001322e-05  1.99936677e-01  2.00694679e-01  2.00727573e-01 -1.71828471e-05 -6.62940708e-09 -2.60190855e-08 
 1.90003967e-05  1.99927995e-01  2.00647134e-01  2.00720871e-01 -1.75514234e-05 -1.79419792e-08 -7.56693765e-08 
 1.90009257e-05  1.99913368e-01  2.00640051e-01  2.00704165e-01 -2.01918703e-05 -3.56348986e-08 -1.60396527e-07 
 1.90011279e-05  1.99908852e-01  2.00643863e-01  2.00698547e-01 -2.31756207e-05 -4.11065986e-08 -1.87955913e-07 
 1.90013321e-05  1.99905829e-01  2.00650910e-01  2.00693746e-01 -2.77180665e-05 -4.54262631e-08 -2.12891674e-07 
 1.90016129e-05  1.99903792e-01  2.00663907e-01  2.00688814e-01 -3.69023410e-05 -4.99904302e-08 -2.42335340e-07 
 1.90018039e-05  1.99903843e-01  2.00677654e-01  2.00686748e-01 -4.49999026e-05 -5.16628361e-08 -2.58793545e-07 
 1.90019529e-05  1.99904489e-01  2.00691872e-01  2.00686053e-01 -5.22825260e-05 -5.17192036e-08 -2.69233187e-07 
 1.90020780e-05  1.99905371e-01  2.00707895e-01  2.00686238e-01 -5.89051802e-05 -5.05120871e-08 -2.76063119e-07 
 1.90021842e-05  1.99906062e-01  2.00725315e-01  2.00687084e-01 -6.47735111e-05 -4.81312599e-08 -2.80118283e-07 
 1.90022762e-05  1.99906493e-01  2.00744955e-01  2.00688458e-01 -6.98727367e-05 -4.45649558e-08 -2.82028427e-07 
 1.90023574e-05  1.99906402e-01  2.00767087e-01  2.00690296e-01 -7.42315924e-05 -3.97363762e-08 -2.82112328e-07 
 1.90024306e-05  1.99905768e-01  2.00792666e-01  2.00692592e-01 -7.78583836e-05 -3.34579182e-08 -2.80563226e-07 
 1.90025004e-05  1.99904410e-01  2.00823629e-01  2.00695500e-01 -8.08898771e-05 -2.51861997e-08 -2.77245747e-07 
 1.90025842e-05  1.99902226e-01  2.00870409e-01  2.00700163e-01 -8.38230232e-05 -1.19023943e-08 -2.70437614e-07 
 1.90026598e-05  1.99900408e-01  2.00920193e-01  2.00705673e-01 -8.59101937e-05  2.81938343e-09 -2.61458198e-07 
 1.90027695e-05  1.99899024e-01  2.00998514e-01  2.00716140e-01 -8.83758240e-05  2.67362378e-08 -2.43849300e-07 
 1.90028725e-05  1.99899251e-01  2.01072380e-01  2.00728627e-01 -9.03718428e-05  4.99759585e-08 -2.22871170e-07 
 1.90029881e-05  1.99901271e-01  2.01149931e-01  2.00745452e-01 -9.24249974e-05  7.50689095e-08 -1.95030715e-07 
 1.90031210e-05  1.99905523e-01  2.01228213e-01  2.00767918e-01 -9.44513644e-05  1.01293185e-07 -1.58495567e-07 
 1.90032527e-05  1.99911432e-01  2.01290635e-01  2.00792626e-01 -9.56047795e-05  1.23271836e-07 -1.19070680e-07 
 1.90033548e-05  1.99916753e-01  2.01324807e-01  2.00812835e-01 -9.49537948e-05  1.36359582e-07 -8.75541157e-08 
 1.90034225e-05  1.99920386e-01  2.01336540e-01  2.00826398e-01 -9.24448567e-05  1.41887514e-07 -6.70691174e-08 
 1.90034779e-05  1.99923124e-01  2.01335204e-01  2.00837342e-01 -8.81316077e-05  1.43209223e-07 -5.13021105e-08 
 1.90035342e-05  1.99925518e-01  2.01319811e-01  2.00848041e-01 -8.16597197e-05  1.40429348e-07 -3.69475933e-08 
 1.90036043e-05  1.99927697e-01  2.01279193e-01  2.00860243e-01 -7.16941326e-05  1.30600133e-07 -2.23190417e-08 
 1.90036705e-05  1.99928916e-01  2.01221539e-01  2.00870173e-01 -6.15425402e-05  1.15497893e-07 -1.22562967e-08 
 1.90037569e-05  1.99929273e-01  2.01127528e-01  2.00880177e-01 -4.89232867e-05  8.99231781e-08 -4.69134069e-09 
 1.90038673e-05  1.99928110e-01  2.00997205e-01  2.00887613e-01 -3.60466597e-05  5.35302505e-08 -3.12748707e-09 
 1.90039406e-05  1.99926572e-01  2.00914798e-01  2.00889299e-01 -3.00788947e-05  3.01199588e-08 -6.12977474e-09 
 1.90040116e-05  1.99924735e-01  2.00844279e-01  2.00888744e-01 -2.59675138e-05  9.86391245e-09 -1.11816445e-08 
 1.90040951e-05  1.99922279e-01  2.00775353e-01  2.00885823e-01 -2.27348344e-05 -1.01386486e-08 -1.89397614e-08 
 1.90041836e-05  1.99919492e-01  2.00718270e-01  2.00880638e-01 -2.06844027e-05 -2.68778872e-08 -2.85227747e-08 
 1.90042792e-05  1.99916359e-01  2.00672618e-01  2.00873310e-01 -1.94482686e-05 -4.04063127e-08 -3.96922631e-08 
 1.90043824e-05  1.99912936e-01  2.00637806e-01  2.00864081e-01 -1.87874356e-05 -5.08275370e-08 -5.20983989e-08 
 1.90045010e-05  1.99908982e-01  2.00610734e-01  2.00852511e-01 -1.84445235e-05 -5.90114900e-08 -6.62876158e-08 
 1.90046380e-05  1.99904431e-01  2.00590169e-01  2.00838528e-01 -1.83121170e-05 -6.52777888e-08 -8.22420650e-08 
 1.90048055e-05  1.99898883e-01  2.00573548e-01  2.00821232e-01 -1.82677007e-05 -7.03619351e-08 -1.00816409e-07 
 1.90050000e-05  1.99892487e-01  2.00559866e-01  2.00801424e-01 -1.82703903e-05 -7.45271334e-08 -1.20970665e-07 
 1.90050038e-05  1.99893323e-01  2.00562820e-01  2.00801048e-01 -1.71763406e-05 -7.43327203e-08 -1.20821562e-07 
 1.90050114e-05  1.99893860e-01  2.00568083e-01  2.00800305e-01 -1.68130937e-05 -7.39455503e-08 -1.20456660e-07 
 1.90050265e-05  1.99893651e-01  2.00576065e-01  2.00798867e-01 -1.66890680e-05 -7.32191548e-08 -1.19646894e-07 
 1.90050568e-05  1.99893829e-01  2.00588071e-01  2.00796136e-01 -1.63393100e-05 -7.19423368e-08 -1.18112610e-07 
 1.90051090e-05  1.99893682e-01  2.00603291e-01  2.00791783e-01 -1.60376842e-05 -7.01045665e-08 -1.15557501e-07 
 1.90052135e-05  1.99893741e-01  2.00621048e-01  2.00784020e-01 -1.56978100e-05 -6.71415532e-08 -1.10772488e-07 
 1.90054224e-05  1.99893428e-01  2.00630863e-01  2.00770535e-01 -1.56119496e-05 -6.20959031e-08 -1.01974574e-07 
 1.90057378e-05  1.99893263e-01  2.00624026e-01  2.00752360e-01 -1.55989361e-05 -5.50633730e-08 -9.01152583e-08 
 1.90061840e-05  1.99892788e-01  2.00608661e-01  2.00728429e-01 -1.56273383e-05 -4.62078689e-08 -7.56459061e-08 
 1.90069329e-05  1.99892394e-01  2.00585265e-01  2.00691564e-01 -1.56022385e-05 -3.43938494e-08 -5.63391429e-08 
 1.90084306e-05  1.99891524e-01  2.00549095e-01  2.00629599e-01 -1.56347129e-05 -1.88186798e-08 -3.08565923e-08 
 1.90114260e-05  1.99890777e-01  2.00508259e-01  2.00546465e-01 -1.56158398e-05 -4.96768063e-09 -8.15907014e-09 
 1.90173747e-05  1.99890048e-01  2.00500700e-01  2.00489947e-01 -1.56568586e-05  3.13114695e-10  5.25981993e-10 
 1.90242327e-05  1.99890045e-01  2.00544973e-01  2.00516394e-01 -1.56389019e-05 -6.51583260e-11 -9.98082300e-11 
 1.90370905e-05  1.99889945e-01  2.00633839e-01  2.00607092e-01 -1.56758370e-05  3.78157024e-11  6.43052865e-11 
 1.90501023e-05  1.99890119e-01  2.00682189e-01  2.00666170e-01 -1.56521232e-05 -6.63356067e-12 -9.19370016e-12 
 1.90738727e-05  1.99890029e-01  2.00685290e-01  2.00678622e-01 -1.56827884e-05  6.22811937e-12  1.31875131e-11 
 1.91116965e-05  1.99890094e-01  2.00644472e-01  2.00636626e-01 -1.56563148e-05 -8.78842832e-12 -1.35679110e-11 
 1.91558482e-05  1.99889964e-01  2.00646551e-01  2.00634567e-01 -1.56838735e-05  5.66457319e-12  1.19411772e-11 
 1.92000000e-05  1.99890109e-01  2.00668823e-01  2.00658080e-01 -1.56561803e-05 -4.28056592e-12 -6.11507183e-12 
 1.92000302e-05  1.99893533e-01  2.00703891e-01  2.00658507e-01 -1.38446056e-05  3.52692148e-09  1.52721115e-09 
 1.92000906e-05  1.99897531e-01  2.00755169e-01  2.00659963e-01 -1.28684115e-05  9.67310897e-09  4.44210031e-09 
 1.92002114e-05  1.99904858e-01  2.00810456e-01  2.00665285e-01 -1.21867950e-05  1.79958003e-08  9.77788110e-09 
 1.92003826e-05  1.99915478e-01  2.00848810e-01  2.00675504e-01 -1.19210759e-05  2.58377402e-08  1.67210717e-08 
 1.92006873e-05  1.99933985e-01  2.00872711e-01  2.00695633e-01 -1.19601000e-05  3.66432352e-08  2.79121333e-08 
 1.92010505e-05  1.99956597e-01  2.00886952e-01  2.00719223e-01 -1.19634885e-05  4.72339628e-08  3.96179746e-08 
 1.92013179e-05  1.99973578e-01  2.00893812e-01  2.00735578e-01 -1.22996447e-05  5.17219180e-08  4.71623686e-08 
 1.92014944e-05  1.99985778e-01  2.00897659e-01  2.00745820e-01 -1.28998426e-05  4.87086983e-08  5.16066623e-08 
 1.92016474e-05  1.99997214e-01  2.00896927e-01  2.00754218e-01 -1.43469349e-05  3.45915414e-08  5.49633802e-08 
 1.92017714e-05  2.00007909e-01  2.00893138e-01  2.00760548e-01 -1.64577921e-05  7.01927683e-09  5.71930326e-08 
 1.92018911e-05  2.00019337e-01  2.00883681e-01  2.00766058e-01 -1.98829144e-05 -4.32909402e-08  5.87270729e-08 
 1.92020158e-05  2.00032814e-01  2.00867179e-01  2.00770891e-01 -2.49810689e-05 -1.32204011e-07  5.94662693e-08 
 1.92021468e-05  2.00047826e-01  2.00840602e-01  2.00774617e-01 -3.20910359e-05 -2.79332031e-07  5.90548364e-08 
 1.92022900e-05  2.00064507e-01  2.00800786e-01  2.00776623e-01 -4.09801806e-05 -5.18743078e-07  5.69593493e-08 
 1.92024261e-05  2.00078858e-01  2.00751233e-01  2.00776058e-01 -4.92819943e-05 -8.37991215e-07  5.31170483e-08 
 1.92025479e-05  2.00089446e-01  2.00695395e-01  2.00773071e-01 -5.50256002e-05 -1.21528982e-06  4.78767080e-08 
 1.92026593e-05  2.00095964e-01  2.00632316e-01  2.00767873e-01 -5.78963992e-05 -1.65059528e-06  4.13278132e-08 
 1.92027819e-05  2.00099155e-01  2.00550600e-01  2.00758948e-01 -5.88336234e-05 -2.24033139e-06  3.20325035e-08 
 1.92029121e-05  2.00097458e-01  2.00457887e-01  2.00745510e-01 -5.94139093e-05 -2.98603119e-06  2.00336412e-08 
 1.92029980e-05  2.00093769e-01  2.00398777e-01  2.00734458e-01 -5.97713506e-05 -3.53486139e-06  1.11849037e-08 
 1.92030938e-05  2.00087204e-01  2.00338157e-01  2.00720320e-01 -6.00883794e-05 -4.18787709e-06  7.06785082e-10 
 1.92032020e-05  2.00077083e-01  2.00278668e-01  2.00702441e-01 -6.02783667e-05 -4.96306255e-06 -1.16209041e-08 
 1.92033021e-05  2.00064803e-01  2.00234598e-01  2.00684561e-01 -6.01634827e-05 -5.69854527e-06 -2.31621457e-08 
 1.92033644e-05  2.00055264e-01  2.00214636e-01  2.00672986e-01 -5.98010871e-05 -6.15580933e-06 -3.02156373e-08 
 1.92033995e-05  2.00048542e-01  2.00207457e-01  2.00666401e-01 -5.93701472e-05 -6.40778219e-06 -3.40301121e-08 
 1.92034291e-05  2.00041514e-01  2.00205324e-01  2.00660863e-01 -5.87576269e-05 -6.61241984e-06 -3.70520416e-08 
 1.92034557e-05  2.00033347e-01  2.00208292e-01  2.00655959e-01 -5.78620256e-05 -6.78480071e-06 -3.94977912e-08 
 1.92034834e-05  2.00022716e-01  2.00218765e-01  2.00650966e-01 -5.64718143e-05 -6.94728243e-06 -4.16369053e-08 
 1.92035189e-05  2.00007116e-01  2.00246210e-01  2.00644932e-01 -5.39616437e-05 -7.11983011e-06 -4.35458904e-08 
 1.92035520e-05  1.99992445e-01  2.00286380e-01  2.00639823e-01 -5.10490481e-05 -7.24085370e-06 -4.44068100e-08 
 1.92036013e-05  1.99973047e-01  2.00366286e-01  2.00633501e-01 -4.60976400e-05 -7.35091434e-06 -4.41626625e-08 
 1.92036325e-05  1.99963193e-01  2.00424858e-01  2.00630430e-01 -4.28567331e-05 -7.38099891e-06 -4.32059429e-08 
 1.92036664e-05  1.99954727e-01  2.00490891e-01  2.00627967e-01 -3.93984997e-05 -7.38553551e-06 -4.16543195e-08 
 1.92037064e-05  1.99947536e-01  2.00567345e-01  2.00626239e-01 -3.56132121e-05 -7.36080490e-06 -3.93514459e-08 
 1.92037505e-05  1.99942600e-01  2.00645788e-01  2.00625720e-01 -3.18815126e-05 -7.30541716e-06 -3.64550121e-08 
 1.92037951e-05  1.99940075e-01  2.00716455e-01  2.00626523e-01 -2.86481274e-05 -7.22819419e-06 -3.33334255e-08 
 1.92038440e-05  1.99939382e-01  2.00782414e-01  2.00628708e-01 -2.56859725e-05 -7.12794263e-06 -2.98673123e-08 
 1.92038972e-05  1.99940310e-01  2.00841245e-01  2.00632355e-01 -2.30984125e-05 -7.00737847e-06 -2.61449651e-08 
 1.92039590e-05  1.99942814e-01  2.00894771e-01  2.00637861e-01 -2.07450907e-05 -6.85952587e-06 -2.19671912e-08 
 1.92040300e-05  1.99946853e-01  2.00940785e-01  2.00645423e-01 -1.87347466e-05 -6.68504507e-06 -1.73793290e-08 
 1.92041165e-05  1.99952753e-01  2.00980670e-01  2.00655797e-01 -1.69788632e-05 -6.47200607e-06 -1.20920833e-08 
 1.92042222e-05  1.99960821e-01  2.01013955e-01  2.00669528e-01 -1.55607257e-05 -6.21490573e-06 -5.99468502e-09 
 1.92043594e-05  1.99972105e-01  2.01042800e-01  2.00688153e-01 -1.44470040e-05 -5.89145662e-06  1.41777970e-09 
 1.92045379e-05  1.99987614e-01  2.01068530e-01  2.00712806e-01 -1.37309878e-05 -5.49047755e-06  1.03732456e-08 
 1.92047729e-05  2.00008784e-01  2.01093789e-01  2.00744972e-01 -1.33580714e-05 -4.99963755e-06  2.11142390e-08 
 1.92050000e-05  2.00029632e-01  2.01114219e-01  2.00775297e-01 -1.32516541e-05 -4.56467893e-06  3.04739866e-08 
 1.92050061e-05  2.00028087e-01  2.01104939e-01  2.00776076e-01 -1.44518620e-05 -4.55425105e-06  3.03826363e-08 
 1.92050183e-05  2.00027251e-01  2.01089267e-01  2.00777591e-01 -1.48208656e-05 -4.53338883e-06  3.02238048e-08 
 1.92050427e-05  2.00027559e-01  2.01067170e-01  2.00780415e-01 -1.49891982e-05 -4.49153567e-06  2.99599621e-08 
 1.92050916e-05  2.00027163e-01  2.01035581e-01  2.00785462e-01 -1.54272086e-05 -4.40789352e-06  2.95113289e-08 
 1.92051892e-05  2.00027780e-01  2.00996222e-01  2.00793907e-01 -1.56690030e-05 -4.24330636e-06  2.87915454e-08 
 1.92053277e-05  2.00028151e-01  2.00970998e-01  2.00803590e-01 -1.58344959e-05 -4.01908645e-06  2.79039824e-08 
 1.92055280e-05  2.00029401e-01  2.00961964e-01  2.00815362e-01 -1.57725438e-05 -3.71525285e-06  2.66843226e-08 
 1.92058643e-05  2.00030615e-01  2.00967238e-01  2.00832908e-01 -1.58282317e-05 -3.25533862e-06  2.46959791e-08 
 1.92063839e-05  2.00032887e-01  2.00982606e-01  2.00857756e-01 -1.57639332e-05 -2.65298512e-06  2.18035388e-08 
 1.92074198e-05  2.00035705e-01  2.01007767e-01  2.00901482e-01 -1.58223476e-05 -1.75671220e-06  1.67404362e-08 
 1.92094917e-05  2.00039729e-01  2.01039065e-01  2.00967041e-01 -1.57530574e-05 -7.41249400e-07  9.34577002e-09 
 1.92136354e-05  2.00042324e-01  2.01048387e-01  2.01027436e-01 -1.58013332e-05 -7.63910980e-08  2.19194513e-09 
 1.92191457e-05  2.00043187e-01  2.00999814e-01  2.01013399e-01 -1.57261270e-05  3.01682792e-09  9.01131830e-11 
 1.92272534e-05  2.00042926e-01  2.00893294e-01  2.00918275e-01 -1.57749058e-05 -6.89687765e-10 -3.21846407e-11 
 1.92407477e-05  2.00043089e-01  2.00752060e-01  2.00764115e-01 -1.57024299e-05  2.86748399e-10 -2.11761792e-11 
 1.92551013e-05  2.00042744e-01  2.00691124e-01  2.00686154e-01 -1.57587667e-05 -1.52166379e-10 -1.45255414e-11 
 1.92805948e-05  2.00043001e-01  2.00717881e-01  2.00700055e-01 -1.56934292e-05  9.90492621e-11  9.45596368e-12 
 1.93253283e-05  2.00042827e-01  2.00810093e-01  2.00797007e-01 -1.57535220e-05 -7.39435570e-11  2.99364754e-12 
 1.93754603e-05  2.00043126e-01  2.00811801e-01  2.00804100e-01 -1.56923622e-05  5.98829126e-11  9.18743272e-13 
 1.94524279e-05  2.00042859e-01  2.00801569e-01  2.00790100e-01 -1.57538308e-05 -5.40438696e-11 -3.84190672e-13 
 1.95524279e-05  2.00043177e-01  2.00832195e-01  2.00821988e-01 -1.56923053e-05  4.85682690e-11  3.65593200e-12 
 1.96524279e-05  2.00042940e-01  2.00827780e-01  2.00818098e-01 -1.57538198e-05 -4.47698315e-11 -1.63232660e-12 
 1.97524279e-05  2.00043237e-01  2.00833939e-01  2.00823279e-01 -1.56923476e-05  3.94699111e-11  3.56869368e-12 
 1.98524279e-05  2.00043008e-01  2.00838259e-01  2.00828572e-01 -1.57537847e-05 -3.62589930e-11 -1.10344915e-12 
 1.99524279e-05  2.00043302e-01  2.00835930e-01  2.00825679e-01 -1.56923729e-05  3.16247703e-11  2.83472085e-12 
 2.00524279e-05  2.00043071e-01  2.00839650e-01  2.00829621e-01 -1.57537743e-05 -2.92344473e-11 -5.54195470e-13 
 2.01524279e-05  2.00043368e-01  2.00838470e-01  2.00828474e-01 -1.56923757e-05  2.53642704e-11  2.47372365e-12 
 2.02524279e-05  2.00043133e-01  2.00839161e-01  2.00829046e-01 -1.57537755e-05 -2.36793599e-11 -3.89422598e-13 
 2.03524279e-05  2.00043432e-01  2.00839640e-01  2.00829642e-01 -1.56923750e-05  2.03989456e-11  2.40355224e-12 
 2.04524279e-05  2.00043197e-01  2.00839211e-01  2.00829150e-01 -1.57537746e-05 -1.92179677e-11 -3.59676319e-13 
 2.05524279e-05  2.00043495e-01  2.00839761e-01  2.00829711e-01 -1.56923780e-05  1.63645503e-11  2.36424151e-12 
 2.06524279e-05  2.00043261e-01  2.00839542e-01  2.00829519e-01 -1.57537704e-05 -1.55619048e-11 -3.01642825e-13 
 2.07524279e-05  2.00043558e-01  2.00839688e-01  2.00829623e-01 -1.56923828e-05  1.30489764e-11  2.28788256e-12 
 2.08524279e-05  2.00043325e-01  2.00839741e-01  2.00829719e-01 -1.57537656e-05 -1.25594992e-11 -2.18744510e-13 
 2.09524279e-05  2.00043622e-01  2.00839727e-01  2.00829669e-01 -1.56923873e-05  1.03341658e-11  2.20694247e-12 
 2.10524279e-05  2.00043388e-01  2.00839805e-01  2.00829775e-01 -1.57537613e-05 -1.01082940e-11 -1.46005116e-13 
 2.11262139e-05  2.00043677e-01  2.00839818e-01  2.00829766e-01 -1.56923921e-05  7.77396897e-12  2.13432868e-12 
 2.12000000e-05  2.00043435e-01  2.00839823e-01  2.00829790e-01 -1.57537559e-05 -7.49518611e-12 -7.54285957e-14 
 2.12001040e-05  2.00031916e-01  2.00761268e-01  2.00826652e-01 -1.77381746e-05 -7.57150603e-09 -4.85636865e-09 
 2.12003120e-05  2.00013230e-01  2.00671749e-01  2.00817052e-01 -1.85531413e-05 -1.79885883e-08 -1.38239731e-08 
 2.12006846e-05  1.99981406e-01  2.00635793e-01  2.00793011e-01 -1.93947561e-05 -2.65760278e-08 -2.76676640e-08 
 2.12010681e-05  1.99950550e-01  2.00627015e-01  2.00768558e-01 -2.33723076e-05 -2.09013936e-08 -3.97280897e-08 
 2.12012962e-05  1.99934449e-01  2.00627809e-01  2.00755366e-01 -2.81623735e-05 -1.93575383e-09 -4.57505314e-08 
 2.12015301e-05  1.99920036e-01  2.00630756e-01  2.00743197e-01 -3.54609309e-05  3.63812754e-08 -5.10183377e-08 
 2.12017437e-05  1.99909105e-01  2.00639573e-01  2.00733523e-01 -4.41950957e-05  9.44104232e-08 -5.49386087e-08 
 2.12019111e-05  1.99901874e-01  2.00649740e-01  2.00727117e-01 -5.24303477e-05  1.62159354e-07 -5.73097291e-08 
 2.12020452e-05  1.99897050e-01  2.00662863e-01  2.00722891e-01 -5.97791569e-05  2.37286533e-07 -5.86436748e-08 
 2.12021576e-05  1.99893429e-01  2.00677369e-01  2.00720131e-01 -6.63959000e-05  3.20725650e-07 -5.92546752e-08 
 2.12022543e-05  1.99890647e-01  2.00694633e-01  2.00718455e-01 -7.22771894e-05  4.13823915e-07 -5.92859404e-08 
 2.12023391e-05  1.99888156e-01  2.00714325e-01  2.00717654e-01 -7.75022066e-05  5.18060844e-07 -5.88094713e-08 
 2.12024150e-05  1.99885849e-01  2.00737487e-01  2.00717601e-01 -8.20709363e-05  6.36071198e-07 -5.78446862e-08 
 2.12024861e-05  1.99883360e-01  2.00765380e-01  2.00718268e-01 -8.61637152e-05  7.75070046e-07 -5.63328154e-08 
 2.12025602e-05  1.99880775e-01  2.00802375e-01  2.00719891e-01 -9.00970364e-05  9.57102349e-07 -5.39755506e-08 
 2.12026410e-05  1.99878645e-01  2.00851424e-01  2.00722977e-01 -9.40430436e-05  1.20473295e-06 -5.04071150e-08 
 2.12027349e-05  1.99878125e-01  2.00915970e-01  2.00728531e-01 -9.82694696e-05  1.55685774e-06 -4.50208186e-08 
 2.12028563e-05  1.99880888e-01  2.01003226e-01  2.00739012e-01 -1.03386955e-04  2.10561998e-06 -3.63835570e-08 
 2.12029780e-05  1.99887570e-01  2.01087768e-01  2.00753098e-01 -1.08126405e-04  2.74495072e-06 -2.62355253e-08 
 2.12031154e-05  1.99899169e-01  2.01173357e-01  2.00772754e-01 -1.12836248e-04  3.54909814e-06 -1.35173705e-08 
 2.12032406e-05  1.99912912e-01  2.01238267e-01  2.00793418e-01 -1.15989773e-04  4.33257198e-06 -1.25302747e-09 
 2.12033428e-05  1.99925704e-01  2.01278427e-01  2.00811640e-01 -1.16893285e-04  4.98675350e-06  8.82323440e-09 
 2.12034176e-05  1.99935514e-01  2.01296582e-01  2.00825365e-01 -1.15179592e-04  5.45731098e-06  1.58993445e-08 
 2.12034753e-05  1.99942862e-01  2.01299814e-01  2.00835935e-01 -1.11135856e-04  5.80213791e-06  2.08957273e-08 
 2.12035305e-05  1.99949350e-01  2.01290009e-01  2.00845736e-01 -1.04710434e-04  6.10255840e-06  2.49934783e-08 
 2.12036005e-05  1.99956299e-01  2.01256493e-01  2.00857268e-01 -9.38354323e-05  6.42568833e-06  2.89090862e-08 
 2.12036644e-05  1.99961192e-01  2.01206465e-01  2.00866452e-01 -8.24337292e-05  6.65392898e-06  3.10837162e-08 
 2.12037492e-05  1.99965326e-01  2.01118419e-01  2.00875994e-01 -6.70707957e-05  6.85341237e-06  3.19327387e-08 
 2.12038483e-05  1.99967032e-01  2.00999386e-01  2.00882714e-01 -5.13009905e-05  6.94709943e-06  3.03886538e-08 
 2.12039197e-05  1.99966455e-01  2.00912551e-01  2.00884494e-01 -4.23545735e-05  6.93552782e-06  2.79662399e-08 
 2.12039910e-05  1.99964759e-01  2.00831911e-01  2.00883866e-01 -3.54785328e-05  6.87390481e-06  2.48263783e-08 
 2.12040723e-05  1.99961783e-01  2.00751389e-01  2.00880595e-01 -2.98030538e-05  6.75933559e-06  2.07073942e-08 
 2.12041613e-05  1.99957665e-01  2.00678746e-01  2.00874452e-01 -2.56780442e-05  6.59735597e-06  1.58534670e-08 
 2.12042530e-05  1.99952795e-01  2.00620280e-01  2.00865992e-01 -2.30370198e-05  6.40684092e-06  1.07401714e-08 
 2.12043538e-05  1.99947024e-01  2.00572100e-01  2.00854931e-01 -2.13486547e-05  6.18370164e-06  5.17311441e-09 
 2.12044653e-05  1.99940342e-01  2.00533791e-01  2.00841321e-01 -2.03453711e-05  5.93188360e-06 -7.90330222e-10 
 2.12045960e-05  1.99932333e-01  2.00502514e-01  2.00824338e-01 -1.97921309e-05  5.63963722e-06 -7.45281544e-09 
 2.12047506e-05  1.99922752e-01  2.00477097e-01  2.00803670e-01 -1.95264543e-05  5.30610993e-06 -1.48451932e-08 
 2.12048753e-05  1.99915012e-01  2.00461893e-01  2.00786920e-01 -1.94542170e-05  5.04908586e-06 -2.04376670e-08 
 2.12050000e-05  1.99907265e-01  2.00449195e-01  2.00770305e-01 -1.94185450e-05  4.80352961e-06 -2.57201381e-08 
 2.12050020e-05  1.99908147e-01  2.00452711e-01  2.00770037e-01 -1.83889760e-05  4.79984691e-06 -2.56900379e-08 
 2.12050061e-05  1.99908970e-01  2.00459199e-01  2.00769507e-01 -1.80068910e-05  4.79251606e-06 -2.56359771e-08 
 2.12050143e-05  1.99908896e-01  2.00469838e-01  2.00768478e-01 -1.77913806e-05  4.77791461e-06 -2.55465169e-08 
 2.12050307e-05  1.99909012e-01  2.00486255e-01  2.00766516e-01 -1.74534689e-05  4.74868645e-06 -2.53871098e-08 
 2.12050597e-05  1.99909003e-01  2.00508545e-01  2.00763293e-01 -1.69698270e-05  4.69688187e-06 -2.51413153e-08 
 2.12051178e-05  1.99909081e-01  2.00540928e-01  2.00757584e-01 -1.63549925e-05  4.59384655e-06 -2.47438494e-08 
 2.12052340e-05  1.99908991e-01  2.00578025e-01  2.00748132e-01 -1.58039509e-05  4.39199392e-06 -2.41327312e-08 
 2.12054663e-05  1.99908805e-01  2.00600459e-01  2.00733131e-01 -1.56085322e-05  4.01070796e-06 -2.31167223e-08 
 2.12057651e-05  1.99908445e-01  2.00596711e-01  2.00716822e-01 -1.56127331e-05  3.56661183e-06 -2.18475432e-08 
 2.12062129e-05  1.99908049e-01  2.00583758e-01  2.00694364e-01 -1.56155679e-05  2.99060760e-06 -1.99433899e-08 
 2.12069166e-05  1.99907434e-01  2.00565213e-01  2.00662307e-01 -1.56094041e-05  2.26496173e-06 -1.70743823e-08 
 2.12083241e-05  1.99906616e-01  2.00537974e-01  2.00609261e-01 -1.56181953e-05  1.28472677e-06 -1.20867377e-08 
 2.12111390e-05  1.99905599e-01  2.00512625e-01  2.00541550e-01 -1.56169444e-05  3.70495547e-07 -5.38463667e-09 
 2.12165452e-05  1.99904953e-01  2.00529795e-01  2.00509999e-01 -1.56376297e-05 -1.09655732e-08 -4.98848077e-10 
 2.12225974e-05  1.99904777e-01  2.00595126e-01  2.00556474e-01 -1.56410679e-05  9.21910288e-10  4.03712689e-11 
 2.12331935e-05  1.99904827e-01  2.00712682e-01  2.00675234e-01 -1.56601499e-05 -3.09006746e-10  1.18138290e-11 
 2.12460435e-05  1.99904881e-01  2.00798970e-01  2.00776819e-01 -1.56590743e-05  1.50859367e-10  2.79544742e-11 
 2.12657393e-05  1.99904975e-01  2.00818156e-01  2.00811439e-01 -1.56714486e-05 -8.25867178e-11 -3.12854874e-12 
 2.12974538e-05  1.99904883e-01  2.00751425e-01  2.00748056e-01 -1.56659998e-05  5.46176578e-11 -2.19176375e-12 
 2.13487269e-05  1.99904844e-01  2.00704602e-01  2.00693243e-01 -1.56740963e-05 -4.85801364e-11 -1.77154065e-12 
 2.14000000e-05  1.99904839e-01  2.00727497e-01  2.00716516e-01 -1.56660541e-05  4.00353546e-11  5.19988230e-12 
 2.14000376e-05  1.99907284e-01  2.00748199e-01  2.00716836e-01 -1.40491661e-05  2.38122521e-09  5.56104404e-09 
 2.14001128e-05  1.99909866e-01  2.00778158e-01  2.00717913e-01 -1.34038662e-05  6.54538663e-09  1.65723687e-08 
 2.14002633e-05  1.99914577e-01  2.00807820e-01  2.00721712e-01 -1.30914210e-05  1.31310324e-08  3.73852773e-08 
 2.14004735e-05  1.99921331e-01  2.00823540e-01  2.00728486e-01 -1.30024256e-05  2.11203124e-08  6.43301909e-08 
 2.14008235e-05  1.99932309e-01  2.00829037e-01  2.00739970e-01 -1.30692956e-05  3.32820776e-08  1.04807283e-07 
 2.14013045e-05  1.99947916e-01  2.00829876e-01  2.00753912e-01 -1.33893053e-05  4.73644359e-08  1.53210777e-07 
 2.14014113e-05  1.99951562e-01  2.00828643e-01  2.00756645e-01 -1.37147229e-05  4.99022234e-08  1.63041853e-07 
 2.14016249e-05  1.99960231e-01  2.00823323e-01  2.00761505e-01 -1.54127437e-05  5.32487976e-08  1.81424131e-07 
 2.14017710e-05  1.99967704e-01  2.00813974e-01  2.00764179e-01 -1.81913309e-05  5.33528187e-08  1.92645840e-07 
 2.14018916e-05  1.99975571e-01  2.00800675e-01  2.00765739e-01 -2.20111385e-05  5.10928761e-08  2.00496760e-07 
 2.14020134e-05  1.99984954e-01  2.00779927e-01  2.00766429e-01 -2.77637553e-05  4.60006742e-08  2.06548439e-07 
 2.14021430e-05  1.99996576e-01  2.00749422e-01  2.00765833e-01 -3.57482643e-05  3.70684842e-08  2.10255365e-07 
 2.14022858e-05  2.00010159e-01  2.00705063e-01  2.00763134e-01 -4.61741055e-05  2.28835630e-08  2.10283966e-07 
 2.14024215e-05  2.00022939e-01  2.00652025e-01  2.00758133e-01 -5.62112065e-05  5.00529545e-09  2.05541603e-07 
 2.14025431e-05  2.00033033e-01  2.00593246e-01  2.00751218e-01 -6.40109457e-05 -1.51754869e-08  1.96485466e-07 
 2.14026550e-05  2.00040597e-01  2.00527650e-01  2.00742430e-01 -6.90512221e-05 -3.78221193e-08  1.83310414e-07 
 2.14027777e-05  2.00046200e-01  2.00444017e-01  2.00729657e-01 -7.27654822e-05 -6.67570780e-08  1.62947874e-07 
 2.14029065e-05  2.00049127e-01  2.00352146e-01  2.00712494e-01 -7.62606646e-05 -9.90453943e-08  1.35340346e-07 
 2.14030128e-05  2.00049199e-01  2.00280998e-01  2.00695592e-01 -7.90340570e-05 -1.24793946e-07  1.08635057e-07 
 2.14031292e-05  2.00047133e-01  2.00212744e-01  2.00674717e-01 -8.15737233e-05 -1.50494449e-07  7.63717071e-08 
 2.14032382e-05  2.00042913e-01  2.00160310e-01  2.00653460e-01 -8.34540113e-05 -1.71308593e-07  4.42253383e-08 
 2.14033187e-05  2.00038061e-01  2.00130920e-01  2.00637055e-01 -8.42294088e-05 -1.83867661e-07  1.99261880e-08 
 2.14033668e-05  2.00033788e-01  2.00118909e-01  2.00627105e-01 -8.43294832e-05 -1.89597638e-07  5.50646708e-09 
 2.14033985e-05  2.00029902e-01  2.00114758e-01  2.00620544e-01 -8.40231399e-05 -1.92132484e-07 -3.76357424e-09 
 2.14034271e-05  2.00024893e-01  2.00115331e-01  2.00614684e-01 -8.33790648e-05 -1.92960681e-07 -1.17335100e-08 
 2.14034537e-05  2.00018302e-01  2.00121691e-01  2.00609320e-01 -8.21811746e-05 -1.91757694e-07 -1.85777550e-08 
 2.14034820e-05  2.00009016e-01  2.00137302e-01  2.00603819e-01 -8.01611157e-05 -1.87517123e-07 -2.48679333e-08 
 2.14035161e-05  1.99995982e-01  2.00170676e-01  2.00597587e-01 -7.65954962e-05 -1.77631559e-07 -3.07286056e-08 
 2.14035506e-05  1.99982544e-01  2.00219791e-01  2.00591930e-01 -7.20106913e-05 -1.62612315e-07 -3.45261143e-08 
 2.14036035e-05  1.99964310e-01  2.00315024e-01  2.00584924e-01 -6.38489967e-05 -1.32832970e-07 -3.64107986e-08 
 2.14036369e-05  1.99955081e-01  2.00381575e-01  2.00581655e-01 -5.84686825e-05 -1.11681908e-07 -3.54452341e-08 
 2.14036704e-05  1.99947683e-01  2.00448129e-01  2.00579299e-01 -5.31838280e-05 -9.02691396e-08 -3.31785163e-08 
 2.14037109e-05  1.99940907e-01  2.00523769e-01  2.00577640e-01 -4.72647724e-05 -6.55979898e-08 -2.91383733e-08 
 2.14037541e-05  1.99935893e-01  2.00595958e-01  2.00577163e-01 -4.16217071e-05 -4.16958982e-08 -2.36864653e-08 
 2.14038002e-05  1.99932408e-01  2.00661456e-01  2.00577922e-01 -3.64850927e-05 -1.96484693e-08 -1.70326835e-08 
 2.14038498e-05  1.99930233e-01  2.00718648e-01  2.00579927e-01 -3.19216951e-05 -5.20121398e-11 -9.32011690e-09 
 2.14039058e-05  1.99929044e-01  2.00768728e-01  2.00583334e-01 -2.78410721e-05  1.74410275e-08 -2.61117308e-10 
 2.14039697e-05  1.99928775e-01  2.00810703e-01  2.00588294e-01 -2.42982050e-05  3.24087332e-08  1.02204800e-08 
 2.14040454e-05  1.99929334e-01  2.00845161e-01  2.00595143e-01 -2.12867425e-05  4.49455645e-08  2.25624647e-08 
 2.14041362e-05  1.99930777e-01  2.00872263e-01  2.00604182e-01 -1.88366260e-05  5.49505064e-08  3.70731954e-08 
 2.14042492e-05  1.99933239e-01  2.00893653e-01  2.00616066e-01 -1.69405414e-05  6.28144331e-08  5.45833012e-08 
 2.14043924e-05  1.99937018e-01  2.00911085e-01  2.00631448e-01 -1.56008991e-05  6.89438552e-08  7.58128131e-08 
 2.14045778e-05  1.99942507e-01  2.00926960e-01  2.00651292e-01 -1.47974441e-05  7.40119103e-08  1.01775226e-07 
 2.14047889e-05  1.99949181e-01  2.00941331e-01  2.00673396e-01 -1.44417055e-05  7.81137564e-08  1.29401378e-07 
 2.14050000e-05  1.99956000e-01  2.00953875e-01  2.00694799e-01 -1.43218959e-05  8.14265601e-08  1.55193628e-07 
 2.14050054e-05  1.99954908e-01  2.00949858e-01  2.00695328e-01 -1.54193040e-05  8.11373940e-08  1.54872108e-07 
 2.14050162e-05  1.99954246e-01  2.00942969e-01  2.00696369e-01 -1.56664958e-05  8.05803926e-08  1.53973759e-07 
 2.14050379e-05  1.99954358e-01  2.00933017e-01  2.00698364e-01 -1.56364337e-05  7.95875222e-08  1.51934878e-07 
 2.14050811e-05  1.99953911e-01  2.00918391e-01  2.00702093e-01 -1.57902060e-05  7.79083328e-08  1.48163034e-07 
 2.14051677e-05  1.99954017e-01  2.00899494e-01  2.00708789e-01 -1.57701543e-05  7.51285729e-08  1.40923598e-07 
 2.14053007e-05  1.99953909e-01  2.00886339e-01  2.00717815e-01 -1.58310642e-05  7.13488883e-08  1.30711722e-07 
 2.14054828e-05  1.99954265e-01  2.00883417e-01  2.00728851e-01 -1.57618813e-05  6.64683087e-08  1.17994551e-07 
 2.14057889e-05  1.99954349e-01  2.00890739e-01  2.00745949e-01 -1.58168754e-05  5.89354330e-08  9.96689259e-08 
 2.14064011e-05  1.99955003e-01  2.00911711e-01  2.00777635e-01 -1.57569074e-05  4.62878517e-08  7.17182762e-08 
 2.14076255e-05  1.99955579e-01  2.00946996e-01  2.00833374e-01 -1.58095652e-05  2.83813222e-08  3.87760617e-08 
 2.14100743e-05  1.99956716e-01  2.00992327e-01  2.00916379e-01 -1.57442412e-05  1.00390315e-08  1.44636894e-08 
 2.14149719e-05  1.99957363e-01  2.01017025e-01  2.00993819e-01 -1.57872355e-05  2.92869503e-10  6.71974674e-09 
 2.14207396e-05  1.99957783e-01  2.00985424e-01  2.00990986e-01 -1.57192911e-05  1.39714028e-11  4.53559962e-09 
 2.14305525e-05  1.99957665e-01  2.00897078e-01  2.00911779e-01 -1.57648620e-05 -1.06299663e-11  1.56554200e-09 
 2.14440255e-05  1.99957772e-01  2.00801183e-01  2.00805746e-01 -1.57012576e-05 -1.36432744e-11  4.07534748e-10 
 2.14612387e-05  1.99957535e-01  2.00756673e-01  2.00748624e-01 -1.57540790e-05 -2.72556001e-12 -7.06789157e-12 
 2.14901309e-05  1.99957723e-01  2.00777096e-01  2.00762643e-01 -1.56952108e-05  1.60269953e-12  2.08938532e-11 
 2.15436292e-05  1.99957622e-01  2.00811483e-01  2.00802164e-01 -1.57512008e-05  2.82494948e-13 -2.67628525e-12 
 2.16065101e-05  1.99957787e-01  2.00778447e-01  2.00770227e-01 -1.56948992e-05 -2.15028538e-12  1.08553866e-11 
 2.17065101e-05  1.99957605e-01  2.00766550e-01  2.00755434e-01 -1.57513441e-05  6.58498213e-13 -4.95115678e-12 
 2.18065101e-05  1.99957810e-01  2.00768671e-01  2.00759508e-01 -1.56948154e-05 -1.24608527e-12  1.38386632e-11 
 2.19065101e-05  1.99957635e-01  2.00755879e-01  2.00745659e-01 -1.57513760e-05 -1.20320203e-13 -5.52569492e-12 
 2.20065101e-05  1.99957831e-01  2.00759819e-01  2.00749759e-01 -1.56948101e-05 -6.65429300e-13  1.24924696e-11 
 2.21065101e-05  1.99957669e-01  2.00756022e-01  2.00746186e-01 -1.57513614e-05 -3.48634533e-13 -2.73060361e-12 
 2.22065101e-05  1.99957858e-01  2.00755270e-01  2.00745087e-01 -1.56948270e-05 -6.28800614e-13  9.27072714e-12 
 2.23065101e-05  1.99957700e-01  2.00756098e-01  2.00746154e-01 -1.57513464e-05 -2.70671723e-13  4.12484825e-13 
 2.24065101e-05  1.99957889e-01  2.00754477e-01  2.00744433e-01 -1.56948361e-05 -7.08969125e-13  6.54679045e-12 
 2.25065101e-05  1.99957730e-01  2.00755328e-01  2.00745257e-01 -1.57513413e-05 -2.18832764e-13  2.71908001e-12 
 2.26065101e-05  1.99957921e-01  2.00754797e-01  2.00744816e-01 -1.56948386e-05 -7.16684958e-13  4.58066668e-12 
 2.27065101e-05  1.99957761e-01  2.00754836e-01  2.00744746e-01 -1.57513394e-05 -2.38758449e-13  4.47980216e-12 
 2.28065101e-05  1.99957952e-01  2.00754941e-01  2.00744947e-01 -1.56948410e-05 -6.83143646e-13  2.93798151e-12 
 2.29065101e-05  1.99957792e-01  2.00754790e-01  2.00744722e-01 -1.57513362e-05 -2.71318775e-13  6.05719571e-12 
 2.30065101e-05  1.99957983e-01  2.00754891e-01  2.00744878e-01 -1.56948447e-05 -6.57260271e-13  1.41575418e-12 
 2.31065101e-05  1.99957823e-01  2.00754881e-01  2.00744823e-01 -1.57513320e-05 -2.88787223e-13  7.51831242e-12 
 2.32065101e-05  1.99958014e-01  2.00754855e-01  2.00744838e-01 -1.56948490e-05 -6.46083230e-13  2.87255029e-14 
 2.33065101e-05  1.99957855e-01  2.00754936e-01  2.00744877e-01 -1.57513278e-05 -2.96134211e-13  8.82352579e-12 
 2.34000000e-05  1.99958044e-01  2.00754876e-01  2.00744862e-01 -1.56948533e-05 -6.40112963e-13 -1.22991894e-12 
 2.34001316e-05  1.99951835e-01  2.00709812e-01  2.00742608e-01 -1.71822337e-05 -6.60150342e-09 -2.58960501e-08 
 2.34003948e-05  1.99943192e-01  2.00662302e-01  2.00735948e-01 -1.75485656e-05 -1.78676122e-08 -7.53261645e-08 
 2.34009211e-05  1.99928612e-01  2.00655012e-01  2.00719314e-01 -2.01408436e-05 -3.55023923e-08 -1.59745280e-07 
 2.34011308e-05  1.99923936e-01  2.00658969e-01  2.00713490e-01 -2.32275324e-05 -4.11742164e-08 -1.88321465e-07 
 2.34013323e-05  1.99920963e-01  2.00665939e-01  2.00708758e-01 -2.77226900e-05 -4.54294921e-08 -2.12913373e-07 
 2.34016169e-05  1.99918920e-01  2.00679159e-01  2.00703776e-01 -3.70571135e-05 -5.00408218e-08 -2.42710441e-07 
 2.34018100e-05  1.99918999e-01  2.00693177e-01  2.00701720e-01 -4.52844097e-05 -5.16943570e-08 -2.59268408e-07 
 2.34019588e-05  1.99919662e-01  2.00707547e-01  2.00701062e-01 -5.25905213e-05 -5.16954408e-08 -2.69604325e-07 
 2.34020832e-05  1.99920545e-01  2.00723661e-01  2.00701280e-01 -5.91876272e-05 -5.04319319e-08 -2.76302824e-07 
 2.34021886e-05  1.99921225e-01  2.00741160e-01  2.00702151e-01 -6.50192247e-05 -4.79987187e-08 -2.80248556e-07 
 2.34022800e-05  1.99921638e-01  2.00760894e-01  2.00703547e-01 -7.00818306e-05 -4.43796217e-08 -2.82070828e-07 
 2.34023607e-05  1.99921523e-01  2.00783150e-01  2.00705404e-01 -7.44065761e-05 -3.94932419e-08 -2.82079676e-07 
 2.34024337e-05  1.99920861e-01  2.00808909e-01  2.00707721e-01 -7.80030185e-05 -3.31429300e-08 -2.80458812e-07 
 2.34025035e-05  1.99919472e-01  2.00840197e-01  2.00710665e-01 -8.10127691e-05 -2.47587334e-08 -2.77052038e-07 
 2.34025869e-05  1.99917290e-01  2.00887120e-01  2.00715356e-01 -8.39067729e-05 -1.14101315e-08 -2.70162005e-07 
 2.34026631e-05  1.99915479e-01  2.00937509e-01  2.00720962e-01 -8.59927683e-05  3.50881143e-09 -2.61005192e-07 
 2.34027745e-05  1.99914137e-01  2.01017125e-01  2.00731699e-01 -8.84778692e-05  2.78513055e-08 -2.42934819e-07 
 2.34028767e-05  1.99914428e-01  2.01090294e-01  2.00744196e-01 -9.04485125e-05  5.08993759e-08 -2.21950344e-07 
 2.34029920e-05  1.99916506e-01  2.01167466e-01  2.00761093e-01 -9.24915829e-05  7.58960440e-08 -1.94007897e-07 
 2.34031249e-05  1.99920810e-01  2.01245273e-01  2.00783621e-01 -9.45003355e-05  1.01992946e-07 -1.57389868e-07 
 2.34032568e-05  1.99926771e-01  2.01307288e-01  2.00808435e-01 -9.56158282e-05  1.23870434e-07 -1.17821331e-07 
 2.34033577e-05  1.99932046e-01  2.01340545e-01  2.00828432e-01 -9.48944276e-05  1.36659675e-07 -8.66638025e-08 
 2.34034247e-05  1.99935639e-01  2.01351725e-01  2.00841862e-01 -9.23139335e-05  1.42005667e-07 -6.64098426e-08 
 2.34034799e-05  1.99938356e-01  2.01349925e-01  2.00852758e-01 -8.79300022e-05  1.43185740e-07 -5.07469752e-08 
 2.34035365e-05  1.99940739e-01  2.01333885e-01  2.00863473e-01 -8.13647466e-05  1.40221468e-07 -3.64165772e-08 
 2.34036063e-05  1.99942883e-01  2.01292712e-01  2.00875587e-01 -7.13900422e-05  1.30218288e-07 -2.19590218e-08 
 2.34036730e-05  1.99944081e-01  2.01234075e-01  2.00885529e-01 -6.11584151e-05  1.14834383e-07 -1.19500131e-08 
 2.34037598e-05  1.99944400e-01  2.01139210e-01  2.00895463e-01 -4.85373760e-05  8.90029276e-08 -4.54467540e-09 
 2.34038727e-05  1.99943152e-01  2.01005960e-01  2.00902844e-01 -3.55214463e-05  5.17622964e-08 -3.24363039e-09 
 2.34039485e-05  1.99941520e-01  2.00921497e-01  2.00904362e-01 -2.95304939e-05  2.77431732e-08 -6.58785569e-09 
 2.34040207e-05  1.99939619e-01  2.00851043e-01  2.00903560e-01 -2.55316967e-05  7.48161574e-09 -1.19349075e-08 
 2.34041130e-05  1.99936865e-01  2.00777456e-01  2.00899958e-01 -2.22059726e-05 -1.39080929e-08 -2.07760773e-08 
 2.34041973e-05  1.99934185e-01  2.00725724e-01  2.00894705e-01 -2.04530492e-05 -2.91081559e-08 -3.00843452e-08 
 2.34042988e-05  1.99930848e-01  2.00679934e-01  2.00886672e-01 -1.92765582e-05 -4.27016201e-08 -4.20265236e-08 
 2.34043994e-05  1.99927508e-01  2.00648204e-01  2.00877496e-01 -1.87183309e-05 -5.22182615e-08 -5.41379172e-08 
 2.34045260e-05  1.99923284e-01  2.00621250e-01  2.00865006e-01 -1.84044785e-05 -6.03792266e-08 -6.92486372e-08 
 2.34046624e-05  1.99918756e-01  2.00602310e-01  2.00851021e-01 -1.83013254e-05 -6.61573024e-08 -8.50218913e-08 
 2.34048312e-05  1.99913172e-01  2.00586523e-01  2.00833608e-01 -1.82665586e-05 -7.09855787e-08 -1.03564317e-07 
 2.34050000e-05  1.99907623e-01  2.00574930e-01  2.00816437e-01 -1.82708623e-05 -7.45123765e-08 -1.20968943e-07 
 2.34050032e-05  1.99908414e-01  2.00577473e-01  2.00816119e-01 -1.72067883e-05 -7.43480381e-08 -1.20847565e-07 
 2.34050096e-05  1.99908979e-01  2.00582066e-01  2.00815488e-01 -1.68509793e-05 -7.40189694e-08 -1.20545948e-07 
 2.34050224e-05  1.99908798e-01  2.00589193e-01  2.00814262e-01 -1.67302707e-05 -7.33938378e-08 -1.19858536e-07 
 2.34050481e-05  1.99908951e-01  2.00599982e-01  2.00811919e-01 -1.64235320e-05 -7.22790330e-08 -1.18548346e-07 
 2.34050921e-05  1.99908837e-01  2.00614002e-01  2.00808164e-01 -1.61218022e-05 -7.06510919e-08 -1.16367596e-07 
 2.34051802e-05  1.99908891e-01  2.00631839e-01  2.00801401e-01 -1.57669655e-05 -6.80174887e-08 -1.12258657e-07 
 2.34053564e-05  1.99908639e-01  2.00644989e-01  2.00789620e-01 -1.56150452e-05 -6.36346153e-08 -1.04657485e-07 
 2.34056643e-05  1.99908451e-01  2.00641541e-01  2.00771475e-01 -1.56005893e-05 -5.66566454e-08 -9.27436457e-08 
 2.34060536e-05  1.99908036e-01  2.00628113e-01  2.00750287e-01 -1.56226594e-05 -4.86445387e-08 -7.96195547e-08 
 2.34067206e-05  1.99907653e-01  2.00606519e-01  2.00716621e-01 -1.56062917e-05 -3.74009990e-08 -6.12566735e-08 
 2.34080547e-05  1.99906834e-01  2.00572008e-01  2.00658745e-01 -1.56286157e-05 -2.19280246e-08 -3.59440325e-08 
 2.34107230e-05  1.99906049e-01  2.00529747e-01  2.00576697e-01 -1.56188639e-05 -6.93341051e-09 -1.13857307e-08 
 2.34160594e-05  1.99905267e-01  2.00512064e-01  2.00508736e-01 -1.56493458e-05  8.15399742e-11  1.44144810e-10 
 2.34225327e-05  1.99905182e-01  2.00547494e-01  2.00521168e-01 -1.56419481e-05 -3.69045896e-11 -5.24553652e-11 
 2.34340613e-05  1.99905077e-01  2.00630677e-01  2.00601923e-01 -1.56692827e-05  1.96242150e-11  3.57174828e-11 
 2.34469473e-05  1.99905230e-01  2.00689776e-01  2.00671478e-01 -1.56564318e-05  3.45637689e-12  6.38078728e-12 
 2.34675408e-05  1.99905176e-01  2.00705220e-01  2.00697203e-01 -1.56772198e-05  1.32062677e-12  6.12994762e-12 
 2.35012380e-05  1.99905230e-01  2.00667943e-01  2.00661230e-01 -1.56612341e-05 -4.31445439e-12 -7.03152646e-12 
 2.35506190e-05  1.99905106e-01  2.00657467e-01  2.00645689e-01 -1.56788647e-05  1.25151473e-12  5.52667807e-12 
 2.36000000e-05  1.99905229e-01  2.00683586e-01  2.00672576e-01 -1.56612192e-05 -5.90751406e-13 -8.97263546e-13 
 2.36000337e-05  1.99908897e-01  2.00721588e-01  2.00673095e-01 -1.37891294e-05  3.88430299e-09  1.70140078e-09 
 2.36001012e-05  1.99913320e-01  2.00776374e-01  2.00674849e-01 -1.27687797e-05  1.05480195e-08  4.93280461e-09 
 2.36002361e-05  1.99921515e-01  2.00832905e-01  2.00681143e-01 -1.21164380e-05  1.93317920e-08  1.08221116e-08 
 2.36004256e-05  1.99933234e-01  2.00869154e-01  2.00692816e-01 -1.19106572e-05  2.75216754e-08  1.83863112e-08 
 2.36007335e-05  1.99951956e-01  2.00889393e-01  2.00713280e-01 -1.19620785e-05  3.81063208e-08  2.94948877e-08 
 2.36011273e-05  1.99976559e-01  2.00904274e-01  2.00738621e-01 -1.20085590e-05  4.90037423e-08  4.18832294e-08 
 2.36013227e-05  1.99989043e-01  2.00908812e-01  2.00750498e-01 -1.22968064e-05  5.18848094e-08  4.72976696e-08 
 2.36015497e-05  2.00004911e-01  2.00912878e-01  2.00763548e-01 -1.33146684e-05  4.49284971e-08  5.28771421e-08 
 2.36016852e-05  2.00015436e-01  2.00911123e-01  2.00770854e-01 -1.48932813e-05  2.80792898e-08  5.57016522e-08 
 2.36018069e-05  2.00026313e-01  2.00906001e-01  2.00776923e-01 -1.73146371e-05 -5.04486194e-09  5.77246396e-08 
 2.36019289e-05  2.00038388e-01  2.00894415e-01  2.00782318e-01 -2.12674911e-05 -6.57615018e-08  5.90579144e-08 
 2.36020558e-05  2.00052468e-01  2.00875085e-01  2.00786890e-01 -2.69747187e-05 -1.70610556e-07  5.94848201e-08 
 2.36021885e-05  2.00067842e-01  2.00845149e-01  2.00790158e-01 -3.46150612e-05 -3.39798768e-07  5.86380096e-08 
 2.36023303e-05  2.00084109e-01  2.00802342e-01  2.00791456e-01 -4.35234547e-05 -6.03124541e-07  5.60271615e-08 
 2.36024671e-05  2.00097827e-01  2.00748755e-01  2.00790074e-01 -5.14766872e-05 -9.54481102e-07  5.15620066e-08 
 2.36025854e-05  2.00107118e-01  2.00690530e-01  2.00786354e-01 -5.62680764e-05 -1.35135063e-06  4.58771566e-08 
 2.36026987e-05  2.00112530e-01  2.00622222e-01  2.00780149e-01 -5.83509377e-05 -1.82729930e-06  3.85808026e-08 
 2.36028195e-05  2.00114220e-01  2.00538905e-01  2.00770260e-01 -5.89932485e-05 -2.44377621e-06  2.87738084e-08 
 2.36029720e-05  2.00110047e-01  2.00431563e-01  2.00752787e-01 -5.96748096e-05 -3.36340593e-06  1.39560649e-08 
 2.36030814e-05  2.00103161e-01  2.00360819e-01  2.00737093e-01 -6.00358114e-05 -4.09954560e-06  2.12829426e-09 
 2.36031854e-05  2.00093636e-01  2.00302157e-01  2.00720161e-01 -6.02760035e-05 -4.84030406e-06 -9.67243062e-09 
 2.36032863e-05  2.00081742e-01  2.00255696e-01  2.00702304e-01 -6.01998393e-05 -5.58097439e-06 -2.13246474e-08 
 2.36033554e-05  2.00071431e-01  2.00232009e-01  2.00689531e-01 -5.98881935e-05 -6.08919663e-06 -2.91913793e-08 
 2.36033941e-05  2.00064349e-01  2.00223270e-01  2.00682278e-01 -5.94479478e-05 -6.36843045e-06 -3.34334721e-08 
 2.36034237e-05  2.00057528e-01  2.00220317e-01  2.00676732e-01 -5.89015117e-05 -6.57494152e-06 -3.65001430e-08 
 2.36034502e-05  2.00049829e-01  2.00222124e-01  2.00671836e-01 -5.80825424e-05 -6.74918327e-06 -3.89972682e-08 
 2.36034773e-05  2.00039786e-01  2.00230605e-01  2.00666918e-01 -5.68298994e-05 -6.91247434e-06 -4.11919298e-08 
 2.36035089e-05  2.00026157e-01  2.00251690e-01  2.00661447e-01 -5.47489848e-05 -7.07490922e-06 -4.30956372e-08 
 2.36035428e-05  2.00010910e-01  2.00288826e-01  2.00656041e-01 -5.19082504e-05 -7.21076018e-06 -4.42456891e-08 
 2.36035856e-05  1.99993238e-01  2.00353682e-01  2.00650195e-01 -4.77275740e-05 -7.32398081e-06 -4.44094551e-08 
 2.36036222e-05  1.99980624e-01  2.00420119e-01  2.00646222e-01 -4.39291634e-05 -7.37357131e-06 -4.35656253e-08 
 2.36036558e-05  1.99971487e-01  2.00485093e-01  2.00643503e-01 -4.04704147e-05 -7.38659625e-06 -4.21782964e-08 
 2.36036935e-05  1.99963844e-01  2.00557923e-01  2.00641527e-01 -3.68038258e-05 -7.37160808e-06 -4.01317752e-08 
 2.36037383e-05  1.99957919e-01  2.00639797e-01  2.00640590e-01 -3.28682248e-05 -7.32300911e-06 -3.72751447e-08 
 2.36037812e-05  1.99954800e-01  2.00710451e-01  2.00641008e-01 -2.96004474e-05 -7.25387561e-06 -3.43082716e-08 
 2.36038300e-05  1.99953501e-01  2.00779658e-01  2.00642823e-01 -2.64810683e-05 -7.15792221e-06 -3.08545860e-08 
 2.36038804e-05  1.99953893e-01  2.00839024e-01  2.00645948e-01 -2.38538829e-05 -7.04629882e-06 -2.73034565e-08 
 2.36039408e-05  1.99955898e-01  2.00895486e-01  2.00650990e-01 -2.13767826e-05 -6.90362361e-06 -2.31733229e-08 
 2.36040074e-05  1.99959313e-01  2.00942698e-01  2.00657778e-01 -1.93083122e-05 -6.74076220e-06 -1.88069617e-08 
 2.36040903e-05  1.99964615e-01  2.00985164e-01  2.00667437e-01 -1.74453123e-05 -6.53625687e-06 -1.36512605e-08 
 2.36041880e-05  1.99971717e-01  2.01019645e-01  2.00679889e-01 -1.59510378e-05 -6.29741241e-06 -7.91826753e-09 
 2.36043167e-05  1.99981914e-01  2.01050117e-01  2.00697202e-01 -1.47273661e-05 -5.99066962e-06 -8.24246228e-10 
 2.36044795e-05  1.99995608e-01  2.01076131e-01  2.00719649e-01 -1.39027083e-05 -5.61898379e-06  7.53403450e-09 
 2.36047001e-05  2.00014973e-01  2.01101708e-01  2.00750009e-01 -1.34342711e-05 -5.14713872e-06  1.79186848e-08 
 2.36048501e-05  2.00028417e-01  2.01116069e-01  2.00770323e-01 -1.33099130e-05 -4.84762987e-06  2.44106276e-08 
 2.36050000e-05  2.00041981e-01  2.01129294e-01  2.00790257e-01 -1.32499784e-05 -4.56482854e-06  3.04808431e-08 
 2.36050042e-05  2.00040595e-01  2.01122565e-01  2.00790798e-01 -1.43851294e-05 -4.55765292e-06  3.04149408e-08 
 2.36050126e-05  2.00039632e-01  2.01110814e-01  2.00791857e-01 -1.47398343e-05 -4.54331014e-06  3.02994966e-08 
 2.36050294e-05  2.00039891e-01  2.01093383e-01  2.00793868e-01 -1.48602293e-05 -4.51454673e-06  3.01070113e-08 
 2.36050630e-05  2.00039444e-01  2.01067739e-01  2.00797561e-01 -1.52374860e-05 -4.45690178e-06  2.97687025e-08 
 2.36051302e-05  2.00039677e-01  2.01032153e-01  2.00803989e-01 -1.55306273e-05 -4.34236428e-06  2.92176224e-08 
 2.36052646e-05  2.00039825e-01  2.00994207e-01  2.00814415e-01 -1.58120812e-05 -4.11995839e-06  2.83057447e-08 
 2.36054191e-05  2.00040599e-01  2.00979748e-01  2.00824156e-01 -1.57819046e-05 -3.87762650e-06  2.73539738e-08 
 2.36056860e-05  2.00041284e-01  2.00978194e-01  2.00838831e-01 -1.58242299e-05 -3.49172611e-06  2.57497538e-08 
 2.36060955e-05  2.00042723e-01  2.00989353e-01  2.00859253e-01 -1.57715402e-05 -2.97244504e-06  2.33934676e-08 
 2.36068504e-05  2.00044386e-01  2.01010134e-01  2.00893477e-01 -1.58175375e-05 -2.20548665e-06  1.94162236e-08 
 2.36083603e-05  2.00047147e-01  2.01040092e-01  2.00949880e-01 -1.57640984e-05 -1.19739542e-06  1.29742989e-08 
 2.36113801e-05  2.00049416e-01  2.01065725e-01  2.01019901e-01 -1.58013353e-05 -3.06358102e-07  5.13289746e-09 
 2.36167413e-05  2.00050702e-01  2.01041864e-01  2.01044574e-01 -1.57384918e-05  7.80290615e-09  4.30861473e-10 
 2.36230679e-05  2.00050545e-01  2.00963768e-01  2.00986697e-01 -1.57736270e-05 -8.24003637e-10 -4.03158487e-11 
 2.36339185e-05  2.00050678e-01  2.00827484e-01  2.00848257e-01 -1.57139223e-05  2.77430828e-10 -1.35048931e-11 
 2.36470656e-05  2.00050381e-01  2.00726540e-01  2.00730480e-01 -1.57542075e-05 -1.43852509e-10 -2.85421140e-11 
 2.36668195e-05  2.00050524e-01  2.00700989e-01  2.00687785e-01 -1.57020335e-05  7.48277135e-11  4.81856482e-12 
 2.36986329e-05  2.00050372e-01  2.00773551e-01  2.00755967e-01 -1.57468962e-05 -5.03517109e-11  4.49744972e-12 
 2.37510592e-05  2.00050655e-01  2.00831302e-01  2.00822465e-01 -1.56992308e-05  4.38876320e-11  4.44207393e-12 
 2.38107681e-05  2.00050454e-01  2.00808384e-01  2.00799096e-01 -1.57468296e-05 -3.87085513e-11 -3.72538366e-12 
 2.39102447e-05  2.00050684e-01  2.00828039e-01  2.00816377e-01 -1.56993604e-05  3.40404770e-11  5.66763205e-12 
 2.40102447e-05  2.00050531e-01  2.00841065e-01  2.00831870e-01 -1.57467384e-05 -3.09886116e-11 -2.45712348e-12 
 2.41102447e-05  2.00050752e-01  2.00836052e-01  2.00825484e-01 -1.56994253e-05  2.66222925e-11  3.76789686e-12 
 2.42102447e-05  2.00050593e-01  2.00846514e-01  2.00836451e-01 -1.57467158e-05 -2.44593475e-11 -1.06885795e-12 
 2.43102447e-05  2.00050822e-01  2.00843588e-01  2.00833705e-01 -1.56994280e-05  2.09266218e-11  2.84042082e-12 
 2.44102447e-05  2.00050654e-01  2.00845744e-01  2.00835456e-01 -1.57467248e-05 -1.95804510e-11 -6.69376392e-13 
 2.45102447e-05  2.00050887e-01  2.00846928e-01  2.00837052e-01 -1.56994202e-05  1.66523442e-11  2.68286288e-12 
 2.46102447e-05  2.00050718e-01  2.00845952e-01  2.00835806e-01 -1.57467287e-05 -1.57842888e-11 -6.25440888e-13 
 2.47102447e-05  2.00050950e-01  2.00847282e-01  2.00837271e-01 -1.56994218e-05  1.32100028e-11  2.61228365e-12 
 2.48102447e-05  2.00050782e-01  2.00846778e-01  2.00836732e-01 -1.57467240e-05 -1.26440340e-11 -5.07291691e-13 
 2.49102447e-05  2.00051013e-01  2.00847032e-01  2.00836981e-01 -1.56994282e-05  1.03375830e-11  2.44377364e-12 
 2.50102447e-05  2.00050846e-01  2.00847226e-01  2.00837183e-01 -1.57467176e-05 -1.00288768e-11 -3.20308070e-13 
 2.51102447e-05  2.00051077e-01  2.00847041e-01  2.00837009e-01 -1.56994339e-05  7.96678305e-12  2.25958808e-12 
 2.52102447e-05  2.00050909e-01  2.00847302e-01  2.00837238e-01 -1.57467127e-05 -7.88928883e-12 -1.55976252e-13 
 2.53102447e-05  2.00051140e-01  2.00847192e-01  2.00837175e-01 -1.56994383e-05  6.03958875e-12  2.11861231e-12 
 2.54102447e-05  2.00050973e-01  2.00847306e-01  2.00837236e-01 -1.57467085e-05 -6.15444306e-12 -3.68509476e-14 
 2.55051224e-05  2.00051202e-01  2.00847306e-01  2.00837289e-01 -1.56994425e-05  4.43855846e-12  2.01347045e-12 
 2.56000000e-05  2.00051033e-01  2.00847351e-01  2.00837285e-01 -1.57467040e-05 -4.67618110e-12  5.85253417e-14 
 2.56001335e-05  2.00036836e-01  2.00757240e-01  2.00832717e-01 -1.78326639e-05 -8.98354345e-09 -6.11100407e-09 
 2.56004006e-05  2.00013077e-01  2.00662574e-01  2.00819245e-01 -1.87140902e-05 -2.09829758e-08 -1.72903200e-08 
 2.56008608e-05  1.99974455e-01  2.00638120e-01  2.00789080e-01 -2.06256620e-05 -2.65208621e-08 -3.34441251e-08 
 2.56011615e-05  1.99951227e-01  2.00633770e-01  2.00770568e-01 -2.50904738e-05 -1.51874736e-08 -4.22784548e-08 
 2.56013640e-05  1.99937600e-01  2.00635925e-01  2.00759220e-01 -3.00251948e-05  6.96235815e-09 -4.73462943e-08 
 2.56016074e-05  1.99923397e-01  2.00640688e-01  2.00747064e-01 -3.83932418e-05  5.44259305e-08 -5.25155598e-08 
 2.56018001e-05  1.99914099e-01  2.00650127e-01  2.00738772e-01 -4.68413453e-05  1.14619025e-07 -5.57917529e-08 
 2.56019538e-05  1.99907807e-01  2.00660905e-01  2.00733209e-01 -5.47021010e-05  1.83697068e-07 -5.77742242e-08 
 2.56020806e-05  1.99903439e-01  2.00674528e-01  2.00729472e-01 -6.18232006e-05  2.61195738e-07 -5.88714182e-08 
 2.56021879e-05  1.99900094e-01  2.00689769e-01  2.00727063e-01 -6.82237896e-05  3.47432100e-07 -5.93002746e-08 
 2.56022807e-05  1.99897448e-01  2.00707754e-01  2.00725665e-01 -7.39073138e-05  4.43725918e-07 -5.91754487e-08 
 2.56023625e-05  1.99895022e-01  2.00728380e-01  2.00725097e-01 -7.89312349e-05  5.51713897e-07 -5.85538646e-08 
 2.56024365e-05  1.99892694e-01  2.00752735e-01  2.00725255e-01 -8.33348757e-05  6.74857039e-07 -5.74384483e-08 
 2.56025074e-05  1.99890154e-01  2.00782704e-01  2.00726163e-01 -8.73318232e-05  8.23304200e-07 -5.57235513e-08 
 2.56025921e-05  1.99887366e-01  2.00828267e-01  2.00728470e-01 -9.16947312e-05  1.04868430e-06 -5.26735188e-08 
 2.56026696e-05  1.99885806e-01  2.00878001e-01  2.00731970e-01 -9.53609818e-05  1.30486553e-06 -4.88828244e-08 
 2.56027832e-05  1.99886318e-01  2.00958017e-01  2.00739786e-01 -1.00347680e-04  1.76301472e-06 -4.17803230e-08 
 2.56028862e-05  1.99889752e-01  2.01032124e-01  2.00749695e-01 -1.04583963e-04  2.25557311e-06 -3.39883012e-08 
 2.56030023e-05  1.99896898e-01  2.01111342e-01  2.00763845e-01 -1.09016324e-04  2.88178033e-06 -2.40493745e-08 
 2.56031367e-05  1.99908885e-01  2.01192897e-01  2.00783648e-01 -1.13463527e-04  3.67992049e-06 -1.14441413e-08 
 2.56032616e-05  1.99923025e-01  2.01255131e-01  2.00804636e-01 -1.16345141e-04  4.46728612e-06  8.50537233e-10 
 2.56033606e-05  1.99935594e-01  2.01291298e-01  2.00822431e-01 -1.16747602e-04  5.10026862e-06  1.05604758e-08 
 2.56034313e-05  1.99944864e-01  2.01305871e-01  2.00835429e-01 -1.14469291e-04  5.54146383e-06  1.71506695e-08 
 2.56034875e-05  1.99951917e-01  2.01306333e-01  2.00845669e-01 -1.09919401e-04  5.87138616e-06  2.18788863e-08 
 2.56035436e-05  1.99958341e-01  2.01293020e-01  2.00855531e-01 -1.02862850e-04  6.16875108e-06  2.58592737e-08 
 2.56036121e-05  1.99964859e-01  2.01256232e-01  2.00866573e-01 -9.18356636e-05  6.47200070e-06  2.94166275e-08 
 2.56036790e-05  1.99969662e-01  2.01200275e-01  2.00875865e-01 -7.97452577e-05  6.69683582e-06  3.14040462e-08 
 2.56037654e-05  1.99973389e-01  2.01107174e-01  2.00884962e-01 -6.42778048e-05  6.87846908e-06  3.18619306e-08 
 2.56038769e-05  1.99974547e-01  2.00972149e-01  2.00891272e-01 -4.74070102e-05  6.95042696e-06  2.95600924e-08 
 2.56039596e-05  1.99973209e-01  2.00874140e-01  2.00891982e-01 -3.82009932e-05  6.90747145e-06  2.63119472e-08 
 2.56040356e-05  1.99970824e-01  2.00793607e-01  2.00889942e-01 -3.20731833e-05  6.81671249e-06  2.26430472e-08 
 2.56041273e-05  1.99966892e-01  2.00711907e-01  2.00884634e-01 -2.70001504e-05  6.66322909e-06  1.77476643e-08 
 2.56042123e-05  1.99962586e-01  2.00651676e-01  2.00877519e-01 -2.40375953e-05  6.49375025e-06  1.30223959e-08 
 2.56043135e-05  1.99956931e-01  2.00596928e-01  2.00867071e-01 -2.18936449e-05  6.27405052e-06  7.39151443e-09 
 2.56044156e-05  1.99950910e-01  2.00556658e-01  2.00855051e-01 -2.07094025e-05  6.04417937e-06  1.84356051e-09 
 2.56045428e-05  1.99943166e-01  2.00521281e-01  2.00838870e-01 -1.99575629e-05  5.75775644e-06 -4.77956733e-09 
 2.56046817e-05  1.99934595e-01  2.00494798e-01  2.00820448e-01 -1.96145788e-05  5.45291924e-06 -1.16058688e-08 
 2.56048409e-05  1.99924711e-01  2.00473240e-01  2.00799073e-01 -1.94638836e-05  5.11902287e-06 -1.89171463e-08 
 2.56050000e-05  1.99914834e-01  2.00456630e-01  2.00777839e-01 -1.94200524e-05  4.80354110e-06 -2.57148067e-08 
 2.56050027e-05  1.99915822e-01  2.00461129e-01  2.00777489e-01 -1.83345205e-05  4.79872737e-06 -2.56765329e-08 
 2.56050080e-05  1.99916612e-01  2.00469287e-01  2.00776799e-01 -1.79213795e-05  4.78914207e-06 -2.56086561e-08 
 2.56050187e-05  1.99916435e-01  2.00482177e-01  2.00775469e-01 -1.77051946e-05  4.77002846e-06 -2.54964409e-08 
 2.56050402e-05  1.99916625e-01  2.00501671e-01  2.00772963e-01 -1.72693175e-05  4.73176935e-06 -2.52968952e-08 
 2.56050771e-05  1.99916553e-01  2.00527036e-01  2.00769026e-01 -1.67540747e-05  4.66599649e-06 -2.50067164e-08 
 2.56051509e-05  1.99916669e-01  2.00561998e-01  2.00762200e-01 -1.61230290e-05  4.53566544e-06 -2.45474457e-08 
 2.56052986e-05  1.99916472e-01  2.00596343e-01  2.00751125e-01 -1.56984507e-05  4.28281887e-06 -2.38336579e-08 
 2.56055845e-05  1.99916266e-01  2.00608614e-01  2.00733954e-01 -1.55992537e-05  3.82876692e-06 -2.26115179e-08 
 2.56059062e-05  1.99915838e-01  2.00600225e-01  2.00717080e-01 -1.56204227e-05  3.37417875e-06 -2.12403026e-08 
 2.56064541e-05  1.99915427e-01  2.00584498e-01  2.00690465e-01 -1.56068413e-05  2.71919445e-06 -1.89353389e-08 
 2.56073077e-05  1.99914699e-01  2.00563977e-01  2.00653643e-01 -1.56184784e-05  1.93910719e-06 -1.55751930e-08 
 2.56090147e-05  1.99913894e-01  2.00536070e-01  2.00595791e-01 -1.56106919e-05  9.66068647e-07 -1.00551097e-08 
 2.56124289e-05  1.99912881e-01  2.00518262e-01  2.00531962e-01 -1.56289953e-05  1.90952493e-07 -3.51143021e-09 
 2.56179579e-05  1.99912489e-01  2.00550613e-01  2.00524032e-01 -1.56318441e-05 -7.81292215e-09 -2.20822836e-10 
 2.56249977e-05  1.99912301e-01  2.00631238e-01  2.00590532e-01 -1.56531461e-05  1.24394623e-09  4.31170895e-11 
 2.56370087e-05  1.99912443e-01  2.00753297e-01  2.00720030e-01 -1.56539195e-05 -4.85269271e-10  1.43181068e-11 
 2.56505445e-05  1.99912441e-01  2.00820467e-01  2.00803007e-01 -1.56693049e-05  2.34976790e-10  2.21163696e-11 
 2.56734440e-05  1.99912559e-01  2.00813265e-01  2.00809275e-01 -1.56635934e-05 -1.47414953e-10 -6.95384570e-12 
 2.57127797e-05  1.99912385e-01  2.00732835e-01  2.00727183e-01 -1.56751031e-05  1.07859470e-10 -7.98355197e-13 
 2.57563898e-05  1.99912435e-01  2.00717380e-01  2.00705452e-01 -1.56652183e-05 -8.78762195e-11 -6.69168768e-13 
 2.58000000e-05  1.99912379e-01  2.00735968e-01  2.00725523e-01 -1.56748531e-05  7.00669479e-11  4.50580594e-12 
 2.58000320e-05  1.99914657e-01  2.00754360e-01  2.00725761e-01 -1.41002435e-05  2.09756886e-09  4.74337733e-09 
 2.58000961e-05  1.99916899e-01  2.00781584e-01  2.00726576e-01 -1.34847997e-05  5.74515827e-09  1.41800947e-08 
 2.58002243e-05  1.99920896e-01  2.00810699e-01  2.00729551e-01 -1.31404285e-05  1.15652818e-08  3.21408094e-08 
 2.58004059e-05  1.99926763e-01  2.00828709e-01  2.00735166e-01 -1.30011111e-05  1.86374846e-08  5.59032127e-08 
 2.58007476e-05  1.99937465e-01  2.00836976e-01  2.00746379e-01 -1.30660578e-05  3.07886596e-08  9.64618435e-08 
 2.58011689e-05  1.99951001e-01  2.00838447e-01  2.00759014e-01 -1.31534525e-05  4.37892634e-08  1.40293574e-07 
 2.58013244e-05  1.99956076e-01  2.00837498e-01  2.00763173e-01 -1.34293426e-05  4.78720808e-08  1.55082927e-07 
 2.58015913e-05  1.99966293e-01  2.00832755e-01  2.00769447e-01 -1.50350681e-05  5.28948502e-08  1.78606714e-07 
 2.58017438e-05  1.99973712e-01  2.00824414e-01  2.00772354e-01 -1.75503165e-05  5.35742416e-08  1.90649304e-07 
 2.58018609e-05  1.99981007e-01  2.00812895e-01  2.00774013e-01 -2.08578871e-05  5.19404663e-08  1.98627694e-07 
 2.58019793e-05  1.99989717e-01  2.00794561e-01  2.00774924e-01 -2.59804791e-05  4.77509862e-08  2.05066900e-07 
 2.58021072e-05  2.00000828e-01  2.00766867e-01  2.00774712e-01 -3.33494465e-05  3.99252726e-08  2.09534087e-07 
 2.58022518e-05  2.00014443e-01  2.00724666e-01  2.00772520e-01 -4.36239158e-05  2.66886768e-08  2.10696220e-07 
 2.58023865e-05  2.00027327e-01  2.00674836e-01  2.00768174e-01 -5.36879676e-05  1.00519970e-08  2.07260239e-07 
 2.58025104e-05  2.00038036e-01  2.00618224e-01  2.00761805e-01 -6.21190755e-05 -9.31146048e-09  1.99440829e-07 
 2.58026231e-05  2.00046241e-01  2.00555512e-01  2.00753651e-01 -6.78317578e-05 -3.09473570e-08  1.87620233e-07 
 2.58027481e-05  2.00052655e-01  2.00472938e-01  2.00741488e-01 -7.19426341e-05 -5.94699894e-08  1.68507198e-07 
 2.58028674e-05  2.00056137e-01  2.00387626e-01  2.00726515e-01 -7.51995388e-05 -8.92619218e-08  1.44454307e-07 
 2.58029845e-05  2.00056918e-01  2.00307120e-01  2.00708692e-01 -7.83396828e-05 -1.18109402e-07  1.16231350e-07 
 2.58031058e-05  2.00055312e-01  2.00233443e-01  2.00687448e-01 -8.10941128e-05 -1.45570166e-07  8.33554248e-08 
 2.58032204e-05  2.00051321e-01  2.00175873e-01  2.00665368e-01 -8.32029186e-05 -1.68155909e-07  4.99582220e-08 
 2.58033077e-05  2.00046422e-01  2.00142194e-01  2.00647641e-01 -8.41563990e-05 -1.82333932e-07  2.37112385e-08 
 2.58033608e-05  2.00041964e-01  2.00127932e-01  2.00636662e-01 -8.43494848e-05 -1.88981631e-07  7.80842055e-09 
 2.58033931e-05  2.00038230e-01  2.00123001e-01  2.00629969e-01 -8.40966166e-05 -1.91796891e-07 -1.65501432e-09 
 2.58034229e-05  2.00033317e-01  2.00122732e-01  2.00623854e-01 -8.35132742e-05 -1.92950121e-07 -9.99660050e-09 
 2.58034497e-05  2.00027004e-01  2.00128100e-01  2.00618417e-01 -8.24007281e-05 -1.92090321e-07 -1.69827204e-08 
 2.58034775e-05  2.00018193e-01  2.00141911e-01  2.00612975e-01 -8.05456097e-05 -1.88428021e-07 -2.32993499e-08 
 2.58035121e-05  2.00005110e-01  2.00173784e-01  2.00606569e-01 -7.70646322e-05 -1.79047012e-07 -2.94733988e-08 
 2.58035452e-05  1.99992154e-01  2.00219065e-01  2.00601041e-01 -7.27810531e-05 -1.65241980e-07 -3.33584949e-08 
 2.58035952e-05  1.99974484e-01  2.00306806e-01  2.00594152e-01 -6.51794792e-05 -1.37884153e-07 -3.56292093e-08 
 2.58036249e-05  1.99965769e-01  2.00365463e-01  2.00590990e-01 -6.03956863e-05 -1.19309811e-07 -3.51343874e-08 
 2.58036585e-05  1.99957707e-01  2.00432548e-01  2.00588294e-01 -5.50310239e-05 -9.78164844e-08 -3.32608701e-08 
 2.58036987e-05  1.99950276e-01  2.00509545e-01  2.00586261e-01 -4.89857079e-05 -7.28089197e-08 -2.95852836e-08 
 2.58037419e-05  1.99944671e-01  2.00584485e-01  2.00585416e-01 -4.31260279e-05 -4.81037684e-08 -2.43676494e-08 
 2.58037867e-05  1.99940818e-01  2.00651324e-01  2.00585815e-01 -3.78968717e-05 -2.57088667e-08 -1.80491940e-08 
 2.58038352e-05  1.99938304e-01  2.00710919e-01  2.00587452e-01 -3.31654284e-05 -5.39293846e-09 -1.05783976e-08 
 2.58038889e-05  1.99936847e-01  2.00762833e-01  2.00590415e-01 -2.89666899e-05  1.26415314e-08 -1.89803969e-09 
 2.58039506e-05  1.99936327e-01  2.00807321e-01  2.00594917e-01 -2.52491617e-05  2.84136911e-08  8.27106021e-09 
 2.58040223e-05  1.99936643e-01  2.00843770e-01  2.00601156e-01 -2.20968471e-05  4.16061827e-08  2.00876345e-08 
 2.58041085e-05  1.99937833e-01  2.00872941e-01  2.00609533e-01 -1.94760561e-05  5.23474916e-08  3.40680192e-08 
 2.58042140e-05  1.99939968e-01  2.00895705e-01  2.00620478e-01 -1.74294495e-05  6.07581686e-08  5.07104838e-08 
 2.58043479e-05  1.99943346e-01  2.00914068e-01  2.00634789e-01 -1.59251079e-05  6.73417556e-08  7.09962117e-08 
 2.58045196e-05  1.99948289e-01  2.00930106e-01  2.00653201e-01 -1.49790387e-05  7.26366052e-08  9.56756162e-08 
 2.58047407e-05  1.99955192e-01  2.00945897e-01  2.00676465e-01 -1.44910294e-05  7.72826974e-08  1.25372268e-07 
 2.58050000e-05  1.99963555e-01  2.00961489e-01  2.00702815e-01 -1.43202675e-05  8.14464859e-08  1.57580288e-07 
 2.58050072e-05  1.99962371e-01  2.00956353e-01  2.00703517e-01 -1.54521491e-05  8.10643684e-08  1.57111162e-07 
 2.58050217e-05  1.99961755e-01  2.00947777e-01  2.00704892e-01 -1.56848663e-05  8.03380425e-08  1.55877222e-07 
 2.58050506e-05  1.99961838e-01  2.00935814e-01  2.00707500e-01 -1.56607885e-05  7.90769345e-08  1.53225245e-07 
 2.58051084e-05  1.99961396e-01  2.00918798e-01  2.00712297e-01 -1.58179028e-05  7.69894588e-08  1.48325332e-07 
 2.58052241e-05  1.99961604e-01  2.00899618e-01  2.00720746e-01 -1.57690844e-05  7.34954815e-08  1.39043563e-07 
 2.58053629e-05  1.99961516e-01  2.00891671e-01  2.00729655e-01 -1.58305643e-05  6.96603169e-08  1.28900057e-07 
 2.58055940e-05  1.99961930e-01  2.00892644e-01  2.00743124e-01 -1.57558886e-05  6.36390709e-08  1.13741934e-07 
 2.58059899e-05  1.99962060e-01  2.00905042e-01  2.00764504e-01 -1.58200534e-05  5.44548581e-08  9.23509898e-08 
 2.58067819e-05  1.99962831e-01  2.00931151e-01  2.00803761e-01 -1.57514901e-05  3.98095940e-08  6.20221526e-08 
 2.58083657e-05  1.99963480e-01  2.00970927e-01  2.00869790e-01 -1.58110093e-05  2.09777188e-08  3.07912236e-08 
 2.58115335e-05  1.99964633e-01  2.01013937e-01  2.00957128e-01 -1.57356337e-05  4.98821318e-09  1.24514220e-08 
 2.58170218e-05  1.99965039e-01  2.01016866e-01  2.01007597e-01 -1.57867756e-05 -1.12602465e-10  7.64627901e-09 
 2.58236627e-05  1.99965387e-01  2.00966239e-01  2.00977825e-01 -1.57111026e-05  2.77036627e-11  4.07807551e-09 
 2.58357092e-05  1.99965187e-01  2.00860303e-01  2.00872388e-01 -1.57655022e-05 -2.60637696e-11  1.18803727e-09 
 2.58490122e-05  1.99965310e-01  2.00786857e-01  2.00786842e-01 -1.56957602e-05 -5.06234009e-12  2.34155494e-10 
 2.58708358e-05  1.99965071e-01  2.00763488e-01  2.00751518e-01 -1.57570320e-05 -2.98482268e-12  7.17588440e-12 
 2.59058961e-05  1.99965315e-01  2.00803443e-01  2.00789866e-01 -1.56907251e-05  4.03861905e-12 -5.24418356e-12 
 2.59673836e-05  1.99965172e-01  2.00810691e-01  2.00803111e-01 -1.57553963e-05 -3.12204581e-12  2.34793215e-11 
 2.60415999e-05  1.99965339e-01  2.00774024e-01  2.00764151e-01 -1.56908077e-05  5.19466848e-13 -1.89130433e-11 
 2.61415999e-05  1.99965163e-01  2.00778760e-01  2.00768347e-01 -1.57554021e-05 -1.18631320e-12  2.61085799e-11 
 2.62415999e-05  1.99965374e-01  2.00769941e-01  2.00760662e-01 -1.56907581e-05  7.83613625e-14 -1.66405318e-11 
 2.63415999e-05  1.99965184e-01  2.00764271e-01  2.00753816e-01 -1.57554393e-05 -1.15552489e-12  2.33441854e-11 
 2.64415999e-05  1.99965402e-01  2.00767030e-01  2.00757238e-01 -1.56907335e-05  2.77433892e-13 -1.43487252e-11 
 2.65415999e-05  1.99965216e-01  2.00762124e-01  2.00752098e-01 -1.57554440e-05 -1.26910006e-12  2.21908734e-11 
 2.66415999e-05  1.99965429e-01  2.00763728e-01  2.00753604e-01 -1.56907387e-05  2.85350519e-13 -1.40291457e-11 
 2.67415999e-05  1.99965249e-01  2.00762732e-01  2.00752821e-01 -1.57554331e-05 -1.15210554e-12  2.24006986e-11 
 2.68415999e-05  1.99965459e-01  2.00762256e-01  2.00752127e-01 -1.56907491e-05  1.14675196e-13 -1.43638825e-11 
 2.69415999e-05  1.99965280e-01  2.00762761e-01  2.00752782e-01 -1.57554245e-05 -9.66729734e-13  2.26729639e-11 
 2.70415999e-05  1.99965490e-01  2.00762172e-01  2.00752110e-01 -1.56907551e-05 -4.72887788e-14 -1.44833089e-11 
 2.71415999e-05  1.99965310e-01  2.00762443e-01  2.00752415e-01 -1.57554202e-05 -8.35487712e-13  2.26673757e-11 
 2.72415999e-05  1.99965522e-01  2.00762367e-01  2.00752325e-01 -1.56907586e-05 -1.48238626e-13 -1.44023121e-11 
 2.73415999e-05  1.99965341e-01  2.00762292e-01  2.00752263e-01 -1.57554166e-05 -7.54991122e-13  2.25666134e-11 
 2.74415999e-05  1.99965553e-01  2.00762430e-01  2.00752378e-01 -1.56907625e-05 -2.16081493e-13 -1.43126174e-11 
 2.75415999e-05  1.99965372e-01  2.00762318e-01  2.00752299e-01 -1.57554124e-05 -6.93529869e-13  2.25010732e-11 
 2.76415999e-05  1.99965584e-01  2.00762420e-01  2.00752361e-01 -1.56907669e-05 -2.73647858e-13 -1.42686421e-11 
 2.77208000e-05  1.99965400e-01  2.00762379e-01  2.00752362e-01 -1.57554072e-05 -6.32571686e-13  2.24747352e-11 
 2.78000000e-05  1.99965609e-01  2.00762418e-01  2.00752360e-01 -1.56907728e-05 -3.36120021e-13 -1.42479104e-11 
 2.78001116e-05  1.99960054e-01  2.00721202e-01  2.00750600e-01 -1.71620845e-05 -5.73256746e-09 -2.21149216e-08 
 2.78003347e-05  1.99952609e-01  2.00675024e-01  2.00745257e-01 -1.74717714e-05 -1.55492666e-08 -6.46834996e-08 
 2.78007811e-05  1.99939677e-01  2.00661501e-01  2.00730993e-01 -1.88793720e-05 -3.12525402e-08 -1.39137883e-07 
 2.78011920e-05  1.99930475e-01  2.00668346e-01  2.00719433e-01 -2.44507095e-05 -4.26790489e-08 -1.96160865e-07 
 2.78014188e-05  1.99927621e-01  2.00676833e-01  2.00714496e-01 -3.01949948e-05 -4.71128048e-08 -2.22696835e-07 
 2.78016407e-05  1.99926392e-01  2.00688168e-01  2.00710924e-01 -3.79907242e-05 -5.03181375e-08 -2.44996998e-07 
 2.78018275e-05  1.99926611e-01  2.00702287e-01  2.00709070e-01 -4.60940532e-05 -5.17488315e-08 -2.60658514e-07 
 2.78019752e-05  1.99927316e-01  2.00716913e-01  2.00708525e-01 -5.34382989e-05 -5.16123055e-08 -2.70644868e-07 
 2.78020969e-05  1.99928201e-01  2.00733219e-01  2.00708834e-01 -5.99367109e-05 -5.02083227e-08 -2.76966596e-07 
 2.78022006e-05  1.99928845e-01  2.00750967e-01  2.00709778e-01 -6.56932718e-05 -4.76265204e-08 -2.80628437e-07 
 2.78022908e-05  1.99929212e-01  2.00771045e-01  2.00711237e-01 -7.06658884e-05 -4.38477368e-08 -2.82212993e-07 
 2.78023703e-05  1.99929023e-01  2.00793676e-01  2.00713151e-01 -7.49027236e-05 -3.87892013e-08 -2.82006630e-07 
 2.78024426e-05  1.99928282e-01  2.00819986e-01  2.00715533e-01 -7.84109357e-05 -3.22254152e-08 -2.80177952e-07 
 2.78025126e-05  1.99926801e-01  2.00852259e-01  2.00718586e-01 -8.13636001e-05 -2.35022434e-08 -2.76503211e-07 
 2.78025949e-05  1.99924634e-01  2.00899619e-01  2.00723362e-01 -8.41464386e-05 -9.96096096e-09 -2.69371079e-07 
 2.78026730e-05  1.99922842e-01  2.00951892e-01  2.00729273e-01 -8.62362773e-05  5.57190372e-09 -2.59658315e-07 
 2.78027898e-05  1.99921641e-01  2.01035708e-01  2.00740898e-01 -8.87889560e-05  3.12945325e-08 -2.40078792e-07 
 2.78028898e-05  1.99922126e-01  2.01106914e-01  2.00753456e-01 -9.06914089e-05  5.38079956e-08 -2.19022976e-07 
 2.78030045e-05  1.99924384e-01  2.01182849e-01  2.00770569e-01 -9.26996699e-05  7.84872238e-08 -1.90774115e-07 
 2.78031372e-05  1.99928854e-01  2.01259253e-01  2.00793329e-01 -9.46542825e-05  1.04214954e-07 -1.53840252e-07 
 2.78032697e-05  1.99934977e-01  2.01319842e-01  2.00818446e-01 -9.56358818e-05  1.25727399e-07 -1.13871419e-07 
 2.78033668e-05  1.99940088e-01  2.01350184e-01  2.00837736e-01 -9.46868254e-05  1.37560551e-07 -8.39056139e-08 
 2.78034318e-05  1.99943558e-01  2.01359634e-01  2.00850751e-01 -9.18778894e-05  1.42338208e-07 -6.43709153e-08 
 2.78034865e-05  1.99946208e-01  2.01356346e-01  2.00861510e-01 -8.72681292e-05  1.43066132e-07 -4.90150676e-08 
 2.78035438e-05  1.99948561e-01  2.01338155e-01  2.00872292e-01 -8.03958720e-05  1.39491691e-07 -3.47512062e-08 
 2.78036129e-05  1.99950592e-01  2.01295160e-01  2.00884134e-01 -7.03873693e-05  1.28920068e-07 -2.08238171e-08 
 2.78036812e-05  1.99951724e-01  2.01233257e-01  2.00894113e-01 -5.98958576e-05  1.12599421e-07 -1.10015449e-08 
 2.78037693e-05  1.99951913e-01  2.01135517e-01  2.00903815e-01 -4.72683908e-05  8.59052370e-08 -4.12240212e-09 
 2.78038920e-05  1.99950350e-01  2.00991440e-01  2.00910982e-01 -3.37321764e-05  4.55287762e-08 -3.80057837e-09 
 2.78039757e-05  1.99948396e-01  2.00901235e-01  2.00911815e-01 -2.77909964e-05  1.97873578e-08 -8.36520469e-09 
 2.78040514e-05  1.99946294e-01  2.00831910e-01  2.00910165e-01 -2.42057126e-05 -2.29833050e-10 -1.46616984e-08 
 2.78041415e-05  1.99943525e-01  2.00765773e-01  2.00905868e-01 -2.14945303e-05 -1.95286154e-08 -2.38294084e-08 
 2.78042287e-05  1.99940716e-01  2.00717192e-01  2.00899884e-01 -1.99981847e-05 -3.38531517e-08 -3.37359103e-08 
 2.78043316e-05  1.99937311e-01  2.00675716e-01  2.00891275e-01 -1.90437627e-05 -4.62091621e-08 -4.59859672e-08 
 2.78044382e-05  1.99933767e-01  2.00646110e-01  2.00881238e-01 -1.85887536e-05 -5.51174814e-08 -5.88224526e-08 
 2.78045696e-05  1.99929389e-01  2.00621807e-01  2.00868067e-01 -1.83548106e-05 -6.24971894e-08 -7.43660854e-08 
 2.78047164e-05  1.99924522e-01  2.00604068e-01  2.00852933e-01 -1.82845335e-05 -6.79166388e-08 -9.10894721e-08 
 2.78048582e-05  1.99919836e-01  2.00592028e-01  2.00838323e-01 -1.82668853e-05 -7.15973426e-08 -1.06438064e-07 
 2.78050000e-05  1.99915177e-01  2.00582483e-01  2.00823923e-01 -1.82714100e-05 -7.44982613e-08 -1.20979737e-07 
 2.78050023e-05  1.99915870e-01  2.00584361e-01  2.00823694e-01 -1.72648416e-05 -7.43807210e-08 -1.20899701e-07 
 2.78050069e-05  1.99916477e-01  2.00587837e-01  2.00823238e-01 -1.69278726e-05 -7.41433045e-08 -1.20695978e-07 
 2.78050161e-05  1.99916379e-01  2.00593488e-01  2.00822347e-01 -1.67955293e-05 -7.36819022e-08 -1.20204082e-07 
 2.78050345e-05  1.99916469e-01  2.00602171e-01  2.00820627e-01 -1.65716866e-05 -7.28386216e-08 -1.19247154e-07 
 2.78050668e-05  1.99916421e-01  2.00614046e-01  2.00817766e-01 -1.62792262e-05 -7.15373275e-08 -1.17614999e-07 
 2.78051316e-05  1.99916451e-01  2.00630903e-01  2.00812519e-01 -1.59226717e-05 -6.93943128e-08 -1.14503866e-07 
 2.78052610e-05  1.99916306e-01  2.00648002e-01  2.00803280e-01 -1.56541718e-05 -6.59329574e-08 -1.08697392e-07 
 2.78055198e-05  1.99916110e-01  2.00652741e-01  2.00787241e-01 -1.55985336e-05 -5.98725915e-08 -9.81561048e-08 
 2.78058498e-05  1.99915778e-01  2.00642671e-01  2.00768716e-01 -1.56144918e-05 -5.27053473e-08 -8.62488676e-08 
 2.78063768e-05  1.99915416e-01  2.00624783e-01  2.00741062e-01 -1.56138043e-05 -4.28316258e-08 -7.01361747e-08 
 2.78072800e-05  1.99914803e-01  2.00598241e-01  2.00698346e-01 -1.56171291e-05 -2.99691522e-08 -4.91000736e-08 
 2.78090865e-05  1.99914045e-01  2.00559475e-01  2.00629594e-01 -1.56231669e-05 -1.43399235e-08 -2.35258736e-08 
 2.78126995e-05  1.99913177e-01  2.00522882e-01  2.00547002e-01 -1.56326472e-05 -2.52747575e-09 -4.14851057e-09 
 2.78187449e-05  1.99912777e-01  2.00530128e-01  2.00513590e-01 -1.56457537e-05  1.58824846e-10  2.71247455e-10 
 2.78267903e-05  1.99912646e-01  2.00586904e-01  2.00556636e-01 -1.56548573e-05 -4.61946312e-11 -6.85440866e-11 
 2.78409783e-05  1.99912732e-01  2.00675960e-01  2.00652414e-01 -1.56639966e-05  3.40788569e-11  5.56763474e-11 
 2.78550055e-05  1.99912744e-01  2.00711809e-01  2.00698765e-01 -1.56664130e-05 -8.40196684e-12 -9.40786094e-12 
 2.78823808e-05  1.99912788e-01  2.00698051e-01  2.00692220e-01 -1.56699142e-05  5.51800316e-12  9.17487950e-12 
 2.79248095e-05  1.99912693e-01  2.00661258e-01  2.00651786e-01 -1.56697123e-05 -8.24133188e-12 -9.98734878e-12 
 2.79624047e-05  1.99912736e-01  2.00673950e-01  2.00661998e-01 -1.56704957e-05  5.90865811e-12  9.64907407e-12 
 2.80000000e-05  1.99912721e-01  2.00691146e-01  2.00680562e-01 -1.56695257e-05 -4.38431019e-12 -3.56912817e-12 
 2.80000258e-05  1.99915922e-01  2.00722319e-01  2.00680886e-01 -1.39214342e-05  3.06642834e-09  1.31217969e-09 
 2.80000773e-05  1.99919402e-01  2.00768787e-01  2.00682000e-01 -1.30062953e-05  8.52014774e-09  3.82421470e-09 
 2.80001804e-05  1.99925626e-01  2.00821683e-01  2.00686169e-01 -1.23043170e-05  1.61929267e-08  8.45194040e-09 
 2.80003286e-05  1.99934878e-01  2.00862400e-01  2.00694567e-01 -1.19479863e-05  2.35952653e-08  1.45906610e-08 
 2.80006251e-05  1.99952849e-01  2.00892209e-01  2.00713902e-01 -1.19573563e-05  3.46308392e-08  2.57373269e-08 
 2.80009537e-05  1.99973255e-01  2.00905893e-01  2.00735499e-01 -1.19305177e-05  4.46716586e-08  3.66607095e-08 
 2.80013929e-05  2.00001249e-01  2.00917816e-01  2.00762363e-01 -1.25749788e-05  5.05886971e-08  4.91132038e-08 
 2.80014980e-05  2.00008721e-01  2.00920125e-01  2.00768393e-01 -1.29367824e-05  4.83574575e-08  5.17056966e-08 
 2.80017080e-05  2.00024873e-01  2.00917850e-01  2.00779725e-01 -1.53310256e-05  2.26238300e-08  5.61201252e-08 
 2.80018590e-05  2.00038882e-01  2.00909499e-01  2.00786991e-01 -1.88390834e-05 -2.76358510e-08  5.83941276e-08 
 2.80019830e-05  2.00051740e-01  2.00894718e-01  2.00792078e-01 -2.35397395e-05 -1.04803703e-07  5.93836078e-08 
 2.80021086e-05  2.00066134e-01  2.00871894e-01  2.00796056e-01 -2.98500853e-05 -2.29875231e-07  5.93333730e-08 
 2.80022537e-05  2.00082954e-01  2.00834293e-01  2.00798707e-01 -3.87207393e-05 -4.49363704e-07  5.76839979e-08 
 2.80023882e-05  2.00097825e-01  2.00788622e-01  2.00798849e-01 -4.70699328e-05 -7.38952809e-07  5.44036401e-08 
 2.80025124e-05  2.00109257e-01  2.00735214e-01  2.00796572e-01 -5.36212372e-05 -1.09501719e-06  4.96173837e-08 
 2.80026244e-05  2.00116961e-01  2.00675688e-01  2.00792141e-01 -5.72509788e-05 -1.50352978e-06  4.35964974e-08 
 2.80027495e-05  2.00121266e-01  2.00595353e-01  2.00784002e-01 -5.86983673e-05 -2.07297256e-06  3.47121649e-08 
 2.80028694e-05  2.00121107e-01  2.00510406e-01  2.00772713e-01 -5.92048671e-05 -2.72879605e-06  2.41936883e-08 
 2.80029706e-05  2.00117532e-01  2.00439359e-01  2.00760493e-01 -5.96876278e-05 -3.35552063e-06  1.40836947e-08 
 2.80030688e-05  2.00111520e-01  2.00375560e-01  2.00746509e-01 -5.99958603e-05 -4.01355963e-06  3.50909317e-09 
 2.80031762e-05  2.00101933e-01  2.00314085e-01  2.00729195e-01 -6.02740225e-05 -4.77487454e-06 -8.62939816e-09 
 2.80032800e-05  2.00089892e-01  2.00265412e-01  2.00710903e-01 -6.02071085e-05 -5.53583398e-06 -2.06129539e-08 
 2.80033521e-05  2.00079243e-01  2.00240133e-01  2.00697588e-01 -5.99182296e-05 -6.06645955e-06 -2.88356440e-08 
 2.80033922e-05  2.00071991e-01  2.00230809e-01  2.00690076e-01 -5.94668716e-05 -6.35602698e-06 -3.32396212e-08 
 2.80034219e-05  2.00065227e-01  2.00227601e-01  2.00684517e-01 -5.89467602e-05 -6.56333708e-06 -3.63230605e-08 
 2.80034487e-05  2.00057550e-01  2.00229120e-01  2.00679560e-01 -5.81306909e-05 -6.74018454e-06 -3.88640266e-08 
 2.80034758e-05  2.00047595e-01  2.00237189e-01  2.00674630e-01 -5.69111359e-05 -6.90446067e-06 -4.10818632e-08 
 2.80035071e-05  2.00034168e-01  2.00257398e-01  2.00669197e-01 -5.48761993e-05 -7.06678139e-06 -4.30032498e-08 
 2.80035409e-05  2.00018900e-01  2.00293739e-01  2.00663762e-01 -5.20732425e-05 -7.20465726e-06 -4.42012028e-08 
 2.80035828e-05  2.00001452e-01  2.00356345e-01  2.00657974e-01 -4.79988158e-05 -7.31864456e-06 -4.44297468e-08 
 2.80036222e-05  1.99987740e-01  2.00427511e-01  2.00653654e-01 -4.39197307e-05 -7.37370110e-06 -4.35552307e-08 
 2.80036568e-05  1.99978352e-01  2.00494439e-01  2.00650867e-01 -4.03549940e-05 -7.38658866e-06 -4.21173456e-08 
 2.80036945e-05  1.99970780e-01  2.00567104e-01  2.00648923e-01 -3.67071018e-05 -7.37078574e-06 -4.00609486e-08 
 2.80037393e-05  1.99964902e-01  2.00648794e-01  2.00648017e-01 -3.27796001e-05 -7.32149225e-06 -3.71960939e-08 
 2.80037822e-05  1.99961815e-01  2.00719147e-01  2.00648458e-01 -2.95321446e-05 -7.25199493e-06 -3.42291819e-08 
 2.80038311e-05  1.99960522e-01  2.00788332e-01  2.00650304e-01 -2.64107687e-05 -7.15533897e-06 -3.07618975e-08 
 2.80038816e-05  1.99960918e-01  2.00847493e-01  2.00653456e-01 -2.37968539e-05 -7.04328510e-06 -2.72061518e-08 
 2.80039422e-05  1.99962920e-01  2.00903846e-01  2.00658542e-01 -2.13205115e-05 -6.89981876e-06 -2.30615626e-08 
 2.80040091e-05  1.99966324e-01  2.00950843e-01  2.00665368e-01 -1.92643158e-05 -6.73638818e-06 -1.86871588e-08 
 2.80040924e-05  1.99971614e-01  2.00993164e-01  2.00675094e-01 -1.74035647e-05 -6.53079385e-06 -1.35108122e-08 
 2.80041906e-05  1.99978698e-01  2.01027471e-01  2.00687616e-01 -1.59205593e-05 -6.29089274e-06 -7.75828906e-09 
 2.80043201e-05  1.99988881e-01  2.01057832e-01  2.00705045e-01 -1.47012014e-05 -5.98233937e-06 -6.27772041e-10 
 2.80044840e-05  2.00002559e-01  2.01083762e-01  2.00727621e-01 -1.38889967e-05 -5.60873538e-06  7.76897141e-09 
 2.80047061e-05  2.00021891e-01  2.01109312e-01  2.00758140e-01 -1.34257426e-05 -5.13473203e-06  1.81964641e-08 
 2.80048530e-05  2.00034962e-01  2.01123324e-01  2.00778022e-01 -1.33097698e-05 -4.84167406e-06  2.45467026e-08 
 2.80050000e-05  2.00048143e-01  2.01136259e-01  2.00797539e-01 -1.32485108e-05 -4.56465705e-06  3.04922769e-08 
 2.80050042e-05  2.00046755e-01  2.01129530e-01  2.00798079e-01 -1.43849645e-05 -4.55748182e-06  3.04263806e-08 
 2.80050126e-05  2.00045786e-01  2.01117778e-01  2.00799137e-01 -1.47400446e-05 -4.54313965e-06  3.03109333e-08 
 2.80050294e-05  2.00046031e-01  2.01100345e-01  2.00801145e-01 -1.48601135e-05 -4.51437743e-06  3.01184372e-08 
 2.80050630e-05  2.00045560e-01  2.01074697e-01  2.00804835e-01 -1.52376728e-05 -4.45673479e-06  2.97801117e-08 
 2.80051302e-05  2.00045743e-01  2.01039104e-01  2.00811254e-01 -1.55305190e-05 -4.34220172e-06  2.92289929e-08 
 2.80052646e-05  2.00045795e-01  2.01001143e-01  2.00821663e-01 -1.58122571e-05 -4.11980424e-06  2.83170317e-08 
 2.80054191e-05  2.00046463e-01  2.00986669e-01  2.00831385e-01 -1.57817945e-05 -3.87749422e-06  2.73651927e-08 
 2.80056860e-05  2.00046978e-01  2.00985086e-01  2.00846026e-01 -1.58244026e-05 -3.49160702e-06  2.57607229e-08 
 2.80060954e-05  2.00048181e-01  2.00996202e-01  2.00866399e-01 -1.57714321e-05 -2.97235079e-06  2.34039965e-08 
 2.80068504e-05  2.00049481e-01  2.01016906e-01  2.00900535e-01 -1.58177095e-05 -2.20542171e-06  1.94257358e-08 
 2.80083603e-05  2.00051729e-01  2.01046719e-01  2.00956771e-01 -1.57639908e-05 -1.19736599e-06  1.29815740e-08 
 2.80113800e-05  2.00053472e-01  2.01072086e-01  2.01026493e-01 -1.58015051e-05 -3.06354850e-07  5.13644960e-09 
 2.80167414e-05  2.00054495e-01  2.01047830e-01  2.01050722e-01 -1.57383774e-05  7.80538285e-09  4.31210807e-10 
 2.80230680e-05  2.00054316e-01  2.00969374e-01  2.00992440e-01 -1.57737864e-05 -8.24417271e-10 -4.04952757e-11 
 2.80339187e-05  2.00054449e-01  2.00832679e-01  2.00853530e-01 -1.57137960e-05  2.77492439e-10 -1.35963904e-11 
 2.80470673e-05  2.00054151e-01  2.00731493e-01  2.00735460e-01 -1.57543539e-05 -1.43943407e-10 -2.85854911e-11 
 2.80668224e-05  2.00054294e-01  2.00705879e-01  2.00692670e-01 -1.57018962e-05  7.48750944e-11  4.82229962e-12 
 2.80986401e-05  2.00054143e-01  2.00778466e-01  2.00760883e-01 -1.57470349e-05 -5.03810162e-11  4.50525874e-12 
 2.81509910e-05  2.00054425e-01  2.00835943e-01  2.00827121e-01 -1.56990912e-05  4.38994401e-11  4.43333559e-12 
 2.82106760e-05  2.00054224e-01  2.00812732e-01  2.00803456e-01 -1.57469688e-05 -3.87255310e-11 -3.73422338e-12 
 2.83100164e-05  2.00054454e-01  2.00832112e-01  2.00820452e-01 -1.56992208e-05  3.40461680e-11  5.66581748e-12 
 2.84100164e-05  2.00054301e-01  2.00845021e-01  2.00835829e-01 -1.57468773e-05 -3.09955490e-11 -2.45845461e-12 
 2.85100164e-05  2.00054522e-01  2.00839903e-01  2.00829336e-01 -1.56992855e-05  2.66269168e-11  3.76543143e-12 
 2.86100164e-05  2.00054363e-01  2.00850325e-01  2.00840263e-01 -1.57468547e-05 -2.44644637e-11 -1.06781771e-12 
 2.87100164e-05  2.00054592e-01  2.00847369e-01  2.00837487e-01 -1.56992882e-05  2.09311628e-11  2.83860229e-12 
 2.88100164e-05  2.00054424e-01  2.00849506e-01  2.00839218e-01 -1.57468637e-05 -1.95852984e-11 -6.68436985e-13 
 2.89100164e-05  2.00054657e-01  2.00850684e-01  2.00840808e-01 -1.56992804e-05  1.66570503e-11  2.68186965e-12 
 2.90100164e-05  2.00054488e-01  2.00849699e-01  2.00839553e-01 -1.57468676e-05 -1.57890428e-11 -6.24792915e-13 
 2.91100164e-05  2.00054720e-01  2.00851028e-01  2.00841016e-01 -1.56992820e-05  1.32146258e-11  2.61157713e-12 
 2.92100164e-05  2.00054552e-01  2.00850522e-01  2.00840476e-01 -1.57468628e-05 -1.26485584e-11 -5.06630545e-13 
 2.93100164e-05  2.00054783e-01  2.00850774e-01  2.00840723e-01 -1.56992884e-05  1.03419812e-11  2.44303801e-12 
 2.94100164e-05  2.00054616e-01  2.00850968e-01  2.00840924e-01 -1.57468565e-05 -1.00331570e-11 -3.19557531e-13 
 2.95100164e-05  2.00054847e-01  2.00850782e-01  2.00840750e-01 -1.56992941e-05  7.97097978e-12  2.25880821e-12 
 2.96100164e-05  2.00054679e-01  2.00851043e-01  2.00840979e-01 -1.57468515e-05 -7.89339731e-12 -1.55198445e-13 
 2.97100164e-05  2.00054910e-01  2.00850933e-01  2.00840916e-01 -1.56992985e-05  6.04364930e-12  2.11783894e-12 
 2.98100164e-05  2.00054743e-01  2.00851046e-01  2.00840976e-01 -1.57468474e-05 -6.15843487e-12 -3.60873983e-14 
 2.99050082e-05  2.00054972e-01  2.00851046e-01  2.00841029e-01 -1.56993028e-05  4.44339487e-12  2.01277471e-12 
 3.00000000e-05  2.00054803e-01  2.00851092e-01  2.00841025e-01 -1.57468429e-05 -4.68167475e-12  5.91727730e-14 
 3.00001337e-05  2.00040592e-01  2.00760924e-01  2.00836449e-01 -1.78331181e-05 -8.99085600e-09 -6.11769763e-09 
 3.00004011e-05  2.00016805e-01  2.00666237e-01  2.00822956e-01 -1.87150059e-05 -2.09980781e-08 -1.73086963e-08 
 3.00008614e-05  1.99978182e-01  2.00641858e-01  2.00792786e-01 -2.06305268e-05 -2.65143079e-08 -3.34603731e-08 
 3.00011616e-05  1.99954987e-01  2.00637511e-01  2.00774301e-01 -2.50930998e-05 -1.51778350e-08 -4.22817084e-08 
 3.00013641e-05  1.99941366e-01  2.00639667e-01  2.00762958e-01 -3.00269193e-05  6.97113246e-09 -4.73474368e-08 
 3.00016075e-05  1.99927160e-01  2.00644434e-01  2.00750798e-01 -3.83987320e-05  5.44615521e-08 -5.25179647e-08 
 3.00018003e-05  1.99917864e-01  2.00653874e-01  2.00742508e-01 -4.68466144e-05  1.14660796e-07 -5.57931814e-08 
 3.00019539e-05  1.99911574e-01  2.00664653e-01  2.00736947e-01 -5.47064822e-05  1.83740091e-07 -5.77749096e-08 
 3.00020807e-05  1.99907207e-01  2.00678277e-01  2.00733211e-01 -6.18271135e-05  2.61243048e-07 -5.88716644e-08 
 3.00021879e-05  1.99903862e-01  2.00693520e-01  2.00730803e-01 -6.82272574e-05  3.47484660e-07 -5.93001812e-08 
 3.00022808e-05  1.99901216e-01  2.00711506e-01  2.00729405e-01 -7.39103964e-05  4.43784544e-07 -5.91750647e-08 
 3.00023626e-05  1.99898791e-01  2.00732134e-01  2.00728838e-01 -7.89339231e-05  5.51779871e-07 -5.85532066e-08 
 3.00024365e-05  1.99896462e-01  2.00756491e-01  2.00728996e-01 -8.33372672e-05  6.74933573e-07 -5.74374984e-08 
 3.00025075e-05  1.99893923e-01  2.00786465e-01  2.00729904e-01 -8.73340584e-05  8.23401023e-07 -5.57221846e-08 
 3.00025921e-05  1.99891135e-01  2.00832030e-01  2.00732212e-01 -9.16965280e-05  1.04879344e-06 -5.26718129e-08 
 3.00026696e-05  1.99889576e-01  2.00881772e-01  2.00735713e-01 -9.53630125e-05  1.30502649e-06 -4.88802401e-08 
 3.00027832e-05  1.99890089e-01  2.00961806e-01  2.00743533e-01 -1.00350545e-04  1.76331382e-06 -4.17754868e-08 
 3.00028863e-05  1.99893525e-01  2.01035905e-01  2.00753442e-01 -1.04586207e-04  2.25586031e-06 -3.39836131e-08 
 3.00030023e-05  1.99900672e-01  2.01115118e-01  2.00767593e-01 -1.09018281e-04  2.88208607e-06 -2.40444021e-08 
 3.00031367e-05  1.99912660e-01  2.01196667e-01  2.00787397e-01 -1.13465031e-04  3.68024129e-06 -1.14389789e-08 
 3.00032617e-05  1.99926801e-01  2.01258893e-01  2.00808385e-01 -1.16345898e-04  4.46760126e-06  8.55531390e-10 
 3.00033606e-05  1.99939370e-01  2.01295050e-01  2.00826179e-01 -1.16747136e-04  5.10052110e-06  1.05644094e-08 
 3.00034313e-05  1.99948638e-01  2.01309615e-01  2.00839175e-01 -1.14467554e-04  5.54164917e-06  1.71534920e-08 
 3.00034875e-05  1.99955690e-01  2.01310071e-01  2.00849414e-01 -1.09916523e-04  5.87154066e-06  2.18811411e-08 
 3.00035437e-05  1.99962115e-01  2.01296749e-01  2.00859277e-01 -1.02858476e-04  6.16890077e-06  2.58612811e-08 
 3.00036121e-05  1.99968631e-01  2.01259954e-01  2.00870318e-01 -9.18309007e-05  6.47210742e-06  2.94178432e-08 
 3.00036790e-05  1.99973434e-01  2.01203982e-01  2.00879610e-01 -7.97388664e-05  6.69693352e-06  3.14047930e-08 
 3.00037654e-05  1.99977160e-01  2.01110869e-01  2.00888706e-01 -6.42711637e-05  6.87852458e-06  3.18617392e-08 
 3.00038769e-05  1.99978317e-01  2.00975801e-01  2.00895015e-01 -4.73974338e-05  6.95042357e-06  2.95578446e-08 
 3.00039597e-05  1.99976977e-01  2.00877770e-01  2.00895722e-01 -3.81915482e-05  6.90738557e-06  2.63077139e-08 
 3.00040357e-05  1.99974590e-01  2.00797242e-01  2.00893679e-01 -3.20657858e-05  6.81656020e-06  2.26376930e-08 
 3.00041274e-05  1.99970658e-01  2.00715568e-01  2.00888367e-01 -2.69957908e-05  6.66304438e-06  1.77422930e-08 
 3.00042124e-05  1.99966351e-01  2.00655348e-01  2.00881249e-01 -2.40345705e-05  6.49352370e-06  1.30164200e-08 
 3.00043137e-05  1.99960695e-01  2.00600616e-01  2.00870799e-01 -2.18918602e-05  6.27379718e-06  7.38530869e-09 
 3.00044158e-05  1.99954672e-01  2.00560353e-01  2.00858776e-01 -2.07082643e-05  6.04387770e-06  1.83650734e-09 
 3.00045430e-05  1.99946928e-01  2.00524987e-01  2.00842591e-01 -1.99569882e-05  5.75742166e-06 -4.78710424e-09 
 3.00046819e-05  1.99938354e-01  2.00498509e-01  2.00824164e-01 -1.96142945e-05  5.45252225e-06 -1.16145885e-08 
 3.00048409e-05  1.99928476e-01  2.00476970e-01  2.00802801e-01 -1.94638481e-05  5.11883476e-06 -1.89211623e-08 
 3.00050000e-05  1.99918604e-01  2.00460371e-01  2.00781579e-01 -1.94200595e-05  4.80354147e-06 -2.57147373e-08 
 3.00050027e-05  1.99919592e-01  2.00464865e-01  2.00781230e-01 -1.83347603e-05  4.79873314e-06 -2.56765019e-08 
 3.00050080e-05  1.99920382e-01  2.00473015e-01  2.00780541e-01 -1.79217370e-05  4.78915862e-06 -2.56086899e-08 
 3.00050187e-05  1.99920206e-01  2.00485896e-01  2.00779212e-01 -1.77055973e-05  4.77006658e-06 -2.54965820e-08 
 3.00050401e-05  1.99920396e-01  2.00505376e-01  2.00776709e-01 -1.72701525e-05  4.73185062e-06 -2.52972215e-08 
 3.00050770e-05  1.99920324e-01  2.00530726e-01  2.00772775e-01 -1.67550282e-05  4.66614611e-06 -2.50072491e-08 
 3.00051508e-05  1.99920439e-01  2.00565679e-01  2.00765955e-01 -1.61239849e-05  4.53594797e-06 -2.45482682e-08 
 3.00052982e-05  1.99920243e-01  2.00600042e-01  2.00754887e-01 -1.56987980e-05  4.28334692e-06 -2.38349962e-08 
 3.00055842e-05  1.99920037e-01  2.00612361e-01  2.00737713e-01 -1.55992335e-05  3.82927946e-06 -2.26128999e-08 
 3.00059057e-05  1.99919609e-01  2.00603982e-01  2.00720849e-01 -1.56203970e-05  3.37492186e-06 -2.12426473e-08 
 3.00064533e-05  1.99919198e-01  2.00588260e-01  2.00694243e-01 -1.56068742e-05  2.72007388e-06 -1.89386814e-08 
 3.00073059e-05  1.99918471e-01  2.00567755e-01  2.00657455e-01 -1.56184404e-05  1.94049121e-06 -1.55818144e-08 
 3.00090110e-05  1.99917666e-01  2.00539855e-01  2.00599636e-01 -1.56107206e-05  9.67584348e-07 -1.00652988e-08 
 3.00124213e-05  1.99916653e-01  2.00522000e-01  2.00535782e-01 -1.56289387e-05  1.91778776e-07 -3.52080693e-09 
 3.00179500e-05  1.99916259e-01  2.00554275e-01  2.00527725e-01 -1.56318649e-05 -7.84236984e-09 -2.21891949e-10 
 3.00249839e-05  1.99916072e-01  2.00634815e-01  2.00594116e-01 -1.56530909e-05  1.24536679e-09  4.31649205e-11 
 3.00369867e-05  1.99916213e-01  2.00756866e-01  2.00723572e-01 -1.56539432e-05 -4.85495544e-10  1.42862776e-11 
 3.00505175e-05  1.99916211e-01  2.00824146e-01  2.00806660e-01 -1.56692593e-05  2.35021077e-10  2.21630364e-11 
 3.00733980e-05  1.99916330e-01  2.00817097e-01  2.00813095e-01 -1.56636257e-05 -1.47361247e-10 -6.94469748e-12 
 3.01126793e-05  1.99916156e-01  2.00736713e-01  2.00731077e-01 -1.56750639e-05  1.07775586e-10 -8.04446028e-13 
 3.01563396e-05  1.99916206e-01  2.00721090e-01  2.00709163e-01 -1.56652557e-05 -8.78405708e-11 -6.79307955e-13 
 3.02000000e-05  1.99916150e-01  2.00739709e-01  2.00729262e-01 -1.56748151e-05  7.00553060e-11  4.51358753e-12 
 3.02000321e-05  1.99918429e-01  2.00758116e-01  2.00729500e-01 -1.40998911e-05  2.09963816e-09  4.74875470e-09 
 3.02000962e-05  1.99920673e-01  2.00785359e-01  2.00730316e-01 -1.34842271e-05  5.75067702e-09  1.41958488e-08 
 3.02002246e-05  1.99924675e-01  2.00814480e-01  2.00733297e-01 -1.31400360e-05  1.15758804e-08  3.21754704e-08 
 3.02004063e-05  1.99930548e-01  2.00832475e-01  2.00738919e-01 -1.30010956e-05  1.86541362e-08  5.59592900e-08 
 3.02007481e-05  1.99941251e-01  2.00840720e-01  2.00750133e-01 -1.30660756e-05  3.08051026e-08  9.65164486e-08 
 3.02011697e-05  1.99954800e-01  2.00842188e-01  2.00762777e-01 -1.31543860e-05  4.38133587e-08  1.40378038e-07 
 3.02013249e-05  1.99959861e-01  2.00841237e-01  2.00766924e-01 -1.34303612e-05  4.78827609e-08  1.55123126e-07 
 3.02015920e-05  1.99970092e-01  2.00836473e-01  2.00773200e-01 -1.50429438e-05  5.29022456e-08  1.78661228e-07 
 3.02017446e-05  1.99977527e-01  2.00828096e-01  2.00776107e-01 -1.75688489e-05  5.35706859e-08  1.90708183e-07 
 3.02018617e-05  1.99984835e-01  2.00816534e-01  2.00777762e-01 -2.08881546e-05  5.19209706e-08  1.98680317e-07 
 3.02019802e-05  1.99993557e-01  2.00798147e-01  2.00778667e-01 -2.60241671e-05  4.77106345e-08  2.05107137e-07 
 3.02021081e-05  2.00004680e-01  2.00770384e-01  2.00778445e-01 -3.34080807e-05  3.98578961e-08  2.09556354e-07 
 3.02022526e-05  2.00018296e-01  2.00728127e-01  2.00776240e-01 -4.36873167e-05  2.65973842e-08  2.10692412e-07 
 3.02023874e-05  2.00031178e-01  2.00678215e-01  2.00771878e-01 -5.37525566e-05  9.92889130e-09  2.07228564e-07 
 3.02025113e-05  2.00041872e-01  2.00621547e-01  2.00765494e-01 -6.21691499e-05 -9.45565594e-09  1.99385512e-07 
 3.02026239e-05  2.00050060e-01  2.00558773e-01  2.00757325e-01 -6.78639797e-05 -3.11133370e-08  1.87545076e-07 
 3.02027488e-05  2.00056454e-01  2.00476169e-01  2.00745147e-01 -7.19631246e-05 -5.96471041e-08  1.68420799e-07 
 3.02028683e-05  2.00059923e-01  2.00390726e-01  2.00730129e-01 -7.52241284e-05 -8.94886896e-08  1.44322909e-07 
 3.02029847e-05  2.00060686e-01  2.00310779e-01  2.00712413e-01 -7.83429825e-05 -1.18139574e-07  1.16302492e-07 
 3.02031057e-05  2.00059083e-01  2.00237259e-01  2.00691213e-01 -8.10913879e-05 -1.45541820e-07  8.35388838e-08 
 3.02032203e-05  2.00055092e-01  2.00179651e-01  2.00669124e-01 -8.32017833e-05 -1.68141318e-07  5.01751648e-08 
 3.02033077e-05  2.00050193e-01  2.00145949e-01  2.00651389e-01 -8.41560730e-05 -1.82328022e-07  2.39561359e-08 
 3.02033608e-05  2.00045734e-01  2.00131680e-01  2.00640407e-01 -8.43495114e-05 -1.88978703e-07  8.07432905e-09 
 3.02033931e-05  2.00042000e-01  2.00126746e-01  2.00633712e-01 -8.40966950e-05 -1.91794964e-07 -1.37437926e-09 
 3.02034229e-05  2.00037087e-01  2.00126476e-01  2.00627597e-01 -8.35135846e-05 -1.92948947e-07 -9.70137772e-09 
 3.02034497e-05  2.00030775e-01  2.00131840e-01  2.00622160e-01 -8.24012550e-05 -1.92090084e-07 -1.66732773e-08 
 3.02034774e-05  2.00021966e-01  2.00145647e-01  2.00616718e-01 -8.05466772e-05 -1.88429412e-07 -2.29750102e-08 
 3.02035121e-05  2.00008882e-01  2.00177515e-01  2.00610312e-01 -7.70658912e-05 -1.79049826e-07 -2.91313563e-08 
 3.02035452e-05  1.99995928e-01  2.00222786e-01  2.00604785e-01 -7.27831750e-05 -1.65248040e-07 -3.29986266e-08 
 3.02035952e-05  1.99978259e-01  2.00310508e-01  2.00597896e-01 -6.51829661e-05 -1.37896352e-07 -3.52426140e-08 
 3.02036249e-05  1.99969542e-01  2.00369171e-01  2.00594732e-01 -6.03986052e-05 -1.19320091e-07 -3.47317304e-08 
 3.02036584e-05  1.99961479e-01  2.00436255e-01  2.00592036e-01 -5.50339196e-05 -9.78272617e-08 -3.28397107e-08 
 3.02036987e-05  1.99954047e-01  2.00513248e-01  2.00590003e-01 -4.89889045e-05 -7.28210180e-08 -2.91418094e-08 
 3.02037419e-05  1.99948441e-01  2.00588194e-01  2.00589157e-01 -4.31287317e-05 -4.81142024e-08 -2.38993592e-08 
 3.02037867e-05  1.99944587e-01  2.00655035e-01  2.00589556e-01 -3.78995072e-05 -2.57188554e-08 -1.75552057e-08 
 3.02038352e-05  1.99942073e-01  2.00714634e-01  2.00591192e-01 -3.31676418e-05 -5.40130554e-09 -1.00559754e-08 
 3.02038889e-05  1.99940615e-01  2.00766552e-01  2.00594155e-01 -2.89687875e-05  1.26339649e-08 -1.34428943e-09 
 3.02039506e-05  1.99940094e-01  2.00811045e-01  2.00598655e-01 -2.52508766e-05  2.84077102e-08  8.86134930e-09 
 3.02040223e-05  1.99940410e-01  2.00847497e-01  2.00604894e-01 -2.20983749e-05  4.16013574e-08  2.07200951e-08 
 3.02041085e-05  1.99941599e-01  2.00876672e-01  2.00613270e-01 -1.94772232e-05  5.23441164e-08  3.47514040e-08 
 3.02042140e-05  1.99943733e-01  2.00899438e-01  2.00624213e-01 -1.74303938e-05  6.07558800e-08  5.14553822e-08 
 3.02043478e-05  1.99947111e-01  2.00917803e-01  2.00638522e-01 -1.59257119e-05  6.73404351e-08  7.18182077e-08 
 3.02045195e-05  1.99952053e-01  2.00933842e-01  2.00656932e-01 -1.49794214e-05  7.26358768e-08  9.65934865e-08 
 3.02047405e-05  1.99958954e-01  2.00949632e-01  2.00680194e-01 -1.44911631e-05  7.72823280e-08  1.26407877e-07 
 3.02050000e-05  1.99967321e-01  2.00965232e-01  2.00706557e-01 -1.43202852e-05  8.14485621e-08  1.58762021e-07 
 3.02050072e-05  1.99966137e-01  2.00960094e-01  2.00707259e-01 -1.54522108e-05  8.10662456e-08  1.58295964e-07 
 3.02050217e-05  1.99965521e-01  2.00951515e-01  2.00708635e-01 -1.56848984e-05  8.03395605e-08  1.57068048e-07 
 3.02050506e-05  1.99965605e-01  2.00939548e-01  2.00711245e-01 -1.56608416e-05  7.90778956e-08  1.54428001e-07 
 3.02051085e-05  1.99965163e-01  2.00922528e-01  2.00716044e-01 -1.58179461e-05  7.69895706e-08  1.49551165e-07 
 3.02052242e-05  1.99965370e-01  2.00903348e-01  2.00724496e-01 -1.57690804e-05  7.34940413e-08  1.40312305e-07 
 3.02053631e-05  1.99965282e-01  2.00895412e-01  2.00733406e-01 -1.58305614e-05  6.96586219e-08  1.30219149e-07 
 3.02055942e-05  1.99965697e-01  2.00896393e-01  2.00746880e-01 -1.57558837e-05  6.36347478e-08  1.15126117e-07 
 3.02059904e-05  1.99965827e-01  2.00908803e-01  2.00768273e-01 -1.58200571e-05  5.44460832e-08  9.38151550e-08 
 3.02067829e-05  1.99966598e-01  2.00934925e-01  2.00807550e-01 -1.57514845e-05  3.97955058e-08  6.35662666e-08 
 3.02083677e-05  1.99967247e-01  2.00974713e-01  2.00873606e-01 -1.58110087e-05  2.09612555e-08  3.23113847e-08 
 3.02115374e-05  1.99968400e-01  2.01017713e-01  2.00960949e-01 -1.57356188e-05  4.97751360e-09  1.36816757e-08 
 3.02170258e-05  1.99968805e-01  2.01020594e-01  2.01011347e-01 -1.57867732e-05 -1.13214888e-10  8.38775995e-09 
 3.02236698e-05  1.99969153e-01  2.00969925e-01  2.00981519e-01 -1.57110897e-05  2.72047341e-11  4.47277941e-09 
 3.02357196e-05  1.99968953e-01  2.00863973e-01  2.00876050e-01 -1.57655014e-05 -2.61987073e-11  1.30282234e-09 
 3.02490247e-05  1.99969075e-01  2.00790560e-01  2.00790536e-01 -1.56957523e-05 -5.08738819e-12  2.62041834e-10 
 3.02708567e-05  1.99968836e-01  2.00767240e-01  2.00755265e-01 -1.57570344e-05 -2.98154990e-12  7.33258490e-12 
 3.03059377e-05  1.99969081e-01  2.00807221e-01  2.00793648e-01 -1.56907193e-05  4.03877040e-12 -5.33284110e-12 
 3.03674148e-05  1.99968938e-01  2.00814406e-01  2.00806827e-01 -1.57554008e-05 -3.12484609e-12  2.35543453e-11 
 3.04416552e-05  1.99969105e-01  2.00777753e-01  2.00767876e-01 -1.56908025e-05  5.22593037e-13 -1.89863989e-11 
 3.05416552e-05  1.99968928e-01  2.00782503e-01  2.00772092e-01 -1.57554063e-05 -1.18848963e-12  2.61813994e-11 
 3.06416552e-05  1.99969140e-01  2.00773667e-01  2.00764387e-01 -1.56907530e-05  7.97359141e-14 -1.67117912e-11 
 3.07416552e-05  1.99968949e-01  2.00768012e-01  2.00757557e-01 -1.57554435e-05 -1.15636450e-12  2.34122199e-11 
 3.08416552e-05  1.99969168e-01  2.00770764e-01  2.00760972e-01 -1.56907284e-05  2.78069017e-13 -1.44125287e-11 
 3.09416552e-05  1.99968982e-01  2.00765860e-01  2.00755833e-01 -1.57554482e-05 -1.26971762e-12  2.22503314e-11 
 3.10416552e-05  1.99969195e-01  2.00767466e-01  2.00757341e-01 -1.56907336e-05  2.86037687e-13 -1.40845865e-11 
 3.11416552e-05  1.99969014e-01  2.00766468e-01  2.00756556e-01 -1.57554373e-05 -1.15285711e-12  2.24525637e-11 
 3.12416552e-05  1.99969225e-01  2.00765993e-01  2.00755864e-01 -1.56907440e-05  1.15459508e-13 -1.44127202e-11 
 3.13416552e-05  1.99969045e-01  2.00766497e-01  2.00756518e-01 -1.57554288e-05 -9.67504722e-13  2.27190349e-11 
 3.14416552e-05  1.99969256e-01  2.00765909e-01  2.00755846e-01 -1.56907499e-05 -4.65458835e-14 -1.45270335e-11 
 3.15416552e-05  1.99969076e-01  2.00766180e-01  2.00756152e-01 -1.57554244e-05 -8.36188974e-13  2.27089641e-11 
 3.16416552e-05  1.99969288e-01  2.00766104e-01  2.00756061e-01 -1.56907535e-05 -1.47577046e-13 -1.44415472e-11 
 3.17416552e-05  1.99969107e-01  2.00766029e-01  2.00756000e-01 -1.57554208e-05 -7.55622778e-13  2.26038729e-11 
 3.18416552e-05  1.99969319e-01  2.00766166e-01  2.00756115e-01 -1.56907573e-05 -2.15472388e-13 -1.43478802e-11 
 3.19416552e-05  1.99969138e-01  2.00766055e-01  2.00756035e-01 -1.57554166e-05 -6.94124879e-13  2.25344596e-11 
 3.20416552e-05  1.99969350e-01  2.00766156e-01  2.00756097e-01 -1.56907618e-05 -2.73062172e-13 -1.43002746e-11 
 3.21208276e-05  1.99969166e-01  2.00766115e-01  2.00756098e-01 -1.57554114e-05 -6.33142410e-13  2.25053747e-11 
 3.22000000e-05  1.99969375e-01  2.00766155e-01  2.00756096e-01 -1.56907676e-05 -3.35583124e-13 -1.42741066e-11 
 3.22001115e-05  1.99963821e-01  2.00724947e-01  2.00754337e-01 -1.71620428e-05 -5.73086291e-09 -2.21075494e-08 
 3.22003346e-05  1.99956378e-01  2.00678772e-01  2.00748997e-01 -1.74716395e-05 -1.55447100e-08 -6.46626436e-08 
 3.22007808e-05  1.99943450e-01  2.00665237e-01  2.00734737e-01 -1.88774526e-05 -3.12439719e-08 -1.39096780e-07 
 3.22011915e-05  1.99934250e-01  2.00672069e-01  2.00723182e-01 -2.44393637e-05 -4.26664056e-08 -1.96093236e-07 
 3.22014181e-05  1.99931393e-01  2.00680541e-01  2.00718245e-01 -3.01748380e-05 -4.71010200e-08 -2.22624372e-07 
 3.22016401e-05  1.99930159e-01  2.00691866e-01  2.00714668e-01 -3.79664602e-05 -5.03111814e-08 -2.44940713e-07 
 3.22018270e-05  1.99930375e-01  2.00705981e-01  2.00712810e-01 -4.60708606e-05 -5.17470776e-08 -2.60621268e-07 
 3.22019748e-05  1.99931079e-01  2.00720604e-01  2.00712262e-01 -5.34177196e-05 -5.16146524e-08 -2.70621123e-07 
 3.22020966e-05  1.99931964e-01  2.00736906e-01  2.00712569e-01 -5.99186155e-05 -5.02141906e-08 -2.76952061e-07 
 3.22022003e-05  1.99932609e-01  2.00754648e-01  2.00713511e-01 -6.56774990e-05 -4.76358258e-08 -2.80620777e-07 
 3.22022905e-05  1.99932977e-01  2.00774719e-01  2.00714968e-01 -7.06523510e-05 -4.38606435e-08 -2.82210952e-07 
 3.22023701e-05  1.99932790e-01  2.00797342e-01  2.00716881e-01 -7.48913842e-05 -3.88060908e-08 -2.82009504e-07 
 3.22024424e-05  1.99932051e-01  2.00823638e-01  2.00719261e-01 -7.84015316e-05 -3.22473540e-08 -2.80185679e-07 
 3.22025124e-05  1.99930573e-01  2.00855887e-01  2.00722312e-01 -8.13555448e-05 -2.35323688e-08 -2.76517296e-07 
 3.22025948e-05  1.99928405e-01  2.00903236e-01  2.00727086e-01 -8.41408273e-05 -9.99568719e-09 -2.69390913e-07 
 3.22026727e-05  1.99926613e-01  2.00955463e-01  2.00732989e-01 -8.62305586e-05  5.52211540e-09 -2.59691800e-07 
 3.22027895e-05  1.99925408e-01  2.01039172e-01  2.00744592e-01 -8.87813370e-05  3.12095612e-08 -2.40150939e-07 
 3.22028895e-05  1.99925888e-01  2.01110423e-01  2.00757147e-01 -9.06853964e-05  5.37353865e-08 -2.19097497e-07 
 3.22030042e-05  1.99928142e-01  2.01186390e-01  2.00774255e-01 -9.26944931e-05  7.84227329e-08 -1.90855979e-07 
 3.22031368e-05  1.99932608e-01  2.01262828e-01  2.00797009e-01 -9.46505142e-05  1.04159172e-07 -1.53930738e-07 
 3.22032694e-05  1.99938726e-01  2.01323454e-01  2.00822119e-01 -9.56356379e-05  1.25681540e-07 -1.13970826e-07 
 3.22033666e-05  1.99943841e-01  2.01353869e-01  2.00841427e-01 -9.46924063e-05  1.37538671e-07 -8.39743538e-08 
 3.22034316e-05  1.99947315e-01  2.01363362e-01  2.00854452e-01 -9.18891328e-05  1.42330349e-07 -6.44220043e-08 
 3.22034863e-05  1.99949966e-01  2.01360112e-01  2.00865215e-01 -8.72851074e-05  1.43069644e-07 -4.90588732e-08 
 3.22035436e-05  1.99952321e-01  2.01341976e-01  2.00875995e-01 -8.04206733e-05  1.39510942e-07 -3.47935223e-08 
 3.22036127e-05  1.99954354e-01  2.01299028e-01  2.00887844e-01 -7.04131660e-05  1.28953862e-07 -2.08530716e-08 
 3.22036810e-05  1.99955488e-01  2.01237209e-01  2.00897821e-01 -5.99281808e-05  1.12657410e-07 -1.10257806e-08 
 3.22037691e-05  1.99955680e-01  2.01139544e-01  2.00907529e-01 -4.73009773e-05  8.59858171e-08 -4.13307795e-09 
 3.22038915e-05  1.99954126e-01  2.00995771e-01  2.00914703e-01 -3.37794444e-05  4.56975493e-08 -3.78349650e-09 
 3.22039749e-05  1.99952181e-01  2.00905698e-01  2.00915556e-01 -2.78348286e-05  1.99959538e-08 -8.31459843e-09 
 3.22040506e-05  1.99950083e-01  2.00836327e-01  2.00913929e-01 -2.42381033e-05 -3.22927854e-11 -1.45868961e-08 
 3.22041407e-05  1.99947315e-01  2.00770004e-01  2.00909649e-01 -2.15121411e-05 -1.93834716e-08 -2.37463844e-08 
 3.22042279e-05  1.99944509e-01  2.00721338e-01  2.00903685e-01 -2.00092353e-05 -3.37317084e-08 -3.36372832e-08 
 3.22043308e-05  1.99941107e-01  2.00679754e-01  2.00895091e-01 -1.90494336e-05 -4.61187582e-08 -4.58783201e-08 
 3.22044372e-05  1.99937568e-01  2.00650091e-01  2.00885078e-01 -1.85917895e-05 -5.50434877e-08 -5.86954539e-08 
 3.22045684e-05  1.99933194e-01  2.00625722e-01  2.00871925e-01 -1.83559517e-05 -6.24427018e-08 -7.42264207e-08 
 3.22047149e-05  1.99928338e-01  2.00607953e-01  2.00856824e-01 -1.82848697e-05 -6.78712427e-08 -9.09238446e-08 
 3.22048575e-05  1.99923627e-01  2.00595819e-01  2.00842135e-01 -1.82668942e-05 -7.15807002e-08 -1.06359511e-07 
 3.22050000e-05  1.99918943e-01  2.00586219e-01  2.00827659e-01 -1.82713894e-05 -7.44986087e-08 -1.20979815e-07 
 3.22050023e-05  1.99919639e-01  2.00588112e-01  2.00827428e-01 -1.72632277e-05 -7.43799338e-08 -1.20898809e-07 
 3.22050070e-05  1.99920244e-01  2.00591617e-01  2.00826968e-01 -1.69256155e-05 -7.41402749e-08 -1.20692729e-07 
 3.22050163e-05  1.99920144e-01  2.00597307e-01  2.00826069e-01 -1.67938954e-05 -7.36748029e-08 -1.20195994e-07 
 3.22050348e-05  1.99920236e-01  2.00606044e-01  2.00824334e-01 -1.65678407e-05 -7.28246243e-08 -1.19230412e-07 
 3.22050674e-05  1.99920186e-01  2.00617973e-01  2.00821451e-01 -1.62749843e-05 -7.15154073e-08 -1.17585512e-07 
 3.22051327e-05  1.99920217e-01  2.00634871e-01  2.00816168e-01 -1.59181050e-05 -6.93606965e-08 -1.14451057e-07 
 3.22052632e-05  1.99920069e-01  2.00651899e-01  2.00806869e-01 -1.56524605e-05 -6.58786194e-08 -1.08602312e-07 
 3.22055241e-05  1.99919873e-01  2.00656408e-01  2.00790723e-01 -1.55985432e-05 -5.97744924e-08 -9.79889833e-08 
 3.22058550e-05  1.99919539e-01  2.00646227e-01  2.00772170e-01 -1.56147348e-05 -5.25984157e-08 -8.60740853e-08 
 3.22063860e-05  1.99919176e-01  2.00628219e-01  2.00744331e-01 -1.56135968e-05 -4.26759590e-08 -6.98819435e-08 
 3.22072974e-05  1.99918559e-01  2.00601521e-01  2.00701320e-01 -1.56174239e-05 -2.97633791e-08 -4.87634755e-08 
 3.22091200e-05  1.99917800e-01  2.00562647e-01  2.00632253e-01 -1.56230296e-05 -1.41397857e-08 -2.31981105e-08 
 3.22127652e-05  1.99916933e-01  2.00526329e-01  2.00549783e-01 -1.56330495e-05 -2.43238853e-09 -3.99218901e-09 
 3.22188180e-05  1.99916541e-01  2.00534272e-01  2.00517463e-01 -1.56456333e-05  1.52877662e-10  2.61446960e-10 
 3.22269275e-05  1.99916411e-01  2.00591678e-01  2.00561365e-01 -1.56552193e-05 -4.50398145e-11 -6.67147822e-11 
 3.22411943e-05  1.99916499e-01  2.00680661e-01  2.00657294e-01 -1.56638343e-05  3.37219087e-11  5.50561679e-11 
 3.22552803e-05  1.99916509e-01  2.00715805e-01  2.00702912e-01 -1.56666960e-05 -8.43197886e-12 -9.40888339e-12 
 3.22828688e-05  1.99916554e-01  2.00701191e-01  2.00695379e-01 -1.56696984e-05  5.45569579e-12  9.01366113e-12 
 3.23255890e-05  1.99916458e-01  2.00664824e-01  2.00655263e-01 -1.56699503e-05 -8.17769073e-12 -9.83118296e-12 
 3.23627945e-05  1.99916503e-01  2.00677939e-01  2.00665992e-01 -1.56702563e-05  5.89619651e-12  9.57672976e-12 
 3.24000000e-05  1.99916486e-01  2.00694864e-01  2.00684285e-01 -1.56697633e-05 -4.37102568e-12 -3.49382676e-12 
 3.24000255e-05  1.99919670e-01  2.00725799e-01  2.00684603e-01 -1.39261533e-05  3.03852773e-09  1.29936848e-09 
 3.24000765e-05  1.99923119e-01  2.00771966e-01  2.00685699e-01 -1.30151003e-05  8.44941527e-09  3.78727285e-09 
 3.24001785e-05  1.99929278e-01  2.00824686e-01  2.00689801e-01 -1.23124177e-05  1.60805496e-08  8.37234936e-09 
 3.24003254e-05  1.99938448e-01  2.00865526e-01  2.00698091e-01 -1.19503849e-05  2.34560952e-08  1.44621428e-08 
 3.24006191e-05  1.99956249e-01  2.00895588e-01  2.00717227e-01 -1.19571776e-05  3.44320304e-08  2.55257241e-08 
 3.24009466e-05  1.99976579e-01  2.00909361e-01  2.00738765e-01 -1.19289278e-05  4.44729730e-08  3.64390153e-08 
 3.24014076e-05  2.00006004e-01  2.00921840e-01  2.00766928e-01 -1.26426511e-05  5.01808071e-08  4.94840301e-08 
 3.24015174e-05  2.00013888e-01  2.00924073e-01  2.00773205e-01 -1.30671913e-05  4.72539050e-08  5.21647662e-08 
 3.24017371e-05  2.00031144e-01  2.00920537e-01  2.00784911e-01 -1.58911918e-05  1.53759710e-08  5.66299687e-08 
 3.24018908e-05  2.00045837e-01  2.00910297e-01  2.00792096e-01 -1.98913483e-05 -4.40528769e-08  5.87349500e-08 
 3.24020151e-05  2.00059054e-01  2.00893505e-01  2.00796934e-01 -2.50251976e-05 -1.31862752e-07  5.94829303e-08 
 3.24021417e-05  2.00073762e-01  2.00868206e-01  2.00800584e-01 -3.17619530e-05 -2.72265376e-07  5.91216808e-08 
 3.24022849e-05  2.00090271e-01  2.00828448e-01  2.00802683e-01 -4.07038904e-05 -5.08403900e-07  5.70890621e-08 
 3.24024207e-05  2.00104848e-01  2.00779561e-01  2.00802222e-01 -4.89509980e-05 -8.23139492e-07  5.33314651e-08 
 3.24025429e-05  2.00115388e-01  2.00723898e-01  2.00799333e-01 -5.48709123e-05 -1.19747919e-06  4.81519701e-08 
 3.24026541e-05  2.00122177e-01  2.00661545e-01  2.00794257e-01 -5.77918841e-05 -1.62782688e-06  4.16965701e-08 
 3.24027772e-05  2.00125341e-01  2.00579866e-01  2.00785439e-01 -5.88376683e-05 -2.21492317e-06  3.24535087e-08 
 3.24029054e-05  2.00123935e-01  2.00488555e-01  2.00772369e-01 -5.93605291e-05 -2.94479632e-06  2.07145213e-08 
 3.24029928e-05  2.00120106e-01  2.00428179e-01  2.00761245e-01 -5.97743751e-05 -3.49989610e-06  1.17619664e-08 
 3.24030882e-05  2.00113720e-01  2.00367460e-01  2.00747255e-01 -6.00521779e-05 -4.14832917e-06  1.35488507e-09 
 3.24031960e-05  2.00103529e-01  2.00307580e-01  2.00729529e-01 -6.02938361e-05 -4.91911110e-06 -1.09109887e-08 
 3.24032971e-05  2.00091251e-01  2.00262413e-01  2.00711523e-01 -6.01617141e-05 -5.66147540e-06 -2.25691722e-08 
 3.24033616e-05  2.00081292e-01  2.00241271e-01  2.00699553e-01 -5.98413809e-05 -6.13523322e-06 -2.98856580e-08 
 3.24033978e-05  2.00074475e-01  2.00233631e-01  2.00692764e-01 -5.93843539e-05 -6.39540174e-06 -3.38279757e-08 
 3.24034274e-05  2.00067425e-01  2.00231236e-01  2.00687227e-01 -5.88115401e-05 -6.60041433e-06 -3.68611606e-08 
 3.24034538e-05  2.00059447e-01  2.00233801e-01  2.00682344e-01 -5.79316914e-05 -6.77270047e-06 -3.93135864e-08 
 3.24034813e-05  2.00048964e-01  2.00243556e-01  2.00677386e-01 -5.66017347e-05 -6.93511852e-06 -4.14676296e-08 
 3.24035170e-05  2.00033276e-01  2.00270299e-01  2.00671273e-01 -5.41059621e-05 -7.11148663e-06 -4.34478625e-08 
 3.24035496e-05  2.00018696e-01  2.00309023e-01  2.00666205e-01 -5.12729018e-05 -7.23307914e-06 -4.43507022e-08 
 3.24035979e-05  1.99999400e-01  2.00386190e-01  2.00659914e-01 -4.64449339e-05 -7.34543430e-06 -4.42066955e-08 
 3.24036299e-05  1.99989018e-01  2.00445799e-01  2.00656691e-01 -4.31263762e-05 -7.37900791e-06 -4.32793602e-08 
 3.24036637e-05  1.99980352e-01  2.00511460e-01  2.00654166e-01 -3.96712955e-05 -7.38565243e-06 -4.17711265e-08 
 3.24037032e-05  1.99972935e-01  2.00587231e-01  2.00652364e-01 -3.59056298e-05 -7.36335377e-06 -3.95267453e-08 
 3.24037474e-05  1.99967692e-01  2.00666448e-01  2.00651741e-01 -3.21266496e-05 -7.30963273e-06 -3.66416493e-08 
 3.24037916e-05  1.99964922e-01  2.00737175e-01  2.00652444e-01 -2.88822106e-05 -7.23438536e-06 -3.35562558e-08 
 3.24038404e-05  1.99963991e-01  2.00803872e-01  2.00654532e-01 -2.58841747e-05 -7.13528218e-06 -3.00961661e-08 
 3.24038929e-05  1.99964672e-01  2.00862876e-01  2.00658042e-01 -2.32845728e-05 -7.01693642e-06 -2.64151666e-08 
 3.24039543e-05  1.99966927e-01  2.00917102e-01  2.00663424e-01 -2.09022271e-05 -6.87046245e-06 -2.22514228e-08 
 3.24040242e-05  1.99970656e-01  2.00963430e-01  2.00670783e-01 -1.88757210e-05 -6.69893173e-06 -1.77191616e-08 
 3.24041097e-05  1.99976220e-01  2.01003937e-01  2.00680966e-01 -1.70943428e-05 -6.48813313e-06 -1.24669200e-08 
 3.24042134e-05  1.99983804e-01  2.01037509e-01  2.00694358e-01 -1.56556346e-05 -6.23578025e-06 -6.46389560e-09 
 3.24043483e-05  1.99994505e-01  2.01066737e-01  2.00712637e-01 -1.45150740e-05 -5.91661664e-06  8.67406051e-10 
 3.24045228e-05  2.00009135e-01  2.01092504e-01  2.00736703e-01 -1.37705572e-05 -5.52323145e-06  9.66903724e-09 
 3.24047542e-05  2.00029323e-01  2.01117824e-01  2.00768418e-01 -1.33758080e-05 -5.03680532e-06  2.03298670e-08 
 3.24050000e-05  2.00051210e-01  2.01140069e-01  2.00801261e-01 -1.32500269e-05 -4.56434947e-06  3.05051449e-08 
 3.24050067e-05  2.00049613e-01  2.01130076e-01  2.00802108e-01 -1.44680334e-05 -4.55296272e-06  3.04065480e-08 
 3.24050200e-05  2.00048770e-01  2.01113339e-01  2.00803754e-01 -1.48420483e-05 -4.53017758e-06  3.02354017e-08 
 3.24050467e-05  2.00049005e-01  2.01090018e-01  2.00806808e-01 -1.50243864e-05 -4.48446833e-06  2.99518295e-08 
 3.24051000e-05  2.00048490e-01  2.01056982e-01  2.00812224e-01 -1.54718140e-05 -4.39321516e-06  2.94736613e-08 
 3.24052066e-05  2.00048908e-01  2.01017283e-01  2.00821199e-01 -1.56943817e-05 -4.21420001e-06  2.87062949e-08 
 3.24053468e-05  2.00048948e-01  2.00995049e-01  2.00830738e-01 -1.58381538e-05 -3.98879897e-06  2.78177754e-08 
 3.24055619e-05  2.00049773e-01  2.00987635e-01  2.00843159e-01 -1.57702132e-05 -3.66578755e-06  2.65120426e-08 
 3.24059250e-05  2.00050308e-01  2.00994741e-01  2.00861845e-01 -1.58290225e-05 -3.17821379e-06  2.43776620e-08 
 3.24064836e-05  2.00051665e-01  2.01011152e-01  2.00888184e-01 -1.57624866e-05 -2.55042111e-06  2.13052586e-08 
 3.24076007e-05  2.00052993e-01  2.01037117e-01  2.00934170e-01 -1.58229812e-05 -1.63340475e-06  1.59816826e-08 
 3.24098349e-05  2.00055090e-01  2.01067725e-01  2.01001005e-01 -1.57506711e-05 -6.37764602e-07  8.44466578e-09 
 3.24143034e-05  2.00056017e-01  2.01070402e-01  2.01055756e-01 -1.58007312e-05 -4.18291371e-08  1.63566520e-09 
 3.24199078e-05  2.00056441e-01  2.01014765e-01  2.01031208e-01 -1.57233929e-05  2.01709933e-09  3.65936739e-11 
 3.24285877e-05  2.00056132e-01  2.00899022e-01  2.00924151e-01 -1.57746721e-05 -5.31007676e-10 -2.60461964e-11 
 3.24422324e-05  2.00056304e-01  2.00761883e-01  2.00772310e-01 -1.57004628e-05  2.16923011e-10 -2.47406547e-11 
 3.24574239e-05  2.00055952e-01  2.00706777e-01  2.00700057e-01 -1.57594953e-05 -1.22375722e-10 -1.00263858e-11 
 3.24841502e-05  2.00056229e-01  2.00743812e-01  2.00725670e-01 -1.56919085e-05  8.21168062e-11  8.65710720e-12 
 3.25322888e-05  2.00056050e-01  2.00833008e-01  2.00821156e-01 -1.57547806e-05 -6.18713256e-11  3.14586584e-12 
 3.25830175e-05  2.00056347e-01  2.00824541e-01  2.00816746e-01 -1.56911196e-05  4.95353810e-11 -3.03461954e-13 
 3.26646861e-05  2.00056075e-01  2.00819381e-01  2.00807651e-01 -1.57550811e-05 -4.51541248e-11  9.91685250e-13 
 3.27646861e-05  2.00056404e-01  2.00847730e-01  2.00837866e-01 -1.56910408e-05  4.05628174e-11  2.42777863e-12 
 3.28646861e-05  2.00056154e-01  2.00840829e-01  2.00830954e-01 -1.57550906e-05 -3.76567744e-11 -6.94997553e-13 
 3.29646861e-05  2.00056463e-01  2.00848821e-01  2.00838248e-01 -1.56910705e-05  3.31385989e-11  2.84462715e-12 
 3.30646861e-05  2.00056224e-01  2.00851073e-01  2.00841404e-01 -1.57550592e-05 -3.06159438e-11 -5.44586782e-13 
 3.31646861e-05  2.00056526e-01  2.00849517e-01  2.00839211e-01 -1.56910967e-05  2.65637714e-11  2.35839560e-12 
 3.32646861e-05  2.00056287e-01  2.00852937e-01  2.00842971e-01 -1.57550458e-05 -2.46811081e-11 -1.25210985e-13 
 3.33646861e-05  2.00056592e-01  2.00851508e-01  2.00841465e-01 -1.56911020e-05  2.12575925e-11  2.06854125e-12 
 3.34646861e-05  2.00056349e-01  2.00852473e-01  2.00842386e-01 -1.57550457e-05 -1.99771478e-11 -8.96841195e-15 
 3.35646861e-05  2.00056656e-01  2.00852693e-01  2.00842681e-01 -1.56911015e-05  1.70654001e-11  2.05116788e-12 
 3.36646861e-05  2.00056413e-01  2.00852369e-01  2.00842315e-01 -1.57550453e-05 -1.62224238e-11 -4.14824967e-14 
 3.37646861e-05  2.00056719e-01  2.00852905e-01  2.00842848e-01 -1.56911036e-05  1.36773561e-11  2.08186604e-12 
 3.38646861e-05  2.00056476e-01  2.00852628e-01  2.00842613e-01 -1.57550419e-05 -1.31546735e-11 -5.43157099e-14 
 3.39646861e-05  2.00056783e-01  2.00852845e-01  2.00842769e-01 -1.56911078e-05  1.08946357e-11  2.07219468e-12 
 3.40646861e-05  2.00056540e-01  2.00852833e-01  2.00842822e-01 -1.57550375e-05 -1.06328644e-11 -3.07900407e-14 
 3.41646861e-05  2.00056846e-01  2.00852864e-01  2.00842792e-01 -1.56911120e-05  8.61248746e-12  2.04290480e-12 
 3.42646861e-05  2.00056604e-01  2.00852912e-01  2.00842894e-01 -1.57550335e-05 -8.57107441e-12 -2.83133976e-15 
 3.43323431e-05  2.00056900e-01  2.00852944e-01  2.00842878e-01 -1.56911167e-05  6.35939955e-12  2.01475181e-12 
 3.44000000e-05  2.00056647e-01  2.00852926e-01  2.00842906e-01 -1.57550280e-05 -6.20127257e-12  2.31234303e-14 
 3.44000954e-05  2.00045906e-01  2.00778187e-01  2.00840157e-01 -1.77057726e-05 -7.13116687e-09 -4.48453928e-09 
 3.44002863e-05  2.00028698e-01  2.00690831e-01  2.00831651e-01 -1.85060987e-05 -1.70374619e-08 -1.27887470e-08 
 3.44006236e-05  1.99999770e-01  2.00651993e-01  2.00810124e-01 -1.91289341e-05 -2.57601453e-08 -2.55546043e-08 
 3.44009761e-05  1.99970775e-01  2.00641334e-01  2.00787271e-01 -2.19990210e-05 -2.47485042e-08 -3.70554775e-08 
 3.44012177e-05  1.99952994e-01  2.00640688e-01  2.00772863e-01 -2.62558204e-05 -1.01467558e-08 -4.37727914e-08 
 3.44014631e-05  1.99937121e-01  2.00642272e-01  2.00759630e-01 -3.31307956e-05  2.32073785e-08 -4.96079386e-08 
 3.44016903e-05  1.99924881e-01  2.00650156e-01  2.00748902e-01 -4.18173458e-05  7.74022462e-08 -5.40444450e-08 
 3.44018700e-05  1.99916731e-01  2.00659734e-01  2.00741683e-01 -5.03122094e-05  1.43321209e-07 -5.67947022e-08 
 3.44020122e-05  1.99911402e-01  2.00672423e-01  2.00736948e-01 -5.79067189e-05  2.16696297e-07 -5.83699538e-08 
 3.44021296e-05  1.99907495e-01  2.00686341e-01  2.00733845e-01 -6.47226428e-05  2.97846979e-07 -5.91542615e-08 
 3.44022300e-05  1.99904564e-01  2.00702973e-01  2.00731908e-01 -7.07832348e-05  3.88202416e-07 -5.93293834e-08 
 3.44023176e-05  1.99901998e-01  2.00721886e-01  2.00730892e-01 -7.61852679e-05  4.89273750e-07 -5.89837937e-08 
 3.44023955e-05  1.99899692e-01  2.00744089e-01  2.00730648e-01 -8.09131530e-05  6.03222220e-07 -5.81493103e-08 
 3.44024673e-05  1.99897244e-01  2.00770441e-01  2.00731117e-01 -8.51141041e-05  7.35374633e-07 -5.67975992e-08 
 3.44025396e-05  1.99894689e-01  2.00804366e-01  2.00732435e-01 -8.90347137e-05  9.02322825e-07 -5.47182001e-08 
 3.44026213e-05  1.99892254e-01  2.00851825e-01  2.00735188e-01 -9.31122186e-05  1.13950472e-06 -5.13742418e-08 
 3.44027071e-05  1.99891264e-01  2.00909478e-01  2.00739761e-01 -9.70470337e-05  1.44583771e-06 -4.67419982e-08 
 3.44028477e-05  1.99893760e-01  2.01009889e-01  2.00751235e-01 -1.03042744e-04  2.06263670e-06 -3.70700294e-08 
 3.44029723e-05  1.99900377e-01  2.01096937e-01  2.00765441e-01 -1.07914624e-04  2.71240380e-06 -2.67551052e-08 
 3.44030949e-05  1.99910402e-01  2.01174559e-01  2.00782698e-01 -1.12197019e-04  3.42467143e-06 -1.54794134e-08 
 3.44032124e-05  1.99922826e-01  2.01238105e-01  2.00801688e-01 -1.15414299e-04  4.15367934e-06 -4.03836957e-09 
 3.44033166e-05  1.99935546e-01  2.01282644e-01  2.00819998e-01 -1.16894126e-04  4.81941652e-06  6.26575382e-09 
 3.44033972e-05  1.99946074e-01  2.01306033e-01  2.00834728e-01 -1.15967002e-04  5.33124831e-06  1.40254000e-08 
 3.44034580e-05  1.99953930e-01  2.01313232e-01  2.00845907e-01 -1.12635900e-04  5.70192445e-06  1.94684143e-08 
 3.44035127e-05  1.99960572e-01  2.01307809e-01  2.00855744e-01 -1.07017418e-04  6.00996358e-06  2.37654691e-08 
 3.44035730e-05  1.99966980e-01  2.01285533e-01  2.00866012e-01 -9.83788337e-05  6.30777208e-06  2.75618022e-08 
 3.44036397e-05  1.99972712e-01  2.01240812e-01  2.00876206e-01 -8.69038257e-05  6.57409582e-06  3.04096918e-08 
 3.44037145e-05  1.99977173e-01  2.01169773e-01  2.00885609e-01 -7.32462271e-05  6.78614368e-06  3.18547020e-08 
 3.44038069e-05  1.99979925e-01  2.01063011e-01  2.00893622e-01 -5.74617709e-05  6.92483884e-06  3.13215396e-08 
 3.44038898e-05  1.99980065e-01  2.00961379e-01  2.00897162e-01 -4.58462615e-05  6.94714792e-06  2.90804375e-08 
 3.44039646e-05  1.99978724e-01  2.00873852e-01  2.00897469e-01 -3.77881983e-05  6.90169264e-06  2.60532807e-08 
 3.44040427e-05  1.99976186e-01  2.00792191e-01  2.00895177e-01 -3.16248269e-05  6.80547808e-06  2.22523872e-08 
 3.44041331e-05  1.99972270e-01  2.00713040e-01  2.00889758e-01 -2.67762811e-05  6.65184403e-06  1.74125626e-08 
 3.44042206e-05  1.99967786e-01  2.00652260e-01  2.00882293e-01 -2.38244917e-05  6.47605946e-06  1.25476471e-08 
 3.44043204e-05  1.99962191e-01  2.00599467e-01  2.00871857e-01 -2.17968337e-05  6.25840716e-06  6.99919507e-09 
 3.44044252e-05  1.99955982e-01  2.00559152e-01  2.00859437e-01 -2.06328937e-05  6.02237720e-06  1.32309325e-09 
 3.44045517e-05  1.99948280e-01  2.00524906e-01  2.00843274e-01 -1.99273912e-05  5.73778616e-06 -5.23944397e-09 
 3.44046944e-05  1.99939453e-01  2.00498393e-01  2.00824308e-01 -1.95954693e-05  5.42537419e-06 -1.22217897e-08 
 3.44048472e-05  1.99929973e-01  2.00478112e-01  2.00803785e-01 -1.94621833e-05  5.10587430e-06 -1.92088156e-08 
 3.44050000e-05  1.99920481e-01  2.00462236e-01  2.00783406e-01 -1.94199678e-05  4.80339962e-06 -2.57240014e-08 
 3.44050025e-05  1.99921441e-01  2.00466416e-01  2.00783084e-01 -1.83515233e-05  4.79895771e-06 -2.56883649e-08 
 3.44050074e-05  1.99922244e-01  2.00474038e-01  2.00782446e-01 -1.79469931e-05  4.79011384e-06 -2.56249420e-08 
 3.44050173e-05  1.99922094e-01  2.00486218e-01  2.00781214e-01 -1.77329814e-05  4.77248458e-06 -2.55200975e-08 
 3.44050371e-05  1.99922263e-01  2.00504741e-01  2.00778885e-01 -1.73278269e-05  4.73719463e-06 -2.53333381e-08 
 3.44050713e-05  1.99922210e-01  2.00529090e-01  2.00775187e-01 -1.68220189e-05  4.67619526e-06 -2.50577503e-08 
 3.44051397e-05  1.99922315e-01  2.00563316e-01  2.00768732e-01 -1.61932666e-05  4.55516294e-06 -2.46187572e-08 
 3.44052766e-05  1.99922153e-01  2.00598807e-01  2.00758195e-01 -1.57260447e-05  4.31956205e-06 -2.39400583e-08 
 3.44055503e-05  1.99921948e-01  2.00614473e-01  2.00741419e-01 -1.55994664e-05  3.88043056e-06 -2.27634921e-08 
 3.44058612e-05  1.99921544e-01  2.00607112e-01  2.00724950e-01 -1.56183599e-05  3.43430207e-06 -2.14390689e-08 
 3.44063803e-05  1.99921135e-01  2.00592116e-01  2.00699489e-01 -1.56094135e-05  2.79952163e-06 -1.92460799e-08 
 3.44071738e-05  1.99920450e-01  2.00572448e-01  2.00664632e-01 -1.56156641e-05  2.04522832e-06 -1.60821188e-08 
 3.44087609e-05  1.99919647e-01  2.00544851e-01  2.00608727e-01 -1.56129284e-05  1.07394287e-06 -1.07710739e-08 
 3.44119351e-05  1.99918630e-01  2.00524012e-01  2.00543237e-01 -1.56249964e-05  2.49596776e-07 -4.15937772e-09 
 3.44174297e-05  1.99918152e-01  2.00551008e-01  2.00526741e-01 -1.56335091e-05 -9.42173802e-09 -3.04392588e-10 
 3.44240844e-05  1.99917965e-01  2.00625980e-01  2.00585810e-01 -1.56491933e-05  1.23815517e-09  4.52554036e-11 
 3.44355456e-05  1.99918078e-01  2.00746945e-01  2.00712000e-01 -1.56557696e-05 -4.59301553e-10  1.25251663e-11 
 3.44487825e-05  1.99918094e-01  2.00821464e-01  2.00802245e-01 -1.56660084e-05  2.19963694e-10  2.49264233e-11 
 3.44704303e-05  1.99918208e-01  2.00824435e-01  2.00819571e-01 -1.56660352e-05 -1.32509622e-10 -6.02787790e-12 
 3.45064705e-05  1.99918060e-01  2.00747931e-01  2.00743298e-01 -1.56722356e-05  9.39843249e-11 -1.25583626e-12 
 3.45532352e-05  1.99918079e-01  2.00720877e-01  2.00709094e-01 -1.56680163e-05 -7.85943231e-11 -1.24648376e-12 
 3.46000000e-05  1.99918039e-01  2.00741425e-01  2.00730814e-01 -1.56720767e-05  6.35832591e-11  4.93080533e-12 
 3.46000343e-05  1.99920389e-01  2.00760783e-01  2.00731084e-01 -1.40786085e-05  2.22116243e-09  5.08071785e-09 
 3.46001030e-05  1.99922771e-01  2.00789172e-01  2.00732001e-01 -1.34499618e-05  6.08378570e-09  1.51677871e-08 
 3.46002404e-05  1.99927062e-01  2.00818589e-01  2.00735308e-01 -1.31177459e-05  1.22213365e-08  3.43105770e-08 
 3.46004338e-05  1.99933295e-01  2.00835658e-01  2.00741399e-01 -1.30008727e-05  1.96729206e-08  5.94037791e-08 
 3.46007786e-05  1.99944101e-01  2.00842637e-01  2.00752717e-01 -1.30672291e-05  3.18191359e-08  9.98951004e-08 
 3.46012239e-05  1.99958450e-01  2.00843901e-01  2.00765885e-01 -1.32248819e-05  4.52879371e-08  1.45601395e-07 
 3.46013555e-05  1.99962804e-01  2.00842844e-01  2.00769346e-01 -1.35124661e-05  4.86270681e-08  1.57960541e-07 
 3.46016188e-05  1.99973168e-01  2.00837243e-01  2.00775414e-01 -1.53758953e-05  5.31759241e-08  1.80877868e-07 
 3.46017749e-05  1.99981138e-01  2.00827459e-01  2.00778253e-01 -1.83111254e-05  5.33592935e-08  1.92888733e-07 
 3.46018940e-05  1.99988963e-01  2.00814150e-01  2.00779766e-01 -2.21103333e-05  5.10658101e-08  2.00618304e-07 
 3.46020138e-05  1.99998206e-01  2.00793574e-01  2.00780424e-01 -2.77938504e-05  4.60091426e-08  2.06557916e-07 
 3.46021432e-05  2.00009811e-01  2.00763070e-01  2.00779812e-01 -3.57579087e-05  3.70781291e-08  2.10253904e-07 
 3.46022860e-05  2.00023395e-01  2.00718624e-01  2.00777091e-01 -4.61944056e-05  2.28720295e-08  2.10286413e-07 
 3.46024219e-05  2.00036197e-01  2.00665458e-01  2.00772058e-01 -5.62399205e-05  4.95330155e-09  2.05541829e-07 
 3.46025436e-05  2.00046281e-01  2.00606599e-01  2.00765117e-01 -6.40377059e-05 -1.52492080e-08  1.96495851e-07 
 3.46026555e-05  2.00053842e-01  2.00540941e-01  2.00756303e-01 -6.90656550e-05 -3.79137801e-08  1.83343532e-07 
 3.46027781e-05  2.00059427e-01  2.00457268e-01  2.00743503e-01 -7.27789145e-05 -6.68577891e-08  1.63033760e-07 
 3.46029072e-05  2.00062349e-01  2.00365270e-01  2.00726284e-01 -7.62755375e-05 -9.91895640e-08  1.35474341e-07 
 3.46030134e-05  2.00062405e-01  2.00294210e-01  2.00709372e-01 -7.90475541e-05 -1.24906052e-07  1.08893058e-07 
 3.46031297e-05  2.00060335e-01  2.00226040e-01  2.00688488e-01 -8.15808802e-05 -1.50575139e-07  7.67936636e-08 
 3.46032385e-05  2.00056107e-01  2.00173697e-01  2.00667239e-01 -8.34589861e-05 -1.71352156e-07  4.48448238e-08 
 3.46033189e-05  2.00051261e-01  2.00144372e-01  2.00650847e-01 -8.42292889e-05 -1.83883022e-07  2.07152233e-08 
 3.46033669e-05  2.00046986e-01  2.00132390e-01  2.00640907e-01 -8.43298913e-05 -1.89598826e-07  6.40357906e-09 
 3.46033986e-05  2.00043100e-01  2.00128247e-01  2.00634342e-01 -8.40210450e-05 -1.92130056e-07 -2.80992851e-09 
 3.46034272e-05  2.00038088e-01  2.00128830e-01  2.00628483e-01 -8.33772926e-05 -1.92952835e-07 -1.07194150e-08 
 3.46034538e-05  2.00031495e-01  2.00135202e-01  2.00623117e-01 -8.21773607e-05 -1.91744672e-07 -1.75104123e-08 
 3.46034820e-05  2.00022201e-01  2.00150838e-01  2.00617612e-01 -8.01554236e-05 -1.87495303e-07 -2.37463371e-08 
 3.46035161e-05  2.00009169e-01  2.00184231e-01  2.00611378e-01 -7.65881784e-05 -1.77602257e-07 -2.95372937e-08 
 3.46035507e-05  1.99995721e-01  2.00233405e-01  2.00605714e-01 -7.19987315e-05 -1.62563295e-07 -3.32661843e-08 
 3.46036037e-05  1.99977478e-01  2.00328751e-01  2.00598699e-01 -6.38279323e-05 -1.32745234e-07 -3.50397396e-08 
 3.46036371e-05  1.99968234e-01  2.00395489e-01  2.00595423e-01 -5.84330709e-05 -1.11532256e-07 -3.39972229e-08 
 3.46036707e-05  1.99960839e-01  2.00462117e-01  2.00593066e-01 -5.31426455e-05 -9.00924685e-08 -3.16512517e-08 
 3.46037111e-05  1.99954073e-01  2.00537755e-01  2.00591409e-01 -4.72236986e-05 -6.54177115e-08 -2.75173477e-08 
 3.46037544e-05  1.99949073e-01  2.00609867e-01  2.00590935e-01 -4.15862936e-05 -4.15368376e-08 -2.19703079e-08 
 3.46038005e-05  1.99945596e-01  2.00675323e-01  2.00591697e-01 -3.64521094e-05 -1.94990897e-08 -1.52116800e-08 
 3.46038501e-05  1.99943429e-01  2.00732450e-01  2.00593704e-01 -3.18929647e-05  7.95750577e-11 -7.38850682e-09 
 3.46039062e-05  1.99942246e-01  2.00782480e-01  2.00597114e-01 -2.78149089e-05  1.75602183e-08  1.79959225e-09 
 3.46039702e-05  1.99941982e-01  2.00824388e-01  2.00602077e-01 -2.42763469e-05  3.25088747e-08  1.24258298e-08 
 3.46040460e-05  1.99942547e-01  2.00858791e-01  2.00608931e-01 -2.12680525e-05  4.50304248e-08  2.49434884e-08 
 3.46041369e-05  1.99943996e-01  2.00885834e-01  2.00617975e-01 -1.88221531e-05  5.50183250e-08  3.96616891e-08 
 3.46042501e-05  1.99946465e-01  2.00907180e-01  2.00629867e-01 -1.69294599e-05  6.28699733e-08  5.74336726e-08 
 3.46043935e-05  1.99950254e-01  2.00924575e-01  2.00645256e-01 -1.55938692e-05  6.89895284e-08  7.89850037e-08 
 3.46045792e-05  1.99955756e-01  2.00940427e-01  2.00665112e-01 -1.47935270e-05  7.40530391e-08  1.05351626e-07 
 3.46047896e-05  1.99962408e-01  2.00954712e-01  2.00687112e-01 -1.44412197e-05  7.81348086e-08  1.33268710e-07 
 3.46050000e-05  1.99969203e-01  2.00967188e-01  2.00708415e-01 -1.43218446e-05  8.14356245e-08  1.59335904e-07 
 3.46050054e-05  1.99968114e-01  2.00963192e-01  2.00708940e-01 -1.54185778e-05  8.11482318e-08  1.59026130e-07 
 3.46050161e-05  1.99967451e-01  2.00956335e-01  2.00709973e-01 -1.56660717e-05  8.05944962e-08  1.58152130e-07 
 3.46050376e-05  1.99967563e-01  2.00946421e-01  2.00711954e-01 -1.56359785e-05  7.96069131e-08  1.56160449e-07 
 3.46050806e-05  1.99967117e-01  2.00931843e-01  2.00715657e-01 -1.57895169e-05  7.79357872e-08  1.52479040e-07 
 3.46051666e-05  1.99967220e-01  2.00912960e-01  2.00722308e-01 -1.57701302e-05  7.51695400e-08  1.45409432e-07 
 3.46052996e-05  1.99967112e-01  2.00899676e-01  2.00731323e-01 -1.58310613e-05  7.13893693e-08  1.35375645e-07 
 3.46054808e-05  1.99967467e-01  2.00896664e-01  2.00742294e-01 -1.57620700e-05  6.65293789e-08  1.22918294e-07 
 3.46057856e-05  1.99967551e-01  2.00903860e-01  2.00759290e-01 -1.58167909e-05  5.90216758e-08  1.04924436e-07 
 3.46063951e-05  1.99968203e-01  2.00924678e-01  2.00790787e-01 -1.57570665e-05  4.64057468e-08  7.73609334e-08 
 3.46076141e-05  1.99968778e-01  2.00959765e-01  2.00846217e-01 -1.58095075e-05  2.85167368e-08  4.45284219e-08 
 3.46100521e-05  1.99969913e-01  2.01004883e-01  2.00928858e-01 -1.57444500e-05  1.01391714e-08  1.94560289e-08 
 3.46149281e-05  1.99970562e-01  2.01029596e-01  2.01006207e-01 -1.57872351e-05  3.13899216e-10  9.92544590e-09 
 3.46206887e-05  1.99970983e-01  2.00998128e-01  2.01003642e-01 -1.57195040e-05  1.07847800e-11  6.40484859e-09 
 3.46304543e-05  1.99970865e-01  2.00910136e-01  2.00924861e-01 -1.57648285e-05 -1.09624664e-11  2.29568498e-09 
 3.46439486e-05  1.99970971e-01  2.00813964e-01  2.00818545e-01 -1.57014052e-05 -1.40679044e-11  5.79192437e-10 
 3.46610729e-05  1.99970735e-01  2.00769621e-01  2.00761591e-01 -1.57539819e-05 -2.67094029e-12  1.58554457e-11 
 3.46899090e-05  1.99970922e-01  2.00790054e-01  2.00775582e-01 -1.56953361e-05  1.54148460e-12  1.72997558e-11 
 3.47430532e-05  1.99970822e-01  2.00824705e-01  2.00815356e-01 -1.57510784e-05  3.62220236e-13 -8.47682710e-13 
 3.48058739e-05  1.99970987e-01  2.00791773e-01  2.00783572e-01 -1.56950175e-05 -2.20999087e-12  9.79988877e-12 
 3.49058739e-05  1.99970805e-01  2.00779608e-01  2.00768486e-01 -1.57512227e-05  7.04795380e-13 -4.16830069e-12 
 3.50058739e-05  1.99971010e-01  2.00781853e-01  2.00772688e-01 -1.56949337e-05 -1.28467397e-12  1.32252540e-11 
 3.51058739e-05  1.99970835e-01  2.00768987e-01  2.00758771e-01 -1.57512543e-05 -8.64221888e-14 -5.02134700e-12 
 3.52058739e-05  1.99971030e-01  2.00772915e-01  2.00762851e-01 -1.56949288e-05 -6.97205314e-13  1.20610547e-11 
 3.53058739e-05  1.99970870e-01  2.00769146e-01  2.00759311e-01 -1.57512394e-05 -3.18449694e-13 -2.35347831e-12 
 3.54058739e-05  1.99971057e-01  2.00768356e-01  2.00758172e-01 -1.56949458e-05 -6.57460197e-13  8.93778931e-12 
 3.55058739e-05  1.99970901e-01  2.00769207e-01  2.00759261e-01 -1.57512245e-05 -2.43953295e-13  7.07661143e-13 
 3.56058739e-05  1.99971089e-01  2.00767573e-01  2.00757530e-01 -1.56949549e-05 -7.33521750e-13  6.28463389e-12 
 3.57058739e-05  1.99970931e-01  2.00768426e-01  2.00758352e-01 -1.57512194e-05 -1.96536364e-13  2.95261206e-12 
 3.58058739e-05  1.99971121e-01  2.00767897e-01  2.00757917e-01 -1.56949573e-05 -7.36858925e-13  4.37209568e-12 
 3.59058739e-05  1.99970961e-01  2.00767932e-01  2.00757841e-01 -1.57512175e-05 -2.20496581e-13  4.66676887e-12 
 3.60058739e-05  1.99971152e-01  2.00768039e-01  2.00758045e-01 -1.56949596e-05 -6.99750154e-13  2.77033957e-12 
 3.61058739e-05  1.99970992e-01  2.00767888e-01  2.00757818e-01 -1.57512143e-05 -2.56146016e-13  6.20783324e-12 
 3.62058739e-05  1.99971183e-01  2.00767987e-01  2.00757974e-01 -1.56949634e-05 -6.71175572e-13  1.28115091e-12 
 3.63058739e-05  1.99971024e-01  2.00767980e-01  2.00757920e-01 -1.57512101e-05 -2.75991469e-13  7.63839854e-12 
 3.64058739e-05  1.99971214e-01  2.00767951e-01  2.00757934e-01 -1.56949677e-05 -6.57862220e-13 -7.74706905e-14 
 3.65058739e-05  1.99971055e-01  2.00768035e-01  2.00757974e-01 -1.57512059e-05 -2.85288937e-13  8.91693371e-12 
 3.66000000e-05  1.99971244e-01  2.00767973e-01  2.00757959e-01 -1.56949719e-05 -6.50077214e-13 -1.30655632e-12 
 3.66001325e-05  1.99965006e-01  2.00722749e-01  2.00755682e-01 -1.71830834e-05 -6.63967258e-09 -2.60636156e-08 
 3.66003974e-05  1.99956310e-01  2.00675196e-01  2.00748964e-01 -1.75524497e-05 -1.79692059e-08 -7.57943682e-08 
 3.66009273e-05  1.99941666e-01  2.00668189e-01  2.00732231e-01 -2.02106932e-05 -3.56832722e-08 -1.60633864e-07 
 3.66011268e-05  1.99937210e-01  2.00671943e-01  2.00726692e-01 -2.31546863e-05 -4.10792491e-08 -1.87807669e-07 
 3.66013320e-05  1.99934167e-01  2.00679019e-01  2.00721864e-01 -2.77150061e-05 -4.54242017e-08 -2.12877551e-07 
 3.66016114e-05  1.99932131e-01  2.00691932e-01  2.00716950e-01 -3.68421059e-05 -4.99707229e-08 -2.42188507e-07 
 3.66018015e-05  1.99932172e-01  2.00705576e-01  2.00714881e-01 -4.48905323e-05 -5.16502952e-08 -2.58609299e-07 
 3.66019506e-05  1.99932811e-01  2.00719737e-01  2.00714171e-01 -5.21639939e-05 -5.17277547e-08 -2.69088878e-07 
 3.66020760e-05  1.99933693e-01  2.00735724e-01  2.00714344e-01 -5.87963180e-05 -5.05423023e-08 -2.75969528e-07 
 3.66021824e-05  1.99934388e-01  2.00753115e-01  2.00715179e-01 -6.46786719e-05 -4.81816265e-08 -2.80067041e-07 
 3.66022748e-05  1.99934826e-01  2.00772718e-01  2.00716546e-01 -6.97919766e-05 -4.46355974e-08 -2.82011131e-07 
 3.66023561e-05  1.99934744e-01  2.00794803e-01  2.00718376e-01 -7.41639450e-05 -3.98291496e-08 -2.82124007e-07 
 3.66024294e-05  1.99934121e-01  2.00820314e-01  2.00720663e-01 -7.78024798e-05 -3.35780429e-08 -2.80602429e-07 
 3.66024992e-05  1.99932775e-01  2.00851154e-01  2.00723558e-01 -8.08424494e-05 -2.53488001e-08 -2.77318866e-07 
 3.66025746e-05  1.99930819e-01  2.00892658e-01  2.00727664e-01 -8.35210324e-05 -1.36046800e-08 -2.71392119e-07 
 3.66026541e-05  1.99928859e-01  2.00944381e-01  2.00733324e-01 -8.57688965e-05  1.64147787e-09 -2.62229686e-07 
 3.66027560e-05  1.99927441e-01  2.01016918e-01  2.00742808e-01 -8.80939514e-05  2.37277724e-08 -2.46285421e-07 
 3.66028630e-05  1.99927502e-01  2.01093827e-01  2.00755485e-01 -9.01957979e-05  4.78516380e-08 -2.24969275e-07 
 3.66029802e-05  1.99929415e-01  2.01173042e-01  2.00772339e-01 -9.22927688e-05  7.34251492e-08 -1.97047714e-07 
 3.66031136e-05  1.99933571e-01  2.01252324e-01  2.00794698e-01 -9.43551247e-05  9.99218406e-08 -1.60646603e-07 
 3.66032448e-05  1.99939376e-01  2.01315537e-01  2.00819209e-01 -9.55779916e-05  1.22099239e-07 -1.21489398e-07 
 3.66033492e-05  1.99944789e-01  2.01351498e-01  2.00839832e-01 -9.50601132e-05  1.35770604e-07 -8.92719471e-08 
 3.66034182e-05  1.99948499e-01  2.01364301e-01  2.00853663e-01 -9.26844577e-05  1.41651702e-07 -6.83282465e-08 
 3.66034740e-05  1.99951281e-01  2.01363831e-01  2.00864707e-01 -8.85034284e-05  1.43240291e-07 -5.23522494e-08 
 3.66035300e-05  1.99953693e-01  2.01349625e-01  2.00875377e-01 -8.22036610e-05  1.40798733e-07 -3.79484672e-08 
 3.66036006e-05  1.99955941e-01  2.01310025e-01  2.00887753e-01 -7.22525866e-05  1.31290484e-07 -2.29911655e-08 
 3.66036659e-05  1.99957194e-01  2.01254169e-01  2.00897656e-01 -6.22499007e-05  1.16703158e-07 -1.28338620e-08 
 3.66037517e-05  1.99957623e-01  2.01161699e-01  2.00907792e-01 -4.96327585e-05  9.15922489e-08 -4.97506352e-09 
 3.66038577e-05  1.99956604e-01  2.01036416e-01  2.00915319e-01 -3.69958547e-05  5.66596475e-08 -2.96187389e-09 
 3.66039262e-05  1.99955238e-01  2.00958305e-01  2.00917264e-01 -3.11271975e-05  3.45114157e-08 -5.36302873e-09 
 3.66039949e-05  1.99953527e-01  2.00888051e-01  2.00917152e-01 -2.68269516e-05  1.43762695e-08 -9.85636622e-09 
 3.66040768e-05  1.99951171e-01  2.00817345e-01  2.00914752e-01 -2.33254721e-05 -6.09556848e-09 -1.71161766e-08 
 3.66041655e-05  1.99948411e-01  2.00756867e-01  2.00909953e-01 -2.10206714e-05 -2.37908962e-08 -2.64859947e-08 
 3.66042590e-05  1.99945362e-01  2.00709209e-01  2.00903086e-01 -1.96479280e-05 -3.78836266e-08 -3.72933310e-08 
 3.66043606e-05  1.99942000e-01  2.00672292e-01  2.00894232e-01 -1.88908472e-05 -4.89120761e-08 -4.94639966e-08 
 3.66044751e-05  1.99938181e-01  2.00643877e-01  2.00883211e-01 -1.84942777e-05 -5.74856217e-08 -6.32098438e-08 
 3.66046081e-05  1.99933759e-01  2.00622075e-01  2.00869718e-01 -1.83295917e-05 -6.41194924e-08 -7.88176303e-08 
 3.66047681e-05  1.99928457e-01  2.00604857e-01  2.00853208e-01 -1.82712370e-05 -6.93847636e-08 -9.67573736e-08 
 3.66048840e-05  1.99924636e-01  2.00595767e-01  2.00841288e-01 -1.82705755e-05 -7.21602037e-08 -1.09132343e-07 
 3.66050000e-05  1.99920820e-01  2.00588113e-01  2.00829528e-01 -1.82677576e-05 -7.44858194e-08 -1.20965357e-07 
 3.66050022e-05  1.99921501e-01  2.00589912e-01  2.00829309e-01 -1.72715228e-05 -7.43737751e-08 -1.20889988e-07 
 3.66050066e-05  1.99922113e-01  2.00593253e-01  2.00828874e-01 -1.69394633e-05 -7.41470478e-08 -1.20697401e-07 
 3.66050154e-05  1.99922029e-01  2.00598723e-01  2.00828021e-01 -1.68028546e-05 -7.37048835e-08 -1.20228083e-07 
 3.66050330e-05  1.99922110e-01  2.00607148e-01  2.00826373e-01 -1.65902770e-05 -7.28943731e-08 -1.19311485e-07 
 3.66050640e-05  1.99922071e-01  2.00618721e-01  2.00823620e-01 -1.62998770e-05 -7.16357016e-08 -1.17744721e-07 
 3.66051259e-05  1.99922097e-01  2.00635337e-01  2.00818560e-01 -1.59464849e-05 -6.95553814e-08 -1.14753452e-07 
 3.66052499e-05  1.99921965e-01  2.00652745e-01  2.00809631e-01 -1.56633252e-05 -6.62019986e-08 -1.09164230e-07 
 3.66054978e-05  1.99921773e-01  2.00658649e-01  2.00794139e-01 -1.55989135e-05 -6.03664209e-08 -9.89945061e-08 
 3.66058237e-05  1.99921450e-01  2.00649179e-01  2.00775747e-01 -1.56129094e-05 -5.32441775e-08 -8.71252218e-08 
 3.66063301e-05  1.99921092e-01  2.00631907e-01  2.00749033e-01 -1.56151610e-05 -4.36242404e-08 -7.14263976e-08 
 3.66071936e-05  1.99920501e-01  2.00606148e-01  2.00707788e-01 -1.56153368e-05 -3.10160545e-08 -5.08096997e-08 
 3.66089205e-05  1.99919747e-01  2.00567951e-01  2.00640645e-01 -1.56241584e-05 -1.53712103e-08 -2.52131552e-08 
 3.66123743e-05  1.99918874e-01  2.00530070e-01  2.00557575e-01 -1.56303224e-05 -3.03748392e-09 -4.98656556e-09 
 3.66183853e-05  1.99918429e-01  2.00533773e-01  2.00518619e-01 -1.56466571e-05  1.90149068e-10  3.22827935e-10 
 3.66261182e-05  1.99918298e-01  2.00587404e-01  2.00557418e-01 -1.56527336e-05 -5.16145870e-11 -7.71432352e-11 
 3.66399292e-05  1.99918370e-01  2.00676694e-01  2.00652277e-01 -1.56651059e-05  3.55441416e-11  5.83158932e-11 
 3.66536753e-05  1.99918390e-01  2.00715959e-01  2.00702162e-01 -1.56646894e-05 -8.09214544e-12 -9.20006909e-12 
 3.66800320e-05  1.99918434e-01  2.00706495e-01  2.00700531e-01 -1.56712908e-05  5.72059978e-12  9.85857565e-12 
 3.67211014e-05  1.99918345e-01  2.00667917e-01  2.00658883e-01 -1.56682127e-05 -8.43693605e-12 -1.06218653e-11 
 3.67605507e-05  1.99918378e-01  2.00678291e-01  2.00666316e-01 -1.56719936e-05  5.86628055e-12  9.89465557e-12 
 3.68000000e-05  1.99918371e-01  2.00696830e-01  2.00686215e-01 -1.56680312e-05 -4.35632563e-12 -3.84608139e-12 
 3.68000270e-05  1.99921653e-01  2.00729126e-01  2.00686567e-01 -1.38993280e-05  3.19830287e-09  1.37308159e-09 
 3.68000811e-05  1.99925281e-01  2.00777004e-01  2.00687774e-01 -1.29653002e-05  8.85311282e-09  3.99958428e-09 
 3.68001891e-05  1.99931816e-01  2.00830681e-01  2.00692261e-01 -1.22676921e-05  1.67190443e-08  8.82932674e-09 
 3.68003439e-05  1.99941458e-01  2.00870781e-01  2.00701174e-01 -1.19378819e-05  2.42477888e-08  1.51992571e-08 
 3.68006464e-05  1.99959803e-01  2.00898964e-01  2.00720988e-01 -1.19585434e-05  3.53296732e-08  2.64882279e-08 
 3.68009832e-05  1.99980736e-01  2.00912617e-01  2.00743047e-01 -1.19380927e-05  4.54828322e-08  3.75745093e-08 
 3.68013523e-05  2.00004177e-01  2.00922593e-01  2.00765666e-01 -1.24149154e-05  5.13568349e-08  4.80660560e-08 
 3.68014763e-05  2.00012834e-01  2.00925468e-01  2.00772848e-01 -1.27954879e-05  4.95127477e-08  5.11833784e-08 
 3.68016790e-05  2.00028096e-01  2.00924241e-01  2.00783907e-01 -1.48392241e-05  2.86835471e-08  5.55750668e-08 
 3.68018257e-05  2.00041288e-01  2.00917779e-01  2.00791150e-01 -1.78493099e-05 -1.28437587e-08  5.79743657e-08 
 3.68019487e-05  2.00053664e-01  2.00905097e-01  2.00796444e-01 -2.20661102e-05 -7.92008292e-08  5.91951100e-08 
 3.68020732e-05  2.00067675e-01  2.00884847e-01  2.00800744e-01 -2.78988894e-05 -1.89080484e-07  5.94578082e-08 
 3.68022209e-05  2.00084796e-01  2.00849467e-01  2.00803979e-01 -3.66398629e-05 -3.91941000e-07  5.82084141e-08 
 3.68023538e-05  2.00099862e-01  2.00807068e-01  2.00804717e-01 -4.49902886e-05 -6.56234018e-07  5.54083950e-08 
 3.68024798e-05  2.00112142e-01  2.00756059e-01  2.00803085e-01 -5.21080950e-05 -9.92512886e-07  5.10439532e-08 
 3.68025940e-05  2.00120844e-01  2.00698728e-01  2.00799258e-01 -5.65128938e-05 -1.38373630e-06  4.53967611e-08 
 3.68027083e-05  2.00125964e-01  2.00628845e-01  2.00792755e-01 -5.84295077e-05 -1.87187316e-06  3.78837433e-08 
 3.68028290e-05  2.00127281e-01  2.00544955e-01  2.00782571e-01 -5.90349702e-05 -2.49698435e-06  2.79207679e-08 
 3.68029912e-05  2.00122113e-01  2.00431626e-01  2.00763454e-01 -5.97501131e-05 -3.48752590e-06  1.19615045e-08 
 3.68031091e-05  2.00113911e-01  2.00357222e-01  2.00745990e-01 -6.01071685e-05 -4.29257288e-06 -9.53270011e-10 
 3.68032149e-05  2.00103350e-01  2.00300211e-01  2.00728274e-01 -6.02965148e-05 -5.05497276e-06 -1.30631199e-08 
 3.68033107e-05  2.00091224e-01  2.00259262e-01  2.00711044e-01 -6.01204593e-05 -5.75996986e-06 -2.41063453e-08 
 3.68033690e-05  2.00081874e-01  2.00241264e-01  2.00700178e-01 -5.97699301e-05 -6.18756157e-06 -3.06904048e-08 
 3.68034025e-05  2.00075341e-01  2.00234812e-01  2.00693888e-01 -5.93161453e-05 -6.42740928e-06 -3.43131227e-08 
 3.68034321e-05  2.00068034e-01  2.00233136e-01  2.00688369e-01 -5.86868150e-05 -6.63048276e-06 -3.73031798e-08 
 3.68034589e-05  2.00059556e-01  2.00236795e-01  2.00683420e-01 -5.77300273e-05 -6.80318415e-06 -3.97383817e-08 
 3.68034871e-05  2.00048429e-01  2.00248497e-01  2.00678372e-01 -5.62608488e-05 -6.96553063e-06 -4.18487991e-08 
 3.68035221e-05  2.00032886e-01  2.00277089e-01  2.00672456e-01 -5.37144961e-05 -7.13202333e-06 -4.36429931e-08 
 3.68035561e-05  2.00017766e-01  2.00319864e-01  2.00667261e-01 -5.06660479e-05 -7.25232173e-06 -4.44327299e-08 
 3.68036072e-05  1.99997990e-01  2.00404561e-01  2.00660882e-01 -4.54961761e-05 -7.35828143e-06 -4.40105091e-08 
 3.68036373e-05  1.99988735e-01  2.00461591e-01  2.00658044e-01 -4.23736024e-05 -7.38284947e-06 -4.30044406e-08 
 3.68036714e-05  1.99980483e-01  2.00528110e-01  2.00655694e-01 -3.89211220e-05 -7.38369791e-06 -4.13798906e-08 
 3.68037122e-05  1.99973409e-01  2.00605709e-01  2.00654093e-01 -3.50991055e-05 -7.35468763e-06 -3.89745096e-08 
 3.68037561e-05  1.99968750e-01  2.00682881e-01  2.00653748e-01 -3.14518587e-05 -7.29641546e-06 -3.60554554e-08 
 3.68038015e-05  1.99966343e-01  2.00753345e-01  2.00654725e-01 -2.82344133e-05 -7.21579656e-06 -3.28728444e-08 
 3.68038506e-05  1.99965763e-01  2.00818105e-01  2.00657078e-01 -2.53391743e-05 -7.11339848e-06 -2.93900191e-08 
 3.68039050e-05  1.99966752e-01  2.00876506e-01  2.00660955e-01 -2.27685900e-05 -6.98908085e-06 -2.55991851e-08 
 3.68039676e-05  1.99969288e-01  2.00928903e-01  2.00666687e-01 -2.04715607e-05 -6.83848226e-06 -2.13863290e-08 
 3.68040405e-05  1.99973362e-01  2.00974245e-01  2.00674591e-01 -1.84846313e-05 -6.65906473e-06 -1.67064938e-08 
 3.68041289e-05  1.99979267e-01  2.01013133e-01  2.00685325e-01 -1.67801324e-05 -6.44144576e-06 -1.13400925e-08 
 3.68042382e-05  1.99987396e-01  2.01045815e-01  2.00699627e-01 -1.53927117e-05 -6.17639940e-06 -5.08460584e-09 
 3.68043798e-05  1.99998746e-01  2.01074087e-01  2.00718921e-01 -1.43346105e-05 -5.84420888e-06  2.50089915e-09 
 3.68045653e-05  2.00014413e-01  2.01099666e-01  2.00744526e-01 -1.36613153e-05 -5.43101396e-06  1.17044659e-08 
 3.68047827e-05  2.00033419e-01  2.01122504e-01  2.00774230e-01 -1.33541897e-05 -4.98011953e-06  2.15568683e-08 
 3.68050000e-05  2.00052746e-01  2.01142019e-01  2.00803223e-01 -1.32491629e-05 -4.56467525e-06  3.04957814e-08 
 3.68050055e-05  2.00051234e-01  2.01133552e-01  2.00803924e-01 -1.44324289e-05 -4.55531436e-06  3.04126648e-08 
 3.68050164e-05  2.00050333e-01  2.01119109e-01  2.00805290e-01 -1.47961159e-05 -4.53659113e-06  3.02678941e-08 
 3.68050384e-05  2.00050578e-01  2.01098446e-01  2.00807851e-01 -1.49485914e-05 -4.49903034e-06  3.00269030e-08 
 3.68050822e-05  2.00050047e-01  2.01068621e-01  2.00812469e-01 -1.53720552e-05 -4.42388791e-06  2.96129547e-08 
 3.68051699e-05  2.00050338e-01  2.01030010e-01  2.00820285e-01 -1.56337687e-05 -4.27553498e-06  2.89476013e-08 
 3.68053069e-05  2.00050337e-01  2.01001053e-01  2.00830167e-01 -1.58292807e-05 -4.05198101e-06  2.80568373e-08 
 3.68054914e-05  2.00051042e-01  2.00990229e-01  2.00841228e-01 -1.57755166e-05 -3.76899439e-06  2.69301519e-08 
 3.68058019e-05  2.00051456e-01  2.00993377e-01  2.00857665e-01 -1.58272715e-05 -3.33609309e-06  2.50839595e-08 
 3.68062819e-05  2.00052628e-01  2.01007447e-01  2.00880912e-01 -1.57659556e-05 -2.76182736e-06  2.23800025e-08 
 3.68072120e-05  2.00053753e-01  2.01031034e-01  2.00921152e-01 -1.58214840e-05 -1.90941139e-06  1.77046979e-08 
 3.68090722e-05  2.00055714e-01  2.01062099e-01  2.00983716e-01 -1.57563179e-05 -8.88312571e-07  1.05987830e-08 
 3.68127925e-05  2.00056802e-01  2.01078002e-01  2.01048805e-01 -1.58021885e-05 -1.38619473e-07  3.09122401e-09 
 3.68182304e-05  2.00057375e-01  2.01037114e-01  2.01047451e-01 -1.57298245e-05  4.53406865e-09  1.83854799e-10 
 3.68256497e-05  2.00057109e-01  2.00939627e-01  2.00964854e-01 -1.57752321e-05 -8.37261142e-10 -3.97875898e-11 
 3.68380284e-05  2.00057272e-01  2.00796898e-01  2.00812942e-01 -1.57057567e-05  3.24839612e-10 -1.78326604e-11 
 3.68518515e-05  2.00056931e-01  2.00718232e-01  2.00716863e-01 -1.57579436e-05 -1.68301580e-10 -2.11204674e-11 
 3.68749333e-05  2.00057152e-01  2.00723006e-01  2.00706540e-01 -1.56956994e-05  1.02109292e-10  8.70960742e-12 
 3.69144784e-05  2.00056980e-01  2.00813020e-01  2.00797864e-01 -1.57518635e-05 -7.39086600e-11  3.55947102e-12 
 3.69641425e-05  2.00057283e-01  2.00834128e-01  2.00826336e-01 -1.56940348e-05  6.09311310e-11  2.46920252e-12 
 3.70347491e-05  2.00057027e-01  2.00814704e-01  2.00803996e-01 -1.57521235e-05 -5.45590240e-11 -2.15973626e-12 
 3.71347491e-05  2.00057324e-01  2.00843765e-01  2.00832943e-01 -1.56940331e-05  4.88578351e-11  4.99125968e-12 
 3.72347491e-05  2.00057109e-01  2.00844399e-01  2.00835033e-01 -1.57520756e-05 -4.48048773e-11 -2.49800045e-12 
 3.73347491e-05  2.00057386e-01  2.00845919e-01  2.00835194e-01 -1.56940915e-05  3.93266843e-11  4.10223944e-12 
 3.74347491e-05  2.00057174e-01  2.00853213e-01  2.00843443e-01 -1.57520395e-05 -3.60284795e-11 -1.45960354e-12 
 3.75347491e-05  2.00057453e-01  2.00849811e-01  2.00839685e-01 -1.56941109e-05  3.13778662e-11  3.13200214e-12 
 3.76347491e-05  2.00057236e-01  2.00853394e-01  2.00843257e-01 -1.57520361e-05 -2.90055315e-11 -8.49950644e-13 
 3.77347491e-05  2.00057519e-01  2.00852890e-01  2.00842958e-01 -1.56941087e-05  2.51604993e-11  2.78069576e-12 
 3.78347491e-05  2.00057299e-01  2.00852919e-01  2.00842776e-01 -1.57520394e-05 -2.34918131e-11 -6.94855794e-13 
 3.79347491e-05  2.00057583e-01  2.00853820e-01  2.00843827e-01 -1.56941081e-05  2.02154595e-11  2.68966143e-12 
 3.80347491e-05  2.00057363e-01  2.00853244e-01  2.00843186e-01 -1.57520374e-05 -1.90288297e-11 -6.13244969e-13 
 3.81347491e-05  2.00057646e-01  2.00853755e-01  2.00843703e-01 -1.56941124e-05  1.61653410e-11  2.58032593e-12 
 3.82347491e-05  2.00057427e-01  2.00853660e-01  2.00843631e-01 -1.57520321e-05 -1.53520623e-11 -4.81694112e-13 
 3.83347491e-05  2.00057709e-01  2.00853679e-01  2.00843624e-01 -1.56941178e-05  1.28304969e-11  2.43689292e-12 
 3.84347491e-05  2.00057490e-01  2.00853826e-01  2.00843788e-01 -1.57520270e-05 -1.23347240e-11 -3.42310544e-13 
 3.85347491e-05  2.00057773e-01  2.00853758e-01  2.00843715e-01 -1.56941224e-05  1.01052495e-11  2.30979239e-12 
 3.86347491e-05  2.00057554e-01  2.00853861e-01  2.00843815e-01 -1.57520227e-05 -9.87637901e-12 -2.31390157e-13 
 3.87173745e-05  2.00057831e-01  2.00853864e-01  2.00843825e-01 -1.56941270e-05  7.68004562e-12  2.20505813e-12 
 3.88000000e-05  2.00057606e-01  2.00853885e-01  2.00843839e-01 -1.57520177e-05 -7.50468784e-12 -1.32184465e-13 
 3.88001164e-05  2.00044969e-01  2.00770217e-01  2.00840117e-01 -1.77806049e-05 -8.18088144e-09 -5.38670505e-09 
 3.88003491e-05  2.00024154e-01  2.00678160e-01  2.00828911e-01 -1.86194859e-05 -1.92946339e-08 -1.52943855e-08 
 3.88008146e-05  1.99984811e-01  2.00644606e-01  2.00798664e-01 -2.02309804e-05 -2.69400736e-08 -3.19970929e-08 
 3.88011701e-05  1.99957232e-01  2.00640324e-01  2.00776595e-01 -2.52710377e-05 -1.44757252e-08 -4.25367240e-08 
 3.88013835e-05  1.99942982e-01  2.00642748e-01  2.00764718e-01 -3.05963040e-05  9.72721234e-09 -4.78265760e-08 
 3.88016156e-05  1.99929561e-01  2.00647471e-01  2.00753215e-01 -3.87213292e-05  5.64020202e-08 -5.26960236e-08 
 3.88018073e-05  1.99920391e-01  2.00657142e-01  2.00745021e-01 -4.71845692e-05  1.17293329e-07 -5.59202379e-08 
 3.88019601e-05  1.99914174e-01  2.00667984e-01  2.00739536e-01 -5.50444383e-05  1.86982849e-07 -5.78628867e-08 
 3.88020858e-05  1.99909878e-01  2.00681726e-01  2.00735872e-01 -6.21237083e-05  2.64797052e-07 -5.89241851e-08 
 3.88021923e-05  1.99906565e-01  2.00697042e-01  2.00733514e-01 -6.84935289e-05  3.51442585e-07 -5.93256166e-08 
 3.88022846e-05  1.99903942e-01  2.00715162e-01  2.00732156e-01 -7.41452996e-05  4.48237886e-07 -5.91769100e-08 
 3.88023660e-05  1.99901519e-01  2.00735921e-01  2.00731622e-01 -7.91420413e-05  5.56815097e-07 -5.85330078e-08 
 3.88024397e-05  1.99899191e-01  2.00760476e-01  2.00731812e-01 -8.35200012e-05  6.80795234e-07 -5.73937022e-08 
 3.88025107e-05  1.99896639e-01  2.00790790e-01  2.00732758e-01 -8.75074990e-05  8.30853321e-07 -5.56451675e-08 
 3.88025950e-05  1.99893891e-01  2.00836524e-01  2.00735108e-01 -9.18344287e-05  1.05721788e-06 -5.25673667e-08 
 3.88026731e-05  1.99892372e-01  2.00886925e-01  2.00738697e-01 -9.55218247e-05  1.31754530e-06 -4.87057498e-08 
 3.88027885e-05  1.99893031e-01  2.00968417e-01  2.00746770e-01 -1.00574378e-04  1.78684977e-06 -4.14203332e-08 
 3.88028908e-05  1.99896570e-01  2.01041860e-01  2.00756723e-01 -1.04764424e-04  2.27858415e-06 -3.36373190e-08 
 3.88030066e-05  1.99903829e-01  2.01120691e-01  2.00770961e-01 -1.09171917e-04  2.90624119e-06 -2.36750924e-08 
 3.88031408e-05  1.99915919e-01  2.01201759e-01  2.00790851e-01 -1.13584668e-04  3.70569284e-06 -1.10518713e-08 
 3.88032656e-05  1.99930113e-01  2.01263372e-01  2.00811866e-01 -1.16403929e-04  4.49250917e-06  1.22888971e-09 
 3.88033638e-05  1.99942613e-01  2.01298736e-01  2.00829547e-01 -1.16708849e-04  5.12036577e-06  1.08529915e-08 
 3.88034337e-05  1.99951783e-01  2.01312671e-01  2.00842412e-01 -1.14327516e-04  5.55620862e-06  1.73551512e-08 
 3.88034897e-05  1.99958786e-01  2.01312631e-01  2.00852601e-01 -1.09687217e-04  5.88370644e-06  2.20389287e-08 
 3.88035461e-05  1.99965205e-01  2.01298639e-01  2.00862482e-01 -1.02508780e-04  6.18071038e-06  2.60001258e-08 
 3.88036143e-05  1.99971646e-01  2.01261227e-01  2.00873443e-01 -9.14506325e-05  6.48054233e-06  2.94947528e-08 
 3.88036818e-05  1.99976431e-01  2.01204102e-01  2.00882752e-01 -7.92278496e-05  6.70463348e-06  3.14444126e-08 
 3.88037685e-05  1.99980079e-01  2.01110006e-01  2.00891764e-01 -6.37409614e-05  6.88285547e-06  3.18268708e-08 
 3.88038829e-05  1.99981115e-01  2.00971420e-01  2.00897975e-01 -4.66255215e-05  6.94991439e-06  2.93546460e-08 
 3.88039676e-05  1.99979612e-01  2.00871730e-01  2.00898427e-01 -3.74401273e-05  6.90014851e-06  2.59451297e-08 
 3.88040443e-05  1.99977101e-01  2.00791616e-01  2.00896107e-01 -3.14809491e-05  6.80403605e-06  2.21875080e-08 
 3.88041355e-05  1.99973107e-01  2.00712021e-01  2.00890576e-01 -2.66503022e-05  6.64794832e-06  1.72909863e-08 
 3.88042212e-05  1.99968714e-01  2.00652691e-01  2.00883219e-01 -2.37952078e-05  6.47507450e-06  1.25172961e-08 
 3.88043229e-05  1.99962993e-01  2.00599193e-01  2.00872560e-01 -2.17509343e-05  6.25314536e-06  6.86682026e-09 
 3.88044266e-05  1.99956854e-01  2.00559569e-01  2.00860237e-01 -2.06185567e-05  6.01932917e-06  1.25033993e-09 
 3.88045552e-05  1.99949009e-01  2.00525034e-01  2.00843789e-01 -1.99122154e-05  5.73013805e-06 -5.41323456e-09 
 3.88046969e-05  1.99940255e-01  2.00498950e-01  2.00824946e-01 -1.95920687e-05  5.42018809e-06 -1.23360882e-08 
 3.88048485e-05  1.99930842e-01  2.00478930e-01  2.00804589e-01 -1.94611754e-05  5.10348679e-06 -1.92601708e-08 
 3.88050000e-05  1.99921438e-01  2.00463201e-01  2.00784377e-01 -1.94204254e-05  4.80354542e-06 -2.57203842e-08 
 3.88050024e-05  1.99922389e-01  2.00467330e-01  2.00784059e-01 -1.83541960e-05  4.79916232e-06 -2.56851766e-08 
 3.88050073e-05  1.99923192e-01  2.00474867e-01  2.00783429e-01 -1.79511087e-05  4.79043528e-06 -2.56224766e-08 
 3.88050171e-05  1.99923048e-01  2.00486933e-01  2.00782213e-01 -1.77374896e-05  4.77303939e-06 -2.55188192e-08 
 3.88050366e-05  1.99923212e-01  2.00505300e-01  2.00779911e-01 -1.73371011e-05  4.73821659e-06 -2.53341509e-08 
 3.88050705e-05  1.99923163e-01  2.00529541e-01  2.00776242e-01 -1.68320252e-05  4.67780452e-06 -2.50603077e-08 
 3.88051382e-05  1.99923266e-01  2.00563690e-01  2.00769832e-01 -1.62031125e-05  4.55791732e-06 -2.46238244e-08 
 3.88052738e-05  1.99923109e-01  2.00599335e-01  2.00759361e-01 -1.57300993e-05  4.32444621e-06 -2.39495611e-08 
 3.88055449e-05  1.99922904e-01  2.00615437e-01  2.00742696e-01 -1.55997247e-05  3.88891066e-06 -2.27838730e-08 
 3.88058548e-05  1.99922504e-01  2.00608261e-01  2.00726248e-01 -1.56180796e-05  3.44308381e-06 -2.14640325e-08 
 3.88063690e-05  1.99922095e-01  2.00593392e-01  2.00700985e-01 -1.56097492e-05  2.81205269e-06 -1.92907965e-08 
 3.88071558e-05  1.99921415e-01  2.00573808e-01  2.00666338e-01 -1.56153084e-05  2.05999541e-06 -1.61492803e-08 
 3.88087293e-05  1.99920611e-01  2.00546229e-01  2.00610635e-01 -1.56132115e-05  1.08808955e-06 -1.08619074e-08 
 3.88118764e-05  1.99919594e-01  2.00525031e-01  2.00544941e-01 -1.56245040e-05  2.57300697e-07 -4.24161269e-09 
 3.88173646e-05  1.99919104e-01  2.00551339e-01  2.00527377e-01 -1.56337157e-05 -9.56257870e-09 -3.16423611e-10 
 3.88239738e-05  1.99918919e-01  2.00625611e-01  2.00585527e-01 -1.56487003e-05  1.22413006e-09  4.53239537e-11 
 3.88353683e-05  1.99919026e-01  2.00746378e-01  2.00711235e-01 -1.56559972e-05 -4.50989283e-10  1.23625746e-11 
 3.88485727e-05  1.99919046e-01  2.00821783e-01  2.00802349e-01 -1.56655985e-05  2.15922489e-10  2.52235148e-11 
 3.88700698e-05  1.99919158e-01  2.00825984e-01  2.00820999e-01 -1.56663369e-05 -1.29340401e-10 -5.87223174e-12 
 3.89057489e-05  1.99919014e-01  2.00750069e-01  2.00745549e-01 -1.56718778e-05  9.13348004e-11 -1.31717944e-12 
 3.89528745e-05  1.99919029e-01  2.00721565e-01  2.00709805e-01 -1.56683640e-05 -7.66457934e-11 -1.30431045e-12 
 3.90000000e-05  1.99918992e-01  2.00742332e-01  2.00731697e-01 -1.56717320e-05  6.21032923e-11  4.97069307e-12 
 3.90000346e-05  1.99921350e-01  2.00761799e-01  2.00731971e-01 -1.40761892e-05  2.23449155e-09  5.11923658e-09 
 3.90001038e-05  1.99923747e-01  2.00790317e-01  2.00732900e-01 -1.34461184e-05  6.12149346e-09  1.52804951e-08 
 3.90002422e-05  1.99928072e-01  2.00819762e-01  2.00736246e-01 -1.31153888e-05  1.22951346e-08  3.45577693e-08 
 3.90004370e-05  1.99934347e-01  2.00836723e-01  2.00742391e-01 -1.30009272e-05  1.97899616e-08  5.98013013e-08 
 3.90007822e-05  1.99945166e-01  2.00843569e-01  2.00753721e-01 -1.30673700e-05  3.19365873e-08  1.00288289e-07 
 3.90012303e-05  1.99959611e-01  2.00844804e-01  2.00766951e-01 -1.32349555e-05  4.54571299e-08  1.46209405e-07 
 3.90013596e-05  1.99963896e-01  2.00843735e-01  2.00770343e-01 -1.35246667e-05  4.87224550e-08  1.58330880e-07 
 3.90016182e-05  1.99974090e-01  2.00838190e-01  2.00776302e-01 -1.53626189e-05  5.31709461e-08  1.80829646e-07 
 3.90017733e-05  1.99981997e-01  2.00828501e-01  2.00779130e-01 -1.82680694e-05  5.33687887e-08  1.92779393e-07 
 3.90018925e-05  1.99989809e-01  2.00815260e-01  2.00780655e-01 -2.20515333e-05  5.11043858e-08  2.00534657e-07 
 3.90020125e-05  1.99999046e-01  2.00794753e-01  2.00781325e-01 -2.77206441e-05  4.60777766e-08  2.06505017e-07 
 3.90021418e-05  2.00010635e-01  2.00764358e-01  2.00780730e-01 -3.56646401e-05  3.71890764e-08  2.10232542e-07 
 3.90022847e-05  2.00024220e-01  2.00720007e-01  2.00778031e-01 -4.60947983e-05  2.30224891e-08  2.10309088e-07 
 3.90024205e-05  2.00037025e-01  2.00666980e-01  2.00773028e-01 -5.61427249e-05  5.15619738e-09  2.05618485e-07 
 3.90025423e-05  2.00047134e-01  2.00608214e-01  2.00766110e-01 -6.39662646e-05 -1.50125916e-08  1.96623189e-07 
 3.90026542e-05  2.00054719e-01  2.00542691e-01  2.00757326e-01 -6.90198252e-05 -3.76305040e-08  1.83531226e-07 
 3.90027769e-05  2.00060337e-01  2.00459061e-01  2.00744555e-01 -7.27453773e-05 -6.65580826e-08  1.63276371e-07 
 3.90029054e-05  2.00063282e-01  2.00367390e-01  2.00727446e-01 -7.62297311e-05 -9.87658748e-08  1.35895181e-07 
 3.90030119e-05  2.00063368e-01  2.00296047e-01  2.00710524e-01 -7.90130767e-05 -1.24572631e-07  1.09298271e-07 
 3.90031285e-05  2.00061319e-01  2.00227602e-01  2.00689621e-01 -8.15574336e-05 -1.50331956e-07  7.71694595e-08 
 3.90032377e-05  2.00057098e-01  2.00174973e-01  2.00668314e-01 -8.34479868e-05 -1.71210954e-07  4.51393325e-08 
 3.90033184e-05  2.00052246e-01  2.00145445e-01  2.00651855e-01 -8.42265232e-05 -1.83820360e-07  2.09139792e-08 
 3.90033666e-05  2.00047963e-01  2.00133369e-01  2.00641870e-01 -8.43309049e-05 -1.89575032e-07  6.54107126e-09 
 3.90033984e-05  2.00044087e-01  2.00129195e-01  2.00635306e-01 -8.40246925e-05 -1.92116287e-07 -2.66944380e-09 
 3.90034270e-05  2.00039077e-01  2.00129742e-01  2.00629434e-01 -8.33833895e-05 -1.92953845e-07 -1.05968472e-08 
 3.90034536e-05  2.00032494e-01  2.00136074e-01  2.00624063e-01 -8.21865717e-05 -1.91759856e-07 -1.73938879e-08 
 3.90034819e-05  2.00023218e-01  2.00151634e-01  2.00618560e-01 -8.01716072e-05 -1.87534761e-07 -2.36285184e-08 
 3.90035160e-05  2.00010184e-01  2.00184965e-01  2.00612320e-01 -7.66077929e-05 -1.77662638e-07 -2.94287216e-08 
 3.90035505e-05  1.99996758e-01  2.00233971e-01  2.00606663e-01 -7.20317572e-05 -1.62677066e-07 -3.31582042e-08 
 3.90036033e-05  1.99978541e-01  2.00328978e-01  2.00599655e-01 -6.38863010e-05 -1.32968782e-07 -3.49443406e-08 
 3.90036365e-05  1.99969340e-01  2.00395187e-01  2.00596390e-01 -5.85323842e-05 -1.11927966e-07 -3.39258469e-08 
 3.90036699e-05  1.99961938e-01  2.00461597e-01  2.00594023e-01 -5.32573108e-05 -9.05636149e-08 -3.16075554e-08 
 3.90037103e-05  1.99955140e-01  2.00537227e-01  2.00592346e-01 -4.73381129e-05 -6.58985637e-08 -2.74992483e-08 
 3.90037535e-05  1.99950101e-01  2.00609540e-01  2.00591849e-01 -4.16849509e-05 -4.19583316e-08 -2.19630948e-08 
 3.90037996e-05  1.99946600e-01  2.00675097e-01  2.00592587e-01 -3.65439678e-05 -1.98937720e-08 -1.52228938e-08 
 3.90038491e-05  1.99944410e-01  2.00732390e-01  2.00594571e-01 -3.19731260e-05 -2.65109209e-10 -7.41139545e-09 
 3.90039051e-05  1.99943210e-01  2.00782538e-01  2.00597952e-01 -2.78877548e-05  1.72499628e-08  1.75394400e-09 
 3.90039689e-05  1.99942930e-01  2.00824614e-01  2.00602885e-01 -2.43374484e-05  3.22522474e-08  1.23638157e-08 
 3.90040444e-05  1.99943479e-01  2.00859146e-01  2.00609699e-01 -2.13200638e-05  4.48164714e-08  2.48499439e-08 
 3.90041350e-05  1.99944911e-01  2.00886324e-01  2.00618701e-01 -1.88627366e-05  5.48525463e-08  3.95384865e-08 
 3.90042477e-05  1.99947358e-01  2.00907757e-01  2.00630531e-01 -1.69602538e-05  6.27388544e-08  5.72574872e-08 
 3.90043905e-05  1.99951119e-01  2.00925210e-01  2.00645850e-01 -1.56137484e-05  6.88867923e-08  7.87543843e-08 
 3.90045753e-05  1.99956584e-01  2.00941071e-01  2.00665613e-01 -1.48043305e-05  7.39636793e-08  1.05046395e-07 
 3.90047876e-05  1.99963294e-01  2.00955532e-01  2.00687831e-01 -1.44428365e-05  7.81021080e-08  1.33284230e-07 
 3.90050000e-05  1.99970154e-01  2.00968133e-01  2.00709341e-01 -1.43218184e-05  8.14366200e-08  1.59632567e-07 
 3.90050055e-05  1.99969059e-01  2.00964077e-01  2.00709875e-01 -1.54206744e-05  8.11442757e-08  1.59315638e-07 
 3.90050164e-05  1.99968398e-01  2.00957126e-01  2.00710926e-01 -1.56672809e-05  8.05814258e-08  1.58424694e-07 
 3.90050383e-05  1.99968510e-01  2.00947099e-01  2.00712940e-01 -1.56373094e-05  7.95790996e-08  1.56401919e-07 
 3.90050820e-05  1.99968062e-01  2.00932376e-01  2.00716701e-01 -1.57914669e-05  7.78854849e-08  1.52663730e-07 
 3.90051696e-05  1.99968172e-01  2.00913431e-01  2.00723450e-01 -1.57702449e-05  7.50814422e-08  1.45489699e-07 
 3.90053028e-05  1.99968065e-01  2.00900467e-01  2.00732453e-01 -1.58311110e-05  7.13022594e-08  1.35473398e-07 
 3.90054864e-05  1.99968423e-01  2.00897655e-01  2.00743547e-01 -1.57616029e-05  6.63841425e-08  1.22899113e-07 
 3.90057950e-05  1.99968508e-01  2.00905116e-01  2.00760729e-01 -1.58170677e-05  5.88042514e-08  1.04783784e-07 
 3.90064121e-05  1.99969167e-01  2.00926196e-01  2.00792564e-01 -1.57566792e-05  4.60955430e-08  7.71148500e-08 
 3.90076463e-05  1.99969745e-01  2.00961517e-01  2.00848491e-01 -1.58097174e-05  2.81487092e-08  4.43316523e-08 
 3.90101146e-05  1.99970882e-01  2.01006658e-01  2.00931484e-01 -1.57439195e-05  9.85713376e-09  1.95006353e-08 
 3.90150514e-05  1.99971523e-01  2.01030444e-01  2.01008012e-01 -1.57872675e-05  2.45815250e-10  1.00607959e-08 
 3.90208322e-05  1.99971937e-01  2.00997974e-01  2.01003879e-01 -1.57189518e-05  1.31606911e-11  6.44410992e-09 
 3.90307313e-05  1.99971814e-01  2.00908698e-01  2.00923364e-01 -1.57649360e-05 -1.24218600e-11  2.27979972e-09 
 3.90441645e-05  1.99971921e-01  2.00813882e-01  2.00818253e-01 -1.57010110e-05 -1.34212910e-11  5.77443571e-10 
 3.90615416e-05  1.99971684e-01  2.00770260e-01  2.00761997e-01 -1.57542417e-05 -2.76405938e-12  1.39076234e-11 
 3.90905643e-05  1.99971875e-01  2.00791875e-01  2.00777407e-01 -1.56949852e-05  1.75448284e-12  1.68984046e-11 
 3.91447009e-05  1.99971773e-01  2.00825528e-01  2.00816322e-01 -1.57514078e-05  1.11982689e-13 -2.38545511e-13 
 3.92076904e-05  1.99971937e-01  2.00791864e-01  2.00783587e-01 -1.56946919e-05 -2.04783651e-12  8.84410882e-12 
 3.93076904e-05  1.99971755e-01  2.00780821e-01  2.00769713e-01 -1.57515475e-05  5.91622020e-13 -3.14425119e-12 
 3.94076904e-05  1.99971961e-01  2.00782519e-01  2.00773367e-01 -1.56946079e-05 -1.19657214e-12  1.22383556e-11 
 3.95076904e-05  1.99971785e-01  2.00769894e-01  2.00759655e-01 -1.57515808e-05 -1.63263934e-13 -4.11165660e-12 
 3.96076904e-05  1.99971982e-01  2.00773903e-01  2.00763856e-01 -1.56946013e-05 -6.22582931e-13  1.12337868e-11 
 3.97076904e-05  1.99971819e-01  2.00769981e-01  2.00760138e-01 -1.57515670e-05 -3.92153324e-13 -1.59048068e-12 
 3.98076904e-05  1.99972009e-01  2.00769356e-01  2.00759171e-01 -1.56946179e-05 -5.85704662e-13  8.21769925e-12 
 3.99076904e-05  1.99971850e-01  2.00770111e-01  2.00760170e-01 -1.57515520e-05 -3.11405632e-13  1.40050965e-12 
 4.00076904e-05  1.99972040e-01  2.00768520e-01  2.00758470e-01 -1.56946272e-05 -6.71801807e-13  5.61031191e-12 
 4.01076904e-05  1.99971880e-01  2.00769375e-01  2.00759307e-01 -1.57515467e-05 -2.51948202e-13  3.61021732e-12 
 4.02076904e-05  1.99972072e-01  2.00768829e-01  2.00758844e-01 -1.56946298e-05 -6.87381792e-13  3.73174847e-12 
 4.03076904e-05  1.99971911e-01  2.00768882e-01  2.00758794e-01 -1.57515447e-05 -2.64789926e-13  5.28789225e-12 
 4.04076904e-05  1.99972103e-01  2.00768980e-01  2.00758983e-01 -1.56946322e-05 -6.59774752e-13  2.16888416e-12 
 4.05076904e-05  1.99971942e-01  2.00768830e-01  2.00758762e-01 -1.57515415e-05 -2.92517963e-13  6.78896300e-12 
 4.06076904e-05  1.99972134e-01  2.00768935e-01  2.00758919e-01 -1.56946360e-05 -6.37878205e-13  7.18579439e-13 
 4.07076904e-05  1.99971974e-01  2.00768919e-01  2.00758861e-01 -1.57515373e-05 -3.06567488e-13  8.18310686e-12 
 4.08076904e-05  1.99972165e-01  2.00768898e-01  2.00758879e-01 -1.56946402e-05 -6.29754061e-13 -6.06344890e-13 
 4.09076904e-05  1.99972005e-01  2.00768975e-01  2.00758917e-01 -1.57515331e-05 -3.11122872e-13  9.43072026e-12 
 4.10000000e-05  1.99972195e-01  2.00768919e-01  2.00758902e-01 -1.56946446e-05 -6.26418405e-13 -1.81664769e-12 
 4.10001299e-05  1.99966040e-01  2.00724154e-01  2.00756689e-01 -1.71806445e-05 -6.53058736e-09 -2.55855762e-08 
 4.10003898e-05  1.99957496e-01  2.00676726e-01  2.00750139e-01 -1.75414710e-05 -1.76787864e-08 -7.44567947e-08 
 4.10009095e-05  1.99943035e-01  2.00668913e-01  2.00733688e-01 -2.00145644e-05 -3.51649401e-08 -1.58090632e-07 
 4.10011366e-05  1.99937979e-01  2.00673198e-01  2.00727376e-01 -2.33354476e-05 -4.13129089e-08 -1.89072473e-07 
 4.10013321e-05  1.99935114e-01  2.00679983e-01  2.00722797e-01 -2.77181480e-05 -4.54268215e-08 -2.12898362e-07 
 4.10016258e-05  1.99933054e-01  2.00693729e-01  2.00717695e-01 -3.74067439e-05 -5.01525183e-08 -2.43547908e-07 
 4.10018241e-05  1.99933199e-01  2.00708393e-01  2.00715661e-01 -4.59416361e-05 -5.17603229e-08 -2.60344070e-07 
 4.10019725e-05  1.99933900e-01  2.00723121e-01  2.00715088e-01 -5.32997519e-05 -5.16314454e-08 -2.70439547e-07 
 4.10020950e-05  1.99934782e-01  2.00739447e-01  2.00715382e-01 -5.98351798e-05 -5.02376434e-08 -2.76837590e-07 
 4.10021986e-05  1.99935433e-01  2.00757124e-01  2.00716311e-01 -6.55810273e-05 -4.76837685e-08 -2.80534262e-07 
 4.10022888e-05  1.99935804e-01  2.00777081e-01  2.00717754e-01 -7.05588563e-05 -4.39425245e-08 -2.82156377e-07 
 4.10023685e-05  1.99935632e-01  2.00799626e-01  2.00719655e-01 -7.48052152e-05 -3.89214232e-08 -2.81993303e-07 
 4.10024408e-05  1.99934904e-01  2.00825818e-01  2.00722023e-01 -7.83325099e-05 -3.24011452e-08 -2.80205984e-07 
 4.10025108e-05  1.99933444e-01  2.00857897e-01  2.00725054e-01 -8.12940498e-05 -2.37457988e-08 -2.76586397e-07 
 4.10025934e-05  1.99931271e-01  2.00905167e-01  2.00729813e-01 -8.41002730e-05 -1.02430855e-08 -2.69502834e-07 
 4.10026710e-05  1.99929477e-01  2.00957051e-01  2.00735660e-01 -8.61869130e-05  5.16266203e-09 -2.59906609e-07 
 4.10027867e-05  1.99928244e-01  2.01039983e-01  2.00747097e-01 -8.87262871e-05  3.05950431e-08 -2.40646885e-07 
 4.10028871e-05  1.99928692e-01  2.01111570e-01  2.00759638e-01 -9.06403105e-05  5.32111591e-08 -2.19613118e-07 
 4.10030019e-05  1.99930911e-01  2.01187768e-01  2.00776708e-01 -9.26573397e-05  7.79584304e-08 -1.91425521e-07 
 4.10031346e-05  1.99935348e-01  2.01264455e-01  2.00799417e-01 -9.46220482e-05  1.03759257e-07 -1.54563811e-07 
 4.10032670e-05  1.99941436e-01  2.01325354e-01  2.00824473e-01 -9.56341466e-05  1.25352010e-07 -1.14673177e-07 
 4.10033649e-05  1.99946584e-01  2.01356302e-01  2.00843913e-01 -9.47321496e-05  1.37384061e-07 -8.44561017e-08 
 4.10034303e-05  1.99950078e-01  2.01366109e-01  2.00857013e-01 -9.19719874e-05  1.42278994e-07 -6.47738571e-08 
 4.10034851e-05  1.99952743e-01  2.01363135e-01  2.00867798e-01 -8.74089359e-05  1.43101686e-07 -4.93576705e-08 
 4.10035422e-05  1.99955102e-01  2.01345405e-01  2.00878565e-01 -8.06028071e-05  1.39657876e-07 -3.50809141e-08 
 4.10036115e-05  1.99957157e-01  2.01302798e-01  2.00890463e-01 -7.06012076e-05  1.29206896e-07 -2.10447777e-08 
 4.10036795e-05  1.99958302e-01  2.01241598e-01  2.00900434e-01 -6.01655214e-05  1.13087584e-07 -1.11817629e-08 
 4.10037673e-05  1.99958520e-01  2.01144477e-01  2.00910186e-01 -4.75385682e-05  8.65791153e-08 -4.19059302e-09 
 4.10038877e-05  1.99957029e-01  2.01002894e-01  2.00917403e-01 -3.41239584e-05  4.69250198e-08 -3.64331475e-09 
 4.10039696e-05  1.99955147e-01  2.00913805e-01  2.00918400e-01 -2.81565099e-05  2.15209839e-08 -7.93351044e-09 
 4.10040447e-05  1.99953086e-01  2.00844126e-01  2.00916937e-01 -2.44780969e-05  1.41910106e-09 -1.40289071e-08 
 4.10041352e-05  1.99950321e-01  2.00776431e-01  2.00912786e-01 -2.16416918e-05 -1.83173551e-08 -2.31287232e-08 
 4.10042218e-05  1.99947540e-01  2.00727150e-01  2.00906962e-01 -2.00914547e-05 -3.28374300e-08 -3.29065489e-08 
 4.10043243e-05  1.99944153e-01  2.00684771e-01  2.00898482e-01 -1.90910976e-05 -4.54526065e-08 -4.50839612e-08 
 4.10044295e-05  1.99940653e-01  2.00654693e-01  2.00888636e-01 -1.86148013e-05 -5.44966137e-08 -5.77616917e-08 
 4.10045597e-05  1.99936313e-01  2.00629838e-01  2.00875622e-01 -1.83642025e-05 -6.20394981e-08 -7.32030314e-08 
 4.10047042e-05  1.99931523e-01  2.00611845e-01  2.00860746e-01 -1.82877857e-05 -6.75352856e-08 -8.97145295e-08 
 4.10048521e-05  1.99926634e-01  2.00599021e-01  2.00845500e-01 -1.82666378e-05 -7.14564629e-08 -1.05779483e-07 
 4.10050000e-05  1.99921774e-01  2.00589019e-01  2.00830473e-01 -1.82715354e-05 -7.44973399e-08 -1.20966950e-07 
 4.10050025e-05  1.99922490e-01  2.00591034e-01  2.00830226e-01 -1.72516941e-05 -7.43702600e-08 -1.20878719e-07 
 4.10050075e-05  1.99923089e-01  2.00594747e-01  2.00829735e-01 -1.69096094e-05 -7.41140163e-08 -1.20655168e-07 
 4.10050174e-05  1.99922969e-01  2.00600718e-01  2.00828775e-01 -1.67819231e-05 -7.36185441e-08 -1.20122774e-07 
 4.10050373e-05  1.99923074e-01  2.00609853e-01  2.00826926e-01 -1.65396972e-05 -7.27177598e-08 -1.19093269e-07 
 4.10050719e-05  1.99923011e-01  2.00622184e-01  2.00823886e-01 -1.62442847e-05 -7.13500665e-08 -1.17353404e-07 
 4.10051411e-05  1.99923048e-01  2.00639351e-01  2.00818336e-01 -1.58855884e-05 -6.91088323e-08 -1.14045469e-07 
 4.10052796e-05  1.99922880e-01  2.00655814e-01  2.00808590e-01 -1.56412471e-05 -6.54713305e-08 -1.07882730e-07 
 4.10055566e-05  1.99922679e-01  2.00658617e-01  2.00791644e-01 -1.55987982e-05 -5.90402795e-08 -9.67369523e-08 
 4.10058940e-05  1.99922333e-01  2.00647675e-01  2.00772868e-01 -1.56164675e-05 -5.17975244e-08 -8.47610559e-08 
 4.10064559e-05  1.99921962e-01  2.00628777e-01  2.00743633e-01 -1.56120854e-05 -4.15144677e-08 -6.79807685e-08 
 4.10074308e-05  1.99921312e-01  2.00600869e-01  2.00698324e-01 -1.56196239e-05 -2.82193469e-08 -4.62351300e-08 
 4.10093806e-05  1.99920549e-01  2.00561222e-01  2.00626889e-01 -1.56220440e-05 -1.26622763e-08 -2.07768147e-08 
 4.10132801e-05  1.99919690e-01  2.00527230e-01  2.00545658e-01 -1.56360857e-05 -1.76999460e-09 -2.90284415e-09 
 4.10193940e-05  1.99919363e-01  2.00540409e-01  2.00521601e-01 -1.56447688e-05  1.10126019e-10  1.90922432e-10 
 4.10280198e-05  1.99919236e-01  2.00602683e-01  2.00572141e-01 -1.56579421e-05 -3.54659271e-11 -5.15527751e-11 
 4.10419577e-05  1.99919339e-01  2.00686788e-01  2.00664233e-01 -1.56622765e-05  2.93639724e-11  4.78111428e-11 
 4.10568859e-05  1.99919338e-01  2.00719740e-01  2.00707676e-01 -1.56687183e-05 -7.76490460e-12 -8.05026488e-12 
 4.10851080e-05  1.99919386e-01  2.00700952e-01  2.00695162e-01 -1.56680146e-05  4.53901500e-12  7.17799046e-12 
 4.11306748e-05  1.99919280e-01  2.00666934e-01  2.00656858e-01 -1.56717301e-05 -7.31759011e-12 -8.11611965e-12 
 4.11653374e-05  1.99919340e-01  2.00682118e-01  2.00670202e-01 -1.56684785e-05  5.43864129e-12  8.51709480e-12 
 4.12000000e-05  1.99919312e-01  2.00697541e-01  2.00686971e-01 -1.56715365e-05 -3.98003397e-12 -2.53182409e-12 
 4.12000238e-05  1.99922384e-01  2.00726897e-01  2.00687252e-01 -1.39576362e-05  2.85511074e-09  1.21600836e-09 
 4.12000713e-05  1.99925630e-01  2.00771050e-01  2.00688226e-01 -1.30741757e-05  7.98163298e-09  3.54588826e-09 
 4.12001665e-05  1.99931361e-01  2.00822523e-01  2.00691905e-01 -1.23689808e-05  1.53315374e-08  7.85111881e-09 
 4.12003044e-05  1.99939997e-01  2.00864103e-01  2.00699494e-01 -1.19686857e-05  2.25299498e-08  1.36190099e-08 
 4.12005801e-05  1.99956690e-01  2.00895898e-01  2.00717316e-01 -1.19563691e-05  3.31183275e-08  2.41323418e-08 
 4.12009004e-05  1.99976551e-01  2.00910383e-01  2.00738480e-01 -1.19200806e-05  4.31569834e-08  3.49850681e-08 
 4.12014767e-05  2.00013586e-01  2.00925845e-01  2.00773536e-01 -1.30692073e-05  4.68777045e-08  5.11892792e-08 
 4.12016085e-05  2.00023527e-01  2.00927274e-01  2.00780879e-01 -1.39042653e-05  3.90640977e-08  5.42113067e-08 
 4.12017662e-05  2.00036572e-01  2.00922317e-01  2.00789068e-01 -1.64464532e-05  8.29611835e-09  5.71563616e-08 
 4.12018944e-05  2.00049056e-01  2.00912642e-01  2.00794985e-01 -1.99851361e-05 -4.50131670e-08  5.88100254e-08 
 4.12020169e-05  2.00062097e-01  2.00895820e-01  2.00799729e-01 -2.50911947e-05 -1.32774489e-07  5.95187650e-08 
 4.12021461e-05  2.00077116e-01  2.00869758e-01  2.00803407e-01 -3.20164950e-05 -2.77700725e-07  5.91138629e-08 
 4.12022894e-05  2.00093612e-01  2.00829639e-01  2.00805428e-01 -4.09833303e-05 -5.16972061e-07  5.70193065e-08 
 4.12024256e-05  2.00108163e-01  2.00780201e-01  2.00804868e-01 -4.92286509e-05 -8.36116057e-07  5.31810054e-08 
 4.12025475e-05  2.00118550e-01  2.00724241e-01  2.00801885e-01 -5.50382428e-05 -1.21309572e-06  4.79430926e-08 
 4.12026588e-05  2.00125210e-01  2.00661336e-01  2.00796696e-01 -5.78646427e-05 -1.64772831e-06  4.14063750e-08 
 4.12027815e-05  2.00128185e-01  2.00579533e-01  2.00787775e-01 -5.88543275e-05 -2.23726148e-06  3.21125004e-08 
 4.12029115e-05  2.00126555e-01  2.00486957e-01  2.00774358e-01 -5.93900937e-05 -2.98182931e-06  2.01326458e-08 
 4.12029975e-05  2.00122638e-01  2.00427716e-01  2.00763301e-01 -5.97888545e-05 -3.53092107e-06  1.12776283e-08 
 4.12030934e-05  2.00116093e-01  2.00367064e-01  2.00749159e-01 -6.00693926e-05 -4.18410127e-06  7.97276424e-10 
 4.12032014e-05  2.00105714e-01  2.00307567e-01  2.00731306e-01 -6.02944496e-05 -4.95813072e-06 -1.15141991e-08 
 4.12033016e-05  2.00093376e-01  2.00263383e-01  2.00713398e-01 -6.01498514e-05 -5.69471174e-06 -2.30728568e-08 
 4.12033641e-05  2.00083598e-01  2.00243304e-01  2.00701787e-01 -5.98164977e-05 -6.15333906e-06 -3.01490454e-08 
 4.12033994e-05  2.00076884e-01  2.00236086e-01  2.00695179e-01 -5.93625085e-05 -6.40617091e-06 -3.39762588e-08 
 4.12034290e-05  2.00069737e-01  2.00233928e-01  2.00689643e-01 -5.87691251e-05 -6.61070863e-06 -3.69977384e-08 
 4.12034555e-05  2.00061584e-01  2.00236858e-01  2.00684736e-01 -5.78640076e-05 -6.78321617e-06 -3.94457315e-08 
 4.12034832e-05  2.00050879e-01  2.00247259e-01  2.00679748e-01 -5.64869667e-05 -6.94558669e-06 -4.15850854e-08 
 4.12035187e-05  2.00035239e-01  2.00274621e-01  2.00673707e-01 -5.39749222e-05 -7.11845716e-06 -4.35003962e-08 
 4.12035518e-05  2.00020473e-01  2.00314677e-01  2.00668597e-01 -5.10706872e-05 -7.23962084e-06 -4.43661600e-08 
 4.12036009e-05  2.00001026e-01  2.00394214e-01  2.00662282e-01 -4.61358370e-05 -7.34981550e-06 -4.41326933e-08 
 4.12036322e-05  1.99991027e-01  2.00452932e-01  2.00659191e-01 -4.28851129e-05 -7.38029233e-06 -4.31786111e-08 
 4.12036661e-05  1.99982485e-01  2.00518892e-01  2.00656721e-01 -3.94293679e-05 -7.38506187e-06 -4.16324424e-08 
 4.12037061e-05  1.99975168e-01  2.00595289e-01  2.00654982e-01 -3.56440925e-05 -7.36059935e-06 -3.93354908e-08 
 4.12037501e-05  1.99970110e-01  2.00673821e-01  2.00654449e-01 -3.19084574e-05 -7.30539033e-06 -3.64399477e-08 
 4.12037947e-05  1.99967449e-01  2.00744475e-01  2.00655239e-01 -2.86728378e-05 -7.22840844e-06 -3.33231278e-08 
 4.12038436e-05  1.99966623e-01  2.00810534e-01  2.00657412e-01 -2.57079229e-05 -7.12825456e-06 -2.98565098e-08 
 4.12038967e-05  1.99967393e-01  2.00869354e-01  2.00661039e-01 -2.31179632e-05 -7.00799508e-06 -2.61403633e-08 
 4.12039585e-05  1.99969726e-01  2.00922982e-01  2.00666532e-01 -2.07625728e-05 -6.86021824e-06 -2.19617640e-08 
 4.12040294e-05  1.99973550e-01  2.00968996e-01  2.00674063e-01 -1.87493658e-05 -6.68618518e-06 -1.73829700e-08 
 4.12041158e-05  1.99979203e-01  2.01008974e-01  2.00684420e-01 -1.69918891e-05 -6.47324047e-06 -1.20954639e-08 
 4.12042212e-05  1.99986936e-01  2.01042255e-01  2.00698097e-01 -1.55702494e-05 -6.21689552e-06 -6.01353483e-09 
 4.12043582e-05  1.99997811e-01  2.01071164e-01  2.00716696e-01 -1.44550426e-05 -5.89361045e-06  1.39761866e-09 
 4.12045362e-05  2.00012729e-01  2.01096859e-01  2.00741249e-01 -1.37342820e-05 -5.49392484e-06  1.03266624e-08 
 4.12047710e-05  2.00033188e-01  2.01122147e-01  2.00773395e-01 -1.33610702e-05 -5.00297996e-06  2.10726926e-08 
 4.12050000e-05  2.00053523e-01  2.01142746e-01  2.00803958e-01 -1.32502926e-05 -4.56434136e-06  3.05132869e-08 
 4.12050062e-05  2.00051957e-01  2.01133385e-01  2.00804744e-01 -1.44538072e-05 -4.55380747e-06  3.04211144e-08 
 4.12050185e-05  2.00051088e-01  2.01117592e-01  2.00806273e-01 -1.48233767e-05 -4.53273239e-06  3.02609108e-08 
 4.12050432e-05  2.00051323e-01  2.01095355e-01  2.00809122e-01 -1.49932041e-05 -4.49045208e-06  2.99948600e-08 
 4.12050925e-05  2.00050787e-01  2.01063596e-01  2.00814208e-01 -1.54325296e-05 -4.40596574e-06  2.95429053e-08 
 4.12051912e-05  2.00051134e-01  2.01024179e-01  2.00822708e-01 -1.56721154e-05 -4.23977343e-06  2.88178149e-08 
 4.12053298e-05  2.00051131e-01  2.00999298e-01  2.00832367e-01 -1.58350821e-05 -4.01544487e-06  2.79302361e-08 
 4.12055317e-05  2.00051869e-01  2.00990436e-01  2.00844201e-01 -1.57722761e-05 -3.70953401e-06  2.67010211e-08 
 4.12058708e-05  2.00052291e-01  2.00995901e-01  2.00861850e-01 -1.58284535e-05 -3.24668982e-06  2.46964992e-08 
 4.12063946e-05  2.00053495e-01  2.01011363e-01  2.00886834e-01 -1.57637661e-05 -2.64157981e-06  2.17830667e-08 
 4.12074422e-05  2.00054634e-01  2.01036618e-01  2.00930871e-01 -1.58225519e-05 -1.74084045e-06  1.66739142e-08 
 4.12095373e-05  2.00056543e-01  2.01067738e-01  2.00996579e-01 -1.57527544e-05 -7.26537109e-07  9.24072139e-09 
 4.12137276e-05  2.00057416e-01  2.01075811e-01  2.01055984e-01 -1.58013424e-05 -7.08547582e-08  2.11417210e-09 
 4.12192470e-05  2.00057860e-01  2.01025579e-01  2.01039885e-01 -1.57257542e-05  2.85804310e-09  8.25658661e-11 
 4.12274319e-05  2.00057565e-01  2.00916482e-01  2.00941921e-01 -1.57749465e-05 -6.67176383e-10 -3.17306524e-11 
 4.12410589e-05  2.00057731e-01  2.00772605e-01  2.00784749e-01 -1.57020731e-05  2.78766299e-10 -2.19357993e-11 
 4.12554799e-05  2.00057383e-01  2.00711112e-01  2.00706146e-01 -1.57589075e-05 -1.48934674e-10 -1.41935664e-11 
 4.12812299e-05  2.00057641e-01  2.00738014e-01  2.00720183e-01 -1.56931708e-05  9.73631789e-11  9.32575658e-12 
 4.13262822e-05  2.00057466e-01  2.00829340e-01  2.00816414e-01 -1.57537370e-05 -7.27745002e-11  3.02186238e-12 
 4.13764502e-05  2.00057765e-01  2.00829122e-01  2.00821462e-01 -1.56921470e-05  5.88525782e-11  7.36997757e-13 
 4.14537996e-05  2.00057497e-01  2.00818310e-01  2.00806833e-01 -1.57540454e-05 -5.31880484e-11 -2.44485421e-13 
 4.15537996e-05  2.00057816e-01  2.00848070e-01  2.00837910e-01 -1.56920871e-05  4.77901533e-11  3.51269632e-12 
 4.16537996e-05  2.00057577e-01  2.00842903e-01  2.00833214e-01 -1.57540358e-05 -4.40890185e-11 -1.53611461e-12 
 4.17537996e-05  2.00057875e-01  2.00848995e-01  2.00838344e-01 -1.56921281e-05  3.88613538e-11  3.48526996e-12 
 4.18537996e-05  2.00057646e-01  2.00852976e-01  2.00843295e-01 -1.57540008e-05 -3.57200829e-11 -1.04094294e-12 
 4.19537996e-05  2.00057940e-01  2.00850612e-01  2.00840355e-01 -1.56921535e-05  3.11409956e-11  2.77705338e-12 
 4.20537996e-05  2.00057708e-01  2.00854269e-01  2.00844247e-01 -1.57539900e-05 -2.88012303e-11 -5.03165760e-13 
 4.21537996e-05  2.00058006e-01  2.00853026e-01  2.00843025e-01 -1.56921566e-05  2.49746294e-11  2.42482407e-12 
 4.22537996e-05  2.00057771e-01  2.00853728e-01  2.00843615e-01 -1.57539911e-05 -2.33300950e-11 -3.44624394e-13 
 4.23537996e-05  2.00058070e-01  2.00854174e-01  2.00844175e-01 -1.56921558e-05  2.00862233e-11  2.36232128e-12 
 4.24537996e-05  2.00057834e-01  2.00853745e-01  2.00843685e-01 -1.57539903e-05 -1.89389040e-11 -3.23029201e-13 
 4.25537996e-05  2.00058133e-01  2.00854294e-01  2.00844242e-01 -1.56921587e-05  1.61160941e-11  2.33186680e-12 
 4.26537996e-05  2.00057898e-01  2.00854065e-01  2.00844043e-01 -1.57539861e-05 -1.53411734e-11 -2.73468368e-13 
 4.27537996e-05  2.00058197e-01  2.00854218e-01  2.00844151e-01 -1.56921634e-05  1.28532983e-11  2.26336040e-12 
 4.28537996e-05  2.00057962e-01  2.00854264e-01  2.00844242e-01 -1.57539814e-05 -1.23862921e-11 -1.97458261e-13 
 4.29537996e-05  2.00058260e-01  2.00854254e-01  2.00844194e-01 -1.56921679e-05  1.01812682e-11  2.18845000e-12 
 4.30537996e-05  2.00058025e-01  2.00854329e-01  2.00844299e-01 -1.57539771e-05 -9.97358554e-12 -1.29979144e-13 
 4.31268998e-05  2.00058315e-01  2.00854344e-01  2.00844290e-01 -1.56921727e-05  7.64917296e-12  2.12094708e-12 
 4.32000000e-05  2.00058072e-01  2.00854345e-01  2.00844314e-01 -1.57539717e-05 -7.38051764e-12 -6.44301778e-14 
 4.32001030e-05  2.00046640e-01  2.00776207e-01  2.00841220e-01 -1.77346774e-05 -7.52296341e-09 -4.81492690e-09 
 4.32003091e-05  2.00028119e-01  2.00686911e-01  2.00831743e-01 -1.85479487e-05 -1.78840229e-08 -1.37087727e-08 
 4.32006772e-05  1.99996669e-01  2.00650666e-01  2.00808022e-01 -1.93585142e-05 -2.64955847e-08 -2.74123872e-08 
 4.32010568e-05  1.99966034e-01  2.00641655e-01  2.00783760e-01 -2.31866374e-05 -2.14757794e-08 -3.94068704e-08 
 4.32012865e-05  1.99949733e-01  2.00642278e-01  2.00770425e-01 -2.79117420e-05 -3.06025551e-09 -4.55106757e-08 
 4.32015219e-05  1.99935136e-01  2.00645062e-01  2.00758119e-01 -3.51652072e-05  3.46615792e-08 -5.08498932e-08 
 4.32017373e-05  1.99924043e-01  2.00653773e-01  2.00748313e-01 -4.39035963e-05  9.22717916e-08 -5.48344089e-08 
 4.32019061e-05  1.99916705e-01  2.00663871e-01  2.00741811e-01 -5.21725152e-05  1.59810311e-07 -5.72500557e-08 
 4.32020413e-05  1.99911823e-01  2.00676940e-01  2.00737525e-01 -5.95508914e-05  2.34715352e-07 -5.86124147e-08 
 4.32021542e-05  1.99908169e-01  2.00691373e-01  2.00734724e-01 -6.61918225e-05  3.17864561e-07 -5.92442353e-08 
 4.32022513e-05  1.99905370e-01  2.00708557e-01  2.00733016e-01 -7.20951446e-05  4.10617528e-07 -5.92930232e-08 
 4.32023365e-05  1.99902871e-01  2.00728151e-01  2.00732190e-01 -7.73419155e-05  5.14454887e-07 -5.88326318e-08 
 4.32024126e-05  1.99900565e-01  2.00751189e-01  2.00732113e-01 -8.19298710e-05  6.31941008e-07 -5.78841062e-08 
 4.32024838e-05  1.99898081e-01  2.00778879e-01  2.00732755e-01 -8.60348233e-05  7.70024802e-07 -5.63929186e-08 
 4.32025576e-05  1.99895499e-01  2.00815458e-01  2.00734337e-01 -8.99641338e-05  9.49993651e-07 -5.40730176e-08 
 4.32026385e-05  1.99893329e-01  2.00864288e-01  2.00737378e-01 -9.39240538e-05  1.19615337e-06 -5.05349448e-08 
 4.32027312e-05  1.99892741e-01  2.00927867e-01  2.00742792e-01 -9.81079251e-05  1.54174792e-06 -4.52557317e-08 
 4.32028566e-05  1.99895536e-01  2.01017927e-01  2.00753563e-01 -1.03400613e-04  2.10698799e-06 -3.63625636e-08 
 4.32029798e-05  1.99902331e-01  2.01103472e-01  2.00767849e-01 -1.08193945e-04  2.75485289e-06 -2.60788144e-08 
 4.32031176e-05  1.99914020e-01  2.01189122e-01  2.00787610e-01 -1.12903450e-04  3.56226617e-06 -1.33102240e-08 
 4.32032425e-05  1.99927780e-01  2.01253673e-01  2.00808272e-01 -1.16025790e-04  4.34482428e-06 -1.06280173e-09 
 4.32033443e-05  1.99940539e-01  2.01293437e-01  2.00826436e-01 -1.16887024e-04  4.99640139e-06  8.97004067e-09 
 4.32034187e-05  1.99950297e-01  2.01311278e-01  2.00840090e-01 -1.15127911e-04  5.46414542e-06  1.60002431e-08 
 4.32034763e-05  1.99957618e-01  2.01314288e-01  2.00850629e-01 -1.11045481e-04  5.80761318e-06  2.09728623e-08 
 4.32035315e-05  1.99964101e-01  2.01304217e-01  2.00860433e-01 -1.04570899e-04  6.10776240e-06  2.50612276e-08 
 4.32036014e-05  1.99971014e-01  2.01270455e-01  2.00871923e-01 -9.36864787e-05  6.42923472e-06  2.89476275e-08 
 4.32036655e-05  1.99975901e-01  2.01219983e-01  2.00881117e-01 -8.22312573e-05  6.65726599e-06  3.11090320e-08 
 4.32037504e-05  1.99980004e-01  2.01131567e-01  2.00890625e-01 -6.68616655e-05  6.85538811e-06  3.19287774e-08 
 4.32038504e-05  1.99981674e-01  2.01011441e-01  2.00897320e-01 -5.10150144e-05  6.94763044e-06  3.03338950e-08 
 4.32039227e-05  1.99981044e-01  2.00923588e-01  2.00899035e-01 -4.20244987e-05  6.93392352e-06  2.78491521e-08 
 4.32039944e-05  1.99979294e-01  2.00842819e-01  2.00898303e-01 -3.51956137e-05  6.87000341e-06  2.46647350e-08 
 4.32040760e-05  1.99976267e-01  2.00762585e-01  2.00894913e-01 -2.95925791e-05  6.75331517e-06  2.05125550e-08 
 4.32041649e-05  1.99972124e-01  2.00690676e-01  2.00888679e-01 -2.55478006e-05  6.59027107e-06  1.56543307e-08 
 4.32042570e-05  1.99967212e-01  2.00632600e-01  2.00880108e-01 -2.29498240e-05  6.39824296e-06  1.05186505e-08 
 4.32043581e-05  1.99961412e-01  2.00584895e-01  2.00868954e-01 -2.12965731e-05  6.17411397e-06  4.94082533e-09 
 4.32044703e-05  1.99954675e-01  2.00546875e-01  2.00855206e-01 -2.03144080e-05  5.92055628e-06 -1.05299190e-09 
 4.32046018e-05  1.99946617e-01  2.00515908e-01  2.00838098e-01 -1.97767419e-05  5.62698445e-06 -7.73675006e-09 
 4.32047578e-05  1.99936946e-01  2.00490639e-01  2.00817229e-01 -1.95197820e-05  5.29105048e-06 -1.51751282e-08 
 4.32048789e-05  1.99929428e-01  2.00476022e-01  2.00800961e-01 -1.94527660e-05  5.04187950e-06 -2.05934765e-08 
 4.32050000e-05  1.99921904e-01  2.00463720e-01  2.00784826e-01 -1.94187015e-05  4.80353776e-06 -2.57199084e-08 
 4.32050020e-05  1.99922786e-01  2.00467236e-01  2.00784558e-01 -1.83890428e-05  4.79985414e-06 -2.56898014e-08 
 4.32050061e-05  1.99923609e-01  2.00473726e-01  2.00784028e-01 -1.80068660e-05  4.79252141e-06 -2.56357291e-08 
 4.32050143e-05  1.99923535e-01  2.00484367e-01  2.00782998e-01 -1.77913884e-05  4.77791619e-06 -2.55462502e-08 
 4.32050307e-05  1.99923650e-01  2.00500786e-01  2.00781037e-01 -1.74533553e-05  4.74868048e-06 -2.53868099e-08 
 4.32050597e-05  1.99923641e-01  2.00523080e-01  2.00777812e-01 -1.69696666e-05  4.69686220e-06 -2.51409705e-08 
 4.32051178e-05  1.99923720e-01  2.00555466e-01  2.00772102e-01 -1.63547591e-05  4.59379988e-06 -2.47434446e-08 
 4.32052340e-05  1.99923629e-01  2.00592561e-01  2.00762649e-01 -1.58038223e-05  4.39189595e-06 -2.41322378e-08 
 4.32054664e-05  1.99923443e-01  2.00614984e-01  2.00747645e-01 -1.56085033e-05  4.01052028e-06 -2.31160184e-08 
 4.32057653e-05  1.99923083e-01  2.00611229e-01  2.00731337e-01 -1.56127459e-05  3.56643209e-06 -2.18468198e-08 
 4.32062131e-05  1.99922687e-01  2.00598273e-01  2.00708875e-01 -1.56155516e-05  2.99034786e-06 -1.99423166e-08 
 4.32069169e-05  1.99922073e-01  2.00579728e-01  2.00676816e-01 -1.56094164e-05  2.26471500e-06 -1.70731879e-08 
 4.32083245e-05  1.99921255e-01  2.00552489e-01  2.00623769e-01 -1.56181803e-05  1.28452658e-06 -1.20854617e-08 
 4.32111397e-05  1.99920238e-01  2.00527145e-01  2.00556061e-01 -1.56169579e-05  3.70391617e-07 -5.38359801e-09 
 4.32165460e-05  1.99919592e-01  2.00544325e-01  2.00524522e-01 -1.56376159e-05 -1.09682743e-08 -4.98626368e-10 
 4.32225986e-05  1.99919416e-01  2.00609665e-01  2.00571010e-01 -1.56410815e-05  9.22553258e-10  4.03840042e-11 
 4.32331955e-05  1.99919466e-01  2.00727228e-01  2.00689780e-01 -1.56601360e-05 -3.09258108e-10  1.18125573e-11 
 4.32460457e-05  1.99919520e-01  2.00813507e-01  2.00791357e-01 -1.56590869e-05  1.50968628e-10  2.79537696e-11 
 4.32657431e-05  1.99919614e-01  2.00832679e-01  2.00825964e-01 -1.56714338e-05 -8.26568835e-11 -3.13213718e-12 
 4.32974606e-05  1.99919521e-01  2.00765936e-01  2.00762566e-01 -1.56660118e-05  5.46690280e-11 -2.19093369e-12 
 4.33516024e-05  1.99919482e-01  2.00718502e-01  2.00706936e-01 -1.56740822e-05 -4.90069116e-11 -1.56912791e-12 
 4.34140316e-05  1.99919484e-01  2.00744132e-01  2.00733499e-01 -1.56660497e-05  4.18401284e-11  5.10326525e-12 
 4.35140316e-05  1.99919535e-01  2.00727030e-01  2.00718348e-01 -1.56739864e-05 -3.88153515e-11 -3.00915927e-12 
 4.36140316e-05  1.99919496e-01  2.00719444e-01  2.00708545e-01 -1.56661273e-05  3.37713683e-11  4.08616684e-12 
 4.37140316e-05  1.99919562e-01  2.00724691e-01  2.00715187e-01 -1.56739313e-05 -3.10519520e-11 -1.33230379e-12 
 4.38140316e-05  1.99919530e-01  2.00715865e-01  2.00705769e-01 -1.56661461e-05  2.68176525e-11  2.71894806e-12 
 4.39140316e-05  1.99919586e-01  2.00719481e-01  2.00709328e-01 -1.56739334e-05 -2.49351930e-11 -3.79706086e-13 
 4.40140316e-05  1.99919564e-01  2.00717382e-01  2.00707553e-01 -1.56661318e-05  2.15212438e-11  2.24089394e-12 
 4.41140316e-05  1.99919615e-01  2.00716793e-01  2.00706599e-01 -1.56739484e-05 -2.02875646e-11 -1.61242710e-13 
 4.42140316e-05  1.99919595e-01  2.00717707e-01  2.00707771e-01 -1.56661198e-05  1.73937603e-11  2.14900417e-12 
 4.43140316e-05  1.99919647e-01  2.00716579e-01  2.00706507e-01 -1.56739557e-05 -1.65606415e-11 -6.86224081e-14 
 4.44140316e-05  1.99919626e-01  2.00717181e-01  2.00707150e-01 -1.56661156e-05  1.40047383e-11  2.02075238e-12 
 4.45140316e-05  1.99919679e-01  2.00716942e-01  2.00706914e-01 -1.56739581e-05 -1.34694508e-11  1.01830653e-13 
 4.46140316e-05  1.99919657e-01  2.00716868e-01  2.00706829e-01 -1.56661135e-05  1.11931183e-11  1.83189764e-12 
 4.47140316e-05  1.99919710e-01  2.00717064e-01  2.00707023e-01 -1.56739607e-05 -1.09210850e-11  2.89087276e-13 
 4.48140316e-05  1.99919688e-01  2.00716878e-01  2.00706857e-01 -1.56661102e-05  8.89213161e-12  1.66211814e-12 
 4.49140316e-05  1.99919741e-01  2.00717029e-01  2.00706974e-01 -1.56739644e-05 -8.84768799e-12  4.36572545e-13 
 4.50140316e-05  1.99919719e-01  2.00716966e-01  2.00706952e-01 -1.56661063e-05  7.02530460e-12  1.53621191e-12 
 4.51140316e-05  1.99919772e-01  2.00717013e-01  2.00706956e-01 -1.56739684e-05 -7.16608175e-12  5.45378413e-13 
 4.52140316e-05  1.99919751e-01  2.00717014e-01  2.00706999e-01 -1.56661023e-05  5.50929159e-12  1.44009544e-12 
 4.53140316e-05  1.99919804e-01  2.00717041e-01  2.00706987e-01 -1.56739723e-05 -5.79820285e-12  6.32303509e-13 
 4.54140316e-05  1.99919782e-01  2.00717037e-01  2.00707019e-01 -1.56660986e-05  4.27448918e-12  1.36043639e-12 
 4.55140316e-05  1.99919835e-01  2.00717081e-01  2.00707028e-01 -1.56739759e-05 -4.68338888e-12  7.05595413e-13 
 4.56140316e-05  1.99919813e-01  2.00717061e-01  2.00707043e-01 -1.56660949e-05  3.26818607e-12  1.29323749e-12 
 4.57140316e-05  1.99919866e-01  2.00717115e-01  2.00707061e-01 -1.56739796e-05 -3.77531491e-12  7.66845680e-13 
 4.58140316e-05  1.99919845e-01  2.00717092e-01  2.00707074e-01 -1.56660912e-05  2.44902015e-12  1.23772596e-12 
 4.59140316e-05  1.99919897e-01  2.00717144e-01  2.00707091e-01 -1.56739833e-05 -3.03653717e-12  8.16980435e-13 
 4.60140316e-05  1.99919876e-01  2.00717125e-01  2.00707107e-01 -1.56660875e-05  1.78285793e-12  1.19250714e-12 
 4.61140316e-05  1.99919929e-01  2.00717174e-01  2.00707121e-01 -1.56739869e-05 -2.43592386e-12  8.57781131e-13 
 4.62140316e-05  1.99919907e-01  2.00717156e-01  2.00707138e-01 -1.56660839e-05  1.24139869e-12  1.15565185e-12 
 4.63140316e-05  1.99919960e-01  2.00717205e-01  2.00707152e-01 -1.56739906e-05 -1.94784358e-12  8.91107934e-13 
 4.64140316e-05  1.99919938e-01  2.00717187e-01  2.00707169e-01 -1.56660803e-05  8.01504045e-13  1.12549808e-12 
 4.65140316e-05  1.99919991e-01  2.00717236e-01  2.00707183e-01 -1.56739942e-05 -1.55145168e-12  9.18392098e-13 
 4.66140316e-05  1.99919970e-01  2.00717218e-01  2.00707200e-01 -1.56660767e-05  4.44393220e-13  1.10082212e-12 
 4.67140316e-05  1.99920023e-01  2.00717267e-01  2.00707214e-01 -1.56739977e-05 -1.22981269e-12  9.40693812e-13 
 4.68070158e-05  1.99920000e-01  2.00717248e-01  2.00707230e-01 -1.56660730e-05  1.44998163e-13  1.07999834e-12 
 4.69000000e-05  1.99920052e-01  2.00717296e-01  2.00707243e-01 -1.56740015e-05 -9.51563047e-13  9.60094688e-13 
 4.69100000e-05  1.99920035e-01  2.00717281e-01  2.00707245e-01 -1.56700319e-05 -6.96094874e-13  9.99514924e-13 
 4.69300000e-05  1.99920038e-01  2.00717284e-01  2.00707248e-01 -1.56700406e-05 -3.38218602e-13  1.02471124e-12 
 4.69650000e-05  1.99920043e-01  2.00717290e-01  2.00707254e-01 -1.56700320e-05 -5.63765614e-13  1.00875390e-12 
 4.70000000e-05  1.99920049e-01  2.00717295e-01  2.00707259e-01 -1.56700405e-05 -4.00752131e-13  1.02026498e-12 
 4.70000270e-05  1.99921198e-01  2.00733168e-01  2.00707429e-01 -1.29928485e-05  3.95965159e-09  6.86192850e-10 
 4.70000811e-05  1.99921859e-01  2.00757107e-01  2.00708021e-01 -1.24534958e-05  1.17800136e-08  1.98762310e-09 
 4.70001893e-05  1.99922768e-01  2.00784405e-01  2.00710254e-01 -1.21320587e-05  2.63532049e-08  4.36425311e-09 
 4.70003456e-05  1.99924266e-01  2.00804181e-01  2.00714739e-01 -1.19519111e-05  4.58473540e-08  7.51455792e-09 
 4.70006469e-05  1.99926845e-01  2.00816161e-01  2.00724446e-01 -1.20062541e-05  8.01553146e-08  1.30157133e-08 
 4.70009951e-05  1.99930038e-01  2.00820053e-01  2.00735335e-01 -1.19902895e-05  1.15242551e-07  1.86014449e-08 
 4.70012917e-05  1.99932847e-01  2.00820763e-01  2.00743739e-01 -1.23287431e-05  1.41754682e-07  2.27364904e-08 
 4.70014550e-05  1.99934995e-01  2.00819989e-01  2.00747951e-01 -1.28220607e-05  1.54884924e-07  2.47279085e-08 
 4.70016238e-05  1.99938064e-01  2.00815122e-01  2.00751842e-01 -1.43755807e-05  1.66535302e-07  2.64242462e-08 
 4.70017524e-05  1.99941848e-01  2.00807065e-01  2.00754310e-01 -1.66371032e-05  1.72851119e-07  2.73190098e-08 
 4.70018695e-05  1.99946611e-01  2.00793572e-01  2.00755956e-01 -2.01567818e-05  1.74653905e-07  2.76484673e-08 
 4.70019894e-05  1.99953330e-01  2.00772256e-01  2.00756749e-01 -2.53449241e-05  1.68745840e-07  2.73193871e-08 
 4.70021148e-05  1.99962075e-01  2.00740100e-01  2.00756230e-01 -3.26250531e-05  1.45912187e-07  2.60464967e-08 
 4.70022538e-05  1.99973779e-01  2.00692133e-01  2.00753517e-01 -4.20994682e-05  7.92845502e-08  2.32906215e-08 
 4.70023829e-05  1.99985932e-01  2.00634789e-01  2.00748480e-01 -5.11351794e-05 -5.81565655e-08  1.92286323e-08 
 4.70024968e-05  1.99997608e-01  2.00571902e-01  2.00741566e-01 -5.79090521e-05 -2.87499807e-07  1.41883991e-08 
 4.70025993e-05  2.00008515e-01  2.00502716e-01  2.00732957e-01 -6.20930157e-05 -6.30489161e-07  8.22989598e-09 
 4.70027144e-05  2.00021196e-01  2.00410370e-01  2.00720067e-01 -6.44326932e-05 -1.23929417e-06 -2.81091740e-10 
 4.70028243e-05  2.00033427e-01  2.00313776e-01  2.00704239e-01 -6.59783335e-05 -2.10853575e-06 -1.01009446e-08 
 4.70029312e-05  2.00045479e-01  2.00221717e-01  2.00685546e-01 -6.73306982e-05 -3.28593294e-06 -2.08807984e-08 
 4.70030390e-05  2.00057375e-01  2.00137847e-01  2.00663769e-01 -6.84070991e-05 -4.85587723e-06 -3.25894190e-08 
 4.70031371e-05  2.00068158e-01  2.00073806e-01  2.00641907e-01 -6.89499065e-05 -6.66165785e-06 -4.36514400e-08 
 4.70032101e-05  2.00077251e-01  2.00037391e-01  2.00624745e-01 -6.88545747e-05 -8.28701561e-06 -5.19112181e-08 
 4.70032701e-05  2.00086957e-01  2.00017530e-01  2.00610341e-01 -6.83949647e-05 -9.86032248e-06 -5.85480879e-08 
 4.70033135e-05  2.00094942e-01  2.00010660e-01  2.00599909e-01 -6.76892681e-05 -1.11628132e-05 -6.31434877e-08 
 4.70033419e-05  2.00099867e-01  2.00011175e-01  2.00593141e-01 -6.69125326e-05 -1.21001149e-05 -6.59681750e-08 
 4.70033648e-05  2.00102846e-01  2.00016175e-01  2.00587776e-01 -6.59311583e-05 -1.29058790e-05 -6.80501918e-08 
 4.70033879e-05  2.00104536e-01  2.00027289e-01  2.00582470e-01 -6.45301393e-05 -1.37690149e-05 -6.98880186e-08 
 4.70034154e-05  2.00104894e-01  2.00050548e-01  2.00576407e-01 -6.22587012e-05 -1.48577368e-05 -7.16014129e-08 
 4.70034452e-05  2.00104178e-01  2.00088697e-01  2.00570285e-01 -5.92245229e-05 -1.61076058e-05 -7.27918734e-08 
 4.70034824e-05  2.00102965e-01  2.00152728e-01  2.00563498e-01 -5.48591085e-05 -1.77654248e-05 -7.33227065e-08 
 4.70035177e-05  2.00102411e-01  2.00225434e-01  2.00558104e-01 -5.04862716e-05 -1.94295344e-05 -7.29702438e-08 
 4.70035480e-05  2.00102765e-01  2.00292421e-01  2.00554388e-01 -4.67579299e-05 -2.09151439e-05 -7.21481385e-08 
 4.70035803e-05  2.00104083e-01  2.00364814e-01  2.00551359e-01 -4.29712431e-05 -2.25585645e-05 -7.08888659e-08 
 4.70036192e-05  2.00106889e-01  2.00448849e-01  2.00548969e-01 -3.87848128e-05 -2.46048776e-05 -6.90280859e-08 
 4.70036558e-05  2.00110575e-01  2.00521742e-01  2.00547899e-01 -3.53139722e-05 -2.65840872e-05 -6.70773891e-08 
 4.70036976e-05  2.00115753e-01  2.00595800e-01  2.00547913e-01 -3.18827308e-05 -2.89044880e-05 -6.47401128e-08 
 4.70037398e-05  2.00121772e-01  2.00660179e-01  2.00549087e-01 -2.89701917e-05 -3.13101272e-05 -6.23386306e-08 
 4.70037903e-05  2.00129676e-01  2.00723884e-01  2.00551742e-01 -2.61079376e-05 -3.42514592e-05 -5.94832567e-08 
 4.70038446e-05  2.00138779e-01  2.00778558e-01  2.00555817e-01 -2.36553146e-05 -3.74997210e-05 -5.64416573e-08 
 4.70039116e-05  2.00150519e-01  2.00829984e-01  2.00562115e-01 -2.13076217e-05 -4.16004612e-05 -5.27357021e-08 
 4.70039882e-05  2.00164424e-01  2.00873002e-01  2.00570555e-01 -1.93016760e-05 -4.64287584e-05 -4.84893204e-08 
 4.70040872e-05  2.00182833e-01  2.00912025e-01  2.00582667e-01 -1.74415286e-05 -5.28499175e-05 -4.29066610e-08 
 4.70042091e-05  2.00205956e-01  2.00944903e-01  2.00598646e-01 -1.59254589e-05 -6.10225344e-05 -3.57431823e-08 
 4.70043736e-05  2.00237698e-01  2.00975873e-01  2.00621056e-01 -1.47268433e-05 -7.24767390e-05 -2.53904510e-08 
 4.70045777e-05  2.00277467e-01  2.01004460e-01  2.00649214e-01 -1.40357761e-05 -8.72664311e-05 -1.13169406e-08 
 4.70047888e-05  2.00318600e-01  2.01028891e-01  2.00678180e-01 -1.37512489e-05 -1.03140394e-04  4.76217397e-09 
 4.70050000e-05  2.00359227e-01  2.01050717e-01  2.00706673e-01 -1.36432452e-05 -1.19468811e-04  2.24193565e-08 
 4.70050054e-05  2.00358676e-01  2.01047014e-01  2.00707383e-01 -1.59028570e-05 -1.19890909e-04  2.27410316e-08 
 4.70050162e-05  2.00358265e-01  2.01040704e-01  2.00708788e-01 -1.61176955e-05 -1.20733038e-04  2.33958095e-08 
 4.70050377e-05  2.00358251e-01  2.01031809e-01  2.00711515e-01 -1.60424033e-05 -1.22402012e-04  2.47556064e-08 
 4.70050809e-05  2.00357961e-01  2.01019133e-01  2.00716714e-01 -1.61377220e-05 -1.25676536e-04  2.76104074e-08 
 4.70051671e-05  2.00358027e-01  2.01003503e-01  2.00726367e-01 -1.60568724e-05 -1.31979315e-04  3.37611379e-08 
 4.70052800e-05  2.00358159e-01  2.00994889e-01  2.00737967e-01 -1.60810205e-05 -1.39744485e-04  4.25257915e-08 
 4.70054446e-05  2.00358804e-01  2.00994187e-01  2.00753680e-01 -1.59647177e-05 -1.50153352e-04  5.64910665e-08 
 4.70057055e-05  2.00360033e-01  2.01003323e-01  2.00776992e-01 -1.59490773e-05 -1.64610279e-04  8.08247536e-08 
 4.70062273e-05  2.00364007e-01  2.01026517e-01  2.00820062e-01 -1.57685370e-05 -1.87108498e-04  1.34076207e-07 
 4.70070022e-05  2.00371989e-01  2.01053819e-01  2.00876440e-01 -1.56928520e-05 -2.08065599e-04  2.15248616e-07 
 4.70078274e-05  2.00382634e-01  2.01072201e-01  2.00926452e-01 -1.55407147e-05 -2.18511447e-04  2.94275415e-07 
 4.70087477e-05  2.00395661e-01  2.01082045e-01  2.00970172e-01 -1.55300760e-05 -2.20727364e-04  3.65723389e-07 
 4.70097403e-05  2.00410579e-01  2.01081865e-01  2.01003873e-01 -1.54314556e-05 -2.16214055e-04  4.20697847e-07 
 4.70109155e-05  2.00428159e-01  2.01070052e-01  2.01027485e-01 -1.54622196e-05 -2.05777357e-04  4.58680238e-07 
 4.70122557e-05  2.00447800e-01  2.01044603e-01  2.01035852e-01 -1.53969888e-05 -1.90776400e-04  4.73536110e-07 
 4.70139013e-05  2.00470256e-01  2.01000945e-01  2.01024397e-01 -1.54546847e-05 -1.71285625e-04  4.63746789e-07 
 4.70159068e-05  2.00495244e-01  2.00936060e-01  2.00986640e-01 -1.54114457e-05 -1.48685734e-04  4.28746175e-07 
 4.70186196e-05  2.00524476e-01  2.00839226e-01  2.00909933e-01 -1.54879794e-05 -1.22156582e-04  3.67323126e-07 
 4.70215367e-05  2.00551123e-01  2.00734499e-01  2.00811840e-01 -1.54577698e-05 -9.90550886e-05  3.02157381e-07 
 4.70248425e-05  2.00576048e-01  2.00625528e-01  2.00698913e-01 -1.55389181e-05 -7.86405258e-05  2.39764150e-07 
 4.70283086e-05  2.00597695e-01  2.00528883e-01  2.00591041e-01 -1.55095446e-05 -6.23250660e-05  1.88553492e-07 
 4.70322582e-05  2.00617619e-01  2.00444458e-01  2.00490071e-01 -1.55892497e-05 -4.83731509e-05  1.44735709e-07 
 4.70365082e-05  2.00634993e-01  2.00384438e-01  2.00411369e-01 -1.55583913e-05 -3.73144912e-05  1.10350056e-07 
 4.70413826e-05  2.00650579e-01  2.00351824e-01  2.00358789e-01 -1.56354391e-05 -2.81102359e-05  8.21517521e-08 
 4.70467380e-05  2.00664003e-01  2.00353919e-01  2.00342307e-01 -1.56020174e-05 -2.09117768e-05  6.04626497e-08 
 4.70529413e-05  2.00675602e-01  2.00394683e-01  2.00366644e-01 -1.56755664e-05 -1.50784449e-05  4.31821046e-08 
 4.70599669e-05  2.00685398e-01  2.00474497e-01  2.00434328e-01 -1.56387420e-05 -1.05759388e-05  3.00525865e-08 
 4.70682007e-05  2.00693346e-01  2.00591532e-01  2.00544655e-01 -1.57079663e-05 -7.08152499e-06  2.00042296e-08 
 4.70776756e-05  2.00699674e-01  2.00731644e-01  2.00684605e-01 -1.56665879e-05 -4.52353864e-06  1.27273022e-08 
 4.70889013e-05  2.00704287e-01  2.00878162e-01  2.00837171e-01 -1.57306858e-05 -2.68652528e-06  7.54282450e-09 
 4.71021022e-05  2.00707639e-01  2.01004426e-01  2.00973638e-01 -1.56844131e-05 -1.46566639e-06  4.11062820e-09 
 4.71181031e-05  2.00709642e-01  2.01092090e-01  2.01072030e-01 -1.57437344e-05 -7.02031219e-07  1.96799809e-09 
 4.71376436e-05  2.00710893e-01  2.01136219e-01  2.01123101e-01 -1.56933445e-05 -2.82160278e-07  7.88948912e-10 
 4.71625242e-05  2.00711334e-01  2.01159717e-01  2.01147765e-01 -1.57490598e-05 -8.38270922e-08  2.34652900e-10 
 4.71953245e-05  2.00711620e-01  2.01199854e-01  2.01185879e-01 -1.56959105e-05 -1.41718395e-08  4.22854659e-11 
 4.72419447e-05  2.00711616e-01  2.01272839e-01  2.01258864e-01 -1.57498135e-05  1.58319679e-10  3.81462765e-12 
 4.73150273e-05  2.00711777e-01  2.01351415e-01  2.01339727e-01 -1.56960341e-05 -8.62559347e-11  2.19063580e-12 
 4.74150273e-05  2.00711734e-01  2.01410303e-01  2.01398895e-01 -1.57498856e-05  6.85089158e-11  1.84374412e-12 
 4.75150273e-05  2.00711870e-01  2.01451778e-01  2.01440942e-01 -1.56960691e-05 -6.30345155e-11  1.74013023e-12 
 4.76150273e-05  2.00711808e-01  2.01472176e-01  2.01461823e-01 -1.57498951e-05  5.55318458e-11  1.14612269e-12 
 4.77150273e-05  2.00711923e-01  2.01484898e-01  2.01474472e-01 -1.56960931e-05 -5.52155077e-11  1.39629963e-12 
 4.78150273e-05  2.00711854e-01  2.01493147e-01  2.01482999e-01 -1.57498916e-05  4.90994500e-11  1.08424175e-12 
 4.79150273e-05  2.00711964e-01  2.01496635e-01  2.01486461e-01 -1.56961038e-05 -4.98554440e-11  1.17820516e-12 
 4.80150273e-05  2.00711891e-01  2.01499762e-01  2.01489629e-01 -1.57498899e-05  4.41083504e-11  1.09186694e-12 
 4.81150273e-05  2.00712001e-01  2.01500991e-01  2.01490911e-01 -1.56961076e-05 -4.53614130e-11  1.12221034e-12 
 4.82150273e-05  2.00711926e-01  2.01501876e-01  2.01491764e-01 -1.57498885e-05  3.99529864e-11  1.05878186e-12 
 4.83150273e-05  2.00712035e-01  2.01502494e-01  2.01492424e-01 -1.56961105e-05 -4.15977391e-11  1.13674939e-12 
 4.84150273e-05  2.00711959e-01  2.01502683e-01  2.01492595e-01 -1.57498859e-05  3.65077651e-11  1.02474073e-12 
 4.85150273e-05  2.00712068e-01  2.01502949e-01  2.01492874e-01 -1.56961140e-05 -3.84622711e-11  1.15351294e-12 
 4.86150273e-05  2.00711993e-01  2.01503032e-01  2.01492954e-01 -1.57498824e-05  3.36340144e-11  1.00865177e-12 
 4.87150273e-05  2.00712102e-01  2.01503101e-01  2.01493026e-01 -1.56961176e-05 -3.58293137e-11  1.16069648e-12 
 4.88150273e-05  2.00712027e-01  2.01503174e-01  2.01493096e-01 -1.57498788e-05  3.12136213e-11  1.00174524e-12 
 4.89150273e-05  2.00712135e-01  2.01503184e-01  2.01493112e-01 -1.56961212e-05 -3.36061070e-11  1.16588531e-12 
 4.90150273e-05  2.00712060e-01  2.01503233e-01  2.01493154e-01 -1.57498753e-05  2.91697274e-11  9.95248046e-13 
 4.91150273e-05  2.00712169e-01  2.01503242e-01  2.01493171e-01 -1.56961246e-05 -3.17293058e-11  1.17268115e-12 
 4.92150273e-05  2.00712093e-01  2.01503271e-01  2.01493191e-01 -1.57498719e-05  2.74466513e-11  9.87756372e-13 
 4.93150273e-05  2.00712202e-01  2.01503284e-01  2.01493213e-01 -1.56961280e-05 -3.01478987e-11  1.18006852e-12 
 4.94150273e-05  2.00712127e-01  2.01503307e-01  2.01493228e-01 -1.57498685e-05  2.59952684e-11  9.80553692e-13 
 4.95150273e-05  2.00712235e-01  2.01503319e-01  2.01493247e-01 -1.56961315e-05 -2.88161110e-11  1.18678917e-12 
 4.96150273e-05  2.00712160e-01  2.01503342e-01  2.01493263e-01 -1.57498650e-05  2.47731469e-11  9.74268246e-13 
 4.97150273e-05  2.00712269e-01  2.01503352e-01  2.01493280e-01 -1.56961349e-05 -2.76939762e-11  1.19263459e-12 
 4.98150273e-05  2.00712193e-01  2.01503376e-01  2.01493297e-01 -1.57498616e-05  2.37430102e-11  9.68772859e-13 
 4.99150273e-05  2.00712302e-01  2.01503385e-01  2.01493313e-01 -1.56961384e-05 -2.67481794e-11  1.19781908e-12 
 5.00150273e-05  2.00712227e-01  2.01503409e-01  2.01493330e-01 -1.57498582e-05  2.28747045e-11  9.63857195e-13 
 5.01150273e-05  2.00712335e-01  2.01503418e-01  2.01493347e-01 -1.56961418e-05 -2.59510317e-11  1.20247605e-12 
 5.02150273e-05  2.00712260e-01  2.01503442e-01  2.01493363e-01 -1.57498547e-05  2.21427633e-11  9.59448883e-13 
 5.03150273e-05  2.00712369e-01  2.01503451e-01  2.01493380e-01 -1.56961452e-05 -2.52789521e-11  1.20663402e-12 
 5.04150273e-05  2.00712294e-01  2.01503475e-01  2.01493397e-01 -1.57498513e-05  2.15257053e-11  9.55535835e-13 
 5.05150273e-05  2.00712402e-01  2.01503484e-01  2.01493413e-01 -1.56961487e-05 -2.47122297e-11  1.21030903e-12 
 5.06150273e-05  2.00712327e-01  2.01503508e-01  2.01493430e-01 -1.57498478e-05  2.10051445e-11  9.52089861e-13 
 5.07150273e-05  2.00712435e-01  2.01503518e-01  2.01493446e-01 -1.56961521e-05 -2.42343923e-11  1.21353806e-12 
 5.08150273e-05  2.00712360e-01  2.01503542e-01  2.01493463e-01 -1.57498444e-05  2.05660610e-11  9.49066184e-13 
 5.09150273e-05  2.00712469e-01  2.01503551e-01  2.01493479e-01 -1.56961555e-05 -2.38308772e-11  1.21636891e-12 
 5.10150273e-05  2.00712394e-01  2.01503575e-01  2.01493496e-01 -1.57498409e-05  2.01957763e-11  9.46418074e-13 
 5.11150273e-05  2.00712502e-01  2.01503584e-01  2.01493512e-01 -1.56961590e-05 -2.34906975e-11  1.21884409e-12 
 5.12150273e-05  2.00712427e-01  2.01503608e-01  2.01493529e-01 -1.57498375e-05  1.98830037e-11  9.44106121e-13 
 5.13150273e-05  2.00712536e-01  2.01503617e-01  2.01493546e-01 -1.56961624e-05 -2.32032256e-11  1.22100209e-12 
 5.14150273e-05  2.00712460e-01  2.01503641e-01  2.01493562e-01 -1.57498340e-05  1.96189326e-11  9.42093192e-13 
 5.15150273e-05  2.00712569e-01  2.01503650e-01  2.01493579e-01 -1.56961658e-05 -2.29605354e-11  1.22287819e-12 
 5.16150273e-05  2.00712494e-01  2.01503674e-01  2.01493595e-01 -1.57498306e-05  1.93958469e-11  9.40345458e-13 
 5.17150273e-05  2.00712602e-01  2.01503683e-01  2.01493612e-01 -1.56961693e-05 -2.27555268e-11  1.22450466e-12 
 5.18150273e-05  2.00712527e-01  2.01503707e-01  2.01493628e-01 -1.57498272e-05  1.92072209e-11  9.38832562e-13 
 5.19150273e-05  2.00712636e-01  2.01503716e-01  2.01493645e-01 -1.56961727e-05 -2.25819519e-11  1.22591146e-12 
 5.20150273e-05  2.00712560e-01  2.01503740e-01  2.01493661e-01 -1.57498237e-05  1.90475793e-11  9.37525231e-13 
 5.21150273e-05  2.00712669e-01  2.01503749e-01  2.01493678e-01 -1.56961761e-05 -2.24352010e-11  1.22712544e-12 
 5.22150273e-05  2.00712594e-01  2.01503773e-01  2.01493695e-01 -1.57498203e-05  1.89123626e-11  9.36398040e-13 
 5.23150273e-05  2.00712702e-01  2.01503782e-01  2.01493711e-01 -1.56961796e-05 -2.23107147e-11  1.22817132e-12 
 5.24150273e-05  2.00712627e-01  2.01503806e-01  2.01493728e-01 -1.57498168e-05  1.87979135e-11  9.35428547e-13 
 5.25150273e-05  2.00712736e-01  2.01503816e-01  2.01493744e-01 -1.56961830e-05 -2.22054124e-11  1.22906947e-12 
 5.26150273e-05  2.00712661e-01  2.01503840e-01  2.01493761e-01 -1.57498134e-05  1.87009071e-11  9.34597343e-13 
 5.27150273e-05  2.00712769e-01  2.01503849e-01  2.01493777e-01 -1.56961864e-05 -2.21158246e-11  1.22983850e-12 
 5.28150273e-05  2.00712694e-01  2.01503873e-01  2.01493794e-01 -1.57498100e-05  1.86182636e-11  9.33885835e-13 
 5.29150273e-05  2.00712802e-01  2.01503882e-01  2.01493810e-01 -1.56961899e-05 -2.20396483e-11  1.23049644e-12 
 5.30150273e-05  2.00712727e-01  2.01503906e-01  2.01493827e-01 -1.57498065e-05  1.85479184e-11  9.33277761e-13 
 5.31150273e-05  2.00712836e-01  2.01503915e-01  2.01493843e-01 -1.56961933e-05 -2.19748601e-11  1.23105795e-12 
 5.32150273e-05  2.00712761e-01  2.01503939e-01  2.01493860e-01 -1.57498031e-05  1.84881715e-11  9.32760325e-13 
 5.33150273e-05  2.00712869e-01  2.01503948e-01  2.01493877e-01 -1.56961967e-05 -2.19196683e-11  1.23153479e-12 
 5.34150273e-05  2.00712794e-01  2.01503972e-01  2.01493893e-01 -1.57497996e-05  1.84369262e-11  9.32321223e-13 
 5.35150273e-05  2.00712902e-01  2.01503981e-01  2.01493910e-01 -1.56962002e-05 -2.18721311e-11  1.23193919e-12 
 5.36150273e-05  2.00712827e-01  2.01504005e-01  2.01493926e-01 -1.57497962e-05  1.83933032e-11  9.31948908e-13 
 5.37150273e-05  2.00712936e-01  2.01504014e-01  2.01493943e-01 -1.56962036e-05 -2.18316344e-11  1.23228148e-12 
 5.38150273e-05  2.00712861e-01  2.01504038e-01  2.01493959e-01 -1.57497927e-05  1.83556278e-11  9.31634815e-13 
 5.39150273e-05  2.00712969e-01  2.01504047e-01  2.01493976e-01 -1.56962070e-05 -2.17968135e-11  1.23256928e-12 
 5.40150273e-05  2.00712894e-01  2.01504071e-01  2.01493993e-01 -1.57497893e-05  1.83231969e-11  9.31370974e-13 
 5.41150273e-05  2.00713003e-01  2.01504080e-01  2.01494009e-01 -1.56962105e-05 -2.17666534e-11  1.23281100e-12 
 5.42150273e-05  2.00712928e-01  2.01504104e-01  2.01494026e-01 -1.57497859e-05  1.82954580e-11  9.31150393e-13 
 5.43150273e-05  2.00713036e-01  2.01504114e-01  2.01494042e-01 -1.56962139e-05 -2.17404064e-11  1.23301234e-12 
 5.44150273e-05  2.00712961e-01  2.01504138e-01  2.01494059e-01 -1.57497824e-05  1.82709414e-11  9.30966513e-13 
 5.45150273e-05  2.00713069e-01  2.01504147e-01  2.01494075e-01 -1.56962173e-05 -2.17179102e-11  1.23317957e-12 
 5.46150273e-05  2.00712994e-01  2.01504171e-01  2.01494092e-01 -1.57497790e-05  1.82498875e-11  9.30814670e-13 
 5.47150273e-05  2.00713103e-01  2.01504180e-01  2.01494108e-01 -1.56962208e-05 -2.16981554e-11  1.23331700e-12 
 5.48150273e-05  2.00713028e-01  2.01504204e-01  2.01494125e-01 -1.57497755e-05  1.82312310e-11  9.30690150e-13 
 5.49150273e-05  2.00713136e-01  2.01504213e-01  2.01494141e-01 -1.56962242e-05 -2.16808520e-11  1.23342948e-12 
 5.50150273e-05  2.00713061e-01  2.01504237e-01  2.01494158e-01 -1.57497721e-05  1.82149183e-11  9.30589481e-13 
 5.51150273e-05  2.00713169e-01  2.01504246e-01  2.01494175e-01 -1.56962276e-05 -2.16652375e-11  1.23352034e-12 
 5.52150273e-05  2.00713094e-01  2.01504270e-01  2.01494191e-01 -1.57497687e-05  1.82005385e-11  9.30508220e-13 
 5.53150273e-05  2.00713203e-01  2.01504279e-01  2.01494208e-01 -1.56962311e-05 -2.16517234e-11  1.23359217e-12 
 5.54150273e-05  2.00713128e-01  2.01504303e-01  2.01494224e-01 -1.57497652e-05  1.81876146e-11  9.30444415e-13 
 5.55150273e-05  2.00713236e-01  2.01504312e-01  2.01494241e-01 -1.56962345e-05 -2.16395235e-11  1.23364849e-12 
 5.56150273e-05  2.00713161e-01  2.01504336e-01  2.01494257e-01 -1.57497618e-05  1.81759109e-11  9.30394650e-13 
 5.57150273e-05  2.00713269e-01  2.01504345e-01  2.01494274e-01 -1.56962379e-05 -2.16285915e-11  1.23369181e-12 
 5.58150273e-05  2.00713195e-01  2.01504369e-01  2.01494290e-01 -1.57497583e-05  1.81657304e-11  9.30358438e-13 
 5.59150273e-05  2.00713303e-01  2.01504378e-01  2.01494307e-01 -1.56962414e-05 -2.16186149e-11  1.23372233e-12 
 5.60150273e-05  2.00713228e-01  2.01504402e-01  2.01494324e-01 -1.57497549e-05  1.81560223e-11  9.30332742e-13 
 5.61150273e-05  2.00713336e-01  2.01504411e-01  2.01494340e-01 -1.56962448e-05 -2.16097418e-11  1.23374293e-12 
 5.62150273e-05  2.00713261e-01  2.01504436e-01  2.01494357e-01 -1.57497514e-05  1.81471520e-11  9.30316750e-13 
 5.63150273e-05  2.00713369e-01  2.01504445e-01  2.01494373e-01 -1.56962482e-05 -2.16011430e-11  1.23375588e-12 
 5.64150273e-05  2.00713295e-01  2.01504469e-01  2.01494390e-01 -1.57497480e-05  1.81392583e-11  9.30307209e-13 
 5.65150273e-05  2.00713403e-01  2.01504478e-01  2.01494406e-01 -1.56962517e-05 -2.15932463e-11  1.23376136e-12 
 5.66150273e-05  2.00713328e-01  2.01504502e-01  2.01494423e-01 -1.57497446e-05  1.81319642e-11  9.30304824e-13 
 5.67150273e-05  2.00713436e-01  2.01504511e-01  2.01494439e-01 -1.56962551e-05 -2.15862380e-11  1.23376022e-12 
 5.68150273e-05  2.00713361e-01  2.01504535e-01  2.01494456e-01 -1.57497411e-05  1.81248280e-11  9.30308998e-13 
 5.69150273e-05  2.00713470e-01  2.01504544e-01  2.01494473e-01 -1.56962585e-05 -2.15794114e-11  1.23375382e-12 
 5.70150273e-05  2.00713395e-01  2.01504568e-01  2.01494489e-01 -1.57497377e-05  1.81180383e-11  9.30317401e-13 
 5.71150273e-05  2.00713503e-01  2.01504577e-01  2.01494506e-01 -1.56962620e-05 -2.15729628e-11  1.23374374e-12 
 5.72150273e-05  2.00713428e-01  2.01504601e-01  2.01494522e-01 -1.57497342e-05  1.81120529e-11  9.30329978e-13 
 5.73150273e-05  2.00713536e-01  2.01504610e-01  2.01494539e-01 -1.56962654e-05 -2.15668189e-11  1.23372905e-12 
 5.74150273e-05  2.00713462e-01  2.01504634e-01  2.01494555e-01 -1.57497308e-05  1.81058161e-11  9.30346078e-13 
 5.75150273e-05  2.00713570e-01  2.01504643e-01  2.01494572e-01 -1.56962688e-05 -2.15608911e-11  1.23371143e-12 
 5.76150273e-05  2.00713495e-01  2.01504667e-01  2.01494588e-01 -1.57497274e-05  1.81002210e-11  9.30364780e-13 
 5.77150273e-05  2.00713603e-01  2.01504676e-01  2.01494605e-01 -1.56962723e-05 -2.15554243e-11  1.23369115e-12 
 5.78150273e-05  2.00713528e-01  2.01504701e-01  2.01494622e-01 -1.57497239e-05  1.80948336e-11  9.30386844e-13 
 5.79150273e-05  2.00713636e-01  2.01504709e-01  2.01494638e-01 -1.56962757e-05 -2.15498966e-11  1.23366763e-12 
 5.80150273e-05  2.00713562e-01  2.01504734e-01  2.01494655e-01 -1.57497205e-05  1.80891604e-11  9.30410967e-13 
 5.81150273e-05  2.00713670e-01  2.01504743e-01  2.01494671e-01 -1.56962791e-05 -2.15446534e-11  1.23364307e-12 
 5.82150273e-05  2.00713595e-01  2.01504767e-01  2.01494688e-01 -1.57497170e-05  1.80843006e-11  9.30435741e-13 
 5.83150273e-05  2.00713703e-01  2.01504776e-01  2.01494704e-01 -1.56962826e-05 -2.15394759e-11  1.23361629e-12 
 5.84150273e-05  2.00713628e-01  2.01504800e-01  2.01494721e-01 -1.57497136e-05  1.80790164e-11  9.30463551e-13 
 5.85150273e-05  2.00713736e-01  2.01504809e-01  2.01494737e-01 -1.56962860e-05 -2.15343232e-11  1.23358870e-12 
 5.86150273e-05  2.00713662e-01  2.01504833e-01  2.01494754e-01 -1.57497102e-05  1.80742778e-11  9.30492120e-13 
 5.87150273e-05  2.00713770e-01  2.01504842e-01  2.01494771e-01 -1.56962894e-05 -2.15296409e-11  1.23355856e-12 
 5.88150273e-05  2.00713695e-01  2.01504866e-01  2.01494787e-01 -1.57497067e-05  1.80692657e-11  9.30522478e-13 
 5.89150273e-05  2.00713803e-01  2.01504875e-01  2.01494804e-01 -1.56962929e-05 -2.15246898e-11  1.23352771e-12 
 5.90150273e-05  2.00713729e-01  2.01504899e-01  2.01494820e-01 -1.57497033e-05  1.80643215e-11  9.30553594e-13 
 5.91150273e-05  2.00713837e-01  2.01504908e-01  2.01494837e-01 -1.56962963e-05 -2.15197051e-11  1.23349676e-12 
 5.92150273e-05  2.00713762e-01  2.01504932e-01  2.01494853e-01 -1.57496998e-05  1.80598052e-11  9.30585036e-13 
 5.93150273e-05  2.00713870e-01  2.01504941e-01  2.01494870e-01 -1.56962997e-05 -2.15152401e-11  1.23346434e-12 
 5.94150273e-05  2.00713795e-01  2.01504965e-01  2.01494886e-01 -1.57496964e-05  1.80550063e-11  9.30617942e-13 
 5.95150273e-05  2.00713903e-01  2.01504974e-01  2.01494903e-01 -1.56963032e-05 -2.15105895e-11  1.23343181e-12 
 5.96150273e-05  2.00713829e-01  2.01504999e-01  2.01494920e-01 -1.57496930e-05  1.80501469e-11  9.30650793e-13 
 5.97150273e-05  2.00713937e-01  2.01505007e-01  2.01494936e-01 -1.56963066e-05 -2.15059424e-11  1.23339847e-12 
 5.98150273e-05  2.00713862e-01  2.01505032e-01  2.01494953e-01 -1.57496895e-05  1.80457079e-11  9.30684349e-13 
 5.99150273e-05  2.00713970e-01  2.01505041e-01  2.01494969e-01 -1.56963100e-05 -2.15014055e-11  1.23336432e-12 
 6.00150273e-05  2.00713895e-01  2.01505065e-01  2.01494986e-01 -1.57496861e-05  1.80412484e-11  9.30718827e-13 
 6.01150273e-05  2.00714003e-01  2.01505074e-01  2.01495002e-01 -1.56963134e-05 -2.14967987e-11  1.23332936e-12 
 6.02150273e-05  2.00713929e-01  2.01505098e-01  2.01495019e-01 -1.57496826e-05  1.80366503e-11  9.30753955e-13 
 6.03150273e-05  2.00714037e-01  2.01505107e-01  2.01495035e-01 -1.56963169e-05 -2.14923682e-11  1.23329450e-12 
 6.04150273e-05  2.00713962e-01  2.01505131e-01  2.01495052e-01 -1.57496792e-05  1.80319620e-11  9.30789083e-13 
 6.05150273e-05  2.00714070e-01  2.01505140e-01  2.01495069e-01 -1.56963203e-05 -2.14879833e-11  1.23325948e-12 
 6.06150273e-05  2.00713996e-01  2.01505164e-01  2.01495085e-01 -1.57496758e-05  1.80275989e-11  9.30824211e-13 
 6.07150273e-05  2.00714103e-01  2.01505173e-01  2.01495102e-01 -1.56963237e-05 -2.14834277e-11  1.23322424e-12 
 6.08150273e-05  2.00714029e-01  2.01505197e-01  2.01495118e-01 -1.57496723e-05  1.80232242e-11  9.30859773e-13 
 6.09150273e-05  2.00714137e-01  2.01505206e-01  2.01495135e-01 -1.56963272e-05 -2.14787270e-11  1.23318819e-12 
 6.10150273e-05  2.00714062e-01  2.01505230e-01  2.01495151e-01 -1.57496689e-05  1.80189182e-11  9.30895335e-13 
 6.11150273e-05  2.00714170e-01  2.01505239e-01  2.01495168e-01 -1.56963306e-05 -2.14742813e-11  1.23315285e-12 
 6.12150273e-05  2.00714096e-01  2.01505263e-01  2.01495184e-01 -1.57496655e-05  1.80142904e-11  9.30931276e-13 
 6.13150273e-05  2.00714203e-01  2.01505272e-01  2.01495201e-01 -1.56963340e-05 -2.14702195e-11  1.23311664e-12 
 6.14150273e-05  2.00714129e-01  2.01505297e-01  2.01495218e-01 -1.57496620e-05  1.80098983e-11  9.30967868e-13 
 6.15150273e-05  2.00714237e-01  2.01505305e-01  2.01495234e-01 -1.56963375e-05 -2.14655331e-11  1.23308032e-12 
 6.16150273e-05  2.00714162e-01  2.01505330e-01  2.01495251e-01 -1.57496586e-05  1.80056215e-11  9.31003863e-13 
 6.17150273e-05  2.00714270e-01  2.01505338e-01  2.01495267e-01 -1.56963409e-05 -2.14612338e-11  1.23304367e-12 
 6.18150273e-05  2.00714196e-01  2.01505363e-01  2.01495284e-01 -1.57496551e-05  1.80010763e-11  9.31040726e-13 
 6.19150273e-05  2.00714304e-01  2.01505372e-01  2.01495300e-01 -1.56963443e-05 -2.14567934e-11  1.23300757e-12 
 6.20150273e-05  2.00714229e-01  2.01505396e-01  2.01495317e-01 -1.57496517e-05  1.79966643e-11  9.31076830e-13 
 6.21150273e-05  2.00714337e-01  2.01505405e-01  2.01495333e-01 -1.56963477e-05 -2.14525728e-11  1.23297108e-12 
 6.22150273e-05  2.00714263e-01  2.01505429e-01  2.01495350e-01 -1.57496483e-05  1.79925055e-11  9.31113856e-13 
 6.23150273e-05  2.00714370e-01  2.01505438e-01  2.01495366e-01 -1.56963512e-05 -2.14481453e-11  1.23293368e-12 
 6.24150273e-05  2.00714296e-01  2.01505462e-01  2.01495383e-01 -1.57496448e-05  1.79881143e-11  9.31151206e-13 
 6.25150273e-05  2.00714404e-01  2.01505471e-01  2.01495400e-01 -1.56963546e-05 -2.14437788e-11  1.23289649e-12 
 6.26150273e-05  2.00714329e-01  2.01505495e-01  2.01495416e-01 -1.57496414e-05  1.79835962e-11  9.31188015e-13 
 6.27150273e-05  2.00714437e-01  2.01505504e-01  2.01495433e-01 -1.56963580e-05 -2.14395075e-11  1.23285984e-12 
 6.28150273e-05  2.00714363e-01  2.01505528e-01  2.01495449e-01 -1.57496380e-05  1.79792407e-11  9.31225095e-13 
 6.29150273e-05  2.00714470e-01  2.01505537e-01  2.01495466e-01 -1.56963615e-05 -2.14352310e-11  1.23282282e-12 
 6.30150273e-05  2.00714396e-01  2.01505561e-01  2.01495482e-01 -1.57496345e-05  1.79750381e-11  9.31262391e-13 
 6.31150273e-05  2.00714504e-01  2.01505570e-01  2.01495499e-01 -1.56963649e-05 -2.14306710e-11  1.23278530e-12 
 6.32150273e-05  2.00714429e-01  2.01505595e-01  2.01495516e-01 -1.57496311e-05  1.79705918e-11  9.31299254e-13 
 6.33150273e-05  2.00714537e-01  2.01505603e-01  2.01495532e-01 -1.56963683e-05 -2.14266320e-11  1.23274790e-12 
 6.34150273e-05  2.00714463e-01  2.01505628e-01  2.01495549e-01 -1.57496276e-05  1.79663914e-11  9.31337364e-13 
 6.35150273e-05  2.00714570e-01  2.01505636e-01  2.01495565e-01 -1.56963717e-05 -2.14219590e-11  1.23271039e-12 
 6.36150273e-05  2.00714496e-01  2.01505661e-01  2.01495582e-01 -1.57496242e-05  1.79622901e-11  9.31374390e-13 
 6.37150273e-05  2.00714604e-01  2.01505670e-01  2.01495598e-01 -1.56963752e-05 -2.14179054e-11  1.23267276e-12 
 6.38150273e-05  2.00714530e-01  2.01505694e-01  2.01495615e-01 -1.57496208e-05  1.79576271e-11  9.31411957e-13 
 6.39150273e-05  2.00714637e-01  2.01505703e-01  2.01495631e-01 -1.56963786e-05 -2.14135712e-11  1.23263541e-12 
 6.40150273e-05  2.00714563e-01  2.01505727e-01  2.01495648e-01 -1.57496173e-05  1.79533090e-11  9.31449362e-13 
 6.41150273e-05  2.00714670e-01  2.01505736e-01  2.01495664e-01 -1.56963820e-05 -2.14091683e-11  1.23259774e-12 
 6.42150273e-05  2.00714596e-01  2.01505760e-01  2.01495681e-01 -1.57496139e-05  1.79493846e-11  9.31486875e-13 
 6.43150273e-05  2.00714704e-01  2.01505769e-01  2.01495698e-01 -1.56963855e-05 -2.14048172e-11  1.23256001e-12 
 6.44150273e-05  2.00714630e-01  2.01505793e-01  2.01495714e-01 -1.57496105e-05  1.79448938e-11  9.31524823e-13 
 6.45150273e-05  2.00714737e-01  2.01505802e-01  2.01495731e-01 -1.56963889e-05 -2.14004730e-11  1.23252238e-12 
 6.46150273e-05  2.00714663e-01  2.01505826e-01  2.01495747e-01 -1.57496070e-05  1.79406696e-11  9.31562444e-13 
 6.47150273e-05  2.00714771e-01  2.01505835e-01  2.01495764e-01 -1.56963923e-05 -2.13964562e-11  1.23248433e-12 
 6.48150273e-05  2.00714696e-01  2.01505859e-01  2.01495780e-01 -1.57496036e-05  1.79361955e-11  9.31600500e-13 
 6.49150273e-05  2.00714804e-01  2.01505868e-01  2.01495797e-01 -1.56963957e-05 -2.13921038e-11  1.23244633e-12 
 6.50150273e-05  2.00714730e-01  2.01505893e-01  2.01495813e-01 -1.57496002e-05  1.79320126e-11  9.31638284e-13 
 6.51150273e-05  2.00714837e-01  2.01505901e-01  2.01495830e-01 -1.56963992e-05 -2.13879244e-11  1.23240795e-12 
 6.52150273e-05  2.00714763e-01  2.01505926e-01  2.01495847e-01 -1.57495967e-05  1.79277940e-11  9.31676936e-13 
 6.53150273e-05  2.00714871e-01  2.01505934e-01  2.01495863e-01 -1.56964026e-05 -2.13837028e-11  1.23236968e-12 
 6.54150273e-05  2.00714796e-01  2.01505959e-01  2.01495880e-01 -1.57495933e-05  1.79233824e-11  9.31715100e-13 
 6.55150273e-05  2.00714904e-01  2.01505968e-01  2.01495896e-01 -1.56964060e-05 -2.13793970e-11  1.23233162e-12 
 6.56150273e-05  2.00714830e-01  2.01505992e-01  2.01495913e-01 -1.57495899e-05  1.79191761e-11  9.31753481e-13 
 6.57150273e-05  2.00714937e-01  2.01506001e-01  2.01495929e-01 -1.56964095e-05 -2.13750556e-11  1.23229346e-12 
 6.58150273e-05  2.00714863e-01  2.01506025e-01  2.01495946e-01 -1.57495864e-05  1.79148549e-11  9.31791482e-13 
 6.59150273e-05  2.00714971e-01  2.01506034e-01  2.01495962e-01 -1.56964129e-05 -2.13709337e-11  1.23225507e-12 
 6.60150273e-05  2.00714897e-01  2.01506058e-01  2.01495979e-01 -1.57495830e-05  1.79105984e-11  9.31829863e-13 
 6.61150273e-05  2.00715004e-01  2.01506067e-01  2.01495996e-01 -1.56964163e-05 -2.13666580e-11  1.23221680e-12 
 6.62150273e-05  2.00714930e-01  2.01506091e-01  2.01496012e-01 -1.57495795e-05  1.79065365e-11  9.31868298e-13 
 6.63150273e-05  2.00715037e-01  2.01506100e-01  2.01496029e-01 -1.56964197e-05 -2.13621846e-11  1.23217826e-12 
 6.64150273e-05  2.00714963e-01  2.01506124e-01  2.01496045e-01 -1.57495761e-05  1.79023961e-11  9.31906950e-13 
 6.65150273e-05  2.00715071e-01  2.01506133e-01  2.01496062e-01 -1.56964232e-05 -2.13578606e-11  1.23214053e-12 
 6.66150273e-05  2.00714997e-01  2.01506157e-01  2.01496078e-01 -1.57495727e-05  1.78980264e-11  9.31945385e-13 
 6.67150273e-05  2.00715104e-01  2.01506166e-01  2.01496095e-01 -1.56964266e-05 -2.13537686e-11  1.23210193e-12 
 6.68150273e-05  2.00715030e-01  2.01506191e-01  2.01496111e-01 -1.57495692e-05  1.78937895e-11  9.31983820e-13 
 6.69150273e-05  2.00715138e-01  2.01506199e-01  2.01496128e-01 -1.56964300e-05 -2.13495552e-11  1.23206339e-12 
 6.70150273e-05  2.00715063e-01  2.01506224e-01  2.01496145e-01 -1.57495658e-05  1.78896039e-11  9.32022309e-13 
 6.71150273e-05  2.00715171e-01  2.01506232e-01  2.01496161e-01 -1.56964334e-05 -2.13454055e-11  1.23202419e-12 
 6.72150273e-05  2.00715097e-01  2.01506257e-01  2.01496178e-01 -1.57495624e-05  1.78851873e-11  9.32061232e-13 
 6.73150273e-05  2.00715204e-01  2.01506265e-01  2.01496194e-01 -1.56964369e-05 -2.13412090e-11  1.23198570e-12 
 6.74150273e-05  2.00715130e-01  2.01506290e-01  2.01496211e-01 -1.57495589e-05  1.78811250e-11  9.32100317e-13 
 6.75150273e-05  2.00715238e-01  2.01506299e-01  2.01496227e-01 -1.56964403e-05 -2.13369524e-11  1.23194678e-12 
 6.76150273e-05  2.00715164e-01  2.01506323e-01  2.01496244e-01 -1.57495555e-05  1.78769517e-11  9.32139457e-13 
 6.77150273e-05  2.00715271e-01  2.01506332e-01  2.01496260e-01 -1.56964437e-05 -2.13325659e-11  1.23190770e-12 
 6.78150273e-05  2.00715197e-01  2.01506356e-01  2.01496277e-01 -1.57495521e-05  1.78728909e-11  9.32177892e-13 
 6.79150273e-05  2.00715304e-01  2.01506365e-01  2.01496294e-01 -1.56964471e-05 -2.13283989e-11  1.23186861e-12 
 6.80150273e-05  2.00715230e-01  2.01506389e-01  2.01496310e-01 -1.57495486e-05  1.78684120e-11  9.32217031e-13 
 6.81150273e-05  2.00715338e-01  2.01506398e-01  2.01496327e-01 -1.56964506e-05 -2.13242776e-11  1.23182985e-12 
 6.82150273e-05  2.00715264e-01  2.01506422e-01  2.01496343e-01 -1.57495452e-05  1.78642860e-11  9.32256117e-13 
 6.83150273e-05  2.00715371e-01  2.01506431e-01  2.01496360e-01 -1.56964540e-05 -2.13201776e-11  1.23179077e-12 
 6.84150273e-05  2.00715297e-01  2.01506456e-01  2.01496376e-01 -1.57495418e-05  1.78601712e-11  9.32295582e-13 
 6.85150273e-05  2.00715404e-01  2.01506464e-01  2.01496393e-01 -1.56964574e-05 -2.13157695e-11  1.23175135e-12 
 6.86150273e-05  2.00715330e-01  2.01506489e-01  2.01496409e-01 -1.57495384e-05  1.78559279e-11  9.32334667e-13 
 6.87150273e-05  2.00715438e-01  2.01506497e-01  2.01496426e-01 -1.56964608e-05 -2.13117208e-11  1.23171221e-12 
 6.88150273e-05  2.00715364e-01  2.01506522e-01  2.01496443e-01 -1.57495349e-05  1.78518201e-11  9.32373915e-13 
 6.89150273e-05  2.00715471e-01  2.01506530e-01  2.01496459e-01 -1.56964643e-05 -2.13072977e-11  1.23167291e-12 
 6.90150273e-05  2.00715397e-01  2.01506555e-01  2.01496476e-01 -1.57495315e-05  1.78475039e-11  9.32412567e-13 
 6.91150273e-05  2.00715504e-01  2.01506563e-01  2.01496492e-01 -1.56964677e-05 -2.13032450e-11  1.23163404e-12 
 6.92150273e-05  2.00715431e-01  2.01506588e-01  2.01496509e-01 -1.57495281e-05  1.78434329e-11  9.32452303e-13 
 6.93150273e-05  2.00715538e-01  2.01506597e-01  2.01496525e-01 -1.56964711e-05 -2.12990435e-11  1.23159474e-12 
 6.94150273e-05  2.00715464e-01  2.01506621e-01  2.01496542e-01 -1.57495246e-05  1.78392537e-11  9.32491660e-13 
 6.95150273e-05  2.00715571e-01  2.01506630e-01  2.01496558e-01 -1.56964745e-05 -2.12950278e-11  1.23155511e-12 
 6.96150273e-05  2.00715497e-01  2.01506654e-01  2.01496575e-01 -1.57495212e-05  1.78347953e-11  9.32530962e-13 
 6.97150273e-05  2.00715605e-01  2.01506663e-01  2.01496591e-01 -1.56964779e-05 -2.12908250e-11  1.23151581e-12 
 6.98150273e-05  2.00715531e-01  2.01506687e-01  2.01496608e-01 -1.57495178e-05  1.78307957e-11  9.32570644e-13 
 6.99150273e-05  2.00715638e-01  2.01506696e-01  2.01496625e-01 -1.56964814e-05 -2.12866116e-11  1.23147597e-12 
 7.00150273e-05  2.00715564e-01  2.01506720e-01  2.01496641e-01 -1.57495143e-05  1.78265317e-11  9.32609946e-13 
 7.01150273e-05  2.00715671e-01  2.01506729e-01  2.01496658e-01 -1.56964848e-05 -2.12824608e-11  1.23143672e-12 
 7.02150273e-05  2.00715597e-01  2.01506754e-01  2.01496674e-01 -1.57495109e-05  1.78227179e-11  9.32650170e-13 
 7.03150273e-05  2.00715705e-01  2.01506762e-01  2.01496691e-01 -1.56964882e-05 -2.12781028e-11  1.23139671e-12 
 7.04150273e-05  2.00715631e-01  2.01506787e-01  2.01496707e-01 -1.57495075e-05  1.78182477e-11  9.32689852e-13 
 7.05150273e-05  2.00715738e-01  2.01506795e-01  2.01496724e-01 -1.56964916e-05 -2.12741240e-11  1.23135692e-12 
 7.06150273e-05  2.00715664e-01  2.01506820e-01  2.01496741e-01 -1.57495040e-05  1.78142429e-11  9.32729696e-13 
 7.07150273e-05  2.00715771e-01  2.01506828e-01  2.01496757e-01 -1.56964951e-05 -2.12701991e-11  1.23131637e-12 
 7.08150273e-05  2.00715698e-01  2.01506853e-01  2.01496774e-01 -1.57495006e-05  1.78097983e-11  9.32769595e-13 
 7.09150273e-05  2.00715805e-01  2.01506861e-01  2.01496790e-01 -1.56964985e-05 -2.12658615e-11  1.23127691e-12 
 7.10150273e-05  2.00715731e-01  2.01506886e-01  2.01496807e-01 -1.57494972e-05  1.78058198e-11  9.32809656e-13 
 7.11150273e-05  2.00715838e-01  2.01506895e-01  2.01496823e-01 -1.56965019e-05 -2.12617814e-11  1.23123695e-12 
 7.12150273e-05  2.00715764e-01  2.01506919e-01  2.01496840e-01 -1.57494938e-05  1.78016642e-11  9.32849934e-13 
 7.13150273e-05  2.00715871e-01  2.01506928e-01  2.01496856e-01 -1.56965053e-05 -2.12574166e-11  1.23119700e-12 
 7.14150273e-05  2.00715798e-01  2.01506952e-01  2.01496873e-01 -1.57494903e-05  1.77975811e-11  9.32889562e-13 
 7.15150273e-05  2.00715905e-01  2.01506961e-01  2.01496889e-01 -1.56965087e-05 -2.12535417e-11  1.23115683e-12 
 7.16150273e-05  2.00715831e-01  2.01506985e-01  2.01496906e-01 -1.57494869e-05  1.77931736e-11  9.32929732e-13 
 7.17150273e-05  2.00715938e-01  2.01506994e-01  2.01496923e-01 -1.56965122e-05 -2.12492517e-11  1.23111720e-12 
 7.18150273e-05  2.00715864e-01  2.01507018e-01  2.01496939e-01 -1.57494835e-05  1.77893637e-11  9.32968926e-13 
 7.19150273e-05  2.00715971e-01  2.01507027e-01  2.01496956e-01 -1.56965156e-05 -2.12452057e-11  1.23107698e-12 
 7.20150273e-05  2.00715898e-01  2.01507052e-01  2.01496972e-01 -1.57494800e-05  1.77849909e-11  9.33009475e-13 
 7.21150273e-05  2.00716005e-01  2.01507060e-01  2.01496989e-01 -1.56965190e-05 -2.12410408e-11  1.23103697e-12 
 7.22150273e-05  2.00715931e-01  2.01507085e-01  2.01497005e-01 -1.57494766e-05  1.77809460e-11  9.33049644e-13 
 7.23150273e-05  2.00716038e-01  2.01507093e-01  2.01497022e-01 -1.56965224e-05 -2.12370885e-11  1.23099659e-12 
 7.24150273e-05  2.00715965e-01  2.01507118e-01  2.01497038e-01 -1.57494732e-05  1.77767547e-11  9.33090139e-13 
 7.25150273e-05  2.00716072e-01  2.01507126e-01  2.01497055e-01 -1.56965258e-05 -2.12327707e-11  1.23095593e-12 
 7.26150273e-05  2.00715998e-01  2.01507151e-01  2.01497072e-01 -1.57494698e-05  1.77727466e-11  9.33130472e-13 
 7.27150273e-05  2.00716105e-01  2.01507159e-01  2.01497088e-01 -1.56965293e-05 -2.12288453e-11  1.23091522e-12 
 7.28150273e-05  2.00716031e-01  2.01507184e-01  2.01497105e-01 -1.57494663e-05  1.77686143e-11  9.33171509e-13 
 7.29150273e-05  2.00716138e-01  2.01507192e-01  2.01497121e-01 -1.56965327e-05 -2.12244482e-11  1.23087445e-12 
 7.30150273e-05  2.00716065e-01  2.01507217e-01  2.01497138e-01 -1.57494629e-05  1.77644236e-11  9.33211950e-13 
 7.31150273e-05  2.00716172e-01  2.01507226e-01  2.01497154e-01 -1.56965361e-05 -2.12205934e-11  1.23083428e-12 
 7.32150273e-05  2.00716098e-01  2.01507250e-01  2.01497171e-01 -1.57494595e-05  1.77603698e-11  9.33252661e-13 
 7.33150273e-05  2.00716205e-01  2.01507259e-01  2.01497187e-01 -1.56965395e-05 -2.12160493e-11  1.23079379e-12 
 7.34150273e-05  2.00716131e-01  2.01507283e-01  2.01497204e-01 -1.57494560e-05  1.77562719e-11  9.33292181e-13 
 7.35150273e-05  2.00716238e-01  2.01507292e-01  2.01497221e-01 -1.56965429e-05 -2.12122409e-11  1.23075335e-12 
 7.36150273e-05  2.00716165e-01  2.01507316e-01  2.01497237e-01 -1.57494526e-05  1.77524460e-11  9.33333705e-13 
 7.37150273e-05  2.00716272e-01  2.01507325e-01  2.01497254e-01 -1.56965464e-05 -2.12079636e-11  1.23071215e-12 
 7.38150273e-05  2.00716198e-01  2.01507350e-01  2.01497270e-01 -1.57494492e-05  1.77481458e-11  9.33374471e-13 
 7.39150273e-05  2.00716305e-01  2.01507358e-01  2.01497287e-01 -1.56965498e-05 -2.12038113e-11  1.23067143e-12 
 7.40150273e-05  2.00716232e-01  2.01507383e-01  2.01497303e-01 -1.57494458e-05  1.77441779e-11  9.33414966e-13 
 7.41150273e-05  2.00716338e-01  2.01507391e-01  2.01497320e-01 -1.56965532e-05 -2.11998904e-11  1.23063067e-12 
 7.42150273e-05  2.00716265e-01  2.01507416e-01  2.01497336e-01 -1.57494423e-05  1.77398450e-11  9.33455895e-13 
 7.43150273e-05  2.00716372e-01  2.01507424e-01  2.01497353e-01 -1.56965566e-05 -2.11958133e-11  1.23058996e-12 
 7.44150273e-05  2.00716298e-01  2.01507449e-01  2.01497370e-01 -1.57494389e-05  1.77357929e-11  9.33496390e-13 
 7.45150273e-05  2.00716405e-01  2.01507457e-01  2.01497386e-01 -1.56965600e-05 -2.11918430e-11  1.23054903e-12 
 7.46150273e-05  2.00716332e-01  2.01507482e-01  2.01497403e-01 -1.57494355e-05  1.77317846e-11  9.33537698e-13 
 7.47150273e-05  2.00716438e-01  2.01507490e-01  2.01497419e-01 -1.56965634e-05 -2.11876450e-11  1.23050761e-12 
 7.48150273e-05  2.00716365e-01  2.01507515e-01  2.01497436e-01 -1.57494321e-05  1.77275636e-11  9.33579223e-13 
 7.49150273e-05  2.00716472e-01  2.01507524e-01  2.01497452e-01 -1.56965669e-05 -2.11833918e-11  1.23046695e-12 
 7.50150273e-05  2.00716398e-01  2.01507548e-01  2.01497469e-01 -1.57494286e-05  1.77236030e-11  9.33619826e-13 
 7.51150273e-05  2.00716505e-01  2.01507557e-01  2.01497485e-01 -1.56965703e-05 -2.11794141e-11  1.23042592e-12 
 7.52150273e-05  2.00716432e-01  2.01507581e-01  2.01497502e-01 -1.57494252e-05  1.77196133e-11  9.33661135e-13 
 7.53150273e-05  2.00716539e-01  2.01507590e-01  2.01497519e-01 -1.56965737e-05 -2.11752352e-11  1.23038466e-12 
 7.54150273e-05  2.00716465e-01  2.01507614e-01  2.01497535e-01 -1.57494218e-05  1.77154493e-11  9.33702226e-13 
 7.55150273e-05  2.00716572e-01  2.01507623e-01  2.01497552e-01 -1.56965771e-05 -2.11713954e-11  1.23034303e-12 
 7.56150273e-05  2.00716499e-01  2.01507648e-01  2.01497568e-01 -1.57494184e-05  1.77112804e-11  9.33743751e-13 
 7.57150273e-05  2.00716605e-01  2.01507656e-01  2.01497585e-01 -1.56965805e-05 -2.11670946e-11  1.23030216e-12 
 7.58150273e-05  2.00716532e-01  2.01507681e-01  2.01497601e-01 -1.57494149e-05  1.77074536e-11  9.33784625e-13 
 7.59150273e-05  2.00716639e-01  2.01507689e-01  2.01497618e-01 -1.56965839e-05 -2.11631400e-11  1.23026090e-12 
 7.60150273e-05  2.00716565e-01  2.01507714e-01  2.01497634e-01 -1.57494115e-05  1.77032000e-11  9.33826259e-13 
 7.61150273e-05  2.00716672e-01  2.01507722e-01  2.01497651e-01 -1.56965874e-05 -2.11589559e-11  1.23021921e-12 
 7.62150273e-05  2.00716599e-01  2.01507747e-01  2.01497668e-01 -1.57494081e-05  1.76990434e-11  9.33867187e-13 
 7.63150273e-05  2.00716705e-01  2.01507755e-01  2.01497684e-01 -1.56965908e-05 -2.11552022e-11  1.23017812e-12 
 7.64150273e-05  2.00716632e-01  2.01507780e-01  2.01497701e-01 -1.57494047e-05  1.76952502e-11  9.33909200e-13 
 7.65150273e-05  2.00716739e-01  2.01507788e-01  2.01497717e-01 -1.56965942e-05 -2.11508421e-11  1.23013595e-12 
 7.66150273e-05  2.00716665e-01  2.01507813e-01  2.01497734e-01 -1.57494012e-05  1.76909273e-11  9.33950616e-13 
 7.67150273e-05  2.00716772e-01  2.01507822e-01  2.01497750e-01 -1.56965976e-05 -2.11469254e-11  1.23009480e-12 
 7.68150273e-05  2.00716699e-01  2.01507846e-01  2.01497767e-01 -1.57493978e-05  1.76868661e-11  9.33991925e-13 
 7.69150273e-05  2.00716805e-01  2.01507855e-01  2.01497783e-01 -1.56966010e-05 -2.11430257e-11  1.23005317e-12 
 7.70150273e-05  2.00716732e-01  2.01507879e-01  2.01497800e-01 -1.57493944e-05  1.76829857e-11  9.34034208e-13 
 7.71150273e-05  2.00716839e-01  2.01507888e-01  2.01497817e-01 -1.56966044e-05 -2.11387429e-11  1.23001154e-12 
 7.72150273e-05  2.00716765e-01  2.01507912e-01  2.01497833e-01 -1.57493910e-05  1.76789174e-11  9.34075842e-13 
 7.73150273e-05  2.00716872e-01  2.01507921e-01  2.01497850e-01 -1.56966078e-05 -2.11346381e-11  1.22997001e-12 
 7.74150273e-05  2.00716799e-01  2.01507946e-01  2.01497866e-01 -1.57493876e-05  1.76749047e-11  9.34117313e-13 
 7.75150273e-05  2.00716906e-01  2.01507954e-01  2.01497883e-01 -1.56966113e-05 -2.11307267e-11  1.22992827e-12 
 7.76150273e-05  2.00716832e-01  2.01507979e-01  2.01497899e-01 -1.57493841e-05  1.76707501e-11  9.34159542e-13 
 7.77150273e-05  2.00716939e-01  2.01507987e-01  2.01497916e-01 -1.56966147e-05 -2.11267592e-11  1.22988615e-12 
 7.78150273e-05  2.00716866e-01  2.01508012e-01  2.01497932e-01 -1.57493807e-05  1.76667765e-11  9.34201772e-13 
 7.79150273e-05  2.00716972e-01  2.01508020e-01  2.01497949e-01 -1.56966181e-05 -2.11226332e-11  1.22984408e-12 
 7.80150273e-05  2.00716899e-01  2.01508045e-01  2.01497966e-01 -1.57493773e-05  1.76626329e-11  9.34243514e-13 
 7.81150273e-05  2.00717006e-01  2.01508053e-01  2.01497982e-01 -1.56966215e-05 -2.11184173e-11  1.22980272e-12 
 7.82150273e-05  2.00716932e-01  2.01508078e-01  2.01497999e-01 -1.57493739e-05  1.76586660e-11  9.34284822e-13 
 7.83150273e-05  2.00717039e-01  2.01508086e-01  2.01498015e-01 -1.56966249e-05 -2.11145450e-11  1.22976071e-12 
 7.84150273e-05  2.00716966e-01  2.01508111e-01  2.01498032e-01 -1.57493705e-05  1.76548019e-11  9.34326943e-13 
 7.85150273e-05  2.00717072e-01  2.01508119e-01  2.01498048e-01 -1.56966283e-05 -2.11106347e-11  1.22971788e-12 
 7.86150273e-05  2.00716999e-01  2.01508144e-01  2.01498065e-01 -1.57493670e-05  1.76505553e-11  9.34369769e-13 
 7.87150273e-05  2.00717106e-01  2.01508153e-01  2.01498081e-01 -1.56966317e-05 -2.11064386e-11  1.22967581e-12 
 7.88150273e-05  2.00717032e-01  2.01508177e-01  2.01498098e-01 -1.57493636e-05  1.76465875e-11  9.34411945e-13 
 7.89150273e-05  2.00717139e-01  2.01508186e-01  2.01498114e-01 -1.56966351e-05 -2.11026136e-11  1.22963331e-12 
 7.90150273e-05  2.00717066e-01  2.01508210e-01  2.01498131e-01 -1.57493602e-05  1.76425187e-11  9.34454228e-13 
 7.91150273e-05  2.00717172e-01  2.01508219e-01  2.01498148e-01 -1.56966386e-05 -2.10981853e-11  1.22959157e-12 
 7.92150273e-05  2.00717099e-01  2.01508244e-01  2.01498164e-01 -1.57493568e-05  1.76384656e-11  9.34495591e-13 
 7.93150273e-05  2.00717206e-01  2.01508252e-01  2.01498181e-01 -1.56966420e-05 -2.10947071e-11  1.22954923e-12 
 7.94150273e-05  2.00717133e-01  2.01508277e-01  2.01498197e-01 -1.57493534e-05  1.76345635e-11  9.34538579e-13 
 7.95150273e-05  2.00717239e-01  2.01508285e-01  2.01498214e-01 -1.56966454e-05 -2.10905002e-11  1.22950673e-12 
 7.96150273e-05  2.00717166e-01  2.01508310e-01  2.01498230e-01 -1.57493499e-05  1.76304615e-11  9.34580972e-13 
 7.97150273e-05  2.00717272e-01  2.01508318e-01  2.01498247e-01 -1.56966488e-05 -2.10863644e-11  1.22946412e-12 
 7.98150273e-05  2.00717199e-01  2.01508343e-01  2.01498263e-01 -1.57493465e-05  1.76264235e-11  9.34623256e-13 
 7.99150273e-05  2.00717306e-01  2.01508351e-01  2.01498280e-01 -1.56966522e-05 -2.10824188e-11  1.22942189e-12 
 8.00150273e-05  2.00717233e-01  2.01508376e-01  2.01498297e-01 -1.57493431e-05  1.76225668e-11  9.34665485e-13 
 8.01150273e-05  2.00717339e-01  2.01508384e-01  2.01498313e-01 -1.56966556e-05 -2.10782171e-11  1.22937939e-12 
 8.02150273e-05  2.00717266e-01  2.01508409e-01  2.01498330e-01 -1.57493397e-05  1.76184629e-11  9.34707552e-13 
 8.03150273e-05  2.00717373e-01  2.01508417e-01  2.01498346e-01 -1.56966590e-05 -2.10742513e-11  1.22933732e-12 
 8.04150273e-05  2.00717299e-01  2.01508442e-01  2.01498363e-01 -1.57493363e-05  1.76145747e-11  9.34750487e-13 
 8.05150273e-05  2.00717406e-01  2.01508451e-01  2.01498379e-01 -1.56966624e-05 -2.10703911e-11  1.22929434e-12 
 8.06150273e-05  2.00717333e-01  2.01508475e-01  2.01498396e-01 -1.57493328e-05  1.76104225e-11  9.34793096e-13 
 8.07150273e-05  2.00717439e-01  2.01508484e-01  2.01498412e-01 -1.56966658e-05 -2.10662616e-11  1.22925200e-12 
 8.08150273e-05  2.00717366e-01  2.01508508e-01  2.01498429e-01 -1.57493294e-05  1.76067268e-11  9.34835976e-13 
 8.09150273e-05  2.00717473e-01  2.01508517e-01  2.01498446e-01 -1.56966692e-05 -2.10623253e-11  1.22920858e-12 
 8.10150273e-05  2.00717400e-01  2.01508542e-01  2.01498462e-01 -1.57493260e-05  1.76024219e-11  9.34878694e-13 
 8.11150273e-05  2.00717506e-01  2.01508550e-01  2.01498479e-01 -1.56966727e-05 -2.10583430e-11  1.22916602e-12 
 8.12150273e-05  2.00717433e-01  2.01508575e-01  2.01498495e-01 -1.57493226e-05  1.75984993e-11  9.34921411e-13 
 8.13150273e-05  2.00717539e-01  2.01508583e-01  2.01498512e-01 -1.56966761e-05 -2.10542623e-11  1.22912325e-12 
 8.14150273e-05  2.00717466e-01  2.01508608e-01  2.01498528e-01 -1.57493192e-05  1.75945781e-11  9.34964617e-13 
 8.15150273e-05  2.00717573e-01  2.01508616e-01  2.01498545e-01 -1.56966795e-05 -2.10503958e-11  1.22908037e-12 
 8.16150273e-05  2.00717500e-01  2.01508641e-01  2.01498561e-01 -1.57493158e-05  1.75904779e-11  9.35007334e-13 
 8.17150273e-05  2.00717606e-01  2.01508649e-01  2.01498578e-01 -1.56966829e-05 -2.10464645e-11  1.22903733e-12 
 8.18150273e-05  2.00717533e-01  2.01508674e-01  2.01498595e-01 -1.57493123e-05  1.75864505e-11  9.35050485e-13 
 8.19150273e-05  2.00717639e-01  2.01508682e-01  2.01498611e-01 -1.56966863e-05 -2.10422198e-11  1.22899472e-12 
 8.20150273e-05  2.00717566e-01  2.01508707e-01  2.01498628e-01 -1.57493089e-05  1.75826177e-11  9.35093040e-13 
 8.21150273e-05  2.00717673e-01  2.01508715e-01  2.01498644e-01 -1.56966897e-05 -2.10384321e-11  1.22895146e-12 
 8.22150273e-05  2.00717600e-01  2.01508740e-01  2.01498661e-01 -1.57493055e-05  1.75785237e-11  9.35136029e-13 
 8.23150273e-05  2.00717706e-01  2.01508749e-01  2.01498677e-01 -1.56966931e-05 -2.10346150e-11  1.22890825e-12 
 8.24150273e-05  2.00717633e-01  2.01508773e-01  2.01498694e-01 -1.57493021e-05  1.75744254e-11  9.35179451e-13 
 8.25150273e-05  2.00717739e-01  2.01508782e-01  2.01498710e-01 -1.56966965e-05 -2.10303576e-11  1.22886613e-12 
 8.26150273e-05  2.00717667e-01  2.01508806e-01  2.01498727e-01 -1.57492987e-05  1.75708107e-11  9.35221952e-13 
 8.27150273e-05  2.00717773e-01  2.01508815e-01  2.01498744e-01 -1.56966999e-05 -2.10264835e-11  1.22882255e-12 
 8.28150273e-05  2.00717700e-01  2.01508840e-01  2.01498760e-01 -1.57492953e-05  1.75665545e-11  9.35265320e-13 
 8.29150273e-05  2.00717806e-01  2.01508848e-01  2.01498777e-01 -1.56967033e-05 -2.10224839e-11  1.22877912e-12 
 8.30150273e-05  2.00717733e-01  2.01508873e-01  2.01498793e-01 -1.57492919e-05  1.75625749e-11  9.35308471e-13 
 8.31150273e-05  2.00717840e-01  2.01508881e-01  2.01498810e-01 -1.56967067e-05 -2.10185697e-11  1.22873597e-12 
 8.32150273e-05  2.00717767e-01  2.01508906e-01  2.01498826e-01 -1.57492884e-05  1.75585718e-11  9.35351785e-13 
 8.33150273e-05  2.00717873e-01  2.01508914e-01  2.01498843e-01 -1.56967101e-05 -2.10146043e-11  1.22869293e-12 
 8.34150273e-05  2.00717800e-01  2.01508939e-01  2.01498859e-01 -1.57492850e-05  1.75549321e-11  9.35395695e-13 
 8.35150273e-05  2.00717906e-01  2.01508947e-01  2.01498876e-01 -1.56967135e-05 -2.10105663e-11  1.22864886e-12 
 8.36150273e-05  2.00717833e-01  2.01508972e-01  2.01498893e-01 -1.57492816e-05  1.75506534e-11  9.35439118e-13 
 8.37150273e-05  2.00717940e-01  2.01508980e-01  2.01498909e-01 -1.56967169e-05 -2.10065442e-11  1.22860554e-12 
 8.38150273e-05  2.00717867e-01  2.01509005e-01  2.01498926e-01 -1.57492782e-05  1.75467249e-11  9.35482106e-13 
 8.39150273e-05  2.00717973e-01  2.01509013e-01  2.01498942e-01 -1.56967203e-05 -2.10027380e-11  1.22856212e-12 
 8.40150273e-05  2.00717900e-01  2.01509038e-01  2.01498959e-01 -1.57492748e-05  1.75426347e-11  9.35525583e-13 
 8.41150273e-05  2.00718006e-01  2.01509047e-01  2.01498975e-01 -1.56967237e-05 -2.09988335e-11  1.22851859e-12 
 8.42150273e-05  2.00717934e-01  2.01509071e-01  2.01498992e-01 -1.57492714e-05  1.75387239e-11  9.35569113e-13 
 8.43150273e-05  2.00718040e-01  2.01509080e-01  2.01499008e-01 -1.56967272e-05 -2.09948131e-11  1.22847555e-12 
 8.44150273e-05  2.00717967e-01  2.01509104e-01  2.01499025e-01 -1.57492680e-05  1.75350856e-11  9.35612915e-13 
 8.45150273e-05  2.00718073e-01  2.01509113e-01  2.01499042e-01 -1.56967306e-05 -2.09909091e-11  1.22843099e-12 
 8.46150273e-05  2.00718000e-01  2.01509138e-01  2.01499058e-01 -1.57492646e-05  1.75307960e-11  9.35656825e-13 
 8.47150273e-05  2.00718106e-01  2.01509146e-01  2.01499075e-01 -1.56967340e-05 -2.09868052e-11  1.22838778e-12 
 8.48150273e-05  2.00718034e-01  2.01509171e-01  2.01499091e-01 -1.57492611e-05  1.75267199e-11  9.35700085e-13 
 8.49150273e-05  2.00718140e-01  2.01509179e-01  2.01499108e-01 -1.56967374e-05 -2.09830948e-11  1.22834441e-12 
 8.50150273e-05  2.00718067e-01  2.01509204e-01  2.01499124e-01 -1.57492577e-05  1.75228870e-11  9.35743724e-13 
 8.51150273e-05  2.00718173e-01  2.01509212e-01  2.01499141e-01 -1.56967408e-05 -2.09793320e-11  1.22830028e-12 
 8.52150273e-05  2.00718100e-01  2.01509237e-01  2.01499157e-01 -1.57492543e-05  1.75188598e-11  9.35788285e-13 
 8.53150273e-05  2.00718207e-01  2.01509245e-01  2.01499174e-01 -1.56967442e-05 -2.09749603e-11  1.22825643e-12 
 8.54150273e-05  2.00718134e-01  2.01509270e-01  2.01499191e-01 -1.57492509e-05  1.75149936e-11  9.35831599e-13 
 8.55150273e-05  2.00718240e-01  2.01509278e-01  2.01499207e-01 -1.56967476e-05 -2.09711267e-11  1.22821317e-12 
 8.56150273e-05  2.00718167e-01  2.01509303e-01  2.01499224e-01 -1.57492475e-05  1.75111412e-11  9.35874913e-13 
 8.57150273e-05  2.00718273e-01  2.01509311e-01  2.01499240e-01 -1.56967510e-05 -2.09672780e-11  1.22816899e-12 
 8.58150273e-05  2.00718201e-01  2.01509336e-01  2.01499257e-01 -1.57492441e-05  1.75071427e-11  9.35919419e-13 
 8.59150273e-05  2.00718307e-01  2.01509344e-01  2.01499273e-01 -1.56967544e-05 -2.09632537e-11  1.22812529e-12 
 8.60150273e-05  2.00718234e-01  2.01509369e-01  2.01499290e-01 -1.57492407e-05  1.75034520e-11  9.35963492e-13 
 8.61150273e-05  2.00718340e-01  2.01509378e-01  2.01499306e-01 -1.56967578e-05 -2.09591326e-11  1.22808073e-12 
 8.62150273e-05  2.00718267e-01  2.01509403e-01  2.01499323e-01 -1.57492373e-05  1.74993559e-11  9.36007565e-13 
 8.63150273e-05  2.00718373e-01  2.01509411e-01  2.01499339e-01 -1.56967612e-05 -2.09552933e-11  1.22803704e-12 
 8.64150273e-05  2.00718301e-01  2.01509436e-01  2.01499356e-01 -1.57492339e-05  1.74954537e-11  9.36051475e-13 
 8.65150273e-05  2.00718407e-01  2.01509444e-01  2.01499373e-01 -1.56967646e-05 -2.09515187e-11  1.22799264e-12 
 8.66150273e-05  2.00718334e-01  2.01509469e-01  2.01499389e-01 -1.57492305e-05  1.74912999e-11  9.36095602e-13 
 8.67150273e-05  2.00718440e-01  2.01509477e-01  2.01499406e-01 -1.56967680e-05 -2.09475865e-11  1.22794862e-12 
 8.68150273e-05  2.00718367e-01  2.01509502e-01  2.01499422e-01 -1.57492270e-05  1.74875264e-11  9.36139838e-13 
 8.69150273e-05  2.00718473e-01  2.01509510e-01  2.01499439e-01 -1.56967714e-05 -2.09435861e-11  1.22790455e-12 
 8.70150273e-05  2.00718401e-01  2.01509535e-01  2.01499455e-01 -1.57492236e-05  1.74836473e-11  9.36184127e-13 
 8.71150273e-05  2.00718507e-01  2.01509543e-01  2.01499472e-01 -1.56967748e-05 -2.09397601e-11  1.22785956e-12 
 8.72150273e-05  2.00718434e-01  2.01509568e-01  2.01499488e-01 -1.57492202e-05  1.74795475e-11  9.36228796e-13 
 8.73150273e-05  2.00718540e-01  2.01509576e-01  2.01499505e-01 -1.56967782e-05 -2.09355755e-11  1.22781581e-12 
 8.74150273e-05  2.00718467e-01  2.01509601e-01  2.01499522e-01 -1.57492168e-05  1.74758005e-11  9.36272381e-13 
 8.75150273e-05  2.00718573e-01  2.01509609e-01  2.01499538e-01 -1.56967816e-05 -2.09316395e-11  1.22777174e-12 
 8.76150273e-05  2.00718501e-01  2.01509634e-01  2.01499555e-01 -1.57492134e-05  1.74719924e-11  9.36316671e-13 
 8.77150273e-05  2.00718607e-01  2.01509642e-01  2.01499571e-01 -1.56967850e-05 -2.09277164e-11  1.22772750e-12 
 8.78150273e-05  2.00718534e-01  2.01509667e-01  2.01499588e-01 -1.57492100e-05  1.74679908e-11  9.36360906e-13 
 8.79150273e-05  2.00718640e-01  2.01509676e-01  2.01499604e-01 -1.56967884e-05 -2.09240008e-11  1.22768316e-12 
 8.80150273e-05  2.00718568e-01  2.01509701e-01  2.01499621e-01 -1.57492066e-05  1.74638813e-11  9.36405033e-13 
 8.81150273e-05  2.00718674e-01  2.01509709e-01  2.01499637e-01 -1.56967918e-05 -2.09200057e-11  1.22763908e-12 
 8.82150273e-05  2.00718601e-01  2.01509734e-01  2.01499654e-01 -1.57492032e-05  1.74602717e-11  9.36449594e-13 
 8.83150273e-05  2.00718707e-01  2.01509742e-01  2.01499671e-01 -1.56967952e-05 -2.09160011e-11  1.22759382e-12 
 8.84150273e-05  2.00718634e-01  2.01509767e-01  2.01499687e-01 -1.57491998e-05  1.74561028e-11  9.36494046e-13 
 8.85150273e-05  2.00718740e-01  2.01509775e-01  2.01499704e-01 -1.56967986e-05 -2.09121147e-11  1.22754969e-12 
 8.86150273e-05  2.00718668e-01  2.01509800e-01  2.01499720e-01 -1.57491964e-05  1.74523148e-11  9.36538336e-13 
 8.87150273e-05  2.00718774e-01  2.01509808e-01  2.01499737e-01 -1.56968020e-05 -2.09084267e-11  1.22750497e-12 
 8.88150273e-05  2.00718701e-01  2.01509833e-01  2.01499753e-01 -1.57491930e-05  1.74483188e-11  9.36584089e-13 
 8.89150273e-05  2.00718807e-01  2.01509841e-01  2.01499770e-01 -1.56968054e-05 -2.09044325e-11  1.22745981e-12 
 8.90150273e-05  2.00718734e-01  2.01509866e-01  2.01499786e-01 -1.57491896e-05  1.74445840e-11  9.36628921e-13 
 8.91150273e-05  2.00718840e-01  2.01509874e-01  2.01499803e-01 -1.56968088e-05 -2.09003405e-11  1.22741520e-12 
 8.92150273e-05  2.00718768e-01  2.01509899e-01  2.01499820e-01 -1.57491862e-05  1.74404783e-11  9.36673482e-13 
 8.93150273e-05  2.00718874e-01  2.01509907e-01  2.01499836e-01 -1.56968122e-05 -2.08965887e-11  1.22737080e-12 
 8.94150273e-05  2.00718801e-01  2.01509932e-01  2.01499853e-01 -1.57491828e-05  1.74364624e-11  9.36717934e-13 
 8.95150273e-05  2.00718907e-01  2.01509940e-01  2.01499869e-01 -1.56968156e-05 -2.08927110e-11  1.22732618e-12 
 8.96150273e-05  2.00718835e-01  2.01509965e-01  2.01499886e-01 -1.57491794e-05  1.74327107e-11  9.36762278e-13 
 8.97150273e-05  2.00718940e-01  2.01509974e-01  2.01499902e-01 -1.56968190e-05 -2.08887658e-11  1.22728157e-12 
 8.98150273e-05  2.00718868e-01  2.01509999e-01  2.01499919e-01 -1.57491759e-05  1.74286601e-11  9.36807056e-13 
 8.99150273e-05  2.00718974e-01  2.01510007e-01  2.01499935e-01 -1.56968223e-05 -2.08851584e-11  1.22723674e-12 
 9.00150273e-05  2.00718901e-01  2.01510032e-01  2.01499952e-01 -1.57491725e-05  1.74249638e-11  9.36852213e-13 
 9.01150273e-05  2.00719007e-01  2.01510040e-01  2.01499969e-01 -1.56968257e-05 -2.08809478e-11  1.22719169e-12 
 9.02150273e-05  2.00718935e-01  2.01510065e-01  2.01499985e-01 -1.57491691e-05  1.74211450e-11  9.36897532e-13 
 9.03150273e-05  2.00719040e-01  2.01510073e-01  2.01500002e-01 -1.56968291e-05 -2.08769059e-11  1.22714610e-12 
 9.04150273e-05  2.00718968e-01  2.01510098e-01  2.01500018e-01 -1.57491657e-05  1.74171450e-11  9.36942310e-13 
 9.05150273e-05  2.00719074e-01  2.01510106e-01  2.01500035e-01 -1.56968325e-05 -2.08730700e-11  1.22710240e-12 
 9.06150273e-05  2.00719001e-01  2.01510131e-01  2.01500051e-01 -1.57491623e-05  1.74133505e-11  9.36986925e-13 
 9.07150273e-05  2.00719107e-01  2.01510139e-01  2.01500068e-01 -1.56968359e-05 -2.08694596e-11  1.22705708e-12 
 9.08150273e-05  2.00719035e-01  2.01510164e-01  2.01500084e-01 -1.57491589e-05  1.74091011e-11  9.37031973e-13 
 9.09150273e-05  2.00719141e-01  2.01510172e-01  2.01500101e-01 -1.56968393e-05 -2.08654331e-11  1.22701204e-12 
 9.10150273e-05  2.00719068e-01  2.01510197e-01  2.01500118e-01 -1.57491555e-05  1.74056063e-11  9.37077130e-13 
 9.11150273e-05  2.00719174e-01  2.01510205e-01  2.01500134e-01 -1.56968427e-05 -2.08614718e-11  1.22696677e-12 
 9.12150273e-05  2.00719102e-01  2.01510230e-01  2.01500151e-01 -1.57491521e-05  1.74016643e-11  9.37122287e-13 
 9.13150273e-05  2.00719207e-01  2.01510238e-01  2.01500167e-01 -1.56968461e-05 -2.08573651e-11  1.22692167e-12 
 9.14150273e-05  2.00719135e-01  2.01510263e-01  2.01500184e-01 -1.57491487e-05  1.73978852e-11  9.37166956e-13 
 9.15150273e-05  2.00719241e-01  2.01510271e-01  2.01500200e-01 -1.56968495e-05 -2.08538093e-11  1.22687619e-12 
 9.16150273e-05  2.00719168e-01  2.01510297e-01  2.01500217e-01 -1.57491453e-05  1.73937492e-11  9.37212439e-13 
 9.17150273e-05  2.00719274e-01  2.01510305e-01  2.01500233e-01 -1.56968529e-05 -2.08498793e-11  1.22683103e-12 
 9.18150273e-05  2.00719202e-01  2.01510330e-01  2.01500250e-01 -1.57491419e-05  1.73898977e-11  9.37257650e-13 
 9.19150273e-05  2.00719307e-01  2.01510338e-01  2.01500266e-01 -1.56968563e-05 -2.08459899e-11  1.22678587e-12 
 9.20150273e-05  2.00719235e-01  2.01510363e-01  2.01500283e-01 -1.57491385e-05  1.73860590e-11  9.37302970e-13 
 9.21150273e-05  2.00719341e-01  2.01510371e-01  2.01500300e-01 -1.56968597e-05 -2.08421273e-11  1.22674028e-12 
 9.22150273e-05  2.00719268e-01  2.01510396e-01  2.01500316e-01 -1.57491351e-05  1.73822124e-11  9.37348072e-13 
 9.23150273e-05  2.00719374e-01  2.01510404e-01  2.01500333e-01 -1.56968631e-05 -2.08382229e-11  1.22669485e-12 
 9.24150273e-05  2.00719302e-01  2.01510429e-01  2.01500349e-01 -1.57491317e-05  1.73782358e-11  9.37393826e-13 
 9.25150273e-05  2.00719407e-01  2.01510437e-01  2.01500366e-01 -1.56968665e-05 -2.08344255e-11  1.22664975e-12 
 9.26150273e-05  2.00719335e-01  2.01510462e-01  2.01500382e-01 -1.57491283e-05  1.73743435e-11  9.37439416e-13 
 9.27150273e-05  2.00719441e-01  2.01510470e-01  2.01500399e-01 -1.56968699e-05 -2.08304686e-11  1.22660443e-12 
 9.28150273e-05  2.00719369e-01  2.01510495e-01  2.01500416e-01 -1.57491249e-05  1.73706483e-11  9.37484411e-13 
 9.29150273e-05  2.00719474e-01  2.01510503e-01  2.01500432e-01 -1.56968732e-05 -2.08264794e-11  1.22655933e-12 
 9.30150273e-05  2.00719402e-01  2.01510528e-01  2.01500449e-01 -1.57491215e-05  1.73666984e-11  9.37529459e-13 
 9.31150273e-05  2.00719507e-01  2.01510536e-01  2.01500465e-01 -1.56968766e-05 -2.08228274e-11  1.22651384e-12 
 9.32150273e-05  2.00719435e-01  2.01510561e-01  2.01500482e-01 -1.57491181e-05  1.73628143e-11  9.37575267e-13 
 9.33150273e-05  2.00719541e-01  2.01510569e-01  2.01500498e-01 -1.56968800e-05 -2.08189082e-11  1.22646793e-12 
 9.34150273e-05  2.00719469e-01  2.01510595e-01  2.01500515e-01 -1.57491147e-05  1.73591586e-11  9.37620966e-13 
 9.35150273e-05  2.00719574e-01  2.01510603e-01  2.01500531e-01 -1.56968834e-05 -2.08149372e-11  1.22642207e-12 
 9.36150273e-05  2.00719502e-01  2.01510628e-01  2.01500548e-01 -1.57491113e-05  1.73550117e-11  9.37666828e-13 
 9.37150273e-05  2.00719608e-01  2.01510636e-01  2.01500564e-01 -1.56968868e-05 -2.08109636e-11  1.22637729e-12 
 9.38150273e-05  2.00719535e-01  2.01510661e-01  2.01500581e-01 -1.57491079e-05  1.73513103e-11  9.37711714e-13 
 9.39150273e-05  2.00719641e-01  2.01510669e-01  2.01500598e-01 -1.56968902e-05 -2.08074604e-11  1.22633127e-12 
 9.40150273e-05  2.00719569e-01  2.01510694e-01  2.01500614e-01 -1.57491045e-05  1.73471962e-11  9.37757847e-13 
 9.41150273e-05  2.00719674e-01  2.01510702e-01  2.01500631e-01 -1.56968936e-05 -2.08035219e-11  1.22628589e-12 
 9.42150273e-05  2.00719602e-01  2.01510727e-01  2.01500647e-01 -1.57491011e-05  1.73435036e-11  9.37803546e-13 
 9.43150273e-05  2.00719708e-01  2.01510735e-01  2.01500664e-01 -1.56968970e-05 -2.07996816e-11  1.22623998e-12 
 9.44150273e-05  2.00719636e-01  2.01510760e-01  2.01500680e-01 -1.57490977e-05  1.73394931e-11  9.37849353e-13 
 9.45150273e-05  2.00719741e-01  2.01510768e-01  2.01500697e-01 -1.56969004e-05 -2.07957271e-11  1.22619449e-12 
 9.46150273e-05  2.00719669e-01  2.01510793e-01  2.01500713e-01 -1.57490943e-05  1.73359016e-11  9.37894836e-13 
 9.47150273e-05  2.00719774e-01  2.01510801e-01  2.01500730e-01 -1.56969037e-05 -2.07915703e-11  1.22614874e-12 
 9.48150273e-05  2.00719702e-01  2.01510826e-01  2.01500747e-01 -1.57490909e-05  1.73321407e-11  9.37940643e-13 
 9.49150273e-05  2.00719808e-01  2.01510834e-01  2.01500763e-01 -1.56969071e-05 -2.07880416e-11  1.22610239e-12 
 9.50150273e-05  2.00719736e-01  2.01510859e-01  2.01500780e-01 -1.57490876e-05  1.73281701e-11  9.37986830e-13 
 9.51150273e-05  2.00719841e-01  2.01510867e-01  2.01500796e-01 -1.56969105e-05 -2.07839885e-11  1.22605658e-12 
 9.52150273e-05  2.00719769e-01  2.01510893e-01  2.01500813e-01 -1.57490842e-05  1.73245042e-11  9.38032421e-13 
 9.53150273e-05  2.00719874e-01  2.01510901e-01  2.01500829e-01 -1.56969139e-05 -2.07801742e-11  1.22601045e-12 
 9.54150273e-05  2.00719802e-01  2.01510926e-01  2.01500846e-01 -1.57490808e-05  1.73204905e-11  9.38078662e-13 
 9.55150273e-05  2.00719908e-01  2.01510934e-01  2.01500862e-01 -1.56969173e-05 -2.07763459e-11  1.22596453e-12 
 9.56150273e-05  2.00719836e-01  2.01510959e-01  2.01500879e-01 -1.57490774e-05  1.73166141e-11  9.38124741e-13 
 9.57150273e-05  2.00719941e-01  2.01510967e-01  2.01500896e-01 -1.56969207e-05 -2.07725035e-11  1.22591873e-12 
 9.58150273e-05  2.00719869e-01  2.01510992e-01  2.01500912e-01 -1.57490740e-05  1.73127220e-11  9.38170494e-13 
 9.59150273e-05  2.00719975e-01  2.01511000e-01  2.01500929e-01 -1.56969241e-05 -2.07688821e-11  1.22587292e-12 
 9.60150273e-05  2.00719903e-01  2.01511025e-01  2.01500945e-01 -1.57490706e-05  1.73089867e-11  9.38216952e-13 
 9.61150273e-05  2.00720008e-01  2.01511033e-01  2.01500962e-01 -1.56969275e-05 -2.07647801e-11  1.22582684e-12 
 9.62150273e-05  2.00719936e-01  2.01511058e-01  2.01500978e-01 -1.57490672e-05  1.73049736e-11  9.38262217e-13 
 9.63150273e-05  2.00720041e-01  2.01511066e-01  2.01500995e-01 -1.56969308e-05 -2.07609182e-11  1.22578114e-12 
 9.64150273e-05  2.00719969e-01  2.01511091e-01  2.01501011e-01 -1.57490638e-05  1.73011815e-11  9.38308079e-13 
 9.65150273e-05  2.00720075e-01  2.01511099e-01  2.01501028e-01 -1.56969342e-05 -2.07572082e-11  1.22573533e-12 
 9.66150273e-05  2.00720003e-01  2.01511124e-01  2.01501045e-01 -1.57490604e-05  1.72975909e-11  9.38354375e-13 
 9.67150273e-05  2.00720108e-01  2.01511132e-01  2.01501061e-01 -1.56969376e-05 -2.07532704e-11  1.22568860e-12 
 9.68150273e-05  2.00720036e-01  2.01511157e-01  2.01501078e-01 -1.57490570e-05  1.72934694e-11  9.38400562e-13 
 9.69150273e-05  2.00720141e-01  2.01511165e-01  2.01501094e-01 -1.56969410e-05 -2.07495987e-11  1.22564247e-12 
 9.70150273e-05  2.00720069e-01  2.01511191e-01  2.01501111e-01 -1.57490536e-05  1.72897573e-11  9.38446911e-13 
 9.71150273e-05  2.00720175e-01  2.01511198e-01  2.01501127e-01 -1.56969444e-05 -2.07456869e-11  1.22559612e-12 
 9.72150273e-05  2.00720103e-01  2.01511224e-01  2.01501144e-01 -1.57490502e-05  1.72858522e-11  9.38492990e-13 
 9.73150273e-05  2.00720208e-01  2.01511232e-01  2.01501160e-01 -1.56969478e-05 -2.07418084e-11  1.22555004e-12 
 9.74150273e-05  2.00720136e-01  2.01511257e-01  2.01501177e-01 -1.57490468e-05  1.72820903e-11  9.38539556e-13 
 9.75150273e-05  2.00720241e-01  2.01511265e-01  2.01501194e-01 -1.56969511e-05 -2.07379042e-11  1.22550391e-12 
 9.76150273e-05  2.00720169e-01  2.01511290e-01  2.01501210e-01 -1.57490434e-05  1.72783673e-11  9.38585743e-13 
 9.77150273e-05  2.00720275e-01  2.01511298e-01  2.01501227e-01 -1.56969545e-05 -2.07341796e-11  1.22545707e-12 
 9.78150273e-05  2.00720203e-01  2.01511323e-01  2.01501243e-01 -1.57490400e-05  1.72744696e-11  9.38632364e-13 
 9.79150273e-05  2.00720308e-01  2.01511331e-01  2.01501260e-01 -1.56969579e-05 -2.07305033e-11  1.22541067e-12 
 9.80150273e-05  2.00720236e-01  2.01511356e-01  2.01501276e-01 -1.57490367e-05  1.72705606e-11  9.38678876e-13 
 9.81150273e-05  2.00720341e-01  2.01511364e-01  2.01501293e-01 -1.56969613e-05 -2.07264312e-11  1.22536421e-12 
 9.82150273e-05  2.00720270e-01  2.01511389e-01  2.01501309e-01 -1.57490333e-05  1.72666135e-11  9.38724792e-13 
 9.83150273e-05  2.00720375e-01  2.01511397e-01  2.01501326e-01 -1.56969647e-05 -2.07227265e-11  1.22531824e-12 
 9.84150273e-05  2.00720303e-01  2.01511422e-01  2.01501343e-01 -1.57490299e-05  1.72628021e-11  9.38771305e-13 
 9.85150273e-05  2.00720408e-01  2.01511430e-01  2.01501359e-01 -1.56969681e-05 -2.07189918e-11  1.22527189e-12 
 9.86150273e-05  2.00720336e-01  2.01511455e-01  2.01501376e-01 -1.57490265e-05  1.72588901e-11  9.38817708e-13 
 9.87150273e-05  2.00720442e-01  2.01511463e-01  2.01501392e-01 -1.56969714e-05 -2.07153190e-11  1.22522549e-12 
 9.88150273e-05  2.00720370e-01  2.01511489e-01  2.01501409e-01 -1.57490231e-05  1.72551663e-11  9.38864112e-13 
 9.89150273e-05  2.00720475e-01  2.01511496e-01  2.01501425e-01 -1.56969748e-05 -2.07111815e-11  1.22517908e-12 
 9.90150273e-05  2.00720403e-01  2.01511522e-01  2.01501442e-01 -1.57490197e-05  1.72515923e-11  9.38910408e-13 
 9.91150273e-05  2.00720508e-01  2.01511530e-01  2.01501458e-01 -1.56969782e-05 -2.07074058e-11  1.22513225e-12 
 9.92150273e-05  2.00720436e-01  2.01511555e-01  2.01501475e-01 -1.57490163e-05  1.72475680e-11  9.38957191e-13 
 9.93150273e-05  2.00720542e-01  2.01511563e-01  2.01501491e-01 -1.56969816e-05 -2.07038121e-11  1.22508568e-12 
 9.94150273e-05  2.00720470e-01  2.01511588e-01  2.01501508e-01 -1.57490129e-05  1.72436507e-11  9.39004137e-13 
 9.95150273e-05  2.00720575e-01  2.01511596e-01  2.01501525e-01 -1.56969850e-05 -2.06998110e-11  1.22503922e-12 
 9.96150273e-05  2.00720503e-01  2.01511621e-01  2.01501541e-01 -1.57490095e-05  1.72400551e-11  9.39050324e-13 
 9.97150273e-05  2.00720608e-01  2.01511629e-01  2.01501558e-01 -1.56969883e-05 -2.06960523e-11  1.22499228e-12 
 9.98150273e-05  2.00720537e-01  2.01511654e-01  2.01501574e-01 -1.57490062e-05  1.72362367e-11  9.39096999e-13 
 9.99150273e-05  2.00720642e-01  2.01511662e-01  2.01501591e-01 -1.56969917e-05 -2.06921290e-11  1.22494528e-12 
 1.00015027e-04  2.00720570e-01  2.01511687e-01  2.01501607e-01 -1.57490028e-05  1.72322063e-11  9.39143674e-13 
 1.00115027e-04  2.00720675e-01  2.01511695e-01  2.01501624e-01 -1.56969951e-05 -2.06885281e-11  1.22489914e-12 
 1.00215027e-04  2.00720603e-01  2.01511720e-01  2.01501640e-01 -1.57489994e-05  1.72285547e-11  9.39190945e-13 
 1.00315027e-04  2.00720708e-01  2.01511728e-01  2.01501657e-01 -1.56969985e-05 -2.06845634e-11  1.22485209e-12 
 1.00415027e-04  2.00720637e-01  2.01511753e-01  2.01501674e-01 -1.57489960e-05  1.72246462e-11  9.39237566e-13 
 1.00515027e-04  2.00720742e-01  2.01511761e-01  2.01501690e-01 -1.56970019e-05 -2.06808036e-11  1.22480563e-12 
 1.00615027e-04  2.00720670e-01  2.01511787e-01  2.01501707e-01 -1.57489926e-05  1.72210787e-11  9.39284620e-13 
 1.00715027e-04  2.00720775e-01  2.01511794e-01  2.01501723e-01 -1.56970052e-05 -2.06767108e-11  1.22475841e-12 
 1.00815027e-04  2.00720703e-01  2.01511820e-01  2.01501740e-01 -1.57489892e-05  1.72170720e-11  9.39330970e-13 
 1.00915027e-04  2.00720808e-01  2.01511828e-01  2.01501756e-01 -1.56970086e-05 -2.06734326e-11  1.22471174e-12 
 1.01015027e-04  2.00720737e-01  2.01511853e-01  2.01501773e-01 -1.57489858e-05  1.72131617e-11  9.39378241e-13 
 1.01115027e-04  2.00720842e-01  2.01511861e-01  2.01501789e-01 -1.56970120e-05 -2.06693915e-11  1.22466501e-12 
 1.01215027e-04  2.00720770e-01  2.01511886e-01  2.01501806e-01 -1.57489824e-05  1.72095691e-11  9.39424970e-13 
 1.01315027e-04  2.00720875e-01  2.01511894e-01  2.01501823e-01 -1.56970154e-05 -2.06653906e-11  1.22461828e-12 
 1.01415027e-04  2.00720804e-01  2.01511919e-01  2.01501839e-01 -1.57489791e-05  1.72057271e-11  9.39471808e-13 
 1.01515027e-04  2.00720909e-01  2.01511927e-01  2.01501856e-01 -1.56970187e-05 -2.06618097e-11  1.22457112e-12 
 1.01615027e-04  2.00720837e-01  2.01511952e-01  2.01501872e-01 -1.57489757e-05  1.72022494e-11  9.39518862e-13 
 1.01715027e-04  2.00720942e-01  2.01511960e-01  2.01501889e-01 -1.56970221e-05 -2.06576776e-11  1.22452357e-12 
 1.01815027e-04  2.00720870e-01  2.01511985e-01  2.01501905e-01 -1.57489723e-05  1.71980108e-11  9.39565320e-13 
 1.01915027e-04  2.00720975e-01  2.01511993e-01  2.01501922e-01 -1.56970255e-05 -2.06542648e-11  1.22447717e-12 
 1.02015027e-04  2.00720904e-01  2.01512018e-01  2.01501938e-01 -1.57489689e-05  1.71944778e-11  9.39612537e-13 
 1.02115027e-04  2.00721009e-01  2.01512026e-01  2.01501955e-01 -1.56970289e-05 -2.06502216e-11  1.22442990e-12 
 1.02215027e-04  2.00720937e-01  2.01512051e-01  2.01501972e-01 -1.57489655e-05  1.71904236e-11  9.39659429e-13 
 1.02315027e-04  2.00721042e-01  2.01512059e-01  2.01501988e-01 -1.56970323e-05 -2.06466714e-11  1.22438306e-12 
 1.02415027e-04  2.00720970e-01  2.01512085e-01  2.01502005e-01 -1.57489621e-05  1.71866599e-11  9.39706863e-13 
 1.02515027e-04  2.00721075e-01  2.01512092e-01  2.01502021e-01 -1.56970356e-05 -2.06428017e-11  1.22433585e-12 
 1.02615027e-04  2.00721004e-01  2.01512118e-01  2.01502038e-01 -1.57489588e-05  1.71828409e-11  9.39753646e-13 
 1.02715027e-04  2.00721109e-01  2.01512125e-01  2.01502054e-01 -1.56970390e-05 -2.06390638e-11  1.22428906e-12 
 1.02815027e-04  2.00721037e-01  2.01512151e-01  2.01502071e-01 -1.57489554e-05  1.71792357e-11  9.39800971e-13 
 1.02915027e-04  2.00721142e-01  2.01512159e-01  2.01502087e-01 -1.56970424e-05 -2.06351203e-11  1.22424163e-12 
 1.03015027e-04  2.00721071e-01  2.01512184e-01  2.01502104e-01 -1.57489520e-05  1.71754137e-11  9.39848351e-13 
 1.03115027e-04  2.00721175e-01  2.01512192e-01  2.01502121e-01 -1.56970457e-05 -2.06313926e-11  1.22419414e-12 
 1.03215027e-04  2.00721104e-01  2.01512217e-01  2.01502137e-01 -1.57489486e-05  1.71716324e-11  9.39895460e-13 
 1.03315027e-04  2.00721209e-01  2.01512225e-01  2.01502154e-01 -1.56970491e-05 -2.06275600e-11  1.22414736e-12 
 1.03415027e-04  2.00721137e-01  2.01512250e-01  2.01502170e-01 -1.57489452e-05  1.71677865e-11  9.39942351e-13 
 1.03515027e-04  2.00721242e-01  2.01512258e-01  2.01502187e-01 -1.56970525e-05 -2.06238290e-11  1.22409998e-12 
 1.03615027e-04  2.00721171e-01  2.01512283e-01  2.01502203e-01 -1.57489419e-05  1.71640304e-11  9.39989839e-13 
 1.03715027e-04  2.00721275e-01  2.01512291e-01  2.01502220e-01 -1.56970559e-05 -2.06198687e-11  1.22405249e-12 
 1.03815027e-04  2.00721204e-01  2.01512316e-01  2.01502236e-01 -1.57489385e-05  1.71603378e-11  9.40036785e-13 
 1.03915027e-04  2.00721309e-01  2.01512324e-01  2.01502253e-01 -1.56970592e-05 -2.06161780e-11  1.22400533e-12 
 1.04015027e-04  2.00721237e-01  2.01512349e-01  2.01502270e-01 -1.57489351e-05  1.71564885e-11  9.40083948e-13 
 1.04115027e-04  2.00721342e-01  2.01512357e-01  2.01502286e-01 -1.56970626e-05 -2.06124410e-11  1.22395892e-12 
 1.04215027e-04  2.00721271e-01  2.01512383e-01  2.01502303e-01 -1.57489317e-05  1.71526972e-11  9.40131219e-13 
 1.04315027e-04  2.00721376e-01  2.01512390e-01  2.01502319e-01 -1.56970660e-05 -2.06086433e-11  1.22391138e-12 
 1.04415027e-04  2.00721304e-01  2.01512416e-01  2.01502336e-01 -1.57489283e-05  1.71489112e-11  9.40178545e-13 
 1.04515027e-04  2.00721409e-01  2.01512423e-01  2.01502352e-01 -1.56970694e-05 -2.06049934e-11  1.22386405e-12 
 1.04615027e-04  2.00721338e-01  2.01512449e-01  2.01502369e-01 -1.57489250e-05  1.71451288e-11  9.40226250e-13 
 1.04715027e-04  2.00721442e-01  2.01512457e-01  2.01502385e-01 -1.56970727e-05 -2.06012338e-11  1.22381640e-12 
 1.04815027e-04  2.00721371e-01  2.01512482e-01  2.01502402e-01 -1.57489216e-05  1.71411052e-11  9.40273792e-13 
 1.04915027e-04  2.00721476e-01  2.01512490e-01  2.01502419e-01 -1.56970761e-05 -2.05972600e-11  1.22376951e-12 
 1.05015027e-04  2.00721404e-01  2.01512515e-01  2.01502435e-01 -1.57489182e-05  1.71375503e-11  9.40320901e-13 
 1.05115027e-04  2.00721509e-01  2.01512523e-01  2.01502452e-01 -1.56970795e-05 -2.05936292e-11  1.22372202e-12 
 1.05215027e-04  2.00721438e-01  2.01512548e-01  2.01502468e-01 -1.57489148e-05  1.71339937e-11  9.40368985e-13 
 1.05315027e-04  2.00721542e-01  2.01512556e-01  2.01502485e-01 -1.56970828e-05 -2.05896788e-11  1.22367399e-12 
 1.05415027e-04  2.00721471e-01  2.01512581e-01  2.01502501e-01 -1.57489114e-05  1.71301493e-11  9.40416581e-13 
 1.05515027e-04  2.00721576e-01  2.01512589e-01  2.01502518e-01 -1.56970862e-05 -2.05857835e-11  1.22362678e-12 
 1.05615027e-04  2.00721504e-01  2.01512614e-01  2.01502534e-01 -1.57489081e-05  1.71263520e-11  9.40463527e-13 
 1.05715027e-04  2.00721609e-01  2.01512622e-01  2.01502551e-01 -1.56970896e-05 -2.05822805e-11  1.22357907e-12 
 1.05815027e-04  2.00721538e-01  2.01512647e-01  2.01502568e-01 -1.57489047e-05  1.71225887e-11  9.40511503e-13 
 1.05915027e-04  2.00721642e-01  2.01512655e-01  2.01502584e-01 -1.56970929e-05 -2.05783270e-11  1.22353126e-12 
 1.06015027e-04  2.00721571e-01  2.01512681e-01  2.01502601e-01 -1.57489013e-05  1.71188016e-11  9.40559046e-13 
 1.06115027e-04  2.00721676e-01  2.01512688e-01  2.01502617e-01 -1.56970963e-05 -2.05749100e-11  1.22348361e-12 
 1.06215027e-04  2.00721604e-01  2.01512714e-01  2.01502634e-01 -1.57488979e-05  1.71148122e-11  9.40606859e-13 
 1.06315027e-04  2.00721709e-01  2.01512721e-01  2.01502650e-01 -1.56970997e-05 -2.05710481e-11  1.22343585e-12 
 1.06415027e-04  2.00721638e-01  2.01512747e-01  2.01502667e-01 -1.57488945e-05  1.71110454e-11  9.40654347e-13 
 1.06515027e-04  2.00721742e-01  2.01512755e-01  2.01502683e-01 -1.56971031e-05 -2.05672040e-11  1.22338852e-12 
 1.06615027e-04  2.00721671e-01  2.01512780e-01  2.01502700e-01 -1.57488912e-05  1.71073242e-11  9.40701672e-13 
 1.06715027e-04  2.00721776e-01  2.01512788e-01  2.01502716e-01 -1.56971064e-05 -2.05634682e-11  1.22334109e-12 
 1.06815027e-04  2.00721705e-01  2.01512813e-01  2.01502733e-01 -1.57488878e-05  1.71036737e-11  9.40749703e-13 
 1.06915027e-04  2.00721809e-01  2.01512821e-01  2.01502750e-01 -1.56971098e-05 -2.05596521e-11  1.22329349e-12 
 1.07015027e-04  2.00721738e-01  2.01512846e-01  2.01502766e-01 -1.57488844e-05  1.70999256e-11  9.40796920e-13 
 1.07115027e-04  2.00721843e-01  2.01512854e-01  2.01502783e-01 -1.56971132e-05 -2.05559244e-11  1.22324568e-12 
 1.07215027e-04  2.00721771e-01  2.01512879e-01  2.01502799e-01 -1.57488810e-05  1.70958755e-11  9.40844408e-13 
 1.07315027e-04  2.00721876e-01  2.01512887e-01  2.01502816e-01 -1.56971165e-05 -2.05522214e-11  1.22319835e-12 
 1.07415027e-04  2.00721805e-01  2.01512912e-01  2.01502832e-01 -1.57488777e-05  1.70922434e-11  9.40892112e-13 
 1.07515027e-04  2.00721909e-01  2.01512920e-01  2.01502849e-01 -1.56971199e-05 -2.05486732e-11  1.22315027e-12 
 1.07615027e-04  2.00721838e-01  2.01512945e-01  2.01502865e-01 -1.57488743e-05  1.70885391e-11  9.40940359e-13 
 1.07715027e-04  2.00721943e-01  2.01512953e-01  2.01502882e-01 -1.56971233e-05 -2.05446716e-11  1.22310235e-12 
 1.07815027e-04  2.00721871e-01  2.01512979e-01  2.01502899e-01 -1.57488709e-05  1.70847850e-11  9.40988281e-13 
 1.07915027e-04  2.00721976e-01  2.01512986e-01  2.01502915e-01 -1.56971266e-05 -2.05407477e-11  1.22305491e-12 
 1.08015027e-04  2.00721905e-01  2.01513012e-01  2.01502932e-01 -1.57488676e-05  1.70811993e-11  9.41035769e-13 
 1.08115027e-04  2.00722009e-01  2.01513019e-01  2.01502948e-01 -1.56971300e-05 -2.05371414e-11  1.22300683e-12 
 1.08215027e-04  2.00721938e-01  2.01513045e-01  2.01502965e-01 -1.57488642e-05  1.70774538e-11  9.41083745e-13 
 1.08315027e-04  2.00722043e-01  2.01513052e-01  2.01502981e-01 -1.56971334e-05 -2.05332049e-11  1.22295875e-12 
 1.08415027e-04  2.00721972e-01  2.01513078e-01  2.01502998e-01 -1.57488608e-05  1.70738959e-11  9.41131342e-13 
 1.08515027e-04  2.00722076e-01  2.01513086e-01  2.01503014e-01 -1.56971367e-05 -2.05293731e-11  1.22291050e-12 
 1.08615027e-04  2.00722005e-01  2.01513111e-01  2.01503031e-01 -1.57488574e-05  1.70698247e-11  9.41179155e-13 
 1.08715027e-04  2.00722109e-01  2.01513119e-01  2.01503048e-01 -1.56971401e-05 -2.05258033e-11  1.22286301e-12 
 1.08815027e-04  2.00722038e-01  2.01513144e-01  2.01503064e-01 -1.57488541e-05  1.70661629e-11  9.41227348e-13 
 1.08915027e-04  2.00722143e-01  2.01513152e-01  2.01503081e-01 -1.56971434e-05 -2.05222662e-11  1.22281493e-12 
 1.09015027e-04  2.00722072e-01  2.01513177e-01  2.01503097e-01 -1.57488507e-05  1.70622561e-11  9.41275866e-13 
 1.09115027e-04  2.00722176e-01  2.01513185e-01  2.01503114e-01 -1.56971468e-05 -2.05182299e-11  1.22276706e-12 
 1.09215027e-04  2.00722105e-01  2.01513210e-01  2.01503130e-01 -1.57488473e-05  1.70586030e-11  9.41323137e-13 
 1.09315027e-04  2.00722210e-01  2.01513218e-01  2.01503147e-01 -1.56971502e-05 -2.05148056e-11  1.22271919e-12 
 1.09415027e-04  2.00722138e-01  2.01513243e-01  2.01503163e-01 -1.57488439e-05  1.70547897e-11  9.41371330e-13 
 1.09515027e-04  2.00722243e-01  2.01513251e-01  2.01503180e-01 -1.56971535e-05 -2.05107376e-11  1.22267143e-12 
 1.09615027e-04  2.00722172e-01  2.01513277e-01  2.01503197e-01 -1.57488406e-05  1.70512365e-11  9.41418601e-13 
 1.09715027e-04  2.00722276e-01  2.01513284e-01  2.01503213e-01 -1.56971569e-05 -2.05072107e-11  1.22262308e-12 
 1.09815027e-04  2.00722205e-01  2.01513310e-01  2.01503230e-01 -1.57488372e-05  1.70472358e-11  9.41467011e-13 
 1.09915027e-04  2.00722310e-01  2.01513317e-01  2.01503246e-01 -1.56971603e-05 -2.05032501e-11  1.22257521e-12 
 1.10015027e-04  2.00722239e-01  2.01513343e-01  2.01503263e-01 -1.57488338e-05  1.70436855e-11  9.41514824e-13 
 1.10115027e-04  2.00722343e-01  2.01513350e-01  2.01503279e-01 -1.56971636e-05 -2.04995832e-11  1.22252685e-12 
 1.10215027e-04  2.00722272e-01  2.01513376e-01  2.01503296e-01 -1.57488305e-05  1.70401336e-11  9.41563125e-13 
 1.10315027e-04  2.00722376e-01  2.01513384e-01  2.01503312e-01 -1.56971670e-05 -2.04957945e-11  1.22247834e-12 
 1.10415027e-04  2.00722305e-01  2.01513409e-01  2.01503329e-01 -1.57488271e-05  1.70361694e-11  9.41611047e-13 
 1.10515027e-04  2.00722410e-01  2.01513417e-01  2.01503346e-01 -1.56971703e-05 -2.04918454e-11  1.22243101e-12 
 1.10615027e-04  2.00722339e-01  2.01513442e-01  2.01503362e-01 -1.57488237e-05  1.70324813e-11  9.41658643e-13 
 1.10715027e-04  2.00722443e-01  2.01513450e-01  2.01503379e-01 -1.56971737e-05 -2.04883885e-11  1.22238303e-12 
 1.10815027e-04  2.00722372e-01  2.01513475e-01  2.01503395e-01 -1.57488204e-05  1.70287567e-11  9.41707216e-13 
 1.10915027e-04  2.00722476e-01  2.01513483e-01  2.01503412e-01 -1.56971771e-05 -2.04846899e-11  1.22233457e-12 
 1.11015027e-04  2.00722405e-01  2.01513508e-01  2.01503428e-01 -1.57488170e-05  1.70250019e-11  9.41755463e-13 
 1.11115027e-04  2.00722510e-01  2.01513516e-01  2.01503445e-01 -1.56971804e-05 -2.04809752e-11  1.22228627e-12 
 1.11215027e-04  2.00722439e-01  2.01513541e-01  2.01503461e-01 -1.57488136e-05  1.70211991e-11  9.41803872e-13 
 1.11315027e-04  2.00722543e-01  2.01513549e-01  2.01503478e-01 -1.56971838e-05 -2.04772252e-11  1.22223775e-12 
 1.11415027e-04  2.00722472e-01  2.01513575e-01  2.01503495e-01 -1.57488103e-05  1.70174745e-11  9.41852119e-13 
 1.11515027e-04  2.00722576e-01  2.01513582e-01  2.01503511e-01 -1.56971871e-05 -2.04735276e-11  1.22218967e-12 
 1.11615027e-04  2.00722506e-01  2.01513608e-01  2.01503528e-01 -1.57488069e-05  1.70136633e-11  9.41900746e-13 
 1.11715027e-04  2.00722610e-01  2.01513615e-01  2.01503544e-01 -1.56971905e-05 -2.04697656e-11  1.22214169e-12 
 1.11815027e-04  2.00722539e-01  2.01513641e-01  2.01503561e-01 -1.57488035e-05  1.70100520e-11  9.41948884e-13 
 1.11915027e-04  2.00722643e-01  2.01513648e-01  2.01503577e-01 -1.56971939e-05 -2.04658009e-11  1.22209350e-12 
 1.12015027e-04  2.00722572e-01  2.01513674e-01  2.01503594e-01 -1.57488002e-05  1.70063894e-11  9.41996589e-13 
 1.12115027e-04  2.00722677e-01  2.01513681e-01  2.01503610e-01 -1.56971972e-05 -2.04621654e-11  1.22204596e-12 
 1.12215027e-04  2.00722606e-01  2.01513707e-01  2.01503627e-01 -1.57487968e-05  1.70027705e-11  9.42045378e-13 
 1.12315027e-04  2.00722710e-01  2.01513715e-01  2.01503643e-01 -1.56972006e-05 -2.04585554e-11  1.22199695e-12 
 1.12415027e-04  2.00722639e-01  2.01513740e-01  2.01503660e-01 -1.57487934e-05  1.69989047e-11  9.42093734e-13 
 1.12515027e-04  2.00722743e-01  2.01513748e-01  2.01503677e-01 -1.56972039e-05 -2.04546833e-11  1.22194865e-12 
 1.12615027e-04  2.00722672e-01  2.01513773e-01  2.01503693e-01 -1.57487901e-05  1.69952021e-11  9.42142089e-13 
 1.12715027e-04  2.00722777e-01  2.01513781e-01  2.01503710e-01 -1.56972073e-05 -2.04509398e-11  1.22190029e-12 
 1.12815027e-04  2.00722706e-01  2.01513806e-01  2.01503726e-01 -1.57487867e-05  1.69916759e-11  9.42190661e-13 
 1.12915027e-04  2.00722810e-01  2.01513814e-01  2.01503743e-01 -1.56972106e-05 -2.04471648e-11  1.22185188e-12 
 1.13015027e-04  2.00722739e-01  2.01513839e-01  2.01503759e-01 -1.57487833e-05  1.69876164e-11  9.42238637e-13 
 1.13115027e-04  2.00722843e-01  2.01513847e-01  2.01503776e-01 -1.56972140e-05 -2.04437227e-11  1.22180358e-12 
 1.13215027e-04  2.00722772e-01  2.01513873e-01  2.01503792e-01 -1.57487800e-05  1.69839598e-11  9.42287372e-13 
 1.13315027e-04  2.00722877e-01  2.01513880e-01  2.01503809e-01 -1.56972174e-05 -2.04398653e-11  1.22175490e-12 
 1.13415027e-04  2.00722806e-01  2.01513906e-01  2.01503826e-01 -1.57487766e-05  1.69802776e-11  9.42335836e-13 
 1.13515027e-04  2.00722910e-01  2.01513913e-01  2.01503842e-01 -1.56972207e-05 -2.04360595e-11  1.22170644e-12 
 1.13615027e-04  2.00722839e-01  2.01513939e-01  2.01503859e-01 -1.57487732e-05  1.69765864e-11  9.42384137e-13 
 1.13715027e-04  2.00722943e-01  2.01513946e-01  2.01503875e-01 -1.56972241e-05 -2.04322290e-11  1.22165825e-12 
 1.13815027e-04  2.00722873e-01  2.01513972e-01  2.01503892e-01 -1.57487699e-05  1.69727934e-11  9.42432167e-13 
 1.13915027e-04  2.00722977e-01  2.01513979e-01  2.01503908e-01 -1.56972274e-05 -2.04287600e-11  1.22161022e-12 
 1.14015027e-04  2.00722906e-01  2.01514005e-01  2.01503925e-01 -1.57487665e-05  1.69691741e-11  9.42480902e-13 
 1.14115027e-04  2.00723010e-01  2.01514013e-01  2.01503941e-01 -1.56972308e-05 -2.04249996e-11  1.22156143e-12 
 1.14215027e-04  2.00722939e-01  2.01514038e-01  2.01503958e-01 -1.57487631e-05  1.69653308e-11  9.42529204e-13 
 1.14315027e-04  2.00723043e-01  2.01514046e-01  2.01503975e-01 -1.56972341e-05 -2.04211697e-11  1.22151323e-12 
 1.14415027e-04  2.00722973e-01  2.01514071e-01  2.01503991e-01 -1.57487598e-05  1.69619464e-11  9.42577776e-13 
 1.14515027e-04  2.00723077e-01  2.01514079e-01  2.01504008e-01 -1.56972375e-05 -2.04175611e-11  1.22146396e-12 
 1.14615027e-04  2.00723006e-01  2.01514104e-01  2.01504024e-01 -1.57487564e-05  1.69578947e-11  9.42626619e-13 
 1.14715027e-04  2.00723110e-01  2.01514112e-01  2.01504041e-01 -1.56972408e-05 -2.04137950e-11  1.22141582e-12 
 1.14815027e-04  2.00723039e-01  2.01514137e-01  2.01504057e-01 -1.57487531e-05  1.69543288e-11  9.42675029e-13 
 1.14915027e-04  2.00723144e-01  2.01514145e-01  2.01504074e-01 -1.56972442e-05 -2.04100712e-11  1.22136681e-12 
 1.15015027e-04  2.00723073e-01  2.01514171e-01  2.01504090e-01 -1.57487497e-05  1.69505670e-11  9.42723276e-13 
 1.15115027e-04  2.00723177e-01  2.01514178e-01  2.01504107e-01 -1.56972475e-05 -2.04063971e-11  1.22131840e-12 
 1.15215027e-04  2.00723106e-01  2.01514204e-01  2.01504124e-01 -1.57487463e-05  1.69469697e-11  9.42772119e-13 
 1.15315027e-04  2.00723210e-01  2.01514211e-01  2.01504140e-01 -1.56972509e-05 -2.04026299e-11  1.22126967e-12 
 1.15415027e-04  2.00723140e-01  2.01514237e-01  2.01504157e-01 -1.57487430e-05  1.69429833e-11  9.42820420e-13 
 1.15515027e-04  2.00723244e-01  2.01514244e-01  2.01504173e-01 -1.56972543e-05 -2.03993506e-11  1.22122099e-12 
 1.15615027e-04  2.00723173e-01  2.01514270e-01  2.01504190e-01 -1.57487396e-05  1.69392282e-11  9.42869643e-13 
 1.15715027e-04  2.00723277e-01  2.01514277e-01  2.01504206e-01 -1.56972576e-05 -2.03951565e-11  1.22117269e-12 
 1.15815027e-04  2.00723206e-01  2.01514303e-01  2.01504223e-01 -1.57487363e-05  1.69357356e-11  9.42917673e-13 
 1.15915027e-04  2.00723310e-01  2.01514311e-01  2.01504239e-01 -1.56972610e-05 -2.03916036e-11  1.22112373e-12 
 1.16015027e-04  2.00723240e-01  2.01514336e-01  2.01504256e-01 -1.57487329e-05  1.69320482e-11  9.42966733e-13 
 1.16115027e-04  2.00723344e-01  2.01514344e-01  2.01504273e-01 -1.56972643e-05 -2.03879350e-11  1.22107478e-12 
 1.16215027e-04  2.00723273e-01  2.01514369e-01  2.01504289e-01 -1.57487295e-05  1.69281607e-11  9.43015197e-13 
 1.16315027e-04  2.00723377e-01  2.01514377e-01  2.01504306e-01 -1.56972677e-05 -2.03841525e-11  1.22102664e-12 
 1.16415027e-04  2.00723306e-01  2.01514402e-01  2.01504322e-01 -1.57487262e-05  1.69247869e-11  9.43064528e-13 
 1.16515027e-04  2.00723410e-01  2.01514410e-01  2.01504339e-01 -1.56972710e-05 -2.03805655e-11  1.22097737e-12 
 1.16615027e-04  2.00723340e-01  2.01514435e-01  2.01504355e-01 -1.57487228e-05  1.69207252e-11  9.43113209e-13 
 1.16715027e-04  2.00723444e-01  2.01514443e-01  2.01504372e-01 -1.56972744e-05 -2.03768597e-11  1.22092874e-12 
 1.16815027e-04  2.00723373e-01  2.01514469e-01  2.01504388e-01 -1.57487195e-05  1.69169635e-11  9.43161564e-13 
 1.16915027e-04  2.00723477e-01  2.01514476e-01  2.01504405e-01 -1.56972777e-05 -2.03732760e-11  1.22088006e-12 
 1.17015027e-04  2.00723407e-01  2.01514502e-01  2.01504422e-01 -1.57487161e-05  1.69133741e-11  9.43210245e-13 
 1.17115027e-04  2.00723510e-01  2.01514509e-01  2.01504438e-01 -1.56972811e-05 -2.03692267e-11  1.22083138e-12 
 1.17215027e-04  2.00723440e-01  2.01514535e-01  2.01504455e-01 -1.57487127e-05  1.69098078e-11  9.43258546e-13 
 1.17315027e-04  2.00723544e-01  2.01514542e-01  2.01504471e-01 -1.56972844e-05 -2.03656243e-11  1.22078308e-12 
 1.17415027e-04  2.00723473e-01  2.01514568e-01  2.01504488e-01 -1.57487094e-05  1.69060020e-11  9.43307390e-13 
 1.17515027e-04  2.00723577e-01  2.01514575e-01  2.01504504e-01 -1.56972878e-05 -2.03620226e-11  1.22073461e-12 
 1.17615027e-04  2.00723507e-01  2.01514601e-01  2.01504521e-01 -1.57487060e-05  1.69025514e-11  9.43356341e-13 
 1.17715027e-04  2.00723611e-01  2.01514608e-01  2.01504537e-01 -1.56972911e-05 -2.03584016e-11  1.22068545e-12 
 1.17815027e-04  2.00723540e-01  2.01514634e-01  2.01504554e-01 -1.57487027e-05  1.68985631e-11  9.43404805e-13 
 1.17915027e-04  2.00723644e-01  2.01514642e-01  2.01504570e-01 -1.56972944e-05 -2.03545811e-11  1.22063649e-12 
 1.18015027e-04  2.00723573e-01  2.01514667e-01  2.01504587e-01 -1.57486993e-05  1.68951235e-11  9.43453811e-13 
 1.18115027e-04  2.00723677e-01  2.01514675e-01  2.01504604e-01 -1.56972978e-05 -2.03507257e-11  1.22058722e-12 
 1.18215027e-04  2.00723607e-01  2.01514700e-01  2.01504620e-01 -1.57486960e-05  1.68912891e-11  9.43502492e-13 
 1.18315027e-04  2.00723711e-01  2.01514708e-01  2.01504637e-01 -1.56973011e-05 -2.03472985e-11  1.22053881e-12 
 1.18415027e-04  2.00723640e-01  2.01514733e-01  2.01504653e-01 -1.57486926e-05  1.68877267e-11  9.43551931e-13 
 1.18515027e-04  2.00723744e-01  2.01514741e-01  2.01504670e-01 -1.56973045e-05 -2.03435112e-11  1.22048948e-12 
 1.18615027e-04  2.00723674e-01  2.01514767e-01  2.01504686e-01 -1.57486893e-05  1.68837934e-11  9.43600721e-13 
 1.18715027e-04  2.00723777e-01  2.01514774e-01  2.01504703e-01 -1.56973078e-05 -2.03400144e-11  1.22044025e-12 
 1.18815027e-04  2.00723707e-01  2.01514800e-01  2.01504719e-01 -1.57486859e-05  1.68802726e-11  9.43649998e-13 
 1.18915027e-04  2.00723811e-01  2.01514807e-01  2.01504736e-01 -1.56973112e-05 -2.03359801e-11  1.22039125e-12 
 1.19015027e-04  2.00723740e-01  2.01514833e-01  2.01504753e-01 -1.57486826e-05  1.68764878e-11  9.43698516e-13 
 1.19115027e-04  2.00723844e-01  2.01514840e-01  2.01504769e-01 -1.56973145e-05 -2.03324443e-11  1.22034257e-12 
 1.19215027e-04  2.00723774e-01  2.01514866e-01  2.01504786e-01 -1.57486792e-05  1.68726999e-11  9.43747522e-13 
 1.19315027e-04  2.00723877e-01  2.01514873e-01  2.01504802e-01 -1.56973179e-05 -2.03290145e-11  1.22029351e-12 
 1.19415027e-04  2.00723807e-01  2.01514899e-01  2.01504819e-01 -1.57486758e-05  1.68690784e-11  9.43796527e-13 
 1.19515027e-04  2.00723911e-01  2.01514906e-01  2.01504835e-01 -1.56973212e-05 -2.03249947e-11  1.22024477e-12 
 1.19615027e-04  2.00723840e-01  2.01514932e-01  2.01504852e-01 -1.57486725e-05  1.68655034e-11  9.43845479e-13 
 1.19715027e-04  2.00723944e-01  2.01514940e-01  2.01504868e-01 -1.56973246e-05 -2.03215179e-11  1.22019555e-12 
 1.19815027e-04  2.00723874e-01  2.01514965e-01  2.01504885e-01 -1.57486691e-05  1.68617084e-11  9.43894539e-13 
 1.19915027e-04  2.00723977e-01  2.01514973e-01  2.01504902e-01 -1.56973279e-05 -2.03176670e-11  1.22014681e-12 
 1.20015027e-04  2.00723907e-01  2.01514998e-01  2.01504918e-01 -1.57486658e-05  1.68580716e-11  9.43943383e-13 
 1.20115027e-04  2.00724011e-01  2.01515006e-01  2.01504935e-01 -1.56973312e-05 -2.03138997e-11  1.22009873e-12 
 1.20215027e-04  2.00723941e-01  2.01515031e-01  2.01504951e-01 -1.57486624e-05  1.68544143e-11  9.43992226e-13 
 1.20315027e-04  2.00724044e-01  2.01515039e-01  2.01504968e-01 -1.56973346e-05 -2.03104094e-11  1.22004989e-12 
 1.20415027e-04  2.00723974e-01  2.01515065e-01  2.01504984e-01 -1.57486591e-05  1.68508230e-11  9.44041720e-13 
 1.20515027e-04  2.00724078e-01  2.01515072e-01  2.01505001e-01 -1.56973379e-05 -2.03067671e-11  1.22000023e-12 
 1.20615027e-04  2.00724007e-01  2.01515098e-01  2.01505017e-01 -1.57486557e-05  1.68467996e-11  9.44090943e-13 
 1.20715027e-04  2.00724111e-01  2.01515105e-01  2.01505034e-01 -1.56973413e-05 -2.03028952e-11  1.21995171e-12 
 1.20815027e-04  2.00724041e-01  2.01515131e-01  2.01505051e-01 -1.57486524e-05  1.68436304e-11  9.44139623e-13 
 1.20915027e-04  2.00724144e-01  2.01515138e-01  2.01505067e-01 -1.56973446e-05 -2.02993037e-11  1.21990211e-12 
 1.21015027e-04  2.00724074e-01  2.01515164e-01  2.01505084e-01 -1.57486490e-05  1.68394569e-11  9.44188738e-13 
 1.21115027e-04  2.00724178e-01  2.01515171e-01  2.01505100e-01 -1.56973480e-05 -2.02958008e-11  1.21985343e-12 
 1.21215027e-04  2.00724107e-01  2.01515197e-01  2.01505117e-01 -1.57486457e-05  1.68359441e-11  9.44238015e-13 
 1.21315027e-04  2.00724211e-01  2.01515204e-01  2.01505133e-01 -1.56973513e-05 -2.02921200e-11  1.21980426e-12 
 1.21415027e-04  2.00724141e-01  2.01515230e-01  2.01505150e-01 -1.57486423e-05  1.68322919e-11  9.44287563e-13 
 1.21515027e-04  2.00724244e-01  2.01515238e-01  2.01505166e-01 -1.56973546e-05 -2.02881230e-11  1.21975504e-12 
 1.21615027e-04  2.00724174e-01  2.01515263e-01  2.01505183e-01 -1.57486390e-05  1.68286435e-11  9.44336135e-13 
 1.21715027e-04  2.00724278e-01  2.01515271e-01  2.01505200e-01 -1.56973580e-05 -2.02845908e-11  1.21970576e-12 
 1.21815027e-04  2.00724207e-01  2.01515296e-01  2.01505216e-01 -1.57486356e-05  1.68251038e-11  9.44385195e-13 
 1.21915027e-04  2.00724311e-01  2.01515304e-01  2.01505233e-01 -1.56973613e-05 -2.02809208e-11  1.21965648e-12 
 1.22015027e-04  2.00724241e-01  2.01515329e-01  2.01505249e-01 -1.57486323e-05  1.68212976e-11  9.44434472e-13 
 1.22115027e-04  2.00724344e-01  2.01515337e-01  2.01505266e-01 -1.56973647e-05 -2.02771946e-11  1.21960742e-12 
 1.22215027e-04  2.00724274e-01  2.01515363e-01  2.01505282e-01 -1.57486289e-05  1.68175842e-11  9.44483641e-13 
 1.22315027e-04  2.00724378e-01  2.01515370e-01  2.01505299e-01 -1.56973680e-05 -2.02737681e-11  1.21955831e-12 
 1.22415027e-04  2.00724308e-01  2.01515396e-01  2.01505315e-01 -1.57486256e-05  1.68139812e-11  9.44533243e-13 
 1.22515027e-04  2.00724411e-01  2.01515403e-01  2.01505332e-01 -1.56973713e-05 -2.02699042e-11  1.21950892e-12 
 1.22615027e-04  2.00724341e-01  2.01515429e-01  2.01505349e-01 -1.57486222e-05  1.68102630e-11  9.44582140e-13 
 1.22715027e-04  2.00724444e-01  2.01515436e-01  2.01505365e-01 -1.56973747e-05 -2.02660549e-11  1.21945992e-12 
 1.22815027e-04  2.00724374e-01  2.01515462e-01  2.01505382e-01 -1.57486189e-05  1.68067634e-11  9.44631146e-13 
 1.22915027e-04  2.00724478e-01  2.01515469e-01  2.01505398e-01 -1.56973780e-05 -2.02626737e-11  1.21941059e-12 
 1.23015027e-04  2.00724408e-01  2.01515495e-01  2.01505415e-01 -1.57486156e-05  1.68030689e-11  9.44680857e-13 
 1.23115027e-04  2.00724511e-01  2.01515502e-01  2.01505431e-01 -1.56973814e-05 -2.02589378e-11  1.21936098e-12 
 1.23215027e-04  2.00724441e-01  2.01515528e-01  2.01505448e-01 -1.57486122e-05  1.67990858e-11  9.44729863e-13 
 1.23315027e-04  2.00724545e-01  2.01515535e-01  2.01505464e-01 -1.56973847e-05 -2.02554989e-11  1.21931214e-12 
 1.23415027e-04  2.00724474e-01  2.01515561e-01  2.01505481e-01 -1.57486089e-05  1.67954680e-11  9.44778815e-13 
 1.23515027e-04  2.00724578e-01  2.01515569e-01  2.01505498e-01 -1.56973880e-05 -2.02516524e-11  1.21926265e-12 
 1.23615027e-04  2.00724508e-01  2.01515594e-01  2.01505514e-01 -1.57486055e-05  1.67919656e-11  9.44828037e-13 
 1.23715027e-04  2.00724611e-01  2.01515602e-01  2.01505531e-01 -1.56973914e-05 -2.02479162e-11  1.21921326e-12 
 1.23815027e-04  2.00724541e-01  2.01515627e-01  2.01505547e-01 -1.57486022e-05  1.67880718e-11  9.44877260e-13 
 1.23915027e-04  2.00724645e-01  2.01515635e-01  2.01505564e-01 -1.56973947e-05 -2.02442418e-11  1.21916442e-12 
 1.24015027e-04  2.00724575e-01  2.01515661e-01  2.01505580e-01 -1.57485988e-05  1.67848270e-11  9.44927025e-13 
 1.24115027e-04  2.00724678e-01  2.01515668e-01  2.01505597e-01 -1.56973980e-05 -2.02405241e-11  1.21911476e-12 
 1.24215027e-04  2.00724608e-01  2.01515694e-01  2.01505613e-01 -1.57485955e-05  1.67809610e-11  9.44976139e-13 
 1.24315027e-04  2.00724711e-01  2.01515701e-01  2.01505630e-01 -1.56974014e-05 -2.02370184e-11  1.21906581e-12 
 1.24415027e-04  2.00724641e-01  2.01515727e-01  2.01505647e-01 -1.57485921e-05  1.67774577e-11  9.45025796e-13 
 1.24515027e-04  2.00724745e-01  2.01515734e-01  2.01505663e-01 -1.56974047e-05 -2.02330548e-11  1.21901637e-12 
 1.24615027e-04  2.00724675e-01  2.01515760e-01  2.01505680e-01 -1.57485888e-05  1.67735647e-11  9.45074639e-13 
 1.24715027e-04  2.00724778e-01  2.01515767e-01  2.01505696e-01 -1.56974081e-05 -2.02296849e-11  1.21896720e-12 
 1.24815027e-04  2.00724708e-01  2.01515793e-01  2.01505713e-01 -1.57485855e-05  1.67698889e-11  9.45123699e-13 
 1.24915027e-04  2.00724811e-01  2.01515800e-01  2.01505729e-01 -1.56974114e-05 -2.02260424e-11  1.21891776e-12 
 1.25015027e-04  2.00724741e-01  2.01515826e-01  2.01505746e-01 -1.57485821e-05  1.67663487e-11  9.45173302e-13 
 1.25115027e-04  2.00724845e-01  2.01515833e-01  2.01505762e-01 -1.56974147e-05 -2.02224056e-11  1.21886848e-12 
 1.25215027e-04  2.00724775e-01  2.01515859e-01  2.01505779e-01 -1.57485788e-05  1.67628084e-11  9.45222958e-13 
 1.25315027e-04  2.00724878e-01  2.01515867e-01  2.01505795e-01 -1.56974181e-05 -2.02185413e-11  1.21881856e-12 
 1.25415027e-04  2.00724808e-01  2.01515892e-01  2.01505812e-01 -1.57485754e-05  1.67589751e-11  9.45272235e-13 
 1.25515027e-04  2.00724911e-01  2.01515900e-01  2.01505829e-01 -1.56974214e-05 -2.02150625e-11  1.21876955e-12 
 1.25615027e-04  2.00724842e-01  2.01515925e-01  2.01505845e-01 -1.57485721e-05  1.67552784e-11  9.45321675e-13 
 1.25715027e-04  2.00724945e-01  2.01515933e-01  2.01505862e-01 -1.56974247e-05 -2.02114163e-11  1.21872006e-12 
 1.25815027e-04  2.00724875e-01  2.01515959e-01  2.01505878e-01 -1.57485687e-05  1.67516623e-11  9.45370952e-13 
 1.25915027e-04  2.00724978e-01  2.01515966e-01  2.01505895e-01 -1.56974281e-05 -2.02076949e-11  1.21867067e-12 
 1.26015027e-04  2.00724908e-01  2.01515992e-01  2.01505911e-01 -1.57485654e-05  1.67481278e-11  9.45420012e-13 
 1.26115027e-04  2.00725012e-01  2.01515999e-01  2.01505928e-01 -1.56974314e-05 -2.02038367e-11  1.21862161e-12 
 1.26215027e-04  2.00724942e-01  2.01516025e-01  2.01505944e-01 -1.57485621e-05  1.67444823e-11  9.45469126e-13 
 1.26315027e-04  2.00725045e-01  2.01516032e-01  2.01505961e-01 -1.56974347e-05 -2.02004670e-11  1.21857212e-12 
 1.26415027e-04  2.00724975e-01  2.01516058e-01  2.01505978e-01 -1.57485587e-05  1.67407687e-11  9.45518674e-13 
 1.26515027e-04  2.00725078e-01  2.01516065e-01  2.01505994e-01 -1.56974381e-05 -2.01968000e-11  1.21852246e-12 
 1.26615027e-04  2.00725008e-01  2.01516091e-01  2.01506011e-01 -1.57485554e-05  1.67370254e-11  9.45568602e-13 
 1.26715027e-04  2.00725112e-01  2.01516098e-01  2.01506027e-01 -1.56974414e-05 -2.01929894e-11  1.21847291e-12 
 1.26815027e-04  2.00725042e-01  2.01516124e-01  2.01506044e-01 -1.57485520e-05  1.67334529e-11  9.45617282e-13 
 1.26915027e-04  2.00725145e-01  2.01516131e-01  2.01506060e-01 -1.56974447e-05 -2.01893582e-11  1.21842385e-12 
 1.27015027e-04  2.00725075e-01  2.01516157e-01  2.01506077e-01 -1.57485487e-05  1.67300004e-11  9.45666885e-13 
 1.27115027e-04  2.00725178e-01  2.01516165e-01  2.01506093e-01 -1.56974480e-05 -2.01857071e-11  1.21837414e-12 
 1.27215027e-04  2.00725109e-01  2.01516190e-01  2.01506110e-01 -1.57485454e-05  1.67261788e-11  9.45716487e-13 
 1.27315027e-04  2.00725212e-01  2.01516198e-01  2.01506127e-01 -1.56974514e-05 -2.01821290e-11  1.21832487e-12 
 1.27415027e-04  2.00725142e-01  2.01516223e-01  2.01506143e-01 -1.57485420e-05  1.67225571e-11  9.45766198e-13 
 1.27515027e-04  2.00725245e-01  2.01516231e-01  2.01506160e-01 -1.56974547e-05 -2.01784015e-11  1.21827521e-12 
 1.27615027e-04  2.00725175e-01  2.01516257e-01  2.01506176e-01 -1.57485387e-05  1.67189140e-11  9.45815366e-13 
 1.27715027e-04  2.00725278e-01  2.01516264e-01  2.01506193e-01 -1.56974580e-05 -2.01749240e-11  1.21822555e-12 
 1.27815027e-04  2.00725209e-01  2.01516290e-01  2.01506209e-01 -1.57485353e-05  1.67155157e-11  9.45865185e-13 
 1.27915027e-04  2.00725312e-01  2.01516297e-01  2.01506226e-01 -1.56974614e-05 -2.01711558e-11  1.21817557e-12 
 1.28015027e-04  2.00725242e-01  2.01516323e-01  2.01506242e-01 -1.57485320e-05  1.67114515e-11  9.45915167e-13 
 1.28115027e-04  2.00725345e-01  2.01516330e-01  2.01506259e-01 -1.56974647e-05 -2.01675360e-11  1.21812657e-12 
 1.28215027e-04  2.00725275e-01  2.01516356e-01  2.01506276e-01 -1.57485287e-05  1.67078434e-11  9.45964336e-13 
 1.28315027e-04  2.00725379e-01  2.01516363e-01  2.01506292e-01 -1.56974680e-05 -2.01639731e-11  1.21807783e-12 
 1.28415027e-04  2.00725309e-01  2.01516389e-01  2.01506309e-01 -1.57485253e-05  1.67044174e-11  9.46013829e-13 
 1.28515027e-04  2.00725412e-01  2.01516396e-01  2.01506325e-01 -1.56974713e-05 -2.01602797e-11  1.21802790e-12 
 1.28615027e-04  2.00725342e-01  2.01516422e-01  2.01506342e-01 -1.57485220e-05  1.67006925e-11  9.46063106e-13 
 1.28715027e-04  2.00725445e-01  2.01516429e-01  2.01506358e-01 -1.56974747e-05 -2.01566218e-11  1.21797835e-12 
 1.28815027e-04  2.00725375e-01  2.01516455e-01  2.01506375e-01 -1.57485187e-05  1.66970736e-11  9.46112600e-13 
 1.28915027e-04  2.00725479e-01  2.01516462e-01  2.01506391e-01 -1.56974780e-05 -2.01529995e-11  1.21792886e-12 
 1.29015027e-04  2.00725409e-01  2.01516488e-01  2.01506408e-01 -1.57485153e-05  1.66933858e-11  9.46162473e-13 
 1.29115027e-04  2.00725512e-01  2.01516496e-01  2.01506425e-01 -1.56974813e-05 -2.01494823e-11  1.21787904e-12 
 1.29215027e-04  2.00725442e-01  2.01516521e-01  2.01506441e-01 -1.57485120e-05  1.66897828e-11  9.46212509e-13 
 1.29315027e-04  2.00725545e-01  2.01516529e-01  2.01506458e-01 -1.56974847e-05 -2.01456128e-11  1.21782933e-12 
 1.29415027e-04  2.00725476e-01  2.01516555e-01  2.01506474e-01 -1.57485087e-05  1.66863331e-11  9.46262003e-13 
 1.29515027e-04  2.00725579e-01  2.01516562e-01  2.01506491e-01 -1.56974880e-05 -2.01419814e-11  1.21777951e-12 
 1.29615027e-04  2.00725509e-01  2.01516588e-01  2.01506507e-01 -1.57485053e-05  1.66824475e-11  9.46311551e-13 
 1.29715027e-04  2.00725612e-01  2.01516595e-01  2.01506524e-01 -1.56974913e-05 -2.01385237e-11  1.21773002e-12 
 1.29815027e-04  2.00725542e-01  2.01516621e-01  2.01506540e-01 -1.57485020e-05  1.66789714e-11  9.46361208e-13 
 1.29915027e-04  2.00725645e-01  2.01516628e-01  2.01506557e-01 -1.56974946e-05 -2.01345962e-11  1.21768052e-12 
 1.30015027e-04  2.00725576e-01  2.01516654e-01  2.01506574e-01 -1.57484987e-05  1.66753326e-11  9.46410593e-13 
 1.30115027e-04  2.00725679e-01  2.01516661e-01  2.01506590e-01 -1.56974980e-05 -2.01311708e-11  1.21763103e-12 
 1.30215027e-04  2.00725609e-01  2.01516687e-01  2.01506607e-01 -1.57484953e-05  1.66717618e-11  9.46460521e-13 
 1.30315027e-04  2.00725712e-01  2.01516694e-01  2.01506623e-01 -1.56975013e-05 -2.01275166e-11  1.21758078e-12 
 1.30415027e-04  2.00725642e-01  2.01516720e-01  2.01506640e-01 -1.57484920e-05  1.66680211e-11  9.46509906e-13 
 1.30515027e-04  2.00725745e-01  2.01516727e-01  2.01506656e-01 -1.56975046e-05 -2.01239546e-11  1.21753128e-12 
 1.30615027e-04  2.00725676e-01  2.01516753e-01  2.01506673e-01 -1.57484887e-05  1.66643698e-11  9.46559508e-13 
 1.30715027e-04  2.00725779e-01  2.01516760e-01  2.01506689e-01 -1.56975079e-05 -2.01202052e-11  1.21748163e-12 
 1.30815027e-04  2.00725709e-01  2.01516786e-01  2.01506706e-01 -1.57484853e-05  1.66606336e-11  9.46609273e-13 
 1.30915027e-04  2.00725812e-01  2.01516794e-01  2.01506722e-01 -1.56975113e-05 -2.01168212e-11  1.21743235e-12 
 1.31015027e-04  2.00725743e-01  2.01516819e-01  2.01506739e-01 -1.57484820e-05  1.66570004e-11  9.46659146e-13 
 1.31115027e-04  2.00725846e-01  2.01516827e-01  2.01506756e-01 -1.56975146e-05 -2.01131089e-11  1.21738269e-12 
 1.31215027e-04  2.00725776e-01  2.01516853e-01  2.01506772e-01 -1.57484787e-05  1.66534215e-11  9.46708640e-13 
 1.31315027e-04  2.00725879e-01  2.01516860e-01  2.01506789e-01 -1.56975179e-05 -2.01093723e-11  1.21733315e-12 
 1.31415027e-04  2.00725809e-01  2.01516886e-01  2.01506805e-01 -1.57484753e-05  1.66498735e-11  9.46757809e-13 
 1.31515027e-04  2.00725912e-01  2.01516893e-01  2.01506822e-01 -1.56975212e-05 -2.01058686e-11  1.21728338e-12 
 1.31615027e-04  2.00725843e-01  2.01516919e-01  2.01506838e-01 -1.57484720e-05  1.66463054e-11  9.46807682e-13 
 1.31715027e-04  2.00725946e-01  2.01516926e-01  2.01506855e-01 -1.56975245e-05 -2.01019993e-11  1.21723362e-12 
 1.31815027e-04  2.00725876e-01  2.01516952e-01  2.01506871e-01 -1.57484687e-05  1.66426287e-11  9.46857447e-13 
 1.31915027e-04  2.00725979e-01  2.01516959e-01  2.01506888e-01 -1.56975279e-05 -2.00985678e-11  1.21718429e-12 
 1.32015027e-04  2.00725909e-01  2.01516985e-01  2.01506905e-01 -1.57484653e-05  1.66390528e-11  9.46907266e-13 
 1.32115027e-04  2.00726012e-01  2.01516992e-01  2.01506921e-01 -1.56975312e-05 -2.00947559e-11  1.21713430e-12 
 1.32215027e-04  2.00725943e-01  2.01517018e-01  2.01506938e-01 -1.57484620e-05  1.66353272e-11  9.46956489e-13 
 1.32315027e-04  2.00726046e-01  2.01517025e-01  2.01506954e-01 -1.56975345e-05 -2.00914734e-11  1.21708454e-12 
 1.32415027e-04  2.00725976e-01  2.01517051e-01  2.01506971e-01 -1.57484587e-05  1.66318105e-11  9.47006633e-13 
 1.32515027e-04  2.00726079e-01  2.01517058e-01  2.01506987e-01 -1.56975378e-05 -2.00874580e-11  1.21703483e-12 
 1.32615027e-04  2.00726010e-01  2.01517084e-01  2.01507004e-01 -1.57484554e-05  1.66282879e-11  9.47056181e-13 
 1.32715027e-04  2.00726112e-01  2.01517092e-01  2.01507020e-01 -1.56975412e-05 -2.00841167e-11  1.21698490e-12 
 1.32815027e-04  2.00726043e-01  2.01517117e-01  2.01507037e-01 -1.57484520e-05  1.66245635e-11  9.47106434e-13 
 1.32915027e-04  2.00726146e-01  2.01517125e-01  2.01507054e-01 -1.56975445e-05 -2.00803122e-11  1.21693535e-12 
 1.33015027e-04  2.00726076e-01  2.01517151e-01  2.01507070e-01 -1.57484487e-05  1.66208841e-11  9.47155982e-13 
 1.33115027e-04  2.00726179e-01  2.01517158e-01  2.01507087e-01 -1.56975478e-05 -2.00768015e-11  1.21688575e-12 
 1.33215027e-04  2.00726110e-01  2.01517184e-01  2.01507103e-01 -1.57484454e-05  1.66173913e-11  9.47205422e-13 
 1.33315027e-04  2.00726212e-01  2.01517191e-01  2.01507120e-01 -1.56975511e-05 -2.00730374e-11  1.21683561e-12 
 1.33415027e-04  2.00726143e-01  2.01517217e-01  2.01507136e-01 -1.57484420e-05  1.66138529e-11  9.47255295e-13 
 1.33515027e-04  2.00726246e-01  2.01517224e-01  2.01507153e-01 -1.56975544e-05 -2.00694541e-11  1.21678590e-12 
 1.33615027e-04  2.00726176e-01  2.01517250e-01  2.01507169e-01 -1.57484387e-05  1.66101746e-11  9.47305006e-13 
 1.33715027e-04  2.00726279e-01  2.01517257e-01  2.01507186e-01 -1.56975577e-05 -2.00658637e-11  1.21673624e-12 
 1.33815027e-04  2.00726210e-01  2.01517283e-01  2.01507203e-01 -1.57484354e-05  1.66065306e-11  9.47355042e-13 
 1.33915027e-04  2.00726313e-01  2.01517290e-01  2.01507219e-01 -1.56975611e-05 -2.00622021e-11  1.21668642e-12 
 1.34015027e-04  2.00726243e-01  2.01517316e-01  2.01507236e-01 -1.57484321e-05  1.66027522e-11  9.47404590e-13 
 1.34115027e-04  2.00726346e-01  2.01517323e-01  2.01507252e-01 -1.56975644e-05 -2.00588558e-11  1.21663687e-12 
 1.34215027e-04  2.00726277e-01  2.01517349e-01  2.01507269e-01 -1.57484287e-05  1.65991762e-11  9.47454029e-13 
 1.34315027e-04  2.00726379e-01  2.01517356e-01  2.01507285e-01 -1.56975677e-05 -2.00549679e-11  1.21658711e-12 
 1.34415027e-04  2.00726310e-01  2.01517382e-01  2.01507302e-01 -1.57484254e-05  1.65957558e-11  9.47503740e-13 
 1.34515027e-04  2.00726413e-01  2.01517389e-01  2.01507318e-01 -1.56975710e-05 -2.00514939e-11  1.21653740e-12 
 1.34615027e-04  2.00726343e-01  2.01517415e-01  2.01507335e-01 -1.57484221e-05  1.65921213e-11  9.47553722e-13 
 1.34715027e-04  2.00726446e-01  2.01517423e-01  2.01507351e-01 -1.56975743e-05 -2.00478425e-11  1.21648703e-12 
 1.34815027e-04  2.00726377e-01  2.01517449e-01  2.01507368e-01 -1.57484188e-05  1.65883108e-11  9.47603866e-13 
 1.34915027e-04  2.00726479e-01  2.01517456e-01  2.01507385e-01 -1.56975777e-05 -2.00443327e-11  1.21643749e-12 
 1.35015027e-04  2.00726410e-01  2.01517482e-01  2.01507401e-01 -1.57484154e-05  1.65847579e-11  9.47653577e-13 
 1.35115027e-04  2.00726513e-01  2.01517489e-01  2.01507418e-01 -1.56975810e-05 -2.00407692e-11  1.21638756e-12 
 1.35215027e-04  2.00726443e-01  2.01517515e-01  2.01507434e-01 -1.57484121e-05  1.65810959e-11  9.47703396e-13 
 1.35315027e-04  2.00726546e-01  2.01517522e-01  2.01507451e-01 -1.56975843e-05 -2.00372509e-11  1.21633741e-12 
 1.35415027e-04  2.00726477e-01  2.01517548e-01  2.01507467e-01 -1.57484088e-05  1.65774898e-11  9.47753594e-13 
 1.35515027e-04  2.00726579e-01  2.01517555e-01  2.01507484e-01 -1.56975876e-05 -2.00333324e-11  1.21628770e-12 
 1.35615027e-04  2.00726510e-01  2.01517581e-01  2.01507500e-01 -1.57484055e-05  1.65740169e-11  9.47803359e-13 
 1.35715027e-04  2.00726613e-01  2.01517588e-01  2.01507517e-01 -1.56975909e-05 -2.00300449e-11  1.21623761e-12 
 1.35815027e-04  2.00726543e-01  2.01517614e-01  2.01507534e-01 -1.57484021e-05  1.65701951e-11  9.47853666e-13 
 1.35915027e-04  2.00726646e-01  2.01517621e-01  2.01507550e-01 -1.56975942e-05 -2.00263738e-11  1.21618817e-12 
 1.36015027e-04  2.00726577e-01  2.01517647e-01  2.01507567e-01 -1.57483988e-05  1.65667022e-11  9.47903268e-13 
 1.36115027e-04  2.00726679e-01  2.01517654e-01  2.01507583e-01 -1.56975975e-05 -2.00227690e-11  1.21613819e-12 
 1.36215027e-04  2.00726610e-01  2.01517680e-01  2.01507600e-01 -1.57483955e-05  1.65630211e-11  9.47953196e-13 
 1.36315027e-04  2.00726713e-01  2.01517687e-01  2.01507616e-01 -1.56976009e-05 -2.00190906e-11  1.21608908e-12 
 1.36415027e-04  2.00726644e-01  2.01517713e-01  2.01507633e-01 -1.57483922e-05  1.65595417e-11  9.48002581e-13 
 1.36515027e-04  2.00726746e-01  2.01517721e-01  2.01507649e-01 -1.56976042e-05 -2.00153637e-11  1.21603904e-12 
 1.36615027e-04  2.00726677e-01  2.01517747e-01  2.01507666e-01 -1.57483889e-05  1.65559235e-11  9.48052672e-13 
 1.36715027e-04  2.00726780e-01  2.01517754e-01  2.01507683e-01 -1.56976075e-05 -2.00118145e-11  1.21598955e-12 
 1.36815027e-04  2.00726710e-01  2.01517780e-01  2.01507699e-01 -1.57483855e-05  1.65522413e-11  9.48101732e-13 
 1.36915027e-04  2.00726813e-01  2.01517787e-01  2.01507716e-01 -1.56976108e-05 -2.00083749e-11  1.21593978e-12 
 1.37015027e-04  2.00726744e-01  2.01517813e-01  2.01507732e-01 -1.57483822e-05  1.65486305e-11  9.48151659e-13 
 1.37115027e-04  2.00726846e-01  2.01517820e-01  2.01507749e-01 -1.56976141e-05 -2.00045796e-11  1.21588975e-12 
 1.37215027e-04  2.00726777e-01  2.01517846e-01  2.01507765e-01 -1.57483789e-05  1.65454365e-11  9.48201695e-13 
 1.37315027e-04  2.00726880e-01  2.01517853e-01  2.01507782e-01 -1.56976174e-05 -2.00010002e-11  1.21583939e-12 
 1.37415027e-04  2.00726810e-01  2.01517879e-01  2.01507798e-01 -1.57483756e-05  1.65414652e-11  9.48251731e-13 
 1.37515027e-04  2.00726913e-01  2.01517886e-01  2.01507815e-01 -1.56976207e-05 -1.99975249e-11  1.21578908e-12 
 1.37615027e-04  2.00726844e-01  2.01517912e-01  2.01507832e-01 -1.57483723e-05  1.65378327e-11  9.48301767e-13 
 1.37715027e-04  2.00726946e-01  2.01517919e-01  2.01507848e-01 -1.56976240e-05 -1.99938542e-11  1.21573991e-12 
 1.37815027e-04  2.00726877e-01  2.01517945e-01  2.01507865e-01 -1.57483689e-05  1.65346035e-11  9.48351966e-13 
 1.37915027e-04  2.00726980e-01  2.01517952e-01  2.01507881e-01 -1.56976273e-05 -1.99901862e-11  1.21568950e-12 
 1.38015027e-04  2.00726911e-01  2.01517978e-01  2.01507898e-01 -1.57483656e-05  1.65308264e-11  9.48402164e-13 
 1.38115027e-04  2.00727013e-01  2.01517985e-01  2.01507914e-01 -1.56976307e-05 -1.99865651e-11  1.21563930e-12 
 1.38215027e-04  2.00726944e-01  2.01518011e-01  2.01507931e-01 -1.57483623e-05  1.65270766e-11  9.48451604e-13 
 1.38315027e-04  2.00727046e-01  2.01518018e-01  2.01507947e-01 -1.56976340e-05 -1.99831000e-11  1.21558948e-12 
 1.38415027e-04  2.00726977e-01  2.01518045e-01  2.01507964e-01 -1.57483590e-05  1.65235258e-11  9.48501369e-13 
 1.38515027e-04  2.00727080e-01  2.01518052e-01  2.01507981e-01 -1.56976373e-05 -1.99796132e-11  1.21553933e-12 
 1.38615027e-04  2.00727011e-01  2.01518078e-01  2.01507997e-01 -1.57483557e-05  1.65199278e-11  9.48551567e-13 
 1.38715027e-04  2.00727113e-01  2.01518085e-01  2.01508014e-01 -1.56976406e-05 -1.99758658e-11  1.21548995e-12 
 1.38815027e-04  2.00727044e-01  2.01518111e-01  2.01508030e-01 -1.57483524e-05  1.65163814e-11  9.48601224e-13 
 1.38915027e-04  2.00727146e-01  2.01518118e-01  2.01508047e-01 -1.56976439e-05 -1.99724000e-11  1.21543980e-12 
 1.39015027e-04  2.00727077e-01  2.01518144e-01  2.01508063e-01 -1.57483490e-05  1.65128321e-11  9.48651639e-13 
 1.39115027e-04  2.00727180e-01  2.01518151e-01  2.01508080e-01 -1.56976472e-05 -1.99684737e-11  1.21539026e-12 
 1.39215027e-04  2.00727111e-01  2.01518177e-01  2.01508096e-01 -1.57483457e-05  1.65093442e-11  9.48701295e-13 
 1.39315027e-04  2.00727213e-01  2.01518184e-01  2.01508113e-01 -1.56976505e-05 -1.99651951e-11  1.21534000e-12 
 1.39415027e-04  2.00727144e-01  2.01518210e-01  2.01508130e-01 -1.57483424e-05  1.65056135e-11  9.48751169e-13 
 1.39515027e-04  2.00727247e-01  2.01518217e-01  2.01508146e-01 -1.56976538e-05 -1.99615389e-11  1.21528997e-12 
 1.39615027e-04  2.00727178e-01  2.01518243e-01  2.01508163e-01 -1.57483391e-05  1.65020092e-11  9.48801150e-13 
 1.39715027e-04  2.00727280e-01  2.01518250e-01  2.01508179e-01 -1.56976571e-05 -1.99578431e-11  1.21524053e-12 
 1.39815027e-04  2.00727211e-01  2.01518276e-01  2.01508196e-01 -1.57483358e-05  1.64986438e-11  9.48850970e-13 
 1.39915027e-04  2.00727313e-01  2.01518283e-01  2.01508212e-01 -1.56976604e-05 -1.99542824e-11  1.21519011e-12 
 1.40015027e-04  2.00727244e-01  2.01518309e-01  2.01508229e-01 -1.57483325e-05  1.64949326e-11  9.48901060e-13 
 1.40115027e-04  2.00727347e-01  2.01518316e-01  2.01508245e-01 -1.56976637e-05 -1.99508602e-11  1.21513964e-12 
 1.40215027e-04  2.00727278e-01  2.01518343e-01  2.01508262e-01 -1.57483291e-05  1.64912012e-11  9.48951529e-13 
 1.40315027e-04  2.00727380e-01  2.01518350e-01  2.01508278e-01 -1.56976670e-05 -1.99471390e-11  1.21508972e-12 
 1.40415027e-04  2.00727311e-01  2.01518376e-01  2.01508295e-01 -1.57483258e-05  1.64878645e-11  9.49001186e-13 
 1.40515027e-04  2.00727413e-01  2.01518383e-01  2.01508312e-01 -1.56976704e-05 -1.99434887e-11  1.21503979e-12 
 1.40615027e-04  2.00727344e-01  2.01518409e-01  2.01508328e-01 -1.57483225e-05  1.64841853e-11  9.49051113e-13 
 1.40715027e-04  2.00727447e-01  2.01518416e-01  2.01508345e-01 -1.56976737e-05 -1.99401142e-11  1.21499013e-12 
 1.40815027e-04  2.00727378e-01  2.01518442e-01  2.01508361e-01 -1.57483192e-05  1.64805214e-11  9.49101258e-13 
 1.40915027e-04  2.00727480e-01  2.01518449e-01  2.01508378e-01 -1.56976770e-05 -1.99364683e-11  1.21493955e-12 
 1.41015027e-04  2.00727411e-01  2.01518475e-01  2.01508394e-01 -1.57483159e-05  1.64768212e-11  9.49151619e-13 
 1.41115027e-04  2.00727513e-01  2.01518482e-01  2.01508411e-01 -1.56976803e-05 -1.99327018e-11  1.21489017e-12 
 1.41215027e-04  2.00727444e-01  2.01518508e-01  2.01508427e-01 -1.57483126e-05  1.64733719e-11  9.49200733e-13 
 1.41315027e-04  2.00727547e-01  2.01518515e-01  2.01508444e-01 -1.56976836e-05 -1.99292913e-11  1.21484002e-12 
 1.41415027e-04  2.00727478e-01  2.01518541e-01  2.01508461e-01 -1.57483093e-05  1.64698062e-11  9.49251040e-13 
 1.41515027e-04  2.00727580e-01  2.01518548e-01  2.01508477e-01 -1.56976869e-05 -1.99258758e-11  1.21478999e-12 
 1.41615027e-04  2.00727511e-01  2.01518574e-01  2.01508494e-01 -1.57483060e-05  1.64660013e-11  9.49301239e-13 
 1.41715027e-04  2.00727613e-01  2.01518581e-01  2.01508510e-01 -1.56976902e-05 -1.99222884e-11  1.21474076e-12 
 1.41815027e-04  2.00727545e-01  2.01518607e-01  2.01508527e-01 -1.57483026e-05  1.64625843e-11  9.49351275e-13 
 1.41915027e-04  2.00727647e-01  2.01518614e-01  2.01508543e-01 -1.56976935e-05 -1.99183268e-11  1.21469062e-12 
 1.42015027e-04  2.00727578e-01  2.01518641e-01  2.01508560e-01 -1.57482993e-05  1.64591446e-11  9.49400714e-13 
 1.42115027e-04  2.00727680e-01  2.01518648e-01  2.01508576e-01 -1.56976968e-05 -1.99148185e-11  1.21464086e-12 
 1.42215027e-04  2.00727611e-01  2.01518674e-01  2.01508593e-01 -1.57482960e-05  1.64557242e-11  9.49450696e-13 
 1.42315027e-04  2.00727714e-01  2.01518681e-01  2.01508610e-01 -1.56977001e-05 -1.99113243e-11  1.21459039e-12 
 1.42415027e-04  2.00727645e-01  2.01518707e-01  2.01508626e-01 -1.57482927e-05  1.64520407e-11  9.49500678e-13 
 1.42515027e-04  2.00727747e-01  2.01518714e-01  2.01508643e-01 -1.56977034e-05 -1.99078031e-11  1.21454002e-12 
 1.42615027e-04  2.00727678e-01  2.01518740e-01  2.01508659e-01 -1.57482894e-05  1.64484550e-11  9.49551473e-13 
 1.42715027e-04  2.00727780e-01  2.01518747e-01  2.01508676e-01 -1.56977067e-05 -1.99041007e-11  1.21449010e-12 
 1.42815027e-04  2.00727711e-01  2.01518773e-01  2.01508692e-01 -1.57482861e-05  1.64447815e-11  9.49601021e-13 
 1.42915027e-04  2.00727814e-01  2.01518780e-01  2.01508709e-01 -1.56977100e-05 -1.99005688e-11  1.21444012e-12 
 1.43015027e-04  2.00727745e-01  2.01518806e-01  2.01508725e-01 -1.57482828e-05  1.64413544e-11  9.49651002e-13 
 1.43115027e-04  2.00727847e-01  2.01518813e-01  2.01508742e-01 -1.56977133e-05 -1.98970031e-11  1.21438970e-12 
 1.43215027e-04  2.00727778e-01  2.01518839e-01  2.01508759e-01 -1.57482795e-05  1.64375521e-11  9.49700767e-13 
 1.43315027e-04  2.00727880e-01  2.01518846e-01  2.01508775e-01 -1.56977166e-05 -1.98936035e-11  1.21434010e-12 
 1.43415027e-04  2.00727812e-01  2.01518872e-01  2.01508792e-01 -1.57482762e-05  1.64340497e-11  9.49751454e-13 
 1.43515027e-04  2.00727914e-01  2.01518879e-01  2.01508808e-01 -1.56977199e-05 -1.98899786e-11  1.21428979e-12 
 1.43615027e-04  2.00727845e-01  2.01518905e-01  2.01508825e-01 -1.57482729e-05  1.64305026e-11  9.49801490e-13 
 1.43715027e-04  2.00727947e-01  2.01518912e-01  2.01508841e-01 -1.56977232e-05 -1.98864096e-11  1.21423975e-12 
 1.43815027e-04  2.00727878e-01  2.01518939e-01  2.01508858e-01 -1.57482696e-05  1.64268733e-11  9.49851417e-13 
 1.43915027e-04  2.00727980e-01  2.01518945e-01  2.01508874e-01 -1.56977265e-05 -1.98826368e-11  1.21418977e-12 
 1.44015027e-04  2.00727912e-01  2.01518972e-01  2.01508891e-01 -1.57482662e-05  1.64232976e-11  9.49901074e-13 
 1.44115027e-04  2.00728014e-01  2.01518979e-01  2.01508908e-01 -1.56977298e-05 -1.98792699e-11  1.21414012e-12 
 1.44215027e-04  2.00727945e-01  2.01519005e-01  2.01508924e-01 -1.57482629e-05  1.64199494e-11  9.49951164e-13 
 1.44315027e-04  2.00728047e-01  2.01519012e-01  2.01508941e-01 -1.56977331e-05 -1.98756684e-11  1.21408976e-12 
 1.44415027e-04  2.00727978e-01  2.01519038e-01  2.01508957e-01 -1.57482596e-05  1.64160823e-11  9.50001579e-13 
 1.44515027e-04  2.00728080e-01  2.01519045e-01  2.01508974e-01 -1.56977364e-05 -1.98722503e-11  1.21404015e-12 
 1.44615027e-04  2.00728012e-01  2.01519071e-01  2.01508990e-01 -1.57482563e-05  1.64125579e-11  9.50051669e-13 
 1.44715027e-04  2.00728114e-01  2.01519078e-01  2.01509007e-01 -1.56977397e-05 -1.98686490e-11  1.21398958e-12 
 1.44815027e-04  2.00728045e-01  2.01519104e-01  2.01509023e-01 -1.57482530e-05  1.64089003e-11  9.50101705e-13 
 1.44915027e-04  2.00728147e-01  2.01519111e-01  2.01509040e-01 -1.56977430e-05 -1.98651802e-11  1.21393976e-12 
 1.45015027e-04  2.00728079e-01  2.01519137e-01  2.01509057e-01 -1.57482497e-05  1.64054952e-11  9.50151795e-13 
 1.45115027e-04  2.00728181e-01  2.01519144e-01  2.01509073e-01 -1.56977463e-05 -1.98615746e-11  1.21388929e-12 
 1.45215027e-04  2.00728112e-01  2.01519170e-01  2.01509090e-01 -1.57482464e-05  1.64018302e-11  9.50201885e-13 
 1.45315027e-04  2.00728214e-01  2.01519177e-01  2.01509106e-01 -1.56977496e-05 -1.98578385e-11  1.21383952e-12 
 1.45415027e-04  2.00728145e-01  2.01519203e-01  2.01509123e-01 -1.57482431e-05  1.63984375e-11  9.50251921e-13 
 1.45515027e-04  2.00728247e-01  2.01519210e-01  2.01509139e-01 -1.56977529e-05 -1.98542237e-11  1.21378927e-12 
 1.45615027e-04  2.00728179e-01  2.01519237e-01  2.01509156e-01 -1.57482398e-05  1.63947165e-11  9.50301686e-13 
 1.45715027e-04  2.00728281e-01  2.01519243e-01  2.01509172e-01 -1.56977562e-05 -1.98507350e-11  1.21373945e-12 
 1.45815027e-04  2.00728212e-01  2.01519270e-01  2.01509189e-01 -1.57482365e-05  1.63914214e-11  9.50351939e-13 
 1.45915027e-04  2.00728314e-01  2.01519277e-01  2.01509205e-01 -1.56977595e-05 -1.98469264e-11  1.21368941e-12 
 1.46015027e-04  2.00728245e-01  2.01519303e-01  2.01509222e-01 -1.57482332e-05  1.63880185e-11  9.50401867e-13 
 1.46115027e-04  2.00728347e-01  2.01519310e-01  2.01509239e-01 -1.56977628e-05 -1.98434374e-11  1.21363911e-12 
 1.46215027e-04  2.00728279e-01  2.01519336e-01  2.01509255e-01 -1.57482299e-05  1.63840397e-11  9.50451957e-13 
 1.46315027e-04  2.00728381e-01  2.01519343e-01  2.01509272e-01 -1.56977660e-05 -1.98402178e-11  1.21358940e-12 
 1.46415027e-04  2.00728312e-01  2.01519369e-01  2.01509288e-01 -1.57482266e-05  1.63806121e-11  9.50502426e-13 
 1.46515027e-04  2.00728414e-01  2.01519376e-01  2.01509305e-01 -1.56977693e-05 -1.98364502e-11  1.21353914e-12 
 1.46615027e-04  2.00728346e-01  2.01519402e-01  2.01509321e-01 -1.57482233e-05  1.63769031e-11  9.50551920e-13 
 1.46715027e-04  2.00728447e-01  2.01519409e-01  2.01509338e-01 -1.56977726e-05 -1.98330300e-11  1.21348943e-12 
 1.46807514e-04  2.00728378e-01  2.01519434e-01  2.01509353e-01 -1.57482199e-05  1.63733751e-11  9.50603799e-13 
 1.46900000e-04  2.00728478e-01  2.01519440e-01  2.01509369e-01 -1.56977762e-05 -1.98292630e-11  1.21343408e-12 
