 time            v(XDUT.HOLD)    v(out)          v(pad)          i(VDD)          i(VHI)          i(VLO)         
 0.00000000e+00  6.98843515e-01  6.98987028e-01  6.98952080e-01 -1.51909587e-05 -4.01995494e-13  1.00730519e-12 
 1.00000000e-09  6.98843515e-01  6.98987028e-01  6.98952080e-01 -1.51909587e-05 -4.02009155e-13  1.00729077e-12 
 2.00000000e-09  6.98843515e-01  6.98987028e-01  6.98952080e-01 -1.51909587e-05 -4.02012191e-13  1.00728871e-12 
 4.00000000e-09  6.98843515e-01  6.98987028e-01  6.98952080e-01 -1.51909587e-05 -4.02014142e-13  1.00728838e-12 
 8.00000000e-09  6.98843515e-01  6.98987028e-01  6.98952080e-01 -1.51909587e-05 -4.01995494e-13  1.00731316e-12 
 1.60000000e-08  6.98843515e-01  6.98987028e-01  6.98952080e-01 -1.51909587e-05 -4.02009589e-13  1.00729657e-12 
 3.20000000e-08  6.98843515e-01  6.98987028e-01  6.98952080e-01 -1.51909587e-05 -4.01995711e-13  1.00731435e-12 
 6.40000000e-08  6.98843515e-01  6.98987028e-01  6.98952080e-01 -1.51909587e-05 -4.01992242e-13  1.00731581e-12 
 1.00000000e-07  6.98843515e-01  6.98987028e-01  6.98952080e-01 -1.51909587e-05 -4.02009589e-13  1.00728611e-12 
 1.00024686e-07  6.98848602e-01  6.99032648e-01  6.98952526e-01 -1.19440587e-05  4.65867417e-09  4.88337556e-09 
 1.00074057e-07  6.98853727e-01  6.99101652e-01  6.98954084e-01 -1.05625641e-05  1.31646607e-08  1.45609980e-08 
 1.00172801e-07  6.98862691e-01  6.99182007e-01  6.98960002e-01 -9.50583509e-06  2.61819870e-08  3.30149762e-08 
 1.00303641e-07  6.98875100e-01  6.99240233e-01  6.98971027e-01 -8.77729936e-06  3.90154485e-08  5.60332870e-08 
 1.00565323e-07  6.98898867e-01  6.99283700e-01  6.98996490e-01 -8.71366192e-06  5.94225780e-08  9.84597941e-08 
 1.00873815e-07  6.98927433e-01  6.99301672e-01  6.99026853e-01 -8.59314851e-06  7.98141912e-08  1.43265021e-07 
 1.01487246e-07  6.98983906e-01  6.99320579e-01  6.99081344e-01 -9.38087964e-06  1.10780046e-07  2.19268933e-07 
 1.01625119e-07  6.98997676e-01  6.99322789e-01  6.99092367e-01 -9.84311479e-06  1.13410743e-07  2.34324828e-07 
 1.01846823e-07  6.99021353e-01  6.99314032e-01  6.99108594e-01 -1.30752817e-05  9.70109337e-08  2.57138843e-07 
 1.01988703e-07  6.99039490e-01  6.99297529e-01  6.99117547e-01 -1.71275635e-05  6.10785214e-08  2.71129510e-07 
 1.02106704e-07  6.99056045e-01  6.99270846e-01  6.99123619e-01 -2.25943695e-05  2.66572581e-09  2.83395457e-07 
 1.02225918e-07  6.99074716e-01  6.99229982e-01  6.99127896e-01 -2.97412933e-05 -9.49283956e-08  2.99011107e-07 
 1.02347199e-07  6.99094017e-01  6.99170060e-01  6.99129657e-01 -3.84912584e-05 -2.47299410e-07  3.24545996e-07 
 1.02463399e-07  6.99112227e-01  6.99092447e-01  6.99128141e-01 -4.67493038e-05 -4.58094743e-07  3.69834859e-07 
 1.02568504e-07  6.99126279e-01  6.98999984e-01  6.99123329e-01 -5.27879864e-05 -7.18614583e-07  4.45026376e-07 
 1.02664702e-07  6.99136291e-01  6.98891850e-01  6.99115311e-01 -5.53779792e-05 -1.03071752e-06  5.62615470e-07 
 1.02774289e-07  6.99142126e-01  6.98739214e-01  6.99100953e-01 -5.56178090e-05 -1.48761723e-06  7.87859425e-07 
 1.02878805e-07  6.99141916e-01  6.98573151e-01  6.99081308e-01 -5.55451209e-05 -2.02625453e-06  1.13397507e-06 
 1.03048210e-07  6.99128032e-01  6.98295143e-01  6.99036601e-01 -5.65451526e-05 -3.08834414e-06  2.09884103e-06 
 1.03182529e-07  6.99105710e-01  6.98084493e-01  6.98990467e-01 -5.76785249e-05 -4.07186262e-06  3.31260375e-06 
 1.03294331e-07  6.99079098e-01  6.97925612e-01  6.98945833e-01 -5.88234166e-05 -4.96308309e-06  4.68831613e-06 
 1.03381877e-07  6.99052318e-01  6.97817599e-01  6.98907661e-01 -5.93129311e-05 -5.69138486e-06  6.01958537e-06 
 1.03428470e-07  6.99033902e-01  6.97769405e-01  6.98886442e-01 -5.93528877e-05 -6.08310076e-06  6.82306217e-06 
 1.03461472e-07  6.99017724e-01  6.97742218e-01  6.98871156e-01 -5.89759822e-05 -6.35771052e-06  7.43343988e-06 
 1.03488393e-07  6.99000623e-01  6.97727218e-01  6.98858610e-01 -5.83679942e-05 -6.57604240e-06  7.95790756e-06 
 1.03512248e-07  6.98981314e-01  6.97722653e-01  6.98847512e-01 -5.73251717e-05 -6.76094679e-06  8.44403779e-06 
 1.03537382e-07  6.98955649e-01  6.97731164e-01  6.98835953e-01 -5.56884092e-05 -6.94121393e-06  8.98020182e-06 
 1.03569813e-07  6.98916503e-01  6.97768226e-01  6.98821502e-01 -5.27370102e-05 -7.14250833e-06  9.71277804e-06 
 1.03599735e-07  6.98877699e-01  6.97830033e-01  6.98808922e-01 -4.94874130e-05 -7.29140897e-06  1.04334005e-05 
 1.03640888e-07  6.98825734e-01  6.97952233e-01  6.98793368e-01 -4.45483250e-05 -7.43586219e-06  1.14993622e-05 
 1.03682488e-07  6.98779238e-01  6.98106586e-01  6.98780184e-01 -3.95234828e-05 -7.51593028e-06  1.26654423e-05 
 1.03717692e-07  6.98746086e-01  6.98249618e-01  6.98771276e-01 -3.54379638e-05 -7.53931469e-06  1.37189747e-05 
 1.03753917e-07  6.98717856e-01  6.98398491e-01  6.98764340e-01 -3.16044330e-05 -7.52939685e-06  1.48621137e-05 
 1.03795461e-07  6.98691841e-01  6.98562264e-01  6.98759084e-01 -2.77180890e-05 -7.48552975e-06  1.62407035e-05 
 1.03835976e-07  6.98671718e-01  6.98708796e-01  6.98756536e-01 -2.45175595e-05 -7.41809507e-06  1.76489112e-05 
 1.03881723e-07  6.98653460e-01  6.98854481e-01  6.98756358e-01 -2.15420855e-05 -7.32208434e-06  1.93083044e-05 
 1.03929239e-07  6.98637829e-01  6.98982573e-01  6.98758753e-01 -1.91122138e-05 -7.20782828e-06  2.11041751e-05 
 1.03984584e-07  6.98622020e-01  6.99103754e-01  6.98764216e-01 -1.69660880e-05 -7.06399294e-06  2.32828171e-05 
 1.04045059e-07  6.98605867e-01  6.99206446e-01  6.98772723e-01 -1.52922216e-05 -6.90021014e-06  2.57645462e-05 
 1.04118267e-07  6.98585737e-01  6.99298077e-01  6.98785554e-01 -1.39287574e-05 -6.69918102e-06  2.89029748e-05 
 1.04203164e-07  6.98558975e-01  6.99371876e-01  6.98802734e-01 -1.29665313e-05 -6.46749977e-06  3.27178376e-05 
 1.04312224e-07  6.98514658e-01  6.99433840e-01  6.98826863e-01 -1.22724799e-05 -6.17683692e-06  3.78794534e-05 
 1.04450240e-07  6.98433371e-01  6.99482390e-01  6.98858899e-01 -1.18875994e-05 -5.82337045e-06  4.48023568e-05 
 1.04648209e-07  6.98242437e-01  6.99525542e-01  6.98905373e-01 -1.16826072e-05 -5.34583686e-06  5.54067889e-05 
 1.04824105e-07  6.97974969e-01  6.99552678e-01  6.98946071e-01 -1.16494280e-05 -4.94998321e-06  6.53927033e-05 
 1.05000000e-07  6.97591049e-01  6.99576020e-01  6.98985718e-01 -1.16345368e-05 -4.57954362e-06  7.57750745e-05 
 1.05004200e-07  6.97577733e-01  6.99566019e-01  6.98986633e-01 -1.38497904e-05 -4.57178072e-06  7.60256886e-05 
 1.05012600e-07  6.97554469e-01  6.99548528e-01  6.98988430e-01 -1.44522192e-05 -4.55624597e-06  7.65257757e-05 
 1.05029400e-07  6.97511639e-01  6.99522461e-01  6.98991860e-01 -1.44345230e-05 -4.52507287e-06  7.75189322e-05 
 1.05063000e-07  6.97422434e-01  6.99483604e-01  6.98998218e-01 -1.48395888e-05 -4.46265397e-06  7.94772925e-05 
 1.05115253e-07  6.97280759e-01  6.99439510e-01  6.99007079e-01 -1.50106374e-05 -4.36616069e-06  8.24496404e-05 
 1.05219759e-07  6.96979783e-01  6.99385772e-01  6.99022254e-01 -1.54314933e-05 -4.17779883e-06  8.81345958e-05 
 1.05345784e-07  6.96588429e-01  6.99358071e-01  6.99037729e-01 -1.54841976e-05 -3.96082025e-06  9.45483901e-05 
 1.05547880e-07  6.95894384e-01  6.99349110e-01  6.99059555e-01 -1.56571062e-05 -3.63668159e-06  1.03898123e-04 
 1.05882333e-07  6.94577714e-01  6.99363326e-01  6.99092372e-01 -1.55896544e-05 -3.15917795e-06  1.17111164e-04 
 1.06465379e-07  6.91817268e-01  6.99398489e-01  6.99145335e-01 -1.56995469e-05 -2.47533360e-06  1.34581491e-04 
 1.07092297e-07  6.88256011e-01  6.99430559e-01  6.99197528e-01 -1.56360762e-05 -1.91108042e-06  1.47163815e-04 
 1.07805887e-07  6.83552204e-01  6.99456857e-01  6.99250288e-01 -1.57551227e-05 -1.43071350e-06  1.55908980e-04 
 1.08538217e-07  6.78108188e-01  6.99468845e-01  6.99295666e-01 -1.57013820e-05 -1.07044591e-06  1.60596364e-04 
 1.09403342e-07  6.71003580e-01  6.99457780e-01  6.99334808e-01 -1.58289494e-05 -7.67366666e-07  1.62508874e-04 
 1.10344138e-07  6.62599350e-01  6.99406433e-01  6.99354550e-01 -1.57885759e-05 -5.42625426e-07  1.61816818e-04 
 1.11478075e-07  6.51735539e-01  6.99275815e-01  6.99336657e-01 -1.59287474e-05 -3.66328456e-07  1.58875028e-04 
 1.12767786e-07  6.38658788e-01  6.99012616e-01  6.99243398e-01 -1.59056646e-05 -2.44339475e-07  1.54188221e-04 
 1.14387329e-07  6.21529867e-01  6.98463451e-01  6.98979007e-01 -1.60647360e-05 -1.58102210e-07  1.47660038e-04 
 1.16380441e-07  5.99904597e-01  6.97364922e-01  6.98352124e-01 -1.60674921e-05 -1.04947137e-07  1.39692018e-04 
 1.19004637e-07  5.71355440e-01  6.95015623e-01  6.96839924e-01 -1.62547457e-05 -7.41251344e-08  1.29981767e-04 
 1.21992389e-07  5.39665542e-01  6.90809604e-01  6.93875959e-01 -1.62740599e-05 -6.01206915e-08  1.20055450e-04 
 1.25427146e-07  5.05181365e-01  6.83646343e-01  6.88433500e-01 -1.64553971e-05 -5.30335259e-08  1.09782465e-04 
 1.29105932e-07  4.71109069e-01  6.73101762e-01  6.79876451e-01 -1.64541696e-05 -4.89773243e-08  9.97285892e-05 
 1.32995784e-07  4.38509983e-01  6.59010282e-01  6.67752408e-01 -1.65978707e-05 -4.59970882e-08  8.98869126e-05 
 1.37154173e-07  4.07478520e-01  6.41390433e-01  6.51783349e-01 -1.65519562e-05 -4.32188123e-08  8.01250597e-05 
 1.41665634e-07  3.77970507e-01  6.20550295e-01  6.32008938e-01 -1.66437043e-05 -4.01423748e-08  7.03754438e-05 
 1.46926805e-07  3.48466592e-01  5.95783728e-01  6.07528400e-01 -1.65365949e-05 -3.62816930e-08  6.01084457e-05 
 1.53193372e-07  3.19303109e-01  5.67838111e-01  5.78886813e-01 -1.65504283e-05 -3.14037738e-08  4.94158611e-05 
 1.59321846e-07  2.96117448e-01  5.43603744e-01  5.53340634e-01 -1.63727343e-05 -2.66481642e-08  4.05166222e-05 
 1.65522636e-07  2.77094102e-01  5.22799048e-01  5.31012336e-01 -1.63422687e-05 -2.21517838e-08  3.29564184e-05 
 1.72001569e-07  2.61122423e-01  5.04890891e-01  5.11603722e-01 -1.61366821e-05 -1.80113254e-08  2.64312247e-05 
 1.78348988e-07  2.48625969e-01  4.90587790e-01  4.96064868e-01 -1.60997466e-05 -1.45662965e-08  2.12135462e-05 
 1.85263522e-07  2.37850509e-01  4.77845347e-01  4.82284289e-01 -1.58972544e-05 -1.15003429e-08  1.66370120e-05 
 1.92783006e-07  2.28785004e-01  4.66410011e-01  4.70055112e-01 -1.58624529e-05 -8.87598839e-09  1.27312642e-05 
 2.01755245e-07  2.20722271e-01  4.54874863e-01  4.57936664e-01 -1.56641679e-05 -6.55394000e-09  9.21546937e-06 
 2.09360520e-07  2.15682678e-01  4.46155608e-01  4.48954007e-01 -1.56658795e-05 -5.12423542e-09  6.99746368e-06 
 2.17163198e-07  2.11776218e-01  4.37661404e-01  4.40339053e-01 -1.55189375e-05 -4.05551839e-09  5.26787108e-06 
 2.24902667e-07  2.08859532e-01  4.29360789e-01  4.32016329e-01 -1.55498050e-05 -3.28418804e-09  3.97059618e-06 
 2.35745894e-07  2.05928017e-01  4.17584867e-01  4.20292687e-01 -1.54166348e-05 -2.55313335e-09  2.66150348e-06 
 2.48417209e-07  2.03694805e-01  4.03418280e-01  4.06221509e-01 -1.54580188e-05 -2.01841354e-09  1.66087388e-06 
 2.64146262e-07  2.02039875e-01  3.85390212e-01  3.88257662e-01 -1.53457911e-05 -1.61910545e-09  9.17353533e-07 
 2.80981383e-07  2.01074157e-01  3.66208428e-01  3.69017428e-01 -1.54050403e-05 -1.32005394e-09  4.82977416e-07 
 3.00947415e-07  2.00494002e-01  3.44846341e-01  3.47412053e-01 -1.53025946e-05 -1.02964724e-09  2.21771036e-07 
 3.22891433e-07  2.00205180e-01  3.24442925e-01  3.26588266e-01 -1.53631247e-05 -7.44852647e-10  9.19963900e-08 
 3.40826247e-07  2.00099839e-01  3.10742959e-01  3.12494757e-01 -1.52683548e-05 -5.61564798e-10  4.45843849e-08 
 3.61269262e-07  2.00041573e-01  2.98335820e-01  2.99686167e-01 -1.53391365e-05 -4.01238222e-10  1.85905102e-08 
 3.80464175e-07  2.00017595e-01  2.89106573e-01  2.90198208e-01 -1.52529573e-05 -3.11535443e-10  7.71164891e-09 
 4.02277665e-07  2.00005245e-01  2.80215728e-01  2.81165879e-01 -1.53320963e-05 -2.65161997e-10  2.29711250e-09 
 4.24408387e-07  2.00000588e-01  2.71965509e-01  2.72863431e-01 -1.52515257e-05 -2.68988148e-10  5.99421524e-11 
 4.49494543e-07  1.99997906e-01  2.63169549e-01  2.64009490e-01 -1.53337021e-05 -2.69500596e-10 -1.00190535e-09 
 4.78632976e-07  1.99997180e-01  2.54008870e-01  2.54734527e-01 -1.52528183e-05 -2.48160976e-10 -1.44358529e-09 
 5.12664933e-07  1.99996846e-01  2.45089973e-01  2.45670927e-01 -1.53319978e-05 -1.95457716e-10 -1.42488530e-09 
 5.67560406e-07  1.99997850e-01  2.33960511e-01  2.34383626e-01 -1.52477119e-05 -1.44539459e-10 -1.08823286e-09 
 6.18992008e-07  1.99998083e-01  2.26070990e-01  2.26400889e-01 -1.53266647e-05 -1.14024167e-10 -8.31091281e-10 
 6.69735612e-07  1.99998720e-01  2.20053803e-01  2.20302474e-01 -1.52442309e-05 -9.17352570e-11 -6.74640371e-10 
 7.33652237e-07  1.99998828e-01  2.14477972e-01  2.14649749e-01 -1.53233463e-05 -6.10203060e-11 -4.75278771e-10 
 8.02063443e-07  1.99999442e-01  2.10266229e-01  2.10384907e-01 -1.52411315e-05 -4.71090382e-11 -3.34803524e-10 
 8.79913038e-07  1.99999367e-01  2.06976491e-01  2.07051063e-01 -1.53210237e-05 -2.85478444e-11 -2.22139208e-10 
 9.64845433e-07  1.99999850e-01  2.04654388e-01  2.04697769e-01 -1.52393240e-05 -2.08163753e-11 -1.42801729e-10 
 1.06484543e-06  1.99999677e-01  2.02966971e-01  2.02988662e-01 -1.53196596e-05 -9.99901789e-12 -7.67396293e-11 
 1.16484543e-06  2.00000050e-01  2.01980168e-01  2.01988249e-01 -1.52384493e-05 -8.54561105e-12 -4.93527307e-11 
 1.26484543e-06  1.99999798e-01  2.01407642e-01  2.01408384e-01 -1.53191145e-05 -2.48687854e-12 -1.99545632e-11 
 1.36484543e-06  2.00000121e-01  2.01070694e-01  2.01066902e-01 -1.52381446e-05 -4.39266982e-12 -1.61698193e-11 
 1.46484543e-06  1.99999838e-01  2.00875811e-01  2.00869382e-01 -1.53189286e-05  7.32764543e-14 -1.06821024e-12 
 1.56484543e-06  2.00000146e-01  2.00761737e-01  2.00753861e-01 -1.52380404e-05 -2.92933169e-12 -4.52087548e-12 
 1.66484543e-06  1.99999852e-01  2.00694875e-01  2.00686069e-01 -1.53188632e-05  8.98832224e-13  5.29461652e-12 
 1.76484543e-06  2.00000154e-01  2.00656456e-01  2.00647142e-01 -1.52380086e-05 -2.40274142e-12 -6.58444436e-13 
 1.86484543e-06  1.99999857e-01  2.00633556e-01  2.00623966e-01 -1.53188363e-05  1.17056560e-12  7.61349290e-12 
 1.96484543e-06  2.00000157e-01  2.00620497e-01  2.00610689e-01 -1.52380026e-05 -2.22728715e-12  5.23122507e-13 
 2.06484543e-06  1.99999858e-01  2.00612767e-01  2.00602903e-01 -1.53188226e-05  1.27188299e-12  8.48517101e-12 
 2.16484543e-06  2.00000158e-01  2.00608265e-01  2.00598300e-01 -1.52380048e-05 -2.17628151e-12  8.86595322e-13 
 2.26484543e-06  1.99999859e-01  2.00605669e-01  2.00595705e-01 -1.53188140e-05  1.31239269e-12  8.79310437e-12 
 2.36484543e-06  2.00000158e-01  2.00604136e-01  2.00594120e-01 -1.52380094e-05 -2.16220813e-12  1.00844718e-12 
 2.46484543e-06  1.99999859e-01  2.00603234e-01  2.00593235e-01 -1.53188072e-05  1.32759103e-12  8.90101854e-12 
 2.56484543e-06  2.00000158e-01  2.00602740e-01  2.00592707e-01 -1.52380149e-05 -2.15806843e-12  1.04148352e-12 
 2.66484543e-06  1.99999859e-01  2.00602407e-01  2.00592397e-01 -1.53188010e-05  1.33337850e-12  8.95057829e-12 
 2.76484543e-06  2.00000158e-01  2.00602261e-01  2.00592221e-01 -1.52380207e-05 -2.15756753e-12  1.03757584e-12 
 2.86484543e-06  1.99999859e-01  2.00602130e-01  2.00592117e-01 -1.53187949e-05  1.33654416e-12  8.98252669e-12 
 2.96484543e-06  2.00000158e-01  2.00602095e-01  2.00592052e-01 -1.52380267e-05 -2.15874866e-12  1.02275230e-12 
 3.06484543e-06  1.99999859e-01  2.00602038e-01  2.00592023e-01 -1.53187888e-05  1.33897472e-12  9.00508064e-12 
 3.16484543e-06  2.00000158e-01  2.00602038e-01  2.00591995e-01 -1.52380327e-05 -2.16040315e-12  1.00755932e-12 
 3.26484543e-06  1.99999859e-01  2.00602006e-01  2.00591990e-01 -1.53187828e-05  1.34091870e-12  9.02176267e-12 
 3.36484543e-06  2.00000158e-01  2.00602019e-01  2.00591977e-01 -1.52380387e-05 -2.16195790e-12  9.94141239e-13 
 3.46484543e-06  1.99999859e-01  2.00601995e-01  2.00591978e-01 -1.53187767e-05  1.34246845e-12  9.03499259e-12 
 3.56484543e-06  2.00000158e-01  2.00602012e-01  2.00591971e-01 -1.52380447e-05 -2.16330122e-12  9.82294107e-13 
 3.66484543e-06  1.99999859e-01  2.00601992e-01  2.00591974e-01 -1.53187707e-05  1.34375909e-12  9.04651392e-12 
 3.76484543e-06  2.00000158e-01  2.00602010e-01  2.00591969e-01 -1.52380507e-05 -2.16447736e-12  9.71772684e-13 
 3.86484543e-06  1.99999859e-01  2.00601991e-01  2.00591973e-01 -1.53187647e-05  1.34487560e-12  9.05654929e-12 
 3.96484543e-06  2.00000158e-01  2.00602009e-01  2.00591968e-01 -1.52380568e-05 -2.16551842e-12  9.62498744e-13 
 4.06484543e-06  1.99999859e-01  2.00601991e-01  2.00591972e-01 -1.53187586e-05  1.34586201e-12  9.06520892e-12 
 4.16484543e-06  2.00000158e-01  2.00602008e-01  2.00591968e-01 -1.52380628e-05 -2.16644172e-12  9.54326624e-13 
 4.26484543e-06  1.99999859e-01  2.00601991e-01  2.00591972e-01 -1.53187526e-05  1.34673262e-12  9.07283954e-12 
 4.36484543e-06  2.00000158e-01  2.00602008e-01  2.00591968e-01 -1.52380688e-05 -2.16726095e-12  9.47242881e-13 
 4.46484543e-06  1.99999860e-01  2.00601991e-01  2.00591972e-01 -1.53187466e-05  1.34750652e-12  9.07951405e-12 
 4.56484543e-06  2.00000158e-01  2.00602007e-01  2.00591968e-01 -1.52380749e-05 -2.16799300e-12  9.41029915e-13 
 4.66484543e-06  1.99999860e-01  2.00601992e-01  2.00591972e-01 -1.53187405e-05  1.34820280e-12  9.08530017e-12 
 4.76484543e-06  2.00000158e-01  2.00602007e-01  2.00591968e-01 -1.52380809e-05 -2.16865458e-12  9.35549056e-13 
 4.86484543e-06  1.99999860e-01  2.00601992e-01  2.00591972e-01 -1.53187345e-05  1.34883381e-12  9.09039413e-12 
 4.96484543e-06  2.00000158e-01  2.00602007e-01  2.00591968e-01 -1.52380869e-05 -2.16926043e-12  9.30838360e-13 
 5.06484543e-06  1.99999860e-01  2.00601992e-01  2.00591972e-01 -1.53187285e-05  1.34941429e-12  9.09483583e-12 
 5.16484543e-06  2.00000158e-01  2.00602006e-01  2.00591968e-01 -1.52380930e-05 -2.16981706e-12  9.26613549e-13 
 5.26484543e-06  1.99999860e-01  2.00601993e-01  2.00591972e-01 -1.53187224e-05  1.34995075e-12  9.09868296e-12 
 5.36484543e-06  2.00000158e-01  2.00602006e-01  2.00591968e-01 -1.52380990e-05 -2.17033596e-12  9.23031454e-13 
 5.46484543e-06  1.99999860e-01  2.00601993e-01  2.00591972e-01 -1.53187164e-05  1.35045252e-12  9.10203195e-12 
 5.56484543e-06  2.00000158e-01  2.00602005e-01  2.00591968e-01 -1.52381050e-05 -2.17082038e-12  9.19923914e-13 
 5.66484543e-06  1.99999860e-01  2.00601993e-01  2.00591972e-01 -1.53187103e-05  1.35092176e-12  9.10493122e-12 
 5.76484543e-06  2.00000158e-01  2.00602005e-01  2.00591968e-01 -1.52381111e-05 -2.17127770e-12  9.17217636e-13 
 5.86484543e-06  1.99999860e-01  2.00601994e-01  2.00591972e-01 -1.53187043e-05  1.35136694e-12  9.10741616e-12 
 5.96484543e-06  2.00000158e-01  2.00602005e-01  2.00591968e-01 -1.52381171e-05 -2.17171311e-12  9.14972579e-13 
 6.06484543e-06  1.99999860e-01  2.00601994e-01  2.00591971e-01 -1.53186983e-05  1.35179194e-12  9.10956320e-12 
 6.16484543e-06  2.00000158e-01  2.00602004e-01  2.00591968e-01 -1.52381232e-05 -2.17212836e-12  9.12959541e-13 
 6.26484543e-06  1.99999860e-01  2.00601994e-01  2.00591971e-01 -1.53186922e-05  1.35219982e-12  9.11134184e-12 
 6.36484543e-06  2.00000158e-01  2.00602004e-01  2.00591968e-01 -1.52381292e-05 -2.17252735e-12  9.11350802e-13 
 6.46484543e-06  1.99999860e-01  2.00601995e-01  2.00591971e-01 -1.53186862e-05  1.35259122e-12  9.11291339e-12 
 6.56484543e-06  2.00000158e-01  2.00602004e-01  2.00591968e-01 -1.52381352e-05 -2.17291267e-12  9.09928599e-13 
 6.66484543e-06  1.99999860e-01  2.00601995e-01  2.00591971e-01 -1.53186802e-05  1.35297069e-12  9.11411815e-12 
 6.76484543e-06  2.00000157e-01  2.00602004e-01  2.00591968e-01 -1.52381413e-05 -2.17328564e-12  9.08795012e-13 
 6.86484543e-06  1.99999860e-01  2.00601995e-01  2.00591971e-01 -1.53186741e-05  1.35333671e-12  9.11520777e-12 
 6.96484543e-06  2.00000157e-01  2.00602003e-01  2.00591968e-01 -1.52381473e-05 -2.17364646e-12  9.07902280e-13 
 7.06484543e-06  1.99999860e-01  2.00601996e-01  2.00591971e-01 -1.53186681e-05  1.35369407e-12  9.11597317e-12 
 7.16484543e-06  2.00000157e-01  2.00602003e-01  2.00591968e-01 -1.52381534e-05 -2.17399948e-12  9.07115583e-13 
 7.26484543e-06  1.99999860e-01  2.00601996e-01  2.00591971e-01 -1.53186620e-05  1.35404210e-12  9.11661111e-12 
 7.36484543e-06  2.00000157e-01  2.00602003e-01  2.00591968e-01 -1.52381594e-05 -2.17434360e-12  9.06535589e-13 
 7.46484543e-06  1.99999860e-01  2.00601996e-01  2.00591971e-01 -1.53186560e-05  1.35438253e-12  9.11712985e-12 
 7.56484543e-06  2.00000157e-01  2.00602002e-01  2.00591968e-01 -1.52381654e-05 -2.17468014e-12  9.06174604e-13 
 7.66484543e-06  1.99999860e-01  2.00601996e-01  2.00591971e-01 -1.53186500e-05  1.35471647e-12  9.11746308e-12 
 7.76484543e-06  2.00000157e-01  2.00602002e-01  2.00591968e-01 -1.52381715e-05 -2.17501212e-12  9.05889784e-13 
 7.86484543e-06  1.99999860e-01  2.00601997e-01  2.00591971e-01 -1.53186439e-05  1.35504585e-12  9.11768106e-12 
 7.93242272e-06  2.00000157e-01  2.00602002e-01  2.00591968e-01 -1.52381790e-05 -2.17542304e-12  9.04907497e-13 
 8.00000000e-06  1.99999860e-01  2.00601997e-01  2.00591971e-01 -1.53186350e-05  1.35556193e-12  9.11595392e-12 
 8.00009531e-06  1.99983896e-01  2.00489783e-01  2.00587850e-01 -1.84523755e-05 -1.21988915e-08 -2.40815716e-08 
 8.00028592e-06  1.99959625e-01  2.00357771e-01  2.00575063e-01 -1.92223816e-05 -3.11976718e-08 -7.08799752e-08 
 8.00050978e-06  1.99932505e-01  2.00313421e-01  2.00553680e-01 -1.93806532e-05 -4.73913594e-08 -1.21976076e-07 
 8.00080404e-06  1.99896009e-01  2.00290013e-01  2.00524557e-01 -1.98605078e-05 -6.69610853e-08 -1.83897090e-07 
 8.00107755e-06  1.99862841e-01  2.00281989e-01  2.00498771e-01 -2.11109431e-05 -8.05570694e-08 -2.36079236e-07 
 8.00132567e-06  1.99834106e-01  2.00277472e-01  2.00477112e-01 -2.46167432e-05 -8.46690347e-08 -2.78605254e-07 
 8.00150887e-06  1.99815118e-01  2.00281887e-01  2.00462447e-01 -2.98558147e-05 -7.71425090e-08 -3.06622567e-07 
 8.00168120e-06  1.99799462e-01  2.00290934e-01  2.00450049e-01 -3.77795243e-05 -5.58905502e-08 -3.29816214e-07 
 8.00185201e-06  1.99786843e-01  2.00309307e-01  2.00439481e-01 -4.86666315e-05 -1.50470755e-08 -3.49296298e-07 
 8.00200345e-06  1.99777736e-01  2.00333435e-01  2.00431948e-01 -6.09445286e-05  4.44597455e-08 -3.63098946e-07 
 8.00212910e-06  1.99771760e-01  2.00362912e-01  2.00427349e-01 -7.27392006e-05  1.17486835e-07 -3.71628362e-07 
 8.00223327e-06  1.99767331e-01  2.00395641e-01  2.00424978e-01 -8.35244337e-05  2.01089330e-07 -3.76242487e-07 
 8.00232224e-06  1.99763857e-01  2.00432952e-01  2.00424254e-01 -9.31815460e-05  2.95648044e-07 -3.78051123e-07 
 8.00240061e-06  1.99760430e-01  2.00475408e-01  2.00424869e-01 -1.01928419e-04  4.03203704e-07 -3.77605161e-07 
 8.00247214e-06  1.99756907e-01  2.00525336e-01  2.00426716e-01 -1.09836059e-04  5.28082799e-07 -3.75146103e-07 
 8.00254217e-06  1.99752744e-01  2.00587396e-01  2.00430021e-01 -1.17404011e-04  6.82520933e-07 -3.70378779e-07 
 8.00262336e-06  1.99748280e-01  2.00677288e-01  2.00436166e-01 -1.25787140e-04  9.09354144e-07 -3.61497748e-07 
 8.00270379e-06  1.99745628e-01  2.00781406e-01  2.00445131e-01 -1.33831811e-04  1.18690858e-06 -3.49043354e-07 
 8.00283806e-06  1.99747037e-01  2.00968157e-01  2.00467079e-01 -1.46835226e-04  1.75635326e-06 -3.21013770e-07 
 8.00296680e-06  1.99754791e-01  2.01144390e-01  2.00496156e-01 -1.58830620e-04  2.40786767e-06 -2.86899444e-07 
 8.00308940e-06  1.99767297e-01  2.01297760e-01  2.00530376e-01 -1.69558725e-04  3.10269215e-06 -2.49252091e-07 
 8.00322169e-06  1.99785104e-01  2.01441626e-01  2.00573128e-01 -1.79839488e-04  3.91099693e-06 -2.04467303e-07 
 8.00335254e-06  1.99806186e-01  2.01557392e-01  2.00619863e-01 -1.87517425e-04  4.74662001e-06 -1.57501177e-07 
 8.00345414e-06  1.99823897e-01  2.01622575e-01  2.00658108e-01 -1.89659742e-04  5.40011488e-06 -1.20524800e-07 
 8.00351862e-06  1.99835174e-01  2.01644683e-01  2.00682690e-01 -1.85940038e-04  5.80190368e-06 -9.78149215e-08 
 8.00356770e-06  1.99843137e-01  2.01642982e-01  2.00701180e-01 -1.78148123e-04  6.08807600e-06 -8.17512881e-08 
 8.00361850e-06  1.99850460e-01  2.01616810e-01  2.00719662e-01 -1.65641654e-04  6.35341592e-06 -6.70631745e-08 
 8.00368247e-06  1.99857767e-01  2.01545074e-01  2.00741168e-01 -1.45636442e-04  6.62864404e-06 -5.22263051e-08 
 8.00374665e-06  1.99862869e-01  2.01434316e-01  2.00759885e-01 -1.23581407e-04  6.83111523e-06 -4.18726227e-08 
 8.00383589e-06  1.99866185e-01  2.01237294e-01  2.00779732e-01 -9.41785768e-05  6.99083588e-06 -3.48430298e-08 
 8.00392779e-06  1.99865721e-01  2.01013323e-01  2.00791843e-01 -6.93802471e-05  7.02529648e-06 -3.53282435e-08 
 8.00400364e-06  1.99862969e-01  2.00834735e-01  2.00795494e-01 -5.41438187e-05  6.97559428e-06 -4.02570814e-08 
 8.00407894e-06  1.99858783e-01  2.00676313e-01  2.00794010e-01 -4.32424614e-05  6.87661511e-06 -4.79403809e-08 
 8.00416473e-06  1.99852741e-01  2.00524857e-01  2.00787145e-01 -3.48128914e-05  6.72358166e-06 -5.88726836e-08 
 8.00424970e-06  1.99845928e-01  2.00405658e-01  2.00776052e-01 -2.95615861e-05  6.54573463e-06 -7.10510729e-08 
 8.00434702e-06  1.99837474e-01  2.00302220e-01  2.00759552e-01 -2.59603435e-05  6.32555562e-06 -8.57543938e-08 
 8.00445036e-06  1.99828109e-01  2.00223048e-01  2.00739020e-01 -2.39000809e-05  6.08436254e-06 -1.01594483e-07 
 8.00457512e-06  1.99816501e-01  2.00157058e-01  2.00711801e-01 -2.26572204e-05  5.79413081e-06 -1.20436175e-07 
 8.00471635e-06  1.99803233e-01  2.00107269e-01  2.00679405e-01 -2.21051170e-05  5.47488924e-06 -1.40987560e-07 
 8.00485818e-06  1.99789845e-01  2.00072610e-01  2.00646334e-01 -2.18865424e-05  5.16834338e-06 -1.60603817e-07 
 8.00500000e-06  1.99776478e-01  2.00046075e-01  2.00613399e-01 -2.18307660e-05  4.87717981e-06 -1.79155407e-07 
 8.00500226e-06  1.99778093e-01  2.00051753e-01  2.00612884e-01 -1.97483851e-05  4.87311163e-06 -1.79014192e-07 
 8.00500677e-06  1.99779527e-01  2.00062217e-01  2.00611863e-01 -1.89707814e-05  4.86501763e-06 -1.78698193e-07 
 8.00501579e-06  1.99779327e-01  2.00079170e-01  2.00609877e-01 -1.86305898e-05  4.84889210e-06 -1.78009642e-07 
 8.00503384e-06  1.99779557e-01  2.00104993e-01  2.00606080e-01 -1.81145736e-05  4.81656867e-06 -1.76678181e-07 
 8.00506321e-06  1.99779493e-01  2.00137490e-01  2.00600301e-01 -1.74209593e-05  4.76394500e-06 -1.74585857e-07 
 8.00512194e-06  1.99779634e-01  2.00185135e-01  2.00589875e-01 -1.64920669e-05  4.65902975e-06 -1.70617556e-07 
 8.00523940e-06  1.99779433e-01  2.00238434e-01  2.00572058e-01 -1.55673518e-05  4.45287901e-06 -1.63257163e-07 
 8.00547432e-06  1.99779116e-01  2.00265825e-01  2.00542444e-01 -1.51531318e-05  4.06260314e-06 -1.49903924e-07 
 8.00575306e-06  1.99778487e-01  2.00253558e-01  2.00511524e-01 -1.51452664e-05  3.64147993e-06 -1.35625967e-07 
 8.00621024e-06  1.99777781e-01  2.00223909e-01  2.00464138e-01 -1.51584272e-05  3.04203156e-06 -1.15057885e-07 
 8.00697701e-06  1.99776564e-01  2.00178410e-01  2.00391540e-01 -1.51462023e-05  2.24644166e-06 -8.72071673e-08 
 8.00851053e-06  1.99774993e-01  2.00109445e-01  2.00270600e-01 -1.51668228e-05  1.20725204e-06 -4.95245379e-08 
 8.01157758e-06  1.99773025e-01  2.00036831e-01  2.00112841e-01 -1.51667917e-05  3.00041793e-07 -1.43276942e-08 
 8.01568723e-06  1.99772084e-01  2.00030407e-01  2.00032336e-01 -1.52008052e-05  3.20527909e-08 -2.19130383e-09 
 8.02112188e-06  1.99771552e-01  2.00100292e-01  2.00056306e-01 -1.52053893e-05 -1.08867210e-09 -6.22954632e-11 
 8.02946806e-06  1.99771520e-01  2.00251581e-01  2.00193415e-01 -1.52395425e-05  2.64348736e-10  2.89471090e-11 
 8.03975710e-06  1.99771499e-01  2.00405181e-01  2.00361592e-01 -1.52376539e-05 -6.03070987e-11  4.21622259e-11 
 8.05314634e-06  1.99771680e-01  2.00500584e-01  2.00479936e-01 -1.52615429e-05  4.86829132e-11  2.09425595e-11 
 8.07296716e-06  1.99771610e-01  2.00493449e-01  2.00491205e-01 -1.52526842e-05 -2.48077657e-11 -1.71942864e-12 
 8.10912414e-06  1.99771575e-01  2.00382977e-01  2.00380488e-01 -1.52711199e-05  1.06922249e-11 -8.37556961e-12 
 8.15100925e-06  1.99771414e-01  2.00350338e-01  2.00337878e-01 -1.52561863e-05 -1.25269268e-11  2.27126456e-12 
 8.20000000e-06  1.99771547e-01  2.00387803e-01  2.00376306e-01 -1.52709751e-05  1.14101506e-11  3.14746764e-12 
 8.20003770e-06  1.99772794e-01  2.00408156e-01  2.00376630e-01 -1.24699851e-05  5.46291270e-09  9.43181997e-10 
 8.20011311e-06  1.99773627e-01  2.00437550e-01  2.00377706e-01 -1.18920420e-05  1.61034046e-08  2.72012348e-09 
 8.20026393e-06  1.99774934e-01  2.00466716e-01  2.00381478e-01 -1.15878052e-05  3.56680792e-08  5.92991640e-09 
 8.20045768e-06  1.99776726e-01  2.00481809e-01  2.00387653e-01 -1.14579300e-05  5.86988016e-08  9.67462113e-09 
 8.20080016e-06  1.99779666e-01  2.00489270e-01  2.00398918e-01 -1.15171788e-05  9.54058376e-08  1.56023833e-08 
 8.20121539e-06  1.99783411e-01  2.00493224e-01  2.00411541e-01 -1.15093472e-05  1.34086210e-07  2.17906306e-08 
 8.20142491e-06  1.99785336e-01  2.00493633e-01  2.00417321e-01 -1.16988914e-05  1.51525712e-07  2.45181465e-08 
 8.20168446e-06  1.99788567e-01  2.00492158e-01  2.00423791e-01 -1.24395918e-05  1.70936085e-07  2.74394692e-08 
 8.20182247e-06  1.99791057e-01  2.00487655e-01  2.00426805e-01 -1.35765287e-05  1.79703729e-07  2.86706906e-08 
 8.20195222e-06  1.99794526e-01  2.00479193e-01  2.00429162e-01 -1.54319876e-05  1.85662189e-07  2.94529638e-08 
 8.20207622e-06  1.99798956e-01  2.00464526e-01  2.00430744e-01 -1.83570437e-05  1.87207331e-07  2.96881575e-08 
 8.20219963e-06  1.99804810e-01  2.00442144e-01  2.00431349e-01 -2.23478834e-05  1.80446874e-07  2.92336724e-08 
 8.20232245e-06  1.99811838e-01  2.00409943e-01  2.00430614e-01 -2.73497383e-05  1.57053882e-07  2.78832902e-08 
 8.20244055e-06  1.99819761e-01  2.00368104e-01  2.00428232e-01 -3.24983629e-05  1.04028314e-07  2.55168098e-08 
 8.20254874e-06  1.99827698e-01  2.00317852e-01  2.00424197e-01 -3.68782686e-05  8.19579708e-09  2.21859655e-08 
 8.20264660e-06  1.99835439e-01  2.00259880e-01  2.00418616e-01 -3.97252836e-05 -1.42358012e-07  1.79631485e-08 
 8.20275869e-06  1.99844688e-01  2.00177174e-01  2.00409402e-01 -4.16646860e-05 -4.30699193e-07  1.14425393e-08 
 8.20286007e-06  1.99853595e-01  2.00091349e-01  2.00398068e-01 -4.32693290e-05 -8.40046752e-07  3.98785728e-09 
 8.20301495e-06  1.99868135e-01  1.99955592e-01  2.00374956e-01 -4.61966447e-05 -1.85140016e-06 -9.81696438e-09 
 8.20313577e-06  1.99880154e-01  1.99853763e-01  2.00352291e-01 -4.85523368e-05 -3.04099466e-06 -2.22547789e-08 
 8.20325508e-06  1.99892055e-01  1.99762271e-01  2.00326455e-01 -5.08248099e-05 -4.63122953e-06 -3.55886647e-08 
 8.20334615e-06  1.99900888e-01  1.99701687e-01  2.00304830e-01 -5.21921431e-05 -6.15777179e-06 -4.62243408e-08 
 8.20340304e-06  1.99906448e-01  1.99670475e-01  2.00290683e-01 -5.27471377e-05 -7.27150305e-06 -5.29289951e-08 
 8.20344201e-06  1.99910695e-01  1.99653892e-01  2.00280805e-01 -5.28500128e-05 -8.12273240e-06 -5.74617196e-08 
 8.20347600e-06  1.99914486e-01  1.99644306e-01  2.00272139e-01 -5.26944502e-05 -8.93716425e-06 -6.12947991e-08 
 8.20350288e-06  1.99917055e-01  1.99641561e-01  2.00265303e-01 -5.22504723e-05 -9.63564227e-06 -6.41677639e-08 
 8.20352665e-06  1.99918305e-01  1.99644532e-01  2.00259320e-01 -5.15106287e-05 -1.02968992e-05 -6.65029740e-08 
 8.20355121e-06  1.99918365e-01  1.99654969e-01  2.00253264e-01 -5.03072265e-05 -1.10247279e-05 -6.86075648e-08 
 8.20358243e-06  1.99917094e-01  1.99681136e-01  2.00245877e-01 -4.81852718e-05 -1.20157354e-05 -7.06955581e-08 
 8.20361253e-06  1.99915293e-01  1.99720119e-01  2.00239232e-01 -4.56469733e-05 -1.30390928e-05 -7.20192485e-08 
 8.20365536e-06  1.99912943e-01  1.99794848e-01  2.00230879e-01 -4.15260487e-05 -1.46029894e-05 -7.27659262e-08 
 8.20368792e-06  1.99911983e-01  1.99862596e-01  2.00225545e-01 -3.82441199e-05 -1.58704631e-05 -7.25385054e-08 
 8.20371770e-06  1.99911953e-01  1.99928782e-01  2.00221521e-01 -3.52807076e-05 -1.70826849e-05 -7.18497348e-08 
 8.20375111e-06  1.99912950e-01  2.00004121e-01  2.00218001e-01 -3.21291332e-05 -1.84975288e-05 -7.06620959e-08 
 8.20379181e-06  1.99915548e-01  2.00092990e-01  2.00215103e-01 -2.86503353e-05 -2.02898025e-05 -6.88029519e-08 
 8.20382929e-06  1.99919114e-01  2.00169009e-01  2.00213703e-01 -2.58588823e-05 -2.20005785e-05 -6.68340243e-08 
 8.20387195e-06  1.99924264e-01  2.00246429e-01  2.00213432e-01 -2.31679070e-05 -2.40114379e-05 -6.44375121e-08 
 8.20391426e-06  1.99930239e-01  2.00312791e-01  2.00214375e-01 -2.09897113e-05 -2.60654820e-05 -6.19932077e-08 
 8.20396459e-06  1.99938163e-01  2.00378637e-01  2.00216793e-01 -1.89455306e-05 -2.85808423e-05 -5.90781227e-08 
 8.20401760e-06  1.99947161e-01  2.00434210e-01  2.00220562e-01 -1.73334540e-05 -3.13086552e-05 -5.60433847e-08 
 8.20408231e-06  1.99958750e-01  2.00486345e-01  2.00226432e-01 -1.59323799e-05 -3.47413750e-05 -5.24043553e-08 
 8.20415432e-06  1.99972123e-01  2.00528837e-01  2.00234131e-01 -1.49089444e-05 -3.86869502e-05 -4.84196124e-08 
 8.20424596e-06  1.99989595e-01  2.00566739e-01  2.00245061e-01 -1.41227967e-05 -4.38900406e-05 -4.33789666e-08 
 8.20435536e-06  2.00010831e-01  2.00597247e-01  2.00259061e-01 -1.36332217e-05 -5.03557692e-05 -3.72946279e-08 
 8.20450433e-06  2.00040133e-01  2.00625331e-01  2.00278862e-01 -1.33369396e-05 -5.95762938e-05 -2.87075146e-08 
 8.20470003e-06  2.00078914e-01  2.00651795e-01  2.00305204e-01 -1.32070874e-05 -7.23584670e-05 -1.66513585e-08 
 8.20485001e-06  2.00108659e-01  2.00668703e-01  2.00325301e-01 -1.31734331e-05 -8.26215865e-05 -6.70247305e-09 
 8.20500000e-06  2.00138232e-01  2.00684447e-01  2.00345179e-01 -1.31553843e-05 -9.32379465e-05  3.92838758e-09 
 8.20500420e-06  2.00137751e-01  2.00681473e-01  2.00345726e-01 -1.54048253e-05 -9.35402513e-05  4.11850530e-09 
 8.20501260e-06  2.00137365e-01  2.00676285e-01  2.00346810e-01 -1.56565449e-05 -9.41439522e-05  4.50636591e-09 
 8.20502940e-06  2.00137428e-01  2.00668749e-01  2.00348924e-01 -1.55825772e-05 -9.53435407e-05  5.31585945e-09 
 8.20506300e-06  2.00137280e-01  2.00657822e-01  2.00352987e-01 -1.56736389e-05 -9.77086665e-05  7.01591734e-09 
 8.20513020e-06  2.00137460e-01  2.00643140e-01  2.00360612e-01 -1.56226584e-05 -1.02306293e-04  1.06910438e-08 
 8.20525297e-06  2.00137906e-01  2.00630545e-01  2.00373372e-01 -1.56515778e-05 -1.10263925e-04  1.81726891e-08 
 8.20539292e-06  2.00138782e-01  2.00628626e-01  2.00386779e-01 -1.55574519e-05 -1.18670851e-04  2.77007733e-08 
 8.20562157e-06  2.00140314e-01  2.00635846e-01  2.00407370e-01 -1.55459891e-05 -1.31001159e-04  4.50562551e-08 
 8.20602273e-06  2.00143853e-01  2.00655412e-01  2.00441274e-01 -1.54045329e-05 -1.48911122e-04  7.91700161e-08 
 8.20682505e-06  2.00152665e-01  2.00690343e-01  2.00502552e-01 -1.53130697e-05 -1.73410348e-04  1.52562794e-07 
 8.20764081e-06  2.00163574e-01  2.00715608e-01  2.00555965e-01 -1.51685394e-05 -1.86604359e-04  2.24639316e-07 
 8.20862833e-06  2.00177978e-01  2.00734670e-01  2.00608460e-01 -1.51409874e-05 -1.92321817e-04  2.97959272e-07 
 8.20960264e-06  2.00192966e-01  2.00742619e-01  2.00647650e-01 -1.50492657e-05 -1.90955807e-04  3.51692866e-07 
 8.21083809e-06  2.00211901e-01  2.00740156e-01  2.00680819e-01 -1.50658708e-05 -1.83718644e-04  3.94306032e-07 
 8.21216322e-06  2.00231800e-01  2.00724866e-01  2.00698274e-01 -1.50055788e-05 -1.72525548e-04  4.14005134e-07 
 8.21388514e-06  2.00256057e-01  2.00690722e-01  2.00698010e-01 -1.50494898e-05 -1.56356608e-04  4.12069589e-07 
 8.21587394e-06  2.00281847e-01  2.00637508e-01  2.00673008e-01 -1.50096694e-05 -1.38061386e-04  3.87441534e-07 
 8.21866721e-06  2.00313707e-01  2.00549775e-01  2.00608923e-01 -1.50705079e-05 -1.15342395e-04  3.37661216e-07 
 8.22174252e-06  2.00343856e-01  2.00447830e-01  2.00517411e-01 -1.50416177e-05 -9.48597125e-05  2.81387497e-07 
 8.22534272e-06  2.00373458e-01  2.00334572e-01  2.00403351e-01 -1.51067095e-05 -7.61090392e-05  2.25178167e-07 
 8.22907878e-06  2.00399210e-01  2.00232582e-01  2.00292338e-01 -1.50793416e-05 -6.12710067e-05  1.79540759e-07 
 8.23337666e-06  2.00423655e-01  2.00140532e-01  2.00185289e-01 -1.51447834e-05 -4.84209962e-05  1.40119716e-07 
 8.23795882e-06  2.00445189e-01  2.00073500e-01  2.00100858e-01 -1.51179871e-05 -3.82751515e-05  1.09367479e-07 
 8.24326431e-06  2.00465333e-01  2.00033597e-01  2.00041846e-01 -1.51828166e-05 -2.96717389e-05  8.37048931e-08 
 8.24905581e-06  2.00483090e-01  2.00029669e-01  2.00020149e-01 -1.51551582e-05 -2.28992078e-05  6.38557446e-08 
 8.25580425e-06  2.00499283e-01  2.00065624e-01  2.00040249e-01 -1.52179683e-05 -1.72669486e-05  4.76467067e-08 
 8.26332621e-06  2.00513362e-01  2.00140613e-01  2.00103762e-01 -1.51880332e-05 -1.28569602e-05  3.51714526e-08 
 8.27219462e-06  2.00525737e-01  2.00253546e-01  2.00210309e-01 -1.52476692e-05 -9.25593076e-06  2.51435711e-08 
 8.28232764e-06  2.00536174e-01  2.00388651e-01  2.00345267e-01 -1.52144281e-05 -6.47628963e-06  1.74987382e-08 
 8.29434324e-06  2.00544695e-01  2.00530166e-01  2.00492317e-01 -1.52700664e-05 -4.30917501e-06  1.15990666e-08 
 8.30824962e-06  2.00551365e-01  2.00650613e-01  2.00621838e-01 -1.52328406e-05 -2.72783859e-06  7.32010266e-09 
 8.32485778e-06  2.00556172e-01  2.00735427e-01  2.00715836e-01 -1.52843299e-05 -1.59542938e-06  4.27194371e-09 
 8.34446058e-06  2.00559515e-01  2.00781998e-01  2.00768167e-01 -1.52433348e-05 -8.52546951e-07  2.27666380e-09 
 8.36837805e-06  2.00561463e-01  2.00811582e-01  2.00798908e-01 -1.52912939e-05 -3.95218177e-07  1.05528144e-09 
 8.39773034e-06  2.00562634e-01  2.00850963e-01  2.00837056e-01 -1.52474159e-05 -1.51431365e-07  4.05676630e-10 
 8.43545958e-06  2.00563086e-01  2.00911030e-01  2.00896917e-01 -1.52932162e-05 -4.10825589e-08  1.13787744e-10 
 8.48574667e-06  2.00563372e-01  2.00975460e-01  2.00962918e-01 -1.52481722e-05 -5.68275713e-09  1.74957302e-11 
 8.55861527e-06  2.00563368e-01  2.01033503e-01  2.01021899e-01 -1.52934815e-05  3.62218419e-10  1.38236606e-12 
 8.65861527e-06  2.00563488e-01  2.01087250e-01  2.01076042e-01 -1.52482584e-05 -1.40146467e-10  1.81265235e-12 
 8.75861527e-06  2.00563449e-01  2.01119603e-01  2.01109051e-01 -1.52934965e-05  8.71411003e-11  1.47920906e-12 
 8.85861527e-06  2.00563550e-01  2.01136646e-01  2.01126227e-01 -1.52482841e-05 -7.50089932e-11  1.06554289e-12 
 8.95861527e-06  2.00563497e-01  2.01148142e-01  2.01137866e-01 -1.52935024e-05  6.49272927e-11  1.35149937e-12 
 9.05861527e-06  2.00563592e-01  2.01153992e-01  2.01143855e-01 -1.52482919e-05 -6.27090096e-11  8.77894708e-13 
 9.15861527e-06  2.00563533e-01  2.01157651e-01  2.01147492e-01 -1.52935044e-05  5.50310914e-11  1.24840909e-12 
 9.25861527e-06  2.00563626e-01  2.01159912e-01  2.01149839e-01 -1.52482956e-05 -5.41309109e-11  8.64059909e-13 
 9.35861527e-06  2.00563566e-01  2.01161008e-01  2.01150912e-01 -1.52935031e-05  4.72177928e-11  1.18012934e-12 
 9.45861527e-06  2.00563658e-01  2.01161835e-01  2.01151773e-01 -1.52482993e-05 -4.70667316e-11  8.76835876e-13 
 9.55861527e-06  2.00563598e-01  2.01162244e-01  2.01152171e-01 -1.52935001e-05  4.07553481e-11  1.14922644e-12 
 9.65861527e-06  2.00563690e-01  2.01162481e-01  2.01152426e-01 -1.52483030e-05 -4.11817804e-11  8.85283817e-13 
 9.75861527e-06  2.00563630e-01  2.01162683e-01  2.01152614e-01 -1.52934969e-05  3.53726874e-11  1.13408160e-12 
 9.85861527e-06  2.00563721e-01  2.01162736e-01  2.01152687e-01 -1.52483063e-05 -3.62697901e-11  8.94926115e-13 
 9.95861527e-06  2.00563661e-01  2.01162837e-01  2.01152768e-01 -1.52934938e-05  3.08838441e-11  1.12017101e-12 
 1.00586153e-05  2.00563753e-01  2.01162854e-01  2.01152806e-01 -1.52483095e-05 -3.21728312e-11  9.08049569e-13 
 1.01293076e-05  2.00563688e-01  2.01162897e-01  2.01152828e-01 -1.52934900e-05  2.64630195e-11  1.10251700e-12 
 1.02000000e-05  2.00563775e-01  2.01162899e-01  2.01152852e-01 -1.52483139e-05 -2.75281709e-11  9.27704853e-13 
 1.02000997e-05  2.00561279e-01  2.01125314e-01  2.01151410e-01 -1.77526176e-05 -1.90253658e-08 -2.30599336e-09 
 1.02002990e-05  2.00559091e-01  2.01081235e-01  2.01146948e-01 -1.78417646e-05 -5.38348335e-08 -6.56956331e-09 
 1.02005536e-05  2.00557008e-01  2.01066576e-01  2.01138895e-01 -1.78642292e-05 -9.07846335e-08 -1.13742443e-08 
 1.02008762e-05  2.00554306e-01  2.01060814e-01  2.01128561e-01 -1.81771403e-05 -1.28846156e-07 -1.67871388e-08 
 1.02011868e-05  2.00552338e-01  2.01060306e-01  2.01119431e-01 -1.92351147e-05 -1.56855463e-07 -2.12666676e-08 
 1.02013982e-05  2.00551728e-01  2.01061871e-01  2.01113882e-01 -2.12387669e-05 -1.71060214e-07 -2.38646811e-08 
 1.02015618e-05  2.00552138e-01  2.01066304e-01  2.01110088e-01 -2.39559030e-05 -1.78640566e-07 -2.55501817e-08 
 1.02017256e-05  2.00553414e-01  2.01073218e-01  2.01106892e-01 -2.80149303e-05 -1.82358111e-07 -2.68880759e-08 
 1.02018840e-05  2.00555629e-01  2.01083927e-01  2.01104535e-01 -3.32281441e-05 -1.81274871e-07 -2.77712961e-08 
 1.02020233e-05  2.00558192e-01  2.01097004e-01  2.01103227e-01 -3.88638632e-05 -1.75296562e-07 -2.81253437e-08 
 1.02021404e-05  2.00560730e-01  2.01112199e-01  2.01102830e-01 -4.42239320e-05 -1.65414467e-07 -2.80186043e-08 
 1.02022393e-05  2.00562903e-01  2.01129017e-01  2.01103130e-01 -4.91329771e-05 -1.52374697e-07 -2.75440794e-08 
 1.02023250e-05  2.00564706e-01  2.01148017e-01  2.01103984e-01 -5.35262209e-05 -1.36455177e-07 -2.67496082e-08 
 1.02024012e-05  2.00565993e-01  2.01169583e-01  2.01105327e-01 -5.74676048e-05 -1.17547038e-07 -2.56465680e-08 
 1.02024708e-05  2.00566801e-01  2.01194639e-01  2.01107160e-01 -6.09590343e-05 -9.52444625e-08 -2.42081986e-08 
 1.02025381e-05  2.00567078e-01  2.01225025e-01  2.01109618e-01 -6.41561432e-05 -6.80556383e-08 -2.23218322e-08 
 1.02026160e-05  2.00567120e-01  2.01268738e-01  2.01113521e-01 -6.75529203e-05 -2.87907826e-08 -1.94115792e-08 
 1.02026897e-05  2.00567391e-01  2.01317268e-01  2.01118445e-01 -7.05308265e-05  1.52766736e-08 -1.59232858e-08 
 1.02027980e-05  2.00568854e-01  2.01395272e-01  2.01128100e-01 -7.45936360e-05  8.60438351e-08 -9.66630126e-09 
 1.02028891e-05  2.00570901e-01  2.01463389e-01  2.01138528e-01 -7.77016230e-05  1.42189112e-07 -3.51861510e-09 
 1.02029871e-05  2.00574129e-01  2.01535519e-01  2.01152012e-01 -8.07808981e-05  1.88086083e-07  3.78138072e-09 
 1.02030897e-05  2.00578667e-01  2.01606552e-01  2.01168459e-01 -8.38007701e-05  2.17423491e-07  1.19986903e-08 
 1.02031975e-05  2.00584893e-01  2.01672562e-01  2.01187921e-01 -8.68648644e-05  2.35459351e-07  2.10511132e-08 
 1.02033238e-05  2.00593249e-01  2.01736007e-01  2.01212871e-01 -8.98585605e-05  2.51222614e-07  3.19349757e-08 
 1.02034461e-05  2.00602126e-01  2.01780144e-01  2.01238423e-01 -9.12159243e-05  2.65319326e-07  4.24134253e-08 
 1.02035202e-05  2.00607441e-01  2.01794157e-01  2.01254164e-01 -8.95916115e-05  2.73283679e-07  4.84411813e-08 
 1.02035726e-05  2.00611055e-01  2.01793013e-01  2.01265143e-01 -8.59581231e-05  2.77863429e-07  5.22768242e-08 
 1.02036233e-05  2.00614104e-01  2.01778586e-01  2.01275381e-01 -8.03389702e-05  2.80864031e-07  5.53940313e-08 
 1.02036905e-05  2.00617551e-01  2.01736818e-01  2.01287905e-01 -7.09148412e-05  2.81952263e-07  5.83776599e-08 
 1.02037528e-05  2.00619946e-01  2.01677489e-01  2.01297983e-01 -6.13792794e-05  2.80027112e-07  5.99012419e-08 
 1.02038418e-05  2.00622278e-01  2.01570427e-01  2.01309039e-01 -4.85505107e-05  2.72866966e-07  6.01770632e-08 
 1.02039423e-05  2.00623510e-01  2.01438470e-01  2.01316337e-01 -3.70798118e-05  2.60128331e-07  5.83861555e-08 
 1.02040182e-05  2.00623791e-01  2.01343392e-01  2.01318268e-01 -3.09723650e-05  2.48272309e-07  5.60289677e-08 
 1.02040926e-05  2.00623641e-01  2.01261359e-01  2.01317507e-01 -2.67672068e-05  2.35638577e-07  5.32605654e-08 
 1.02041791e-05  2.00623205e-01  2.01182259e-01  2.01313908e-01 -2.35570615e-05  2.20162791e-07  4.97628217e-08 
 1.02042645e-05  2.00622536e-01  2.01121071e-01  2.01308121e-01 -2.16218402e-05  2.04487286e-07  4.62201239e-08 
 1.02043631e-05  2.00621664e-01  2.01068228e-01  2.01299476e-01 -2.03477337e-05  1.86171329e-07  4.21796457e-08 
 1.02044668e-05  2.00620628e-01  2.01028567e-01  2.01288859e-01 -1.96371637e-05  1.66909376e-07  3.80709453e-08 
 1.02045926e-05  2.00619355e-01  2.00995568e-01  2.01274781e-01 -1.92382083e-05  1.43805213e-07  3.33350641e-08 
 1.02047342e-05  2.00617869e-01  2.00970760e-01  2.01258166e-01 -1.90488921e-05  1.18418974e-07  2.83228193e-08 
 1.02048671e-05  2.00616497e-01  2.00954307e-01  2.01242337e-01 -1.89920793e-05  9.53653652e-08  2.39032628e-08 
 1.02050000e-05  2.00615106e-01  2.00941359e-01  2.01226566e-01 -1.89602129e-05  7.32148616e-08  1.97322246e-08 
 1.02050024e-05  2.00615626e-01  2.00943192e-01  2.01226287e-01 -1.67615143e-05  7.31438404e-08  1.97257794e-08 
 1.02050071e-05  2.00616108e-01  2.00946585e-01  2.01225733e-01 -1.64007875e-05  7.30497239e-08  1.97099416e-08 
 1.02050166e-05  2.00616034e-01  2.00952041e-01  2.01224645e-01 -1.62772856e-05  7.29439954e-08  1.96659262e-08 
 1.02050357e-05  2.00616090e-01  2.00960227e-01  2.01222534e-01 -1.60878880e-05  7.26773723e-08  1.95651332e-08 
 1.02050666e-05  2.00616048e-01  2.00970453e-01  2.01219247e-01 -1.58405877e-05  7.21576963e-08  1.93847378e-08 
 1.02051285e-05  2.00616036e-01  2.00984855e-01  2.01213093e-01 -1.55220130e-05  7.08906969e-08  1.89818110e-08 
 1.02052523e-05  2.00615876e-01  2.00998810e-01  2.01201918e-01 -1.52271437e-05  6.79520729e-08  1.81093051e-08 
 1.02054998e-05  2.00615590e-01  2.00999828e-01  2.01181855e-01 -1.51215337e-05  6.18548887e-08  1.63723176e-08 
 1.02058006e-05  2.00615196e-01  2.00986822e-01  2.01159318e-01 -1.51265812e-05  5.49695525e-08  1.44554833e-08 
 1.02062596e-05  2.00614709e-01  2.00965627e-01  2.01126835e-01 -1.51327820e-05  4.58342594e-08  1.19480244e-08 
 1.02069771e-05  2.00614001e-01  2.00936033e-01  2.01080140e-01 -1.51318125e-05  3.44137984e-08  8.84014379e-09 
 1.02084120e-05  2.00612973e-01  2.00889771e-01  2.01001073e-01 -1.51459134e-05  1.91367075e-08  4.72062921e-09 
 1.02112817e-05  2.00611664e-01  2.00837275e-01  2.00893428e-01 -1.51565482e-05  5.16656776e-09  1.05224955e-09 
 1.02164098e-05  2.00610688e-01  2.00827974e-01  2.00821685e-01 -1.51871859e-05 -1.44834700e-10 -1.88367118e-10 
 1.02223383e-05  2.00610291e-01  2.00884452e-01  2.00848251e-01 -1.52029520e-05 -3.00403450e-11 -4.04051337e-11 
 1.02328905e-05  2.00610115e-01  2.01016326e-01  2.00973221e-01 -1.52333091e-05  1.58987697e-11  2.80341067e-11 
 1.02445012e-05  2.00610070e-01  2.01129350e-01  2.01098432e-01 -1.52420821e-05  1.43478549e-11  2.53395268e-11 
 1.02624611e-05  2.00610099e-01  2.01205068e-01  2.01190297e-01 -1.52589515e-05  4.44175729e-12  9.25509148e-12 
 1.02895992e-05  2.00610045e-01  2.01198565e-01  2.01192763e-01 -1.52590164e-05 -2.65726156e-12 -2.25257882e-12 
 1.03438754e-05  2.00609995e-01  2.01156192e-01  2.01146170e-01 -1.52667044e-05 -1.20552309e-12 -6.56790486e-13 
 1.03719377e-05  2.00609978e-01  2.01169310e-01  2.01157244e-01 -1.52605826e-05  5.83790178e-13  2.76256595e-12 
 1.04000000e-05  2.00610023e-01  2.01185902e-01  2.01174735e-01 -1.52663426e-05  3.44595229e-13  2.12321268e-12 
 1.04000193e-05  2.00612748e-01  2.01211002e-01  2.01174936e-01 -1.36303008e-05  2.42419890e-09  1.00084920e-09 
 1.04000580e-05  2.00615455e-01  2.01249549e-01  2.01175631e-01 -1.28789330e-05  6.93810385e-09  2.91769113e-09 
 1.04001352e-05  2.00620040e-01  2.01297015e-01  2.01178297e-01 -1.22239507e-05  1.39321884e-08  6.50159490e-09 
 1.04002405e-05  2.00626670e-01  2.01337448e-01  2.01183611e-01 -1.16724069e-05  2.07340810e-08  1.10544416e-08 
 1.04004510e-05  2.00639246e-01  2.01374097e-01  2.01196710e-01 -1.15009053e-05  3.04035834e-08  1.94297207e-08 
 1.04007798e-05  2.00659330e-01  2.01395030e-01  2.01218649e-01 -1.14044725e-05  4.17094855e-08  3.11271428e-08 
 1.04012226e-05  2.00686239e-01  2.01410067e-01  2.01246938e-01 -1.15337041e-05  5.43191280e-08  4.46806310e-08 
 1.04015179e-05  2.00705132e-01  2.01418738e-01  2.01264490e-01 -1.17255507e-05  5.89179524e-08  5.24238943e-08 
 1.04016822e-05  2.00716142e-01  2.01421361e-01  2.01273747e-01 -1.23022336e-05  5.59803348e-08  5.62396983e-08 
 1.04018470e-05  2.00728841e-01  2.01421071e-01  2.01282516e-01 -1.34668468e-05  4.01470012e-08  5.95578071e-08 
 1.04019807e-05  2.00740653e-01  2.01415990e-01  2.01289077e-01 -1.54237572e-05  8.62605614e-09  6.16894164e-08 
 1.04021057e-05  2.00754493e-01  2.01405876e-01  2.01294529e-01 -1.81178675e-05 -4.69019658e-08  6.30207335e-08 
 1.04022330e-05  2.00772724e-01  2.01387967e-01  2.01299114e-01 -2.20275651e-05 -1.41496434e-07  6.34768223e-08 
 1.04023616e-05  2.00799978e-01  2.01361055e-01  2.01302391e-01 -2.66635738e-05 -2.89604505e-07  6.27546691e-08 
 1.04024865e-05  2.00842156e-01  2.01324443e-01  2.01303867e-01 -3.13997739e-05 -4.98682111e-07  6.06026013e-08 
 1.04026016e-05  2.00906692e-01  2.01279651e-01  2.01303332e-01 -3.49199874e-05 -7.63583562e-07  5.70147766e-08 
 1.04027086e-05  2.01002991e-01  2.01225893e-01  2.01300794e-01 -3.68205781e-05 -1.08717169e-06  5.19308775e-08 
 1.04028273e-05  2.01175092e-01  2.01152894e-01  2.01295158e-01 -3.76941532e-05 -1.54739581e-06  4.39752764e-08 
 1.04029468e-05  2.01447101e-01  2.01070970e-01  2.01286134e-01 -3.87938168e-05 -2.11746145e-06  3.34531889e-08 
 1.04030968e-05  2.01983334e-01  2.00967508e-01  2.01270005e-01 -4.05442846e-05 -2.96734522e-06  1.68913860e-08 
 1.04032320e-05  2.02698364e-01  2.00879505e-01  2.01251229e-01 -4.23431310e-05 -3.84278484e-06 -1.02878042e-09 
 1.04033557e-05  2.03579842e-01  2.00806948e-01  2.01231041e-01 -4.39266657e-05 -4.71504216e-06 -1.96586085e-08 
 1.04034554e-05  2.04465036e-01  2.00756850e-01  2.01213083e-01 -4.49734257e-05 -5.45170661e-06 -3.59998759e-08 
 1.04035163e-05  2.05089962e-01  2.00732485e-01  2.01201568e-01 -4.52900262e-05 -5.90663703e-06 -4.64253705e-08 
 1.04035547e-05  2.05521782e-01  2.00721192e-01  2.01194183e-01 -4.53247428e-05 -6.18982403e-06 -5.30953962e-08 
 1.04035889e-05  2.05936726e-01  2.00715350e-01  2.01187567e-01 -4.51034993e-05 -6.43546672e-06 -5.90395672e-08 
 1.04036173e-05  2.06303305e-01  2.00715180e-01  2.01182130e-01 -4.46688769e-05 -6.62873360e-06 -6.38589780e-08 
 1.04036458e-05  2.06695800e-01  2.00721463e-01  2.01176757e-01 -4.38543801e-05 -6.80805777e-06 -6.84913984e-08 
 1.04036787e-05  2.07182268e-01  2.00739500e-01  2.01170782e-01 -4.24249584e-05 -6.98902044e-06 -7.34111050e-08 
 1.04037146e-05  2.07754842e-01  2.00773454e-01  2.01164740e-01 -4.03405579e-05 -7.14789540e-06 -7.81059481e-08 
 1.04037581e-05  2.08511321e-01  2.00832447e-01  2.01158331e-01 -3.72964012e-05 -7.28458905e-06 -8.28447350e-08 
 1.04038246e-05  2.09796924e-01  2.00946739e-01  2.01151011e-01 -3.22076621e-05 -7.38494888e-06 -8.83839472e-08 
 1.04038699e-05  2.10757082e-01  2.01032131e-01  2.01147924e-01 -2.88067206e-05 -7.38927373e-06 -9.12687419e-08 
 1.04039104e-05  2.11664187e-01  2.01106481e-01  2.01146501e-01 -2.60330428e-05 -7.36036046e-06 -9.34958508e-08 
 1.04039584e-05  2.12798091e-01  2.01188072e-01  2.01146324e-01 -2.31468653e-05 -7.29663957e-06 -9.59483843e-08 
 1.04040044e-05  2.13936467e-01  2.01257113e-01  2.01147531e-01 -2.08370407e-05 -7.21413860e-06 -9.82603230e-08 
 1.04040581e-05  2.15323132e-01  2.01325261e-01  2.01150366e-01 -1.86648091e-05 -7.10076039e-06 -1.01067354e-07 
 1.04041127e-05  2.16800303e-01  2.01381664e-01  2.01154543e-01 -1.69680926e-05 -6.97325747e-06 -1.04155174e-07 
 1.04041785e-05  2.18654779e-01  2.01434238e-01  2.01160857e-01 -1.54713403e-05 -6.81183286e-06 -1.08241187e-07 
 1.04042500e-05  2.20768598e-01  2.01476317e-01  2.01168881e-01 -1.43637913e-05 -6.63206574e-06 -1.13182210e-07 
 1.04043390e-05  2.23530235e-01  2.01512761e-01  2.01179913e-01 -1.34832804e-05 -6.40884658e-06 -1.20021719e-07 
 1.04044428e-05  2.26938334e-01  2.01540694e-01  2.01193614e-01 -1.29005115e-05 -6.15336639e-06 -1.28909370e-07 
 1.04045797e-05  2.31731366e-01  2.01564100e-01  2.01212203e-01 -1.24976754e-05 -5.82887198e-06 -1.41956001e-07 
 1.04047564e-05  2.38410614e-01  2.01583679e-01  2.01236210e-01 -1.22629815e-05 -5.43316158e-06 -1.60743783e-07 
 1.04050000e-05  2.48501855e-01  2.01603950e-01  2.01268498e-01 -1.20952509e-05 -4.92977467e-06 -1.89698718e-07 
 1.04050073e-05  2.48815008e-01  2.01593154e-01  2.01269408e-01 -1.33461292e-05 -4.91637328e-06 -1.90993898e-07 
 1.04050218e-05  2.49443185e-01  2.01575215e-01  2.01271171e-01 -1.37179586e-05 -4.88956364e-06 -1.93545576e-07 
 1.04050508e-05  2.50698147e-01  2.01550429e-01  2.01274419e-01 -1.38600740e-05 -4.83591734e-06 -1.98530594e-07 
 1.04051088e-05  2.53194212e-01  2.01515080e-01  2.01280115e-01 -1.42983246e-05 -4.72921503e-06 -2.08185270e-07 
 1.04052248e-05  2.58135951e-01  2.01472833e-01  2.01289358e-01 -1.45031049e-05 -4.52070368e-06 -2.26397052e-07 
 1.04053836e-05  2.64786312e-01  2.01448981e-01  2.01299299e-01 -1.46548537e-05 -4.24881882e-06 -2.49310614e-07 
 1.04056126e-05  2.74158714e-01  2.01442950e-01  2.01311266e-01 -1.45469799e-05 -3.88479181e-06 -2.78765173e-07 
 1.04059906e-05  2.89068704e-01  2.01458328e-01  2.01329443e-01 -1.45625460e-05 -3.35049774e-06 -3.19176847e-07 
 1.04065555e-05  3.10115090e-01  2.01508641e-01  2.01358670e-01 -1.44153458e-05 -2.68480160e-06 -3.63434316e-07 
 1.04076497e-05  3.46968819e-01  2.01678552e-01  2.01439418e-01 -1.43810105e-05 -1.74016859e-06 -4.08399190e-07 
 1.04094944e-05  3.98413370e-01  2.02174263e-01  2.01696473e-01 -1.41930009e-05 -8.20646973e-07 -4.08248983e-07 
 1.04113343e-05  4.37862316e-01  2.02924842e-01  2.02150006e-01 -1.42189648e-05 -3.89307835e-07 -3.58876425e-07 
 1.04131528e-05  4.67262320e-01  2.03912748e-01  2.02821366e-01 -1.41381338e-05 -1.87555526e-07 -2.95556237e-07 
 1.04151133e-05  4.90695855e-01  2.05235160e-01  2.03802899e-01 -1.42341763e-05 -8.57118297e-08 -2.29593469e-07 
 1.04170170e-05  5.07238089e-01  2.06749379e-01  2.05004710e-01 -1.42006938e-05 -4.07914757e-08 -1.74809023e-07 
 1.04191850e-05  5.20677282e-01  2.08711208e-01  2.06647250e-01 -1.43323309e-05 -1.77629142e-08 -1.25440275e-07 
 1.04214703e-05  5.30395290e-01  2.11008245e-01  2.08656142e-01 -1.43285460e-05 -7.65267695e-09 -8.68968973e-08 
 1.04241349e-05  5.37844497e-01  2.13924734e-01  2.11298183e-01 -1.44847620e-05 -2.92395054e-09 -5.56544451e-08 
 1.04270418e-05  5.42873868e-01  2.17336097e-01  2.14475723e-01 -1.45006181e-05 -9.37594195e-10 -3.35943778e-08 
 1.04305008e-05  5.46337364e-01  2.21630637e-01  2.18562275e-01 -1.46692248e-05  6.52293811e-11 -1.78391360e-08 
 1.04344506e-05  5.48410831e-01  2.26764219e-01  2.23526431e-01 -1.46920808e-05  6.28747912e-10 -8.06072818e-09 
 1.04393479e-05  5.49602613e-01  2.33366284e-01  2.29986174e-01 -1.48598092e-05  1.03301741e-09 -2.19349207e-09 
 1.04453223e-05  5.50157524e-01  2.41656857e-01  2.38167013e-01 -1.48752633e-05  1.32314957e-09  7.49706173e-10 
 1.04523077e-05  5.50354506e-01  2.51555916e-01  2.47990240e-01 -1.50173656e-05  1.52558935e-09  1.97719254e-09 
 1.04596129e-05  5.50407020e-01  2.62047413e-01  2.58437281e-01 -1.49924736e-05  1.65421021e-09  2.44619600e-09 
 1.04680391e-05  5.50422544e-01  2.74241772e-01  2.70605208e-01 -1.50963856e-05  1.75165251e-09  2.68762879e-09 
 1.04773218e-05  5.50429281e-01  2.87725755e-01  2.84077745e-01 -1.50433638e-05  1.81818076e-09  2.83451627e-09 
 1.04881987e-05  5.50434970e-01  3.03533831e-01  2.99885834e-01 -1.51244178e-05  1.86763918e-09  2.93346914e-09 
 1.05005638e-05  5.50442242e-01  3.21462393e-01  3.17825414e-01 -1.50553204e-05  1.89829103e-09  3.00417405e-09 
 1.05158140e-05  5.50451252e-01  3.43442861e-01  3.39831804e-01 -1.51248782e-05  1.92032118e-09  3.05271872e-09 
 1.05353627e-05  5.50464349e-01  3.71265983e-01  3.67710970e-01 -1.50483408e-05  1.93031694e-09  3.09244621e-09 
 1.05603593e-05  5.50481906e-01  4.05813865e-01  4.02393031e-01 -1.51138854e-05  1.91692901e-09  3.09526067e-09 
 1.05848109e-05  5.50500556e-01  4.37530873e-01  4.34370854e-01 -1.50410308e-05  1.83212467e-09  2.99238967e-09 
 1.06079711e-05  5.50517289e-01  4.64064023e-01  4.61353948e-01 -1.51202979e-05  1.62235447e-09  2.67593526e-09 
 1.06246548e-05  5.50528451e-01  4.79927319e-01  4.77693563e-01 -1.50629347e-05  1.35806625e-09  2.26565490e-09 
 1.06387416e-05  5.50535783e-01  4.90574358e-01  4.88813013e-01 -1.51520092e-05  1.07316229e-09  1.80763296e-09 
 1.06544793e-05  5.50542314e-01  4.99344176e-01  4.98104274e-01 -1.51045948e-05  7.33937247e-10  1.26385592e-09 
 1.06711106e-05  5.50546176e-01  5.05524639e-01  5.04724199e-01 -1.52013716e-05  4.28925806e-10  7.61881008e-10 
 1.06884051e-05  5.50548630e-01  5.09685815e-01  5.09154671e-01 -1.51519346e-05  2.22846212e-10  4.22722970e-10 
 1.07059031e-05  5.50549393e-01  5.12768341e-01  5.12338606e-01 -1.52377618e-05  1.34743299e-10  2.66200381e-10 
 1.07245686e-05  5.50550361e-01  5.15749330e-01  5.15327134e-01 -1.51744443e-05  1.21343979e-10  2.39580224e-10 
 1.07433515e-05  5.50550912e-01  5.18795024e-01  5.18358570e-01 -1.52482920e-05  1.39193050e-10  2.59638746e-10 
 1.07648643e-05  5.50552326e-01  5.22286397e-01  5.21857596e-01 -1.51775779e-05  1.49982884e-10  2.77638995e-10 
 1.07934354e-05  5.50553673e-01  5.26545324e-01  5.26167485e-01 -1.52489955e-05  1.38743191e-10  2.53027378e-10 
 1.08341633e-05  5.50555828e-01  5.31479217e-01  5.31187858e-01 -1.51797212e-05  1.00428786e-10  1.90088258e-10 
 1.08712539e-05  5.50556809e-01  5.34949936e-01  5.34712818e-01 -1.52527744e-05  7.67200446e-11  1.43659432e-10 
 1.09036681e-05  5.50557926e-01  5.37449256e-01  5.37242556e-01 -1.51827931e-05  6.45804751e-11  1.24465296e-10 
 1.09405040e-05  5.50558501e-01  5.39843348e-01  5.39667102e-01 -1.52546587e-05  5.50454409e-11  1.02616735e-10 
 1.09765034e-05  5.50559440e-01  5.41770357e-01  5.41621140e-01 -1.51842862e-05  4.39427843e-11  8.60015741e-11 
 1.10194479e-05  5.50559824e-01  5.43618456e-01  5.43495219e-01 -1.52560374e-05  3.48852321e-11  6.54173258e-11 
 1.10598380e-05  5.50560560e-01  5.45002834e-01  5.44897998e-01 -1.51855287e-05  2.71624383e-11  5.47748314e-11 
 1.11041517e-05  5.50560719e-01  5.46216938e-01  5.46128395e-01 -1.52569636e-05  2.22127373e-11  4.16251167e-11 
 1.11478444e-05  5.50561305e-01  5.47162087e-01  5.47086346e-01 -1.51862956e-05  1.65825990e-11  3.49269033e-11 
 1.11971780e-05  5.50561332e-01  5.47993395e-01  5.47928984e-01 -1.52575791e-05  1.33690144e-11  2.50478380e-11 
 1.12469560e-05  5.50561814e-01  5.48636452e-01  5.48580587e-01 -1.51868244e-05  9.34557314e-12  2.13148156e-11 
 1.13024162e-05  5.50561743e-01  5.49177867e-01  5.49129371e-01 -1.52579785e-05  7.61846185e-12  1.42158001e-11 
 1.13600029e-05  5.50562148e-01  5.49593055e-01  5.49550088e-01 -1.51871630e-05  4.68217761e-12  1.25291723e-11 
 1.14248782e-05  5.50562008e-01  5.49930453e-01  5.49892090e-01 -1.52582290e-05  3.95840240e-12  7.31624993e-12 
 1.14938795e-05  5.50562358e-01  5.50181371e-01  5.50146311e-01 -1.51873719e-05  1.83659078e-12  7.15734888e-12 
 1.15725632e-05  5.50562171e-01  5.50374271e-01  5.50341879e-01 -1.52583733e-05  1.80879617e-12  3.26049691e-12 
 1.16588943e-05  5.50562484e-01  5.50510405e-01  5.50479769e-01 -1.51874904e-05  2.45473130e-13  4.15182792e-12 
 1.17588943e-05  5.50562266e-01  5.50606205e-01  5.50576930e-01 -1.52584465e-05  6.89185905e-13  1.14673825e-12 
 1.18588943e-05  5.50562553e-01  5.50661808e-01  5.50633209e-01 -1.51875470e-05 -4.85953291e-13  2.76944038e-12 
 1.19588943e-05  5.50562314e-01  5.50693935e-01  5.50665838e-01 -1.52584711e-05  2.65888440e-13  3.47888114e-13 
 1.20588943e-05  5.50562588e-01  5.50712656e-01  5.50684741e-01 -1.51875695e-05 -7.31006184e-13  2.30552903e-12 
 1.21588943e-05  5.50562342e-01  5.50723403e-01  5.50695702e-01 -1.52584759e-05  1.23395651e-13  7.96473347e-14 
 1.22588943e-05  5.50562612e-01  5.50729741e-01  5.50702055e-01 -1.51875805e-05 -8.12946715e-13  2.14971265e-12 
 1.23294472e-05  5.50562360e-01  5.50732410e-01  5.50704829e-01 -1.52584726e-05  7.95912815e-14 -1.92359149e-15 
 1.24000000e-05  5.50562627e-01  5.50734347e-01  5.50706723e-01 -1.51875894e-05 -8.34671308e-13  2.10723111e-12 
 1.24000995e-05  5.50551152e-01  5.50657254e-01  5.50703776e-01 -1.71756477e-05 -7.52342687e-09 -4.66934635e-09 
 1.24002984e-05  5.50533162e-01  5.50568121e-01  5.50694698e-01 -1.78794663e-05 -1.83580684e-08 -1.33222823e-08 
 1.24006118e-05  5.50506313e-01  5.50533166e-01  5.50674459e-01 -1.79452350e-05 -2.88150835e-08 -2.52286719e-08 
 1.24009654e-05  5.50476689e-01  5.50518528e-01  5.50651189e-01 -1.84100379e-05 -3.83002308e-08 -3.70083026e-08 
 1.24013077e-05  5.50450785e-01  5.50511212e-01  5.50630193e-01 -2.02614533e-05 -3.79787039e-08 -4.67656323e-08 
 1.24015221e-05  5.50437058e-01  5.50508841e-01  5.50618045e-01 -2.33062296e-05 -2.54567731e-08 -5.19832057e-08 
 1.24016930e-05  5.50428546e-01  5.50512064e-01  5.50609117e-01 -2.72309040e-05 -1.56977943e-09 -5.55378989e-08 
 1.24018648e-05  5.50422300e-01  5.50518026e-01  5.50601037e-01 -3.27573998e-05  4.10539790e-08 -5.84897058e-08 
 1.24020211e-05  5.50418973e-01  5.50528923e-01  5.50594663e-01 -3.90674694e-05  1.02660655e-07 -6.05191892e-08 
 1.24021524e-05  5.50417676e-01  5.50542132e-01  5.50590230e-01 -4.52550189e-05  1.78149767e-07 -6.16159283e-08 
 1.24022619e-05  5.50417690e-01  5.50558293e-01  5.50587334e-01 -5.08694719e-05  2.64698864e-07 -6.19734520e-08 
 1.24023560e-05  5.50418154e-01  5.50576824e-01  5.50585586e-01 -5.59428032e-05  3.62971568e-07 -6.17453443e-08 
 1.24024398e-05  5.50418868e-01  5.50598855e-01  5.50584753e-01 -6.04816199e-05  4.75827801e-07 -6.09890515e-08 
 1.24025176e-05  5.50419395e-01  5.50625357e-01  5.50584748e-01 -6.46327815e-05  6.09409640e-07 -5.96776384e-08 
 1.24025972e-05  5.50419909e-01  5.50660031e-01  5.50585701e-01 -6.86605867e-05  7.82468746e-07 -5.75773146e-08 
 1.24026851e-05  5.50420761e-01  5.50706555e-01  5.50588122e-01 -7.28894722e-05  1.02221025e-06 -5.42778302e-08 
 1.24027860e-05  5.50422876e-01  5.50766339e-01  5.50592902e-01 -7.75575257e-05  1.35944281e-06 -4.93055170e-08 
 1.24028904e-05  5.50426360e-01  5.50829539e-01  5.50600159e-01 -8.23317901e-05  1.77011838e-06 -4.30590917e-08 
 1.24030097e-05  5.50432204e-01  5.50898586e-01  5.50611179e-01 -8.77447247e-05  2.30442567e-06 -3.48386423e-08 
 1.24031408e-05  5.50440767e-01  5.50967461e-01  5.50626223e-01 -9.35464458e-05  2.95530545e-06 -2.48041537e-08 
 1.24032858e-05  5.50452699e-01  5.51033513e-01  5.50645763e-01 -9.94282790e-05  3.73265315e-06 -1.28583213e-08 
 1.24034347e-05  5.50467022e-01  5.51088591e-01  5.50668197e-01 -1.04228451e-04  4.57101833e-06 -8.08154530e-11 
 1.24035490e-05  5.50478967e-01  5.51118816e-01  5.50686418e-01 -1.05856025e-04  5.22065795e-06  9.67265840e-09 
 1.24036205e-05  5.50486416e-01  5.51128315e-01  5.50697981e-01 -1.04252512e-04  5.61593161e-06  1.54602014e-08 
 1.24036749e-05  5.50491766e-01  5.51126357e-01  5.50706620e-01 -1.00452626e-04  5.89711571e-06  1.94139727e-08 
 1.24037310e-05  5.50496643e-01  5.51112163e-01  5.50715177e-01 -9.42123970e-05  6.15812577e-06  2.28362343e-08 
 1.24038021e-05  5.50501646e-01  5.51074744e-01  5.50725009e-01 -8.40130811e-05  6.43091259e-06  2.59316004e-08 
 1.24038725e-05  5.50505082e-01  5.51018724e-01  5.50733171e-01 -7.28163226e-05  6.62967707e-06  2.75344984e-08 
 1.24039668e-05  5.50507391e-01  5.50924043e-01  5.50740971e-01 -5.82232079e-05  6.78426507e-06  2.75343202e-08 
 1.24040740e-05  5.50507138e-01  5.50806353e-01  5.50745033e-01 -4.44628395e-05  6.82223995e-06  2.50921270e-08 
 1.24041614e-05  5.50505168e-01  5.50714665e-01  5.50744618e-01 -3.61618179e-05  6.76680458e-06  2.17296006e-08 
 1.24042455e-05  5.50502170e-01  5.50637058e-01  5.50741435e-01 -3.04403062e-05  6.66168647e-06  1.78001462e-08 
 1.24043420e-05  5.50497845e-01  5.50563302e-01  5.50735042e-01 -2.59691558e-05  6.49924376e-06  1.28426232e-08 
 1.24044352e-05  5.50493037e-01  5.50507346e-01  5.50726727e-01 -2.32492716e-05  6.31602983e-06  7.87528808e-09 
 1.24045428e-05  5.50487047e-01  5.50458545e-01  5.50715288e-01 -2.13384868e-05  6.08783209e-06  2.14606200e-09 
 1.24046550e-05  5.50480479e-01  5.50421678e-01  5.50701999e-01 -2.02472954e-05  5.84285452e-06 -3.67103184e-09 
 1.24047909e-05  5.50472331e-01  5.50390137e-01  5.50684874e-01 -1.95665974e-05  5.54753334e-06 -1.04018994e-08 
 1.24048955e-05  5.50465964e-01  5.50372454e-01  5.50671313e-01 -1.93262932e-05  5.32551631e-06 -1.53225402e-08 
 1.24050000e-05  5.50459583e-01  5.50358287e-01  5.50657655e-01 -1.91864711e-05  5.11011129e-06 -2.00173474e-08 
 1.24050021e-05  5.50460464e-01  5.50361757e-01  5.50657390e-01 -1.81446679e-05  5.10621065e-06 -1.99926183e-08 
 1.24050062e-05  5.50461288e-01  5.50368159e-01  5.50656865e-01 -1.77405287e-05  5.09844604e-06 -1.99493911e-08 
 1.24050144e-05  5.50461218e-01  5.50378650e-01  5.50655847e-01 -1.75215647e-05  5.08298687e-06 -1.98825611e-08 
 1.24050308e-05  5.50461333e-01  5.50394829e-01  5.50653907e-01 -1.72173589e-05  5.05205533e-06 -1.97676355e-08 
 1.24050578e-05  5.50461333e-01  5.50415381e-01  5.50650935e-01 -1.67827008e-05  5.00112214e-06 -1.96056415e-08 
 1.24051118e-05  5.50461426e-01  5.50445718e-01  5.50645632e-01 -1.61875196e-05  4.89973985e-06 -1.93551519e-08 
 1.24052200e-05  5.50461374e-01  5.50481304e-01  5.50636756e-01 -1.55427383e-05  4.70043454e-06 -1.90110371e-08 
 1.24054362e-05  5.50461229e-01  5.50503729e-01  5.50622514e-01 -1.51963777e-05  4.32100178e-06 -1.85234326e-08 
 1.24057311e-05  5.50460874e-01  5.50499924e-01  5.50606007e-01 -1.51570826e-05  3.84919963e-06 -1.78723096e-08 
 1.24061360e-05  5.50460499e-01  5.50486995e-01  5.50585016e-01 -1.51656842e-05  3.28267711e-06 -1.68522591e-08 
 1.24067039e-05  5.50459962e-01  5.50470066e-01  5.50557679e-01 -1.51532168e-05  2.62451543e-06 -1.52966839e-08 
 1.24077622e-05  5.50459247e-01  5.50444552e-01  5.50512996e-01 -1.51655945e-05  1.72202506e-06 -1.23602264e-08 
 1.24098788e-05  5.50458221e-01  5.50412501e-01  5.50446379e-01 -1.51567831e-05  7.11439336e-07 -7.37572535e-09 
 1.24141119e-05  5.50457338e-01  5.50401807e-01  5.50385177e-01 -1.51785576e-05  6.57976589e-08 -1.87671597e-09 
 1.24196552e-05  5.50456972e-01  5.50447905e-01  5.50397963e-01 -1.51782347e-05 -2.80155166e-09 -8.04934153e-11 
 1.24279237e-05  5.50456939e-01  5.50552581e-01  5.50491137e-01 -1.52019088e-05  6.65051161e-10  3.02686228e-11 
 1.24417189e-05  5.50456985e-01  5.50692890e-01  5.50643907e-01 -1.51999483e-05 -2.84699332e-10  2.44361370e-11 
 1.24563888e-05  5.50457092e-01  5.50751981e-01  5.50719970e-01 -1.52168731e-05  1.51505010e-10  1.44902048e-11 
 1.24821623e-05  5.50457052e-01  5.50722003e-01  5.50702359e-01 -1.52085024e-05 -1.01803392e-10 -6.54335413e-12 
 1.25149781e-05  5.50456995e-01  5.50645399e-01  5.50622192e-01 -1.52217386e-05  6.76792110e-11 -3.23612144e-12 
 1.25524446e-05  5.50456922e-01  5.50631467e-01  5.50602272e-01 -1.52096436e-05 -5.39932307e-11  8.32878851e-13 
 1.26000000e-05  5.50456983e-01  5.50653614e-01  5.50625325e-01 -1.52215835e-05  4.41352016e-11  3.24810074e-12 
 1.26000366e-05  5.50458243e-01  5.50673651e-01  5.50625625e-01 -1.24304985e-05  5.33481597e-09  9.17451513e-10 
 1.26001098e-05  5.50459061e-01  5.50702790e-01  5.50626637e-01 -1.18566850e-05  1.56713837e-08  2.64669494e-09 
 1.26002563e-05  5.50460327e-01  5.50731936e-01  5.50630233e-01 -1.15493678e-05  3.46949239e-08  5.77431066e-09 
 1.26004449e-05  5.50462079e-01  5.50747115e-01  5.50636179e-01 -1.14102739e-05  5.71574457e-08  9.43720639e-09 
 1.26007863e-05  5.50465006e-01  5.50754693e-01  5.50647324e-01 -1.14692957e-05  9.37405830e-08  1.53756791e-08 
 1.26011922e-05  5.50468662e-01  5.50758364e-01  5.50659588e-01 -1.14530096e-05  1.31296085e-07  2.14663769e-08 
 1.26014218e-05  5.50470754e-01  5.50758800e-01  5.50665862e-01 -1.16495073e-05  1.49955452e-07  2.44694004e-08 
 1.26016631e-05  5.50473685e-01  5.50757513e-01  5.50671826e-01 -1.22658828e-05  1.67444928e-07  2.72115488e-08 
 1.26017924e-05  5.50475837e-01  5.50753700e-01  5.50674663e-01 -1.32102768e-05  1.75693335e-07  2.84140854e-08 
 1.26019327e-05  5.50479300e-01  5.50745289e-01  5.50677244e-01 -1.50330439e-05  1.83235453e-07  2.93377755e-08 
 1.26020624e-05  5.50483633e-01  5.50730593e-01  5.50678921e-01 -1.79316463e-05  1.88434221e-07  2.96571233e-08 
 1.26021867e-05  5.50489129e-01  5.50708575e-01  5.50679558e-01 -2.18296779e-05  1.91230652e-07  2.92781944e-08 
 1.26023095e-05  5.50495465e-01  5.50676979e-01  5.50678872e-01 -2.67436737e-05  1.91344366e-07  2.80283904e-08 
 1.26024282e-05  5.50502251e-01  5.50635608e-01  5.50676547e-01 -3.19161480e-05  1.88352545e-07  2.57724873e-08 
 1.26025377e-05  5.50508397e-01  5.50585588e-01  5.50672541e-01 -3.64281332e-05  1.82292715e-07  2.25431640e-08 
 1.26026363e-05  5.50513515e-01  5.50528081e-01  5.50666999e-01 -3.94399024e-05  1.73450197e-07  1.84438116e-08 
 1.26027362e-05  5.50517692e-01  5.50455903e-01  5.50659071e-01 -4.12744862e-05  1.60661589e-07  1.29145629e-08 
 1.26028425e-05  5.50520909e-01  5.50366895e-01  5.50647609e-01 -4.29154151e-05  1.42709808e-07  5.45772586e-09 
 1.26029785e-05  5.50522791e-01  5.50246563e-01  5.50628101e-01 -4.54179720e-05  1.13900136e-07 -6.12548177e-09 
 1.26030993e-05  5.50522412e-01  5.50142054e-01  5.50606327e-01 -4.77695776e-05  8.29765805e-08 -1.80001765e-08 
 1.26032282e-05  5.50519673e-01  5.50039405e-01  5.50579032e-01 -5.02522248e-05  4.29139729e-08 -3.19037227e-08 
 1.26033314e-05  5.50515662e-01  5.49967562e-01  5.50554633e-01 -5.19009770e-05 -2.22649694e-09 -4.36778284e-08 
 1.26033950e-05  5.50512386e-01  5.49930975e-01  5.50538747e-01 -5.25578592e-05 -5.10739549e-08 -5.10440303e-08 
 1.26034358e-05  5.50510370e-01  5.49912611e-01  5.50528298e-01 -5.27028203e-05 -1.06014449e-07 -5.57354391e-08 
 1.26034712e-05  5.50508589e-01  5.49901779e-01  5.50519178e-01 -5.25722727e-05 -1.81622532e-07 -5.96877678e-08 
 1.26034989e-05  5.50506724e-01  5.49898239e-01  5.50512060e-01 -5.21683874e-05 -2.65721514e-07 -6.26289764e-08 
 1.26035229e-05  5.50504056e-01  5.49900524e-01  5.50505952e-01 -5.14770347e-05 -3.59538995e-07 -6.49848221e-08 
 1.26035469e-05  5.50500084e-01  5.49909829e-01  5.50499944e-01 -5.03708979e-05 -4.74420043e-07 -6.70672891e-08 
 1.26035788e-05  5.50493190e-01  5.49935445e-01  5.50492270e-01 -4.82765161e-05 -6.59192819e-07 -6.92533337e-08 
 1.26036077e-05  5.50486215e-01  5.49971919e-01  5.50485763e-01 -4.58951273e-05 -8.56502505e-07 -7.05879455e-08 
 1.26036494e-05  5.50476235e-01  5.50043152e-01  5.50477407e-01 -4.19365038e-05 -1.18532509e-06 -7.14397223e-08 
 1.26036908e-05  5.50467560e-01  5.50129217e-01  5.50470525e-01 -3.77759943e-05 -1.55704177e-06 -7.11815239e-08 
 1.26037238e-05  5.50461978e-01  5.50203231e-01  5.50466167e-01 -3.44988050e-05 -1.87991291e-06 -7.03483477e-08 
 1.26037574e-05  5.50457623e-01  5.50278757e-01  5.50462797e-01 -3.13824296e-05 -2.22754093e-06 -6.90937138e-08 
 1.26037979e-05  5.50454018e-01  5.50366011e-01  5.50460098e-01 -2.79824765e-05 -2.66908850e-06 -6.72174688e-08 
 1.26038355e-05  5.50452102e-01  5.50440450e-01  5.50458839e-01 -2.52529744e-05 -3.09763834e-06 -6.52634963e-08 
 1.26038787e-05  5.50451290e-01  5.50516220e-01  5.50458702e-01 -2.26030159e-05 -3.61033179e-06 -6.29084801e-08 
 1.26039216e-05  5.50451660e-01  5.50580673e-01  5.50459761e-01 -2.04684213e-05 -4.14079175e-06 -6.05450660e-08 
 1.26039729e-05  5.50453304e-01  5.50644084e-01  5.50462299e-01 -1.84677280e-05 -4.80143138e-06 -5.77787082e-08 
 1.26040270e-05  5.50456135e-01  5.50697014e-01  5.50466168e-01 -1.69013544e-05 -5.53400169e-06 -5.49672210e-08 
 1.26040932e-05  5.50460808e-01  5.50746081e-01  5.50472129e-01 -1.55459498e-05 -6.48686365e-06 -5.16944876e-08 
 1.26041673e-05  5.50467261e-01  5.50785497e-01  5.50479894e-01 -1.45666266e-05 -7.63376717e-06 -4.82452611e-08 
 1.26042619e-05  5.50477034e-01  5.50820101e-01  5.50490864e-01 -1.38232724e-05 -9.24657839e-06 -4.40926758e-08 
 1.26043755e-05  5.50490534e-01  5.50847569e-01  5.50504879e-01 -1.33720961e-05 -1.14319392e-05 -3.93829791e-08 
 1.26045311e-05  5.50511350e-01  5.50872769e-01  5.50524667e-01 -1.31104780e-05 -1.49197318e-05 -3.32385895e-08 
 1.26047373e-05  5.50541470e-01  5.50896978e-01  5.50551020e-01 -1.30134929e-05 -2.04761302e-05 -2.53665569e-08 
 1.26050000e-05  5.50581240e-01  5.50922773e-01  5.50584099e-01 -1.29917319e-05 -2.90648132e-05 -1.53368457e-08 
 1.26050066e-05  5.50580588e-01  5.50918379e-01  5.50584901e-01 -1.52948370e-05 -2.93003037e-05 -1.52636182e-08 
 1.26050197e-05  5.50580189e-01  5.50911028e-01  5.50586481e-01 -1.55140238e-05 -2.97702331e-05 -1.51031810e-08 
 1.26050459e-05  5.50580250e-01  5.50900876e-01  5.50589525e-01 -1.54299264e-05 -3.07007980e-05 -1.47333286e-08 
 1.26050983e-05  5.50580030e-01  5.50886644e-01  5.50595265e-01 -1.55414981e-05 -3.25226521e-05 -1.38783191e-08 
 1.26052031e-05  5.50580316e-01  5.50870825e-01  5.50605775e-01 -1.54635357e-05 -3.60152104e-05 -1.18039865e-08 
 1.26053284e-05  5.50580580e-01  5.50865011e-01  5.50617247e-01 -1.55182503e-05 -3.99358563e-05 -8.83122925e-09 
 1.26055189e-05  5.50581403e-01  5.50867881e-01  5.50633519e-01 -1.54193436e-05 -4.54005226e-05 -3.49820409e-09 
 1.26058138e-05  5.50582584e-01  5.50880955e-01  5.50657284e-01 -1.54508877e-05 -5.27845053e-05  6.24689015e-09 
 1.26064035e-05  5.50585860e-01  5.50909569e-01  5.50701689e-01 -1.53240896e-05 -6.42653929e-05  2.89835759e-08 
 1.26075830e-05  5.50593662e-01  5.50955040e-01  5.50779212e-01 -1.53087839e-05 -7.76586683e-05  7.70058322e-08 
 1.26086544e-05  5.50602076e-01  5.50983283e-01  5.50836531e-01 -1.51979814e-05 -8.22745714e-05  1.15532971e-07 
 1.26100844e-05  5.50613588e-01  5.51005191e-01  5.50894427e-01 -1.52289293e-05 -8.25746937e-05  1.52229470e-07 
 1.26114748e-05  5.50624960e-01  5.51012079e-01  5.50932139e-01 -1.51452420e-05 -7.94879133e-05  1.72320187e-07 
 1.26134828e-05  5.50640347e-01  5.51003242e-01  5.50959631e-01 -1.51970222e-05 -7.29132845e-05  1.81610420e-07 
 1.26156902e-05  5.50656110e-01  5.50975017e-01  5.50960826e-01 -1.51258553e-05 -6.50911888e-05  1.75583868e-07 
 1.26190826e-05  5.50677219e-01  5.50910015e-01  5.50923753e-01 -1.51873916e-05 -5.42337251e-05  1.53959408e-07 
 1.26235627e-05  5.50700781e-01  5.50808060e-01  5.50836553e-01 -1.51232558e-05 -4.28321236e-05  1.22827250e-07 
 1.26285976e-05  5.50722058e-01  5.50696153e-01  5.50724178e-01 -1.51909452e-05 -3.33773725e-05  9.47228514e-08 
 1.26342041e-05  5.50741274e-01  5.50592641e-01  5.50610727e-01 -1.51316146e-05 -2.57634422e-05  7.21958330e-08 
 1.26404565e-05  5.50758039e-01  5.50511515e-01  5.50514958e-01 -1.52024665e-05 -1.96774068e-05  5.45233180e-08 
 1.26476276e-05  5.50773227e-01  5.50462324e-01  5.50449484e-01 -1.51456440e-05 -1.47332228e-05  4.04239980e-08 
 1.26557999e-05  5.50786185e-01  5.50453899e-01  5.50426040e-01 -1.52177243e-05 -1.08018383e-05  2.94022665e-08 
 1.26653807e-05  5.50797629e-01  5.50489272e-01  5.50449726e-01 -1.51614225e-05 -7.64930449e-06  2.06909502e-08 
 1.26764461e-05  5.50806834e-01  5.50562347e-01  5.50516618e-01 -1.52328703e-05 -5.22400716e-06  1.40685985e-08 
 1.26895038e-05  5.50814440e-01  5.50657501e-01  5.50611747e-01 -1.51752681e-05 -3.38180605e-06  9.07991965e-09 
 1.27047469e-05  5.50819939e-01  5.50748237e-01  5.50707513e-01 -1.52447009e-05 -2.06013350e-06  5.52063403e-09 
 1.27229660e-05  5.50824049e-01  5.50812089e-01  5.50778310e-01 -1.51848697e-05 -1.14841660e-06  3.07178476e-09 
 1.27446889e-05  5.50826485e-01  5.50840103e-01  5.50811226e-01 -1.52518642e-05 -5.72966506e-07  1.52947078e-09 
 1.27714307e-05  5.50828072e-01  5.50848693e-01  5.50820714e-01 -1.51897034e-05 -2.41174111e-07  6.42804093e-10 
 1.28048157e-05  5.50828677e-01  5.50865068e-01  5.50835717e-01 -1.52545594e-05 -7.88267641e-08  2.11711704e-10 
 1.28487542e-05  5.50829095e-01  5.50898902e-01  5.50869342e-01 -1.51908766e-05 -1.59386396e-08  4.50204918e-11 
 1.29094286e-05  5.50829075e-01  5.50931995e-01  5.50903641e-01 -1.52549318e-05 -5.96448252e-10  3.16478956e-12 
 1.30025622e-05  5.50829213e-01  5.50958062e-01  5.50929914e-01 -1.51910063e-05  3.86093562e-11  1.23840760e-12 
 1.31025622e-05  5.50829114e-01  5.50979094e-01  5.50951089e-01 -1.52549499e-05  4.55853144e-11  1.23982562e-12 
 1.32025622e-05  5.50829242e-01  5.50989895e-01  5.50962246e-01 -1.51910131e-05 -6.31290849e-11  1.24208944e-12 
 1.33025622e-05  5.50829133e-01  5.50995714e-01  5.50967980e-01 -1.52549581e-05  6.03096672e-11  9.23718513e-13 
 1.34025622e-05  5.50829257e-01  5.51000231e-01  5.50972636e-01 -1.51910172e-05 -6.09331151e-11  1.27804359e-12 
 1.35025622e-05  5.50829146e-01  5.51001803e-01  5.50974222e-01 -1.52549568e-05  5.49590065e-11  7.84395498e-13 
 1.36025622e-05  5.50829268e-01  5.51003329e-01  5.50975737e-01 -1.51910234e-05 -5.54851054e-11  1.28733596e-12 
 1.37025622e-05  5.50829157e-01  5.51004034e-01  5.50976491e-01 -1.52549519e-05  4.98130556e-11  7.59176359e-13 
 1.38025622e-05  5.50829277e-01  5.51004357e-01  5.50976788e-01 -1.51910291e-05 -5.07728922e-11  1.26929825e-12 
 1.39025622e-05  5.50829166e-01  5.51004725e-01  5.50977177e-01 -1.52549472e-05  4.54768170e-11  7.61678643e-13 
 1.40025622e-05  5.50829287e-01  5.51004788e-01  5.50977235e-01 -1.51910337e-05 -4.68101345e-11  1.26343180e-12 
 1.41025622e-05  5.50829176e-01  5.51004906e-01  5.50977355e-01 -1.52549430e-05  4.18484102e-11  7.54860150e-13 
 1.42025622e-05  5.50829296e-01  5.51004963e-01  5.50977414e-01 -1.51910380e-05 -4.34998834e-11  1.27202860e-12 
 1.43025622e-05  5.50829185e-01  5.51004973e-01  5.50977424e-01 -1.52549388e-05  3.88266565e-11  7.42376158e-13 
 1.44025622e-05  5.50829305e-01  5.51005017e-01  5.50977466e-01 -1.51910423e-05 -4.07439341e-11  1.28327703e-12 
 1.45025622e-05  5.50829194e-01  5.51005014e-01  5.50977467e-01 -1.52549345e-05  3.63118264e-11  7.31717313e-13 
 1.46000000e-05  5.50829314e-01  5.51005033e-01  5.50977481e-01 -1.51910467e-05 -3.84204821e-11  1.29235273e-12 
 1.46001371e-05  5.50826401e-01  5.50959920e-01  5.50975136e-01 -1.77173141e-05 -2.55369207e-08 -3.09210568e-09 
 1.46004113e-05  5.50823613e-01  5.50912601e-01  5.50968228e-01 -1.78128858e-05 -7.08833060e-08 -8.74008880e-09 
 1.46007239e-05  5.50821107e-01  5.50905096e-01  5.50957998e-01 -1.79183117e-05 -1.11798699e-07 -1.42924026e-08 
 1.46011199e-05  5.50818171e-01  5.50902071e-01  5.50945969e-01 -1.88490025e-05 -1.51417718e-07 -2.03512518e-08 
 1.46013176e-05  5.50817359e-01  5.50903401e-01  5.50940586e-01 -2.02390815e-05 -1.66078618e-07 -2.29083184e-08 
 1.46014841e-05  5.50817335e-01  5.50906127e-01  5.50936502e-01 -2.24710749e-05 -1.75356560e-07 -2.47723581e-08 
 1.46016475e-05  5.50818200e-01  5.50911882e-01  5.50933016e-01 -2.58518752e-05 -1.81021241e-07 -2.62824501e-08 
 1.46018104e-05  5.50819985e-01  5.50920567e-01  5.50930219e-01 -3.06024376e-05 -1.82337634e-07 -2.74028629e-08 
 1.46019597e-05  5.50822461e-01  5.50932626e-01  5.50928412e-01 -3.61223675e-05 -1.78611517e-07 -2.80066468e-08 
 1.46020873e-05  5.50825040e-01  5.50946740e-01  5.50927602e-01 -4.16830921e-05 -1.70456731e-07 -2.81079539e-08 
 1.46021942e-05  5.50827416e-01  5.50962792e-01  5.50927586e-01 -4.68092495e-05 -1.58851543e-07 -2.77993495e-08 
 1.46022857e-05  5.50829387e-01  5.50980678e-01  5.50928182e-01 -5.14550021e-05 -1.44295807e-07 -2.71542125e-08 
 1.46023660e-05  5.50830933e-01  5.51001026e-01  5.50929293e-01 -5.56000223e-05 -1.26833961e-07 -2.61985234e-08 
 1.46024384e-05  5.50831960e-01  5.51024381e-01  5.50930887e-01 -5.93037999e-05 -1.06238255e-07 -2.49265380e-08 
 1.46025060e-05  5.50832484e-01  5.51052043e-01  5.50933017e-01 -6.26090722e-05 -8.16851874e-08 -2.32777819e-08 
 1.46025751e-05  5.50832574e-01  5.51087241e-01  5.50935987e-01 -6.57587853e-05 -5.03803602e-08 -2.10309483e-08 
 1.46026505e-05  5.50832665e-01  5.51133593e-01  5.50940354e-01 -6.89213382e-05 -8.79836167e-09 -1.78543737e-08 
 1.46027352e-05  5.50833320e-01  5.51192441e-01  5.50946852e-01 -7.22262185e-05  4.47357693e-08 -1.34373237e-08 
 1.46028270e-05  5.50834890e-01  5.51260130e-01  5.50955939e-01 -7.55547827e-05  1.04924639e-07 -7.77076947e-09 
 1.46029168e-05  5.50837191e-01  5.51327056e-01  5.50966882e-01 -7.85473510e-05  1.57071607e-07 -1.50730677e-09 
 1.46030215e-05  5.50840966e-01  5.51402753e-01  5.50982074e-01 -8.17516895e-05  1.99911699e-07  6.49022726e-09 
 1.46031311e-05  5.50846385e-01  5.51475377e-01  5.51000496e-01 -8.49492840e-05  2.25391804e-07  1.54413210e-08 
 1.46032380e-05  5.50852946e-01  5.51536415e-01  5.51020512e-01 -8.78722416e-05  2.40862393e-07  2.45333977e-08 
 1.46033583e-05  5.50861194e-01  5.51591541e-01  5.51044754e-01 -9.04220451e-05  2.55330356e-07  3.49310235e-08 
 1.46034561e-05  5.50868340e-01  5.51623421e-01  5.51065283e-01 -9.11052080e-05  2.66546798e-07  4.32728829e-08 
 1.46035197e-05  5.50872921e-01  5.51634426e-01  5.51078758e-01 -8.95476972e-05  2.73338213e-07  4.84294073e-08 
 1.46035697e-05  5.50876362e-01  5.51633321e-01  5.51089203e-01 -8.61387417e-05  2.77752671e-07  5.21034738e-08 
 1.46036209e-05  5.50879491e-01  5.51619022e-01  5.51099525e-01 -8.05642948e-05  2.80850081e-07  5.52849133e-08 
 1.46036875e-05  5.50882931e-01  5.51577916e-01  5.51111924e-01 -7.12719965e-05  2.82056123e-07  5.82925651e-08 
 1.46037501e-05  5.50885391e-01  5.51518494e-01  5.51122028e-01 -6.17201868e-05  2.80231073e-07  5.98717217e-08 
 1.46038374e-05  5.50887722e-01  5.51413434e-01  5.51132882e-01 -4.90754024e-05  2.73390723e-07  6.02174909e-08 
 1.46039401e-05  5.50889048e-01  5.51277866e-01  5.51140339e-01 -3.72241884e-05  2.60492414e-07  5.84500342e-08 
 1.46040164e-05  5.50889335e-01  5.51181735e-01  5.51142201e-01 -3.10296806e-05  2.48611704e-07  5.60955589e-08 
 1.46040904e-05  5.50889207e-01  5.51099739e-01  5.51141355e-01 -2.68207955e-05  2.36063018e-07  5.33509845e-08 
 1.46041771e-05  5.50888769e-01  5.51020109e-01  5.51137639e-01 -2.35606046e-05  2.20570576e-07  4.98502247e-08 
 1.46042621e-05  5.50888116e-01  5.50958984e-01  5.51131764e-01 -2.16185885e-05  2.04962196e-07  4.63230948e-08 
 1.46043608e-05  5.50887239e-01  5.50906019e-01  5.51122990e-01 -2.03184031e-05  1.86645312e-07  4.22794677e-08 
 1.46044640e-05  5.50886216e-01  5.50866529e-01  5.51112296e-01 -1.96076232e-05  1.67467543e-07  3.81865423e-08 
 1.46045896e-05  5.50884938e-01  5.50833600e-01  5.51098099e-01 -1.91941965e-05  1.44396866e-07  3.34530951e-08 
 1.46047304e-05  5.50883464e-01  5.50808949e-01  5.51081424e-01 -1.90089405e-05  1.19123759e-07  2.84601445e-08 
 1.46048652e-05  5.50882065e-01  5.50792288e-01  5.51065232e-01 -1.89425414e-05  9.57210435e-08  2.39709755e-08 
 1.46050000e-05  5.50880657e-01  5.50779207e-01  5.51049110e-01 -1.89171369e-05  7.32405464e-08  1.97379275e-08 
 1.46050024e-05  5.50881182e-01  5.50781082e-01  5.51048822e-01 -1.67112227e-05  7.31688723e-08  1.97312664e-08 
 1.46050073e-05  5.50881661e-01  5.50784546e-01  5.51048250e-01 -1.63480991e-05  7.30741372e-08  1.97148709e-08 
 1.46050171e-05  5.50881580e-01  5.50790120e-01  5.51047128e-01 -1.62270872e-05  7.29656281e-08  1.96694804e-08 
 1.46050366e-05  5.50881638e-01  5.50798554e-01  5.51044949e-01 -1.60309272e-05  7.26900482e-08  1.95658583e-08 
 1.46050681e-05  5.50881593e-01  5.50809054e-01  5.51041576e-01 -1.57842409e-05  7.21557185e-08  1.93810365e-08 
 1.46051313e-05  5.50881582e-01  5.50823672e-01  5.51035270e-01 -1.54629739e-05  7.08534754e-08  1.89682475e-08 
 1.46052576e-05  5.50881414e-01  5.50837397e-01  5.51023821e-01 -1.51749620e-05  6.78432470e-08  1.80759697e-08 
 1.46055103e-05  5.50881120e-01  5.50837473e-01  5.51003240e-01 -1.50731025e-05  6.16239594e-08  1.63058477e-08 
 1.46058125e-05  5.50880718e-01  5.50823926e-01  5.50980429e-01 -1.50810156e-05  5.47301550e-08  1.43877639e-08 
 1.46062798e-05  5.50880220e-01  5.50802151e-01  5.50947106e-01 -1.50847555e-05  4.54826152e-08  1.18505064e-08 
 1.46070112e-05  5.50879489e-01  5.50771882e-01  5.50899218e-01 -1.50861464e-05  3.39567775e-08  8.71451410e-09 
 1.46084739e-05  5.50878437e-01  5.50724893e-01  5.50818474e-01 -1.50979182e-05  1.86535267e-08  4.58956205e-09 
 1.46113994e-05  5.50877101e-01  5.50672956e-01  5.50709887e-01 -1.51108908e-05  4.86493078e-09  9.73432719e-10 
 1.46165785e-05  5.50876143e-01  5.50668252e-01  5.50641895e-01 -1.51390757e-05 -1.66098745e-10 -1.90431747e-10 
 1.46225577e-05  5.50875771e-01  5.50731154e-01  5.50674870e-01 -1.51569813e-05 -2.51478532e-11 -3.59390184e-11 
 1.46330816e-05  5.50875630e-01  5.50870719e-01  5.50808459e-01 -1.51846018e-05  1.65771611e-11  3.01404672e-11 
 1.46447485e-05  5.50875594e-01  5.50988343e-01  5.50939399e-01 -1.51955317e-05  1.53016380e-11  2.65822559e-11 
 1.46625969e-05  5.50875628e-01  5.51062116e-01  5.51030454e-01 -1.52099281e-05  4.05122919e-12  9.06534982e-12 
 1.46896529e-05  5.50875561e-01  5.51046400e-01  5.51024129e-01 -1.52122712e-05 -3.09122476e-12 -3.16406862e-12 
 1.47254684e-05  5.50875512e-01  5.51001148e-01  5.50975156e-01 -1.52173661e-05 -2.27488384e-12 -2.19586702e-12 
 1.47631552e-05  5.50875474e-01  5.51009447e-01  5.50979734e-01 -1.52137757e-05  7.43757920e-13  2.81561780e-12 
 1.48000000e-05  5.50875524e-01  5.51031647e-01  5.51003091e-01 -1.52172702e-05  2.22498886e-13  2.10353837e-12 
 1.48000253e-05  5.50878650e-01  5.51062560e-01  5.51003410e-01 -1.34743027e-05  3.10050638e-09  1.29344335e-09 
 1.48000758e-05  5.50882038e-01  5.51108917e-01  5.51004506e-01 -1.26254834e-05  8.71273079e-09  3.76399313e-09 
 1.48001768e-05  5.50888087e-01  5.51162146e-01  5.51008605e-01 -1.19292043e-05  1.69094625e-08  8.33681443e-09 
 1.48003103e-05  5.50896356e-01  5.51200696e-01  5.51016163e-01 -1.14892278e-05  2.43259873e-08  1.39238960e-08 
 1.48005774e-05  5.50912298e-01  5.51230561e-01  5.51033599e-01 -1.14267255e-05  3.50627325e-08  2.41060394e-08 
 1.48009209e-05  5.50933110e-01  5.51246169e-01  5.51056381e-01 -1.13671100e-05  4.60058536e-08  3.56994435e-08 
 1.48014739e-05  5.50966465e-01  5.51262838e-01  5.51090355e-01 -1.17131659e-05  5.82366959e-08  5.13473623e-08 
 1.48016122e-05  5.50975327e-01  5.51266371e-01  5.51098247e-01 -1.19171038e-05  5.81762388e-08  5.46843536e-08 
 1.48018489e-05  5.50991272e-01  5.51265878e-01  5.51110933e-01 -1.35608230e-05  3.88501977e-08  5.95878654e-08 
 1.48019995e-05  5.51003045e-01  5.51259943e-01  5.51118209e-01 -1.57033518e-05  1.47044669e-09  6.19456129e-08 
 1.48021224e-05  5.51013429e-01  5.51248230e-01  5.51123408e-01 -1.85930353e-05 -5.72086140e-08  6.31603792e-08 
 1.48022465e-05  5.51024906e-01  5.51229436e-01  5.51127662e-01 -2.24042712e-05 -1.54392173e-07  6.35201036e-08 
 1.48023744e-05  5.51036854e-01  5.51200658e-01  5.51130647e-01 -2.71560984e-05 -3.07723133e-07  6.27379457e-08 
 1.48024986e-05  5.51048307e-01  5.51162496e-01  5.51131780e-01 -3.17447928e-05 -5.22840610e-07  6.06058658e-08 
 1.48026127e-05  5.51057547e-01  5.51116002e-01  5.51130884e-01 -3.51839480e-05 -7.93101619e-07  5.71733250e-08 
 1.48027191e-05  5.51064701e-01  5.51060606e-01  5.51127960e-01 -3.68577510e-05 -1.12349668e-06  5.24182945e-08 
 1.48028369e-05  5.51069982e-01  5.50986250e-01  5.51121881e-01 -3.77705086e-05 -1.58900926e-06  4.52254173e-08 
 1.48029600e-05  5.51072723e-01  5.50900608e-01  5.51111980e-01 -3.88911538e-05 -2.18613448e-06  3.56753191e-08 
 1.48030964e-05  5.51072288e-01  5.50805384e-01  5.51096764e-01 -4.05684712e-05 -2.96485161e-06  2.30654378e-08 
 1.48032264e-05  5.51069346e-01  5.50719630e-01  5.51078414e-01 -4.22691823e-05 -3.80527601e-06  9.43397450e-09 
 1.48033500e-05  5.51064946e-01  5.50645937e-01  5.51057999e-01 -4.39251922e-05 -4.67383976e-06 -4.61192252e-09 
 1.48034511e-05  5.51061720e-01  5.50594311e-01  5.51039551e-01 -4.49777031e-05 -5.41942398e-06 -1.66132949e-08 
 1.48035137e-05  5.51062130e-01  5.50568936e-01  5.51027548e-01 -4.53636538e-05 -5.88665948e-06 -2.41182416e-08 
 1.48035537e-05  5.51067327e-01  5.50557230e-01  5.51019748e-01 -4.53791151e-05 -6.18139579e-06 -2.88535253e-08 
 1.48035875e-05  5.51078192e-01  5.50551685e-01  5.51013113e-01 -4.51973727e-05 -6.42436586e-06 -3.27604753e-08 
 1.48036156e-05  5.51094092e-01  5.50551830e-01  5.51007652e-01 -4.47692128e-05 -6.61626853e-06 -3.58344633e-08 
 1.48036439e-05  5.51118165e-01  5.50558559e-01  5.51002250e-01 -4.40008596e-05 -6.79513578e-06 -3.86602281e-08 
 1.48036766e-05  5.51158909e-01  5.50577150e-01  5.50996258e-01 -4.26148542e-05 -6.97605189e-06 -4.14161353e-08 
 1.48037125e-05  5.51222729e-01  5.50612109e-01  5.50990140e-01 -4.05699655e-05 -7.13740773e-06 -4.36913972e-08 
 1.48037550e-05  5.51326458e-01  5.50670938e-01  5.50983790e-01 -3.76231892e-05 -7.27460804e-06 -4.53238351e-08 
 1.48038189e-05  5.51538192e-01  5.50781936e-01  5.50976597e-01 -3.27616283e-05 -7.37842392e-06 -4.58855078e-08 
 1.48038620e-05  5.51715956e-01  5.50863625e-01  5.50973503e-01 -2.95235198e-05 -7.38878589e-06 -4.52531839e-08 
 1.48039014e-05  5.51900818e-01  5.50937144e-01  5.50971927e-01 -2.67756264e-05 -7.36621515e-06 -4.42163337e-08 
 1.48039501e-05  5.52154842e-01  5.51021434e-01  5.50971537e-01 -2.37833922e-05 -7.30686418e-06 -4.25864690e-08 
 1.48039954e-05  5.52413962e-01  5.51090884e-01  5.50972560e-01 -2.14435209e-05 -7.22905255e-06 -4.09090249e-08 
 1.48040487e-05  5.52746640e-01  5.51160616e-01  5.50975213e-01 -1.92062618e-05 -7.11888144e-06 -3.89187328e-08 
 1.48041019e-05  5.53106523e-01  5.51217373e-01  5.50979131e-01 -1.74814246e-05 -6.99659502e-06 -3.70486592e-08 
 1.48041666e-05  5.53583834e-01  5.51271532e-01  5.50985210e-01 -1.59312328e-05 -6.83861798e-06 -3.50383430e-08 
 1.48042357e-05  5.54142464e-01  5.51314624e-01  5.50992852e-01 -1.47900144e-05 -6.66527172e-06 -3.32860675e-08 
 1.48043224e-05  5.54920324e-01  5.51353102e-01  5.51003537e-01 -1.38707637e-05 -6.44718465e-06 -3.17075201e-08 
 1.48044216e-05  5.55923562e-01  5.51382922e-01  5.51016645e-01 -1.32630146e-05 -6.20169293e-06 -3.07544636e-08 
 1.48045530e-05  5.57453982e-01  5.51409128e-01  5.51034664e-01 -1.28469208e-05 -5.88745741e-06 -3.08613460e-08 
 1.48047188e-05  5.59733797e-01  5.51431439e-01  5.51057643e-01 -1.26129783e-05 -5.51143546e-06 -3.31315444e-08 
 1.48048594e-05  5.61984731e-01  5.51446015e-01  5.51076985e-01 -1.25168646e-05 -5.21048778e-06 -3.68342177e-08 
 1.48050000e-05  5.64528991e-01  5.51458838e-01  5.51096018e-01 -1.24532796e-05 -4.92553892e-06 -4.20544915e-08 
 1.48050042e-05  5.64607627e-01  5.51452109e-01  5.51096569e-01 -1.36024816e-05 -4.91776806e-06 -4.24613854e-08 
 1.48050126e-05  5.64766635e-01  5.51440349e-01  5.51097650e-01 -1.39642255e-05 -4.90223271e-06 -4.32565510e-08 
 1.48050294e-05  5.65086365e-01  5.51422838e-01  5.51099702e-01 -1.40489288e-05 -4.87112483e-06 -4.47994741e-08 
 1.48050630e-05  5.65723150e-01  5.51396830e-01  5.51103474e-01 -1.43950564e-05 -4.80895242e-06 -4.78112441e-08 
 1.48051302e-05  5.66990791e-01  5.51360256e-01  5.51110039e-01 -1.46747553e-05 -4.68566411e-06 -5.35778902e-08 
 1.48052646e-05  5.69497425e-01  5.51320176e-01  5.51120647e-01 -1.49878168e-05 -4.44631556e-06 -6.43583286e-08 
 1.48054331e-05  5.72587465e-01  5.51302516e-01  5.51131284e-01 -1.49766064e-05 -4.16234026e-06 -7.67394533e-08 
 1.48056944e-05  5.77262915e-01  5.51299495e-01  5.51145404e-01 -1.50060351e-05 -3.75713763e-06 -9.38429180e-08 
 1.48061156e-05  5.84514673e-01  5.51313260e-01  5.51166138e-01 -1.49204460e-05 -3.18454643e-06 -1.16694948e-07 
 1.48067737e-05  5.95166552e-01  5.51353796e-01  5.51198663e-01 -1.49279106e-05 -2.45766152e-06 -1.42677559e-07 
 1.48080897e-05  6.14205530e-01  5.51498337e-01  5.51281945e-01 -1.48119781e-05 -1.45104261e-06 -1.69276969e-07 
 1.48105081e-05  6.42454490e-01  5.52005548e-01  5.51570400e-01 -1.47833950e-05 -5.19641171e-07 -1.69297486e-07 
 1.48130160e-05  6.64260947e-01  5.52882845e-01  5.52135722e-01 -1.46992778e-05 -1.78638081e-07 -1.41535727e-07 
 1.48160173e-05  6.83025355e-01  5.54415115e-01  5.53250259e-01 -1.47411423e-05 -4.75349103e-08 -1.04763401e-07 
 1.48188799e-05  6.95520025e-01  5.56341049e-01  5.54779453e-01 -1.47094843e-05 -1.41722829e-08 -7.56775879e-08 
 1.48223602e-05  7.05903298e-01  5.59210646e-01  5.57216062e-01 -1.47912673e-05 -3.19689567e-09 -4.98895816e-08 
 1.48259673e-05  7.12887734e-01  5.62681874e-01  5.60319207e-01 -1.47856497e-05 -7.10334943e-10 -3.19345285e-08 
 1.48304204e-05  7.18210220e-01  5.67480682e-01  5.64779281e-01 -1.48847693e-05  1.79733391e-10 -1.79465557e-08 
 1.48343094e-05  7.20969590e-01  5.72010012e-01  5.69099816e-01 -1.48782030e-05  5.58705818e-10 -1.05174886e-08 
 1.48377385e-05  7.22516082e-01  5.76185956e-01  5.73143281e-01 -1.49566277e-05  8.28424744e-10 -6.25148881e-09 
 1.48409174e-05  7.23473083e-01  5.80164978e-01  5.77032667e-01 -1.49340161e-05  1.02525578e-09 -3.54410480e-09 
 1.48445114e-05  7.24193714e-01  5.84750668e-01  5.81546005e-01 -1.50039998e-05  1.21379607e-09 -1.44590018e-09 
 1.48479661e-05  7.24644915e-01  5.89218134e-01  5.85966570e-01 -1.49746964e-05  1.35129831e-09 -8.33119866e-11 
 1.48517887e-05  7.24967509e-01  5.94201646e-01  5.90917919e-01 -1.50367288e-05  1.47899719e-09  9.33097897e-10 
 1.48555476e-05  7.25168361e-01  5.99121053e-01  5.95822070e-01 -1.50011636e-05  1.57006167e-09  1.60033358e-09 
 1.48599832e-05  7.25314350e-01  6.04923552e-01  6.01623270e-01 -1.50572686e-05  1.65844831e-09  2.11540970e-09 
 1.48652331e-05  7.25412935e-01  6.11752745e-01  6.08470875e-01 -1.50178763e-05  1.72495178e-09  2.48955706e-09 
 1.48715151e-05  7.25473854e-01  6.19816809e-01  6.16581760e-01 -1.50692607e-05  1.77781565e-09  2.73436915e-09 
 1.48788009e-05  7.25508091e-01  6.28942279e-01  6.25793525e-01 -1.50255067e-05  1.79271337e-09  2.85990380e-09 
 1.48873845e-05  7.25527097e-01  6.39249613e-01  6.36246386e-01 -1.50738632e-05  1.77111663e-09  2.87217439e-09 
 1.48974075e-05  7.25539416e-01  6.50463921e-01  6.47692852e-01 -1.50306502e-05  1.67974087e-09  2.76128276e-09 
 1.49093957e-05  7.25549039e-01  6.62357469e-01  6.59950691e-01 -1.50848427e-05  1.50037786e-09  2.48402725e-09 
 1.49225416e-05  7.25557493e-01  6.73071031e-01  6.71151180e-01 -1.50533764e-05  1.21557404e-09  2.04012979e-09 
 1.49359235e-05  7.25563608e-01  6.81218748e-01  6.79828777e-01 -1.51206765e-05  8.84231503e-10  1.50133737e-09 
 1.49502377e-05  7.25568190e-01  6.87030241e-01  6.86145466e-01 -1.50997471e-05  5.37188525e-10  9.43183268e-10 
 1.49667575e-05  7.25570537e-01  6.90946779e-01  6.90457587e-01 -1.51730461e-05  2.45535575e-10  4.56034373e-10 
 1.49843237e-05  7.25571558e-01  6.93342351e-01  6.93030128e-01 -1.51476397e-05  8.61479009e-11  1.91757727e-10 
 1.50006852e-05  7.25571517e-01  6.95112117e-01  6.94810786e-01 -1.52047697e-05  5.95523958e-11  1.32394932e-10 
 1.50190223e-05  7.25571975e-01  6.97279853e-01  6.96932945e-01 -1.51632589e-05  8.23039178e-11  1.68050484e-10 
 1.50361009e-05  7.25572364e-01  6.99551636e-01  6.99172947e-01 -1.52099292e-05  1.16347735e-10  2.13991089e-10 
 1.50594437e-05  7.25573661e-01  7.02726721e-01  7.02353962e-01 -1.51629103e-05  1.28488662e-10  2.37920892e-10 
 1.50891835e-05  7.25574914e-01  7.06353199e-01  7.06036426e-01 -1.52090198e-05  1.14149764e-10  2.06829230e-10 
 1.51256615e-05  7.25576452e-01  7.09881622e-01  7.09634437e-01 -1.51644654e-05  7.79852814e-11  1.50659866e-10 
 1.51660022e-05  7.25577308e-01  7.12901114e-01  7.12697529e-01 -1.52123610e-05  6.13900831e-11  1.13707437e-10 
 1.52143189e-05  7.25578480e-01  7.15798780e-01  7.15627721e-01 -1.51671905e-05  4.77802641e-11  9.40881696e-11 
 1.52679744e-05  7.25579175e-01  7.18297979e-01  7.18161256e-01 -1.52140527e-05  3.85560891e-11  7.04301798e-11 
 1.53323874e-05  7.25580110e-01  7.20462944e-01  7.20357277e-01 -1.51687419e-05  2.30765502e-11  4.86078843e-11 
 1.54041220e-05  7.25580490e-01  7.22136230e-01  7.22051675e-01 -1.52154428e-05  1.87459048e-11  3.35306756e-11 
 1.54822439e-05  7.25581098e-01  7.23369781e-01  7.23302042e-01 -1.51696874e-05  9.52190497e-12  2.30480207e-11 
 1.55708582e-05  7.25581213e-01  7.24260865e-01  7.24205265e-01 -1.52161312e-05  8.08446235e-12  1.36254704e-11 
 1.56708582e-05  7.25581603e-01  7.24871341e-01  7.24823574e-01 -1.51701941e-05  2.22473841e-12  9.30980168e-12 
 1.57708582e-05  7.25581538e-01  7.25227563e-01  7.25184770e-01 -1.52164301e-05  3.51053735e-12  5.00842152e-12 
 1.58708582e-05  7.25581790e-01  7.25432754e-01  7.25392626e-01 -1.51703837e-05 -5.94242754e-13  4.02434807e-12 
 1.59708582e-05  7.25581644e-01  7.25553831e-01  7.25515282e-01 -1.52165307e-05  2.00355119e-12  2.15430549e-12 
 1.60708582e-05  7.25581851e-01  7.25623361e-01  7.25585829e-01 -1.51704467e-05 -1.53473523e-12  2.25852177e-12 
 1.61708582e-05  7.25581678e-01  7.25664050e-01  7.25626965e-01 -1.52165649e-05  1.46326289e-12  1.13959921e-12 
 1.62708582e-05  7.25581870e-01  7.25687879e-01  7.25651189e-01 -1.51704692e-05 -1.82456654e-12  1.70475103e-12 
 1.63708582e-05  7.25581687e-01  7.25701490e-01  7.25664927e-01 -1.52165743e-05  1.26281993e-12  7.70811854e-13 
 1.64708582e-05  7.25581874e-01  7.25709593e-01  7.25673176e-01 -1.51704794e-05 -1.91605781e-12  1.52461724e-12 
 1.65708582e-05  7.25581688e-01  7.25714248e-01  7.25677863e-01 -1.52165748e-05  1.19515942e-12  6.49468272e-13 
 1.66708582e-05  7.25581873e-01  7.25716913e-01  7.25680593e-01 -1.51704854e-05 -1.94957982e-12  1.45663955e-12 
 1.67354291e-05  7.25581687e-01  7.25718080e-01  7.25681742e-01 -1.52165716e-05  1.17624573e-12  6.19126061e-13 
 1.68000000e-05  7.25581871e-01  7.25718802e-01  7.25682512e-01 -1.51704912e-05 -1.95697603e-12  1.43625048e-12 
 1.68000911e-05  7.25571288e-01  7.25645613e-01  7.25679939e-01 -1.71142261e-05 -7.03651352e-09 -4.30240075e-09 
 1.68002733e-05  7.25555099e-01  7.25558771e-01  7.25671920e-01 -1.78176532e-05 -1.72897285e-08 -1.22985422e-08 
 1.68005807e-05  7.25529846e-01  7.25519210e-01  7.25652321e-01 -1.79064474e-05 -2.78722508e-08 -2.41155620e-08 
 1.68009168e-05  7.25503614e-01  7.25504490e-01  7.25630053e-01 -1.82724252e-05 -3.73428479e-08 -3.54798184e-08 
 1.68013067e-05  7.25477494e-01  7.25495524e-01  7.25605989e-01 -2.02283673e-05 -3.79418464e-08 -4.67136100e-08 
 1.68015309e-05  7.25465737e-01  7.25492960e-01  7.25593286e-01 -2.34546594e-05 -2.48166115e-08 -5.21452236e-08 
 1.68017010e-05  7.25459593e-01  7.25496323e-01  7.25584405e-01 -2.74424151e-05 -5.12820670e-10 -5.56501675e-08 
 1.68018723e-05  7.25456094e-01  7.25502297e-01  7.25576363e-01 -3.30355618e-05  4.26287226e-08 -5.85562410e-08 
 1.68020281e-05  7.25455861e-01  7.25513225e-01  7.25570027e-01 -3.93933760e-05  1.04627901e-07 -6.05411866e-08 
 1.68021590e-05  7.25457885e-01  7.25526407e-01  7.25565614e-01 -4.56264420e-05  1.80458479e-07 -6.16016583e-08 
 1.68022685e-05  7.25461520e-01  7.25542594e-01  7.25562725e-01 -5.12955786e-05  2.67456320e-07 -6.19272715e-08 
 1.68023628e-05  7.25465995e-01  7.25561168e-01  7.25560981e-01 -5.64341132e-05  3.66352134e-07 -6.16664257e-08 
 1.68024468e-05  7.25471247e-01  7.25583289e-01  7.25560153e-01 -6.10438095e-05  4.80000674e-07 -6.08731086e-08 
 1.68025251e-05  7.25477004e-01  7.25609946e-01  7.25560159e-01 -6.52765228e-05  6.14745146e-07 -5.95162417e-08 
 1.68026054e-05  7.25483959e-01  7.25644941e-01  7.25561139e-01 -6.94056443e-05  7.89942944e-07 -5.73501834e-08 
 1.68026937e-05  7.25492631e-01  7.25691625e-01  7.25563599e-01 -7.37100171e-05  1.03135009e-06 -5.39821383e-08 
 1.68027953e-05  7.25503157e-01  7.25751959e-01  7.25568458e-01 -7.84160929e-05  1.37221905e-06 -4.89056772e-08 
 1.68029265e-05  7.25515116e-01  7.25831806e-01  7.25578023e-01 -8.43143746e-05  1.90033276e-06 -4.08060016e-08 
 1.68030699e-05  7.25526491e-01  7.25913944e-01  7.25592441e-01 -9.06435232e-05  2.57112775e-06 -3.04334611e-08 
 1.68031994e-05  7.25537024e-01  7.25979573e-01  7.25608509e-01 -9.61737126e-05  3.24106179e-06 -2.00973045e-08 
 1.68033483e-05  7.25550605e-01  7.26043368e-01  7.25629711e-01 -1.01787156e-04  4.06172277e-06 -7.51642771e-09 
 1.68034873e-05  7.25564740e-01  7.26089704e-01  7.25651375e-01 -1.05497072e-04  4.85430563e-06  4.49852236e-09 
 1.68035831e-05  7.25574891e-01  7.26110611e-01  7.25666881e-01 -1.05720462e-04  5.39722849e-06  1.25761266e-08 
 1.68036453e-05  7.25581317e-01  7.26115106e-01  7.25676955e-01 -1.03151695e-04  5.73476503e-06  1.74475443e-08 
 1.68036985e-05  7.25586363e-01  7.26108998e-01  7.25685358e-01 -9.84717009e-05  6.00131866e-06  2.11074138e-08 
 1.68037590e-05  7.25591317e-01  7.26087575e-01  7.25694366e-01 -9.08761463e-05  6.26648767e-06  2.44328533e-08 
 1.68038283e-05  7.25595703e-01  7.26044060e-01  7.25703523e-01 -8.03424537e-05  6.50913121e-06  2.69531288e-08 
 1.68039070e-05  7.25598916e-01  7.25974630e-01  7.25711875e-01 -6.77195359e-05  6.69967655e-06  2.81089611e-08 
 1.68040075e-05  7.25600387e-01  7.25868224e-01  7.25718707e-01 -5.28608895e-05  6.81681207e-06  2.72235189e-08 
 1.68040967e-05  7.25599581e-01  7.25770027e-01  7.25720954e-01 -4.23148175e-05  6.81836383e-06  2.46798910e-08 
 1.68041787e-05  7.25597480e-01  7.25685723e-01  7.25720006e-01 -3.49910156e-05  6.75435831e-06  2.13444230e-08 
 1.68042647e-05  7.25594267e-01  7.25608643e-01  7.25716319e-01 -2.94967964e-05  6.63911276e-06  1.72261846e-08 
 1.68043600e-05  7.25589858e-01  7.25538465e-01  7.25709616e-01 -2.53924212e-05  6.47280373e-06  1.22682407e-08 
 1.68044560e-05  7.25584834e-01  7.25483374e-01  7.25700764e-01 -2.28134297e-05  6.28064504e-06  7.13138939e-09 
 1.68045636e-05  7.25578776e-01  7.25437109e-01  7.25689098e-01 -2.10781227e-05  6.05054428e-06  1.41028538e-09 
 1.68046799e-05  7.25571943e-01  7.25401095e-01  7.25675183e-01 -2.00677469e-05  5.79636703e-06 -4.58512405e-09 
 1.68048174e-05  7.25563660e-01  7.25371111e-01  7.25657761e-01 -1.94629258e-05  5.49828585e-06 -1.13465849e-08 
 1.68049087e-05  7.25558099e-01  7.25356342e-01  7.25645915e-01 -1.92794232e-05  5.30515600e-06 -1.56181308e-08 
 1.68050000e-05  7.25552519e-01  7.25344112e-01  7.25634010e-01 -1.91591378e-05  5.11719072e-06 -1.97174439e-08 
 1.68050021e-05  7.25553402e-01  7.25347586e-01  7.25633745e-01 -1.81179370e-05  5.11327957e-06 -1.96929151e-08 
 1.68050062e-05  7.25554229e-01  7.25353996e-01  7.25633221e-01 -1.77138132e-05  5.10549339e-06 -1.96501201e-08 
 1.68050144e-05  7.25554157e-01  7.25364497e-01  7.25632204e-01 -1.74939683e-05  5.08999047e-06 -1.95842536e-08 
 1.68050308e-05  7.25554273e-01  7.25380693e-01  7.25630266e-01 -1.71888075e-05  5.05897144e-06 -1.94712216e-08 
 1.68050579e-05  7.25554273e-01  7.25401284e-01  7.25627295e-01 -1.67530736e-05  5.00783816e-06 -1.93122381e-08 
 1.68051121e-05  7.25554366e-01  7.25431663e-01  7.25621995e-01 -1.61567657e-05  4.90605877e-06 -1.90679333e-08 
 1.68052205e-05  7.25554314e-01  7.25467252e-01  7.25613132e-01 -1.55117688e-05  4.70598331e-06 -1.87361409e-08 
 1.68054373e-05  7.25554167e-01  7.25489624e-01  7.25598920e-01 -1.51663808e-05  4.32514252e-06 -1.82713374e-08 
 1.68057319e-05  7.25553811e-01  7.25485842e-01  7.25582514e-01 -1.51276160e-05  3.85336396e-06 -1.76495999e-08 
 1.68061374e-05  7.25553433e-01  7.25473022e-01  7.25561604e-01 -1.51361477e-05  3.28549720e-06 -1.66622170e-08 
 1.68067043e-05  7.25552892e-01  7.25456298e-01  7.25534472e-01 -1.51236766e-05  2.62782012e-06 -1.51486031e-08 
 1.68077651e-05  7.25552168e-01  7.25431061e-01  7.25489989e-01 -1.51360404e-05  1.72236562e-06 -1.22586301e-08 
 1.68098869e-05  7.25551128e-01  7.25399737e-01  7.25423931e-01 -1.51271925e-05  7.09835778e-07 -7.32376922e-09 
 1.68141304e-05  7.25550230e-01  7.25391275e-01  7.25364531e-01 -1.51489641e-05  6.47901099e-08 -1.86090020e-09 
 1.68196698e-05  7.25549862e-01  7.25441512e-01  7.25380923e-01 -1.51485984e-05 -2.73638208e-09 -7.98327482e-11 
 1.68279500e-05  7.25549834e-01  7.25554311e-01  7.25481577e-01 -1.51722977e-05  6.52511448e-10  3.16322680e-11 
 1.68417573e-05  7.25549895e-01  7.25709059e-01  7.25648712e-01 -1.51703275e-05 -2.77251775e-10  2.68318569e-11 
 1.68564250e-05  7.25550015e-01  7.25780689e-01  7.25738022e-01 -1.51872730e-05  1.49783664e-10  1.64401812e-11 
 1.68819484e-05  7.25549989e-01  7.25761983e-01  7.25733050e-01 -1.51789031e-05 -9.90364134e-11 -5.68814700e-12 
 1.69253849e-05  7.25549914e-01  7.25673570e-01  7.25640579e-01 -1.51923949e-05  7.19891651e-11 -2.57635325e-12 
 1.69626924e-05  7.25549852e-01  7.25672558e-01  7.25633884e-01 -1.51801040e-05 -5.64361004e-11  1.60104390e-12 
 1.70000000e-05  7.25549914e-01  7.25696742e-01  7.25659429e-01 -1.51920764e-05  4.39313195e-11  3.43815455e-12 
 1.70000288e-05  7.25551084e-01  7.25713530e-01  7.25659631e-01 -1.24675550e-05  4.22496068e-09  7.31724607e-10 
 1.70000864e-05  7.25551776e-01  7.25738747e-01  7.25660320e-01 -1.19343752e-05  1.24673530e-08  2.11564671e-09 
 1.70002016e-05  7.25552758e-01  7.25766838e-01  7.25662851e-01 -1.16090911e-05  2.78055642e-08  4.64556456e-09 
 1.70003533e-05  7.25554209e-01  7.25784863e-01  7.25667369e-01 -1.13976906e-05  4.64719628e-08  7.69917631e-09 
 1.70006567e-05  7.25556798e-01  7.25796276e-01  7.25677314e-01 -1.14382731e-05  8.04357815e-08  1.32178797e-08 
 1.70010100e-05  7.25559988e-01  7.25800394e-01  7.25688499e-01 -1.13890189e-05  1.15150023e-07  1.88561147e-08 
 1.70015743e-05  7.25565351e-01  7.25801931e-01  7.25703989e-01 -1.20281095e-05  1.61260865e-07  2.62644721e-08 
 1.70016718e-05  7.25566754e-01  7.25801292e-01  7.25706337e-01 -1.22934845e-05  1.68023691e-07  2.73226342e-08 
 1.70018670e-05  7.25570416e-01  7.25793637e-01  7.25710457e-01 -1.40790226e-05  1.79791510e-07  2.89754264e-08 
 1.70020110e-05  7.25574727e-01  7.25781187e-01  7.25712735e-01 -1.66019581e-05  1.86423235e-07  2.96215659e-08 
 1.70021331e-05  7.25579513e-01  7.25762847e-01  7.25713831e-01 -2.00111255e-05  1.90047062e-07  2.95554554e-08 
 1.70022538e-05  7.25585447e-01  7.25736251e-01  7.25713804e-01 -2.43691381e-05  1.91251461e-07  2.87355649e-08 
 1.70023747e-05  7.25592053e-01  7.25699193e-01  7.25712276e-01 -2.95629368e-05  1.89551248e-07  2.69488285e-08 
 1.70024891e-05  7.25598651e-01  7.25652800e-01  7.25709028e-01 -3.44736817e-05  1.84643618e-07  2.41446104e-08 
 1.70025922e-05  7.25604199e-01  7.25598782e-01  7.25704199e-01 -3.82427659e-05  1.76847153e-07  2.04457855e-08 
 1.70026889e-05  7.25608773e-01  7.25535058e-01  7.25697615e-01 -4.04746702e-05  1.65966768e-07  1.57236435e-08 
 1.70027971e-05  7.25612578e-01  7.25449251e-01  7.25687372e-01 -4.21731081e-05  1.49356184e-07  8.83742636e-09 
 1.70029094e-05  7.25615026e-01  7.25350949e-01  7.25673160e-01 -4.40624190e-05  1.27520022e-07  2.02282319e-11 
 1.70030569e-05  7.25615578e-01  7.25221159e-01  7.25648892e-01 -4.69322098e-05  9.28224861e-08 -1.36822641e-08 
 1.70031969e-05  7.25613316e-01  7.25106166e-01  7.25620480e-01 -4.96202758e-05  5.39656269e-08 -2.84295004e-08 
 1.70033115e-05  7.25609077e-01  7.25023208e-01  7.25593955e-01 -5.16180795e-05  1.45111361e-08 -4.13774194e-08 
 1.70033835e-05  7.25605165e-01  7.24979630e-01  7.25576107e-01 -5.24213112e-05 -2.48788551e-08 -4.97180050e-08 
 1.70034278e-05  7.25602342e-01  7.24958407e-01  7.25564810e-01 -5.26692706e-05 -6.70895100e-08 -5.48238423e-08 
 1.70034643e-05  7.25599807e-01  7.24945991e-01  7.25555400e-01 -5.25610867e-05 -1.23052474e-07 -5.89336236e-08 
 1.70034927e-05  7.25597105e-01  7.24941094e-01  7.25548081e-01 -5.22275514e-05 -1.85012338e-07 -6.19940789e-08 
 1.70035170e-05  7.25593679e-01  7.24941957e-01  7.25541863e-01 -5.15843542e-05 -2.52792324e-07 -6.44378955e-08 
 1.70035407e-05  7.25588822e-01  7.24949274e-01  7.25535895e-01 -5.05793643e-05 -3.32069073e-07 -6.65701601e-08 
 1.70035681e-05  7.25581616e-01  7.24967778e-01  7.25529210e-01 -4.88889018e-05 -4.38651578e-07 -6.86054501e-08 
 1.70035983e-05  7.25572525e-01  7.25001563e-01  7.25522224e-01 -4.65050907e-05 -5.72512723e-07 -7.02236678e-08 
 1.70036342e-05  7.25561522e-01  7.25057949e-01  7.25514695e-01 -4.31786999e-05 -7.48881676e-07 -7.12557410e-08 
 1.70036869e-05  7.25546923e-01  7.25163284e-01  7.25505498e-01 -3.79125096e-05 -1.03336266e-06 -7.12197690e-08 
 1.70037217e-05  7.25539167e-01  7.25240786e-01  7.25500807e-01 -3.44940341e-05 -1.23216828e-06 -7.03655760e-08 
 1.70037540e-05  7.25533307e-01  7.25313435e-01  7.25497468e-01 -3.14898754e-05 -1.42193289e-06 -6.91592340e-08 
 1.70037910e-05  7.25528128e-01  7.25393504e-01  7.25494821e-01 -2.83790178e-05 -1.64267114e-06 -6.74504740e-08 
 1.70038302e-05  7.25524124e-01  7.25471958e-01  7.25493290e-01 -2.54855483e-05 -1.87892148e-06 -6.54046441e-08 
 1.70038716e-05  7.25521228e-01  7.25545662e-01  7.25492949e-01 -2.29081845e-05 -2.12922909e-06 -6.31181279e-08 
 1.70039158e-05  7.25519262e-01  7.25613367e-01  7.25493832e-01 -2.06469754e-05 -2.39662141e-06 -6.06373837e-08 
 1.70039646e-05  7.25518059e-01  7.25675176e-01  7.25496038e-01 -1.86875311e-05 -2.68999623e-06 -5.79427242e-08 
 1.70040195e-05  7.25517544e-01  7.25730474e-01  7.25499742e-01 -1.70242995e-05 -3.01779110e-06 -5.50149847e-08 
 1.70040825e-05  7.25517674e-01  7.25778672e-01  7.25505177e-01 -1.56715579e-05 -3.39087596e-06 -5.18176461e-08 
 1.70041566e-05  7.25518525e-01  7.25819685e-01  7.25512704e-01 -1.46144019e-05 -3.82818814e-06 -4.82626695e-08 
 1.70042458e-05  7.25520314e-01  7.25853566e-01  7.25522787e-01 -1.38504716e-05 -4.35832721e-06 -4.42351930e-08 
 1.70043575e-05  7.25523738e-01  7.25881455e-01  7.25536276e-01 -1.33399151e-05 -5.04766496e-06 -3.94877681e-08 
 1.70045022e-05  7.25530416e-01  7.25904964e-01  7.25554307e-01 -1.30498556e-05 -6.03846571e-06 -3.37132077e-08 
 1.70047009e-05  7.25544135e-01  7.25927506e-01  7.25579200e-01 -1.29138050e-05 -7.74788215e-06 -2.63051029e-08 
 1.70048504e-05  7.25557121e-01  7.25941473e-01  7.25597730e-01 -1.28876582e-05 -9.40506004e-06 -2.10690030e-08 
 1.70050000e-05  7.25571060e-01  7.25954532e-01  7.25615968e-01 -1.28763744e-05 -1.14356852e-05 -1.60675028e-08 
 1.70050042e-05  7.25570412e-01  7.25951503e-01  7.25616470e-01 -1.51248148e-05 -1.14988001e-05 -1.60459929e-08 
 1.70050126e-05  7.25569920e-01  7.25946209e-01  7.25617464e-01 -1.53769868e-05 -1.16251241e-05 -1.59955786e-08 
 1.70050294e-05  7.25570002e-01  7.25938423e-01  7.25619396e-01 -1.53085866e-05 -1.18766307e-05 -1.58711033e-08 
 1.70050630e-05  7.25569760e-01  7.25926976e-01  7.25623095e-01 -1.54035179e-05 -1.23728521e-05 -1.55873568e-08 
 1.70051302e-05  7.25569858e-01  7.25911469e-01  7.25629987e-01 -1.53651291e-05 -1.33396367e-05 -1.49169972e-08 
 1.70052532e-05  7.25570025e-01  7.25897829e-01  7.25641433e-01 -1.54152128e-05 -1.50234783e-05 -1.34689298e-08 
 1.70053932e-05  7.25570550e-01  7.25895174e-01  7.25653355e-01 -1.53512923e-05 -1.68123255e-05 -1.15825800e-08 
 1.70056207e-05  7.25571211e-01  7.25901541e-01  7.25671515e-01 -1.53844614e-05 -1.94487122e-05 -8.13307199e-09 
 1.70060166e-05  7.25572718e-01  7.25920205e-01  7.25701316e-01 -1.53166288e-05 -2.33351965e-05 -1.32725517e-09 
 1.70068084e-05  7.25575758e-01  7.25956141e-01  7.25756159e-01 -1.53325018e-05 -2.89609092e-05  1.36003550e-08 
 1.70083921e-05  7.25582706e-01  7.26009498e-01  7.25847746e-01 -1.52450907e-05 -3.45227388e-05  4.15020770e-08 
 1.70100113e-05  7.25589862e-01  7.26042796e-01  7.25917269e-01 -1.52681317e-05 -3.56081407e-05  6.20931107e-08 
 1.70121406e-05  7.25599114e-01  7.26060975e-01  7.25975999e-01 -1.52035570e-05 -3.41988179e-05  7.58945187e-08 
 1.70144651e-05  7.25608254e-01  7.26056446e-01  7.26005458e-01 -1.52375436e-05 -3.14069545e-05  7.91349549e-08 
 1.70180411e-05  7.25620899e-01  7.26018458e-01  7.26001867e-01 -1.51789599e-05 -2.69608742e-05  7.34914267e-08 
 1.70227961e-05  7.25634854e-01  7.25939075e-01  7.25943960e-01 -1.52142923e-05 -2.19255333e-05  6.09606700e-08 
 1.70309338e-05  7.25653727e-01  7.25793634e-01  7.25802859e-01 -1.51582824e-05 -1.56620133e-05  4.30801837e-08 
 1.70382581e-05  7.25666238e-01  7.25686804e-01  7.25685275e-01 -1.52008158e-05 -1.18227163e-05  3.22174818e-08 
 1.70484080e-05  7.25679261e-01  7.25598114e-01  7.25579290e-01 -1.51542584e-05 -8.15769898e-06  2.20661404e-08 
 1.70581848e-05  7.25688031e-01  7.25570503e-01  7.25537925e-01 -1.52016531e-05 -5.81319892e-06  1.56478574e-08 
 1.70717297e-05  7.25696609e-01  7.25592612e-01  7.25548669e-01 -1.51586914e-05 -3.68508904e-06  9.88647340e-09 
 1.70854931e-05  7.25702096e-01  7.25648755e-01  7.25601095e-01 -1.52074697e-05 -2.35473907e-06  6.30590720e-09 
 1.71040936e-05  7.25706811e-01  7.25722594e-01  7.25677226e-01 -1.51647822e-05 -1.29155586e-06  3.45749323e-09 
 1.71238629e-05  7.25709415e-01  7.25769484e-01  7.25729149e-01 -1.52129659e-05 -6.88404404e-07  1.84012826e-09 
 1.71506462e-05  7.25711301e-01  7.25786528e-01  7.25750334e-01 -1.51690617e-05 -2.88505512e-07  7.70274397e-10 
 1.71809975e-05  7.25712012e-01  7.25784132e-01  7.25748117e-01 -1.52158671e-05 -1.06547843e-07  2.83365060e-10 
 1.72239308e-05  7.25712475e-01  7.25792261e-01  7.25754910e-01 -1.51704962e-05 -2.25011467e-08  6.19789473e-11 
 1.72781105e-05  7.25712487e-01  7.25812564e-01  7.25775444e-01 -1.52163603e-05 -2.26865968e-09  7.38215668e-12 
 1.73652533e-05  7.25712601e-01  7.25827045e-01  7.25790712e-01 -1.51706130e-05  3.38340746e-10  4.45542745e-13 
 1.74652533e-05  7.25712509e-01  7.25835744e-01  7.25799080e-01 -1.52163947e-05 -9.37661294e-11  1.13086239e-12 
 1.75652533e-05  7.25712608e-01  7.25843910e-01  7.25807569e-01 -1.51706111e-05  3.75429312e-11  1.34521533e-12 
 1.76652533e-05  7.25712515e-01  7.25846064e-01  7.25809717e-01 -1.52163968e-05 -2.74055533e-11  7.18379674e-13 
 1.77652533e-05  7.25712609e-01  7.25848681e-01  7.25812318e-01 -1.51706181e-05  1.92683933e-11  1.37428036e-12 
 1.78652533e-05  7.25712516e-01  7.25849949e-01  7.25813664e-01 -1.52163915e-05 -1.94216017e-11  7.15554243e-13 
 1.79652533e-05  7.25712608e-01  7.25850310e-01  7.25813997e-01 -1.51706243e-05  1.37805900e-11  1.29233505e-12 
 1.80652533e-05  7.25712515e-01  7.25851065e-01  7.25814759e-01 -1.52163876e-05 -1.48374973e-11  7.68764501e-13 
 1.81652533e-05  7.25712607e-01  7.25851070e-01  7.25814793e-01 -1.51706278e-05  9.68506980e-12  1.24136671e-12 
 1.82652533e-05  7.25712513e-01  7.25851307e-01  7.25814992e-01 -1.52163849e-05 -1.11333421e-11  7.91495233e-13 
 1.83652533e-05  7.25712605e-01  7.25851376e-01  7.25815104e-01 -1.51706305e-05  6.30230416e-12  1.22575854e-12 
 1.84652533e-05  7.25712512e-01  7.25851396e-01  7.25815088e-01 -1.52163822e-05 -8.04313690e-12  7.98973951e-13 
 1.85652533e-05  7.25712604e-01  7.25851445e-01  7.25815168e-01 -1.51706335e-05  3.47466283e-12  1.21636815e-12 
 1.86652533e-05  7.25712510e-01  7.25851458e-01  7.25815154e-01 -1.52163791e-05 -5.45914941e-12  8.09458186e-13 
 1.87652533e-05  7.25712602e-01  7.25851449e-01  7.25815170e-01 -1.51706367e-05  1.11398109e-12  1.20325223e-12 
 1.88652533e-05  7.25712509e-01  7.25851483e-01  7.25815180e-01 -1.52163759e-05 -3.30528833e-12  8.23126777e-13 
 1.89326267e-05  7.25712601e-01  7.25851451e-01  7.25815173e-01 -1.51706407e-05 -1.25497746e-12  1.18657579e-12 
 1.90000000e-05  7.25712508e-01  7.25851483e-01  7.25815179e-01 -1.52163712e-05 -7.62827952e-13  8.41096669e-13 
 1.90000950e-05  7.25710146e-01  7.25814723e-01  7.25813834e-01 -1.76750357e-05 -1.81882393e-08 -2.20632661e-09 
 1.90002851e-05  7.25708033e-01  7.25771078e-01  7.25809643e-01 -1.77625102e-05 -5.16115440e-08 -6.29173312e-09 
 1.90005340e-05  7.25705984e-01  7.25755626e-01  7.25801810e-01 -1.77800045e-05 -8.81789336e-08 -1.10238341e-08 
 1.90008464e-05  7.25703346e-01  7.25749707e-01  7.25791762e-01 -1.80536958e-05 -1.25736538e-07 -1.63210974e-08 
 1.90011454e-05  7.25701345e-01  7.25748890e-01  7.25782874e-01 -1.89202919e-05 -1.53604861e-07 -2.07145125e-08 
 1.90013553e-05  7.25700557e-01  7.25749855e-01  7.25777252e-01 -2.06332897e-05 -1.68548034e-07 -2.33737712e-08 
 1.90015195e-05  7.25700751e-01  7.25753542e-01  7.25773317e-01 -2.30522257e-05 -1.77013105e-07 -2.51456384e-08 
 1.90016838e-05  7.25701777e-01  7.25759509e-01  7.25769941e-01 -2.67724590e-05 -1.81820079e-07 -2.65843172e-08 
 1.90018457e-05  7.25703803e-01  7.25769278e-01  7.25767316e-01 -3.17676940e-05 -1.82027043e-07 -2.76006928e-08 
 1.90019907e-05  7.25706314e-01  7.25781651e-01  7.25765730e-01 -3.73879045e-05 -1.77189878e-07 -2.80854133e-08 
 1.90021132e-05  7.25708898e-01  7.25796321e-01  7.25765107e-01 -4.28493572e-05 -1.68184363e-07 -2.80838485e-08 
 1.90022161e-05  7.25711158e-01  7.25812638e-01  7.25765232e-01 -4.78838908e-05 -1.55879448e-07 -2.76945152e-08 
 1.90023047e-05  7.25713065e-01  7.25831084e-01  7.25765940e-01 -5.23980484e-05 -1.40676085e-07 -2.69772025e-08 
 1.90023830e-05  7.25714471e-01  7.25852003e-01  7.25767152e-01 -5.64534636e-05 -1.22529624e-07 -2.59517591e-08 
 1.90024540e-05  7.25715405e-01  7.25876224e-01  7.25768850e-01 -6.00459398e-05 -1.01146872e-07 -2.46020313e-08 
 1.90025212e-05  7.25715794e-01  7.25905179e-01  7.25771121e-01 -6.32983077e-05 -7.54299740e-08 -2.28475773e-08 
 1.90025920e-05  7.25715854e-01  7.25943083e-01  7.25774381e-01 -6.64586341e-05 -4.17236765e-08 -2.03930363e-08 
 1.90026672e-05  7.25715999e-01  7.25990890e-01  7.25779014e-01 -6.95657448e-05  1.27307698e-09 -1.70601789e-08 
 1.90027597e-05  7.25716941e-01  7.26056399e-01  7.25786579e-01 -7.31094055e-05  6.08558697e-08 -1.20184755e-08 
 1.90028445e-05  7.25718536e-01  7.26119391e-01  7.25795417e-01 -7.61244777e-05  1.15845291e-07 -6.61320026e-09 
 1.90029341e-05  7.25721026e-01  7.26186105e-01  7.25806727e-01 -7.90638151e-05  1.65566374e-07 -2.39675055e-10 
 1.90030374e-05  7.25724926e-01  7.26260167e-01  7.25822111e-01 -8.21890225e-05  2.04588504e-07  7.75160016e-09 
 1.90031593e-05  7.25731307e-01  7.26338922e-01  7.25843108e-01 -8.57162628e-05  2.29944571e-07  1.78020956e-08 
 1.90032711e-05  7.25738433e-01  7.26399590e-01  7.25864541e-01 -8.86514806e-05  2.44913686e-07  2.73750568e-08 
 1.90033902e-05  7.25746803e-01  7.26450036e-01  7.25888913e-01 -9.08241661e-05  2.58980506e-07  3.76632009e-08 
 1.90034774e-05  7.25753197e-01  7.26474962e-01  7.25907332e-01 -9.08345633e-05  2.68846118e-07  4.50236467e-08 
 1.90035357e-05  7.25757362e-01  7.26482058e-01  7.25919665e-01 -8.86667686e-05  2.74816572e-07  4.96376806e-08 
 1.90035848e-05  7.25760648e-01  7.26477551e-01  7.25929864e-01 -8.46638468e-05  2.78790975e-07  5.31016703e-08 
 1.90036385e-05  7.25763805e-01  7.26457671e-01  7.25940514e-01 -7.82533073e-05  2.81445138e-07  5.62006125e-08 
 1.90037032e-05  7.25766948e-01  7.26411927e-01  7.25952217e-01 -6.88760031e-05  2.81819615e-07  5.87927955e-08 
 1.90037710e-05  7.25769404e-01  7.26342562e-01  7.25962609e-01 -5.85364563e-05  2.78978198e-07  6.01307833e-08 
 1.90038631e-05  7.25771525e-01  7.26227259e-01  7.25972957e-01 -4.57251370e-05  2.70543446e-07  5.99572614e-08 
 1.90039503e-05  7.25772465e-01  7.26111728e-01  7.25978454e-01 -3.62801633e-05  2.58924561e-07  5.81541017e-08 
 1.90040233e-05  7.25772685e-01  7.26021122e-01  7.25979940e-01 -3.05750967e-05  2.47442987e-07  5.58425634e-08 
 1.90040994e-05  7.25772531e-01  7.25938148e-01  7.25978842e-01 -2.63916522e-05  2.34439900e-07  5.29858473e-08 
 1.90041854e-05  7.25772065e-01  7.25861023e-01  7.25974935e-01 -2.33073145e-05  2.19027685e-07  4.94998640e-08 
 1.90042724e-05  7.25771388e-01  7.25800187e-01  7.25968754e-01 -2.14189192e-05  2.03024584e-07  4.58908358e-08 
 1.90043706e-05  7.25770497e-01  7.25749175e-01  7.25959884e-01 -2.02030470e-05  1.84785600e-07  4.18773987e-08 
 1.90044765e-05  7.25769446e-01  7.25710131e-01  7.25948830e-01 -1.95219172e-05  1.65134180e-07  3.77003733e-08 
 1.90046025e-05  7.25768153e-01  7.25678375e-01  7.25934523e-01 -1.91407567e-05  1.42009976e-07  3.29751461e-08 
 1.90047475e-05  7.25766638e-01  7.25654000e-01  7.25917358e-01 -1.89676100e-05  1.16083293e-07  2.78717140e-08 
 1.90048737e-05  7.25765321e-01  7.25638852e-01  7.25902223e-01 -1.89117811e-05  9.42420751e-08  2.36918071e-08 
 1.90050000e-05  7.25764005e-01  7.25626692e-01  7.25887162e-01 -1.88886411e-05  7.32161213e-08  1.97350572e-08 
 1.90050023e-05  7.25764515e-01  7.25628470e-01  7.25886890e-01 -1.66931586e-05  7.31472956e-08  1.97288471e-08 
 1.90050069e-05  7.25764997e-01  7.25631769e-01  7.25886351e-01 -1.63338963e-05  7.30556021e-08  1.97136554e-08 
 1.90050161e-05  7.25764930e-01  7.25637125e-01  7.25885291e-01 -1.62063689e-05  7.29530840e-08  1.96713573e-08 
 1.90050345e-05  7.25764979e-01  7.25645262e-01  7.25883233e-01 -1.60222406e-05  7.26975074e-08  1.95742036e-08 
 1.90050647e-05  7.25764944e-01  7.25655513e-01  7.25880010e-01 -1.57775186e-05  7.21963980e-08  1.93996835e-08 
 1.90051249e-05  7.25764929e-01  7.25669984e-01  7.25873975e-01 -1.54606257e-05  7.09740265e-08  1.90094212e-08 
 1.90052453e-05  7.25764776e-01  7.25684188e-01  7.25863005e-01 -1.51599971e-05  6.81267459e-08  1.81620186e-08 
 1.90054862e-05  7.25764489e-01  7.25685700e-01  7.25843300e-01 -1.50468927e-05  6.21860751e-08  1.64670833e-08 
 1.90057852e-05  7.25764092e-01  7.25672747e-01  7.25820686e-01 -1.50502992e-05  5.53057965e-08  1.45499326e-08 
 1.90062336e-05  7.25763599e-01  7.25651750e-01  7.25788637e-01 -1.50571180e-05  4.63141964e-08  1.20804046e-08 
 1.90069338e-05  7.25762887e-01  7.25622335e-01  7.25742479e-01 -1.50552473e-05  3.50187566e-08  9.00526314e-09 
 1.90083342e-05  7.25761833e-01  7.25576013e-01  7.25663890e-01 -1.50695251e-05  1.97669889e-08  4.88901443e-09 
 1.90111350e-05  7.25760483e-01  7.25522608e-01  7.25555560e-01 -1.50788734e-05  5.56174310e-09  1.15084037e-09 
 1.90164296e-05  7.25759427e-01  7.25512808e-01  7.25479311e-01 -1.51105987e-05 -2.40851331e-10 -2.15993825e-10 
 1.90222796e-05  7.25759063e-01  7.25572501e-01  7.25508501e-01 -1.51253497e-05 -2.39937475e-11 -3.93258965e-11 
 1.90326923e-05  7.25758914e-01  7.25710121e-01  7.25638933e-01 -1.51559576e-05  1.47088008e-11  2.89932018e-11 
 1.90443187e-05  7.25758886e-01  7.25829296e-01  7.25771082e-01 -1.51642632e-05  1.60780321e-11  2.71971675e-11 
 1.90618460e-05  7.25758915e-01  7.25905816e-01  7.25864733e-01 -1.51815822e-05  4.25668420e-12  9.64929666e-12 
 1.90882552e-05  7.25758858e-01  7.25894685e-01  7.25863428e-01 -1.51811998e-05 -2.72987427e-12 -2.66522438e-12 
 1.91410735e-05  7.25758783e-01  7.25842236e-01  7.25806315e-01 -1.51896141e-05 -1.73306335e-12 -1.28673352e-12 
 1.92000000e-05  7.25758774e-01  7.25870955e-01  7.25832106e-01 -1.51827609e-05  1.42769780e-12  4.00660283e-12 
 1.92000402e-05  7.25762897e-01  7.25914354e-01  7.25832833e-01 -1.32259723e-05  4.66496828e-09  2.01407445e-09 
 1.92001206e-05  7.25768057e-01  7.25975606e-01  7.25835233e-01 -1.21947496e-05  1.26312990e-08  5.82856651e-09 
 1.92002813e-05  7.25777738e-01  7.26033785e-01  7.25843530e-01 -1.15503736e-05  2.30061962e-08  1.27448223e-08 
 1.92004854e-05  7.25790164e-01  7.26063922e-01  7.25856786e-01 -1.13487350e-05  3.16755292e-08  2.07182823e-08 
 1.92008380e-05  7.25811256e-01  7.26082362e-01  7.25880510e-01 -1.13968288e-05  4.35235361e-08  3.30370067e-08 
 1.92012610e-05  7.25836840e-01  7.26097839e-01  7.25907542e-01 -1.14024233e-05  5.52111765e-08  4.57364122e-08 
 1.92014581e-05  7.25848750e-01  7.26102638e-01  7.25919405e-01 -1.16003075e-05  5.88542444e-08  5.09293449e-08 
 1.92017213e-05  7.25865650e-01  7.26107856e-01  7.25934366e-01 -1.24146708e-05  5.29995715e-08  5.70567234e-08 
 1.92018662e-05  7.25875723e-01  7.26106119e-01  7.25942044e-01 -1.36738660e-05  3.66821159e-08  5.98845275e-08 
 1.92019918e-05  7.25885509e-01  7.26101008e-01  7.25948178e-01 -1.54969706e-05  4.82146447e-09  6.18285334e-08 
 1.92021161e-05  7.25895916e-01  7.26089453e-01  7.25953552e-01 -1.83707076e-05 -5.30470681e-08  6.30942233e-08 
 1.92022440e-05  7.25907595e-01  7.26070412e-01  7.25958046e-01 -2.22831780e-05 -1.51927800e-07  6.34968497e-08 
 1.92023728e-05  7.25919521e-01  7.26041604e-01  7.25961143e-01 -2.70595380e-05 -3.05480401e-07  6.27293143e-08 
 1.92024970e-05  7.25930784e-01  7.26003629e-01  7.25962363e-01 -3.16582205e-05 -5.19633096e-07  6.06171459e-08 
 1.92026111e-05  7.25939866e-01  7.25957273e-01  7.25961550e-01 -3.51163781e-05 -7.89037894e-07  5.72041833e-08 
 1.92027176e-05  7.25946772e-01  7.25902029e-01  7.25958705e-01 -3.68164568e-05 -1.11850552e-06  5.24687878e-08 
 1.92028355e-05  7.25951725e-01  7.25827745e-01  7.25952711e-01 -3.77308116e-05 -1.58316498e-06  4.52940530e-08 
 1.92029581e-05  7.25953876e-01  7.25742501e-01  7.25942954e-01 -3.88436771e-05 -2.17626764e-06  3.58111001e-08 
 1.92030964e-05  7.25952316e-01  7.25645873e-01  7.25927609e-01 -4.05402404e-05 -2.96510883e-06  2.30403836e-08 
 1.92032272e-05  7.25947134e-01  7.25559575e-01  7.25909189e-01 -4.22528492e-05 -3.81060991e-06  9.33326184e-09 
 1.92033508e-05  7.25938295e-01  7.25485835e-01  7.25888789e-01 -4.39069940e-05 -4.67975289e-06 -4.70311186e-09 
 1.92034517e-05  7.25927328e-01  7.25434338e-01  7.25870405e-01 -4.49539863e-05 -5.42349436e-06 -1.66377497e-08 
 1.92035140e-05  7.25918725e-01  7.25409078e-01  7.25858469e-01 -4.53304077e-05 -5.88857008e-06 -2.40620984e-08 
 1.92035539e-05  7.25914601e-01  7.25397384e-01  7.25850669e-01 -4.53372117e-05 -6.18349046e-06 -2.87519088e-08 
 1.92035877e-05  7.25913891e-01  7.25391907e-01  7.25844071e-01 -4.51423044e-05 -6.42524750e-06 -3.25785341e-08 
 1.92036157e-05  7.25916493e-01  7.25392119e-01  7.25838626e-01 -4.46969306e-05 -6.61666071e-06 -3.55745357e-08 
 1.92036440e-05  7.25922779e-01  7.25398967e-01  7.25833227e-01 -4.39042262e-05 -6.79546336e-06 -3.83046719e-08 
 1.92036767e-05  7.25936359e-01  7.25417766e-01  7.25827239e-01 -4.24801857e-05 -6.97620574e-06 -4.09132370e-08 
 1.92037126e-05  7.25961036e-01  7.25452918e-01  7.25821138e-01 -4.03952692e-05 -7.13701432e-06 -4.29727726e-08 
 1.92037552e-05  7.26005261e-01  7.25512062e-01  7.25814794e-01 -3.74044659e-05 -7.27391534e-06 -4.42835516e-08 
 1.92038197e-05  7.26102025e-01  7.25624037e-01  7.25807584e-01 -3.24993049e-05 -7.37735260e-06 -4.42124485e-08 
 1.92038634e-05  7.26186355e-01  7.25706691e-01  7.25804491e-01 -2.92583460e-05 -7.38673168e-06 -4.30442262e-08 
 1.92039033e-05  7.26273851e-01  7.25780473e-01  7.25802952e-01 -2.65198943e-05 -7.36284725e-06 -4.14577119e-08 
 1.92039518e-05  7.26390910e-01  7.25863513e-01  7.25802621e-01 -2.36064369e-05 -7.30288457e-06 -3.91130528e-08 
 1.92039975e-05  7.26509420e-01  7.25932701e-01  7.25803692e-01 -2.12920109e-05 -7.22391592e-06 -3.66715635e-08 
 1.92040508e-05  7.26655748e-01  7.26001444e-01  7.25806377e-01 -1.91070034e-05 -7.11335875e-06 -3.37112307e-08 
 1.92041046e-05  7.26809791e-01  7.26057896e-01  7.25810357e-01 -1.74009983e-05 -6.98944634e-06 -3.07360381e-08 
 1.92041695e-05  7.27002914e-01  7.26111102e-01  7.25816452e-01 -1.58901561e-05 -6.83103357e-06 -2.72625147e-08 
 1.92042394e-05  7.27219626e-01  7.26153712e-01  7.25824166e-01 -1.47682760e-05 -6.65566922e-06 -2.37221931e-08 
 1.92043264e-05  7.27503566e-01  7.26191300e-01  7.25834833e-01 -1.38807563e-05 -6.43708831e-06 -1.96481332e-08 
 1.92044267e-05  7.27858042e-01  7.26220626e-01  7.25848009e-01 -1.32933654e-05 -6.18898664e-06 -1.54104282e-08 
 1.92045586e-05  7.28387878e-01  7.26246263e-01  7.25865947e-01 -1.29049971e-05 -5.87415161e-06 -1.06253551e-08 
 1.92047263e-05  7.29214546e-01  7.26268718e-01  7.25889005e-01 -1.26935288e-05 -5.49440428e-06 -5.92113476e-09 
 1.92048631e-05  7.30049939e-01  7.26283343e-01  7.25907695e-01 -1.26172802e-05 -5.20193553e-06 -3.30931603e-09 
 1.92050000e-05  7.31050998e-01  7.26296632e-01  7.25926132e-01 -1.25692862e-05 -4.92460009e-06 -1.82624819e-09 
 1.92050042e-05  7.31082604e-01  7.26289937e-01  7.25926681e-01 -1.37166123e-05 -4.91682147e-06 -2.02744651e-09 
 1.92050126e-05  7.31147606e-01  7.26278245e-01  7.25927758e-01 -1.40763088e-05 -4.90127005e-06 -2.41214533e-09 
 1.92050294e-05  7.31279638e-01  7.26260865e-01  7.25929805e-01 -1.41645358e-05 -4.87013059e-06 -3.13992818e-09 
 1.92050630e-05  7.31542155e-01  7.26235140e-01  7.25933568e-01 -1.45128651e-05 -4.80790410e-06 -4.54402854e-09 
 1.92051302e-05  7.32065817e-01  7.26199252e-01  7.25940128e-01 -1.47977925e-05 -4.68452548e-06 -7.18415844e-09 
 1.92052646e-05  7.33102779e-01  7.26160818e-01  7.25950788e-01 -1.51173699e-05 -4.44501921e-06 -1.20551540e-08 
 1.92054344e-05  7.34394537e-01  7.26145160e-01  7.25961689e-01 -1.51142663e-05 -4.15866859e-06 -1.76871567e-08 
 1.92056962e-05  7.36342942e-01  7.26144369e-01  7.25976292e-01 -1.51540740e-05 -3.75271964e-06 -2.55185104e-08 
 1.92061183e-05  7.39381551e-01  7.26157675e-01  7.25997846e-01 -1.50853826e-05 -3.17913548e-06 -3.62493966e-08 
 1.92067774e-05  7.43880806e-01  7.26187029e-01  7.26030038e-01 -1.51145166e-05 -2.45166430e-06 -4.90497356e-08 
 1.92080956e-05  7.52059096e-01  7.26271322e-01  7.26097983e-01 -1.50322852e-05 -1.44501831e-06 -6.40411521e-08 
 1.92107319e-05  7.65615948e-01  7.26569871e-01  7.26295667e-01 -1.50344185e-05 -4.60865488e-07 -7.00398361e-08 
 1.92146481e-05  7.80382139e-01  7.27402601e-01  7.26870382e-01 -1.49530027e-05 -6.12450255e-08 -5.66854913e-08 
 1.92188039e-05  7.90994052e-01  7.28854625e-01  7.27979584e-01 -1.49928927e-05 -6.71082324e-09 -3.93372894e-08 
 1.92235342e-05  7.98916909e-01  7.31210507e-01  7.29940208e-01 -1.49525109e-05 -4.30578925e-10 -2.49384571e-08 
 1.92286809e-05  8.04316078e-01  7.34505224e-01  7.32862955e-01 -1.50170784e-05  1.43903451e-10 -1.48740817e-08 
 1.92347376e-05  8.08082799e-01  7.39106307e-01  7.37142334e-01 -1.49907293e-05  4.83099746e-10 -7.71629558e-09 
 1.92415376e-05  8.10395440e-01  7.44858406e-01  7.42678016e-01 -1.50590473e-05  7.93075812e-10 -3.17933856e-09 
 1.92505838e-05  8.11886280e-01  7.52894960e-01  7.50614204e-01 -1.50302950e-05  1.05737322e-09 -1.34921670e-10 
 1.92610367e-05  8.12567276e-01  7.62036452e-01  7.59832335e-01 -1.50905971e-05  1.18748332e-09  1.27882272e-09 
 1.92712575e-05  8.12806177e-01  7.70224555e-01  7.68239493e-01 -1.50511793e-05  1.15972279e-09  1.67240079e-09 
 1.92809724e-05  8.12892081e-01  7.76906740e-01  7.75221282e-01 -1.51068576e-05  1.03905526e-09  1.63119156e-09 
 1.92913244e-05  8.12929141e-01  7.82585853e-01  7.81271326e-01 -1.50704783e-05  8.37363707e-10  1.37765007e-09 
 1.93024497e-05  8.12944570e-01  7.86973188e-01  7.86058064e-01 -1.51328649e-05  5.94978677e-10  1.00546335e-09 
 1.93152787e-05  8.12951499e-01  7.90094448e-01  7.89564277e-01 -1.51040545e-05  3.30739530e-10  5.88576512e-10 
 1.93305330e-05  8.12953666e-01  7.91932946e-01  7.91687960e-01 -1.51715312e-05  1.14635555e-10  2.27385593e-10 
 1.93495522e-05  8.12954067e-01  7.92967630e-01  7.92832498e-01 -1.51411668e-05 -1.04304477e-12  3.36280801e-11 
 1.93655861e-05  8.12953577e-01  7.93724565e-01  7.93555056e-01 -1.51954707e-05  5.00015806e-12  2.99445834e-11 
 1.93848899e-05  8.12953767e-01  7.95054732e-01  7.94817761e-01 -1.51502014e-05  4.48765784e-11  9.47811427e-11 
 1.94024885e-05  8.12953980e-01  7.96591453e-01  7.96321603e-01 -1.51967219e-05  7.93723403e-11  1.44032966e-10 
 1.94291034e-05  8.12955082e-01  7.98965607e-01  7.98707484e-01 -1.51479870e-05  8.64381902e-11  1.60436294e-10 
 1.94652284e-05  8.12955990e-01  8.01641439e-01  8.01441187e-01 -1.51955372e-05  6.49056898e-11  1.18783071e-10 
 1.95025050e-05  8.12956902e-01  8.03679438e-01  8.03520533e-01 -1.51496418e-05  4.04436051e-11  8.15725995e-11 
 1.95494396e-05  8.12957354e-01  8.05691933e-01  8.05553779e-01 -1.51979017e-05  3.56353887e-11  6.55738610e-11 
 1.96225406e-05  8.12958373e-01  8.08103992e-01  8.07994525e-01 -1.51510885e-05  2.44110765e-11  5.00512163e-11 
 1.96992428e-05  8.12958766e-01  8.09788670e-01  8.09705705e-01 -1.51990040e-05  1.60188252e-11  2.91250491e-11 
 1.97992428e-05  8.12959398e-01  8.11150427e-01  8.11083464e-01 -1.51521825e-05  7.81696626e-12  1.93152242e-11 
 1.98992428e-05  8.12959485e-01  8.11967279e-01  8.11911681e-01 -1.51996534e-05  6.52735786e-12  1.10425510e-11 
 1.99992428e-05  8.12959821e-01  8.12428646e-01  8.12379631e-01 -1.51525700e-05  1.11110426e-12  6.90130922e-12 
 2.00992428e-05  8.12959716e-01  8.12702907e-01  8.12656810e-01 -1.51999026e-05  3.02734747e-12  4.40673989e-12 
 2.01992428e-05  8.12959955e-01  8.12864149e-01  8.12820773e-01 -1.51526834e-05 -7.97151407e-13  3.29179788e-12 
 2.02992428e-05  8.12959787e-01  8.12954373e-01  8.12911905e-01 -1.51999896e-05  1.58578749e-12  1.74657690e-12 
 2.03992428e-05  8.12959990e-01  8.13010557e-01  8.12968882e-01 -1.51527281e-05 -1.34028661e-12  2.22468306e-12 
 2.04992428e-05  8.12959803e-01  8.13041247e-01  8.13000065e-01 -1.52000102e-05  1.09904794e-12  8.57399763e-13 
 2.05992428e-05  8.12959991e-01  8.13059748e-01  8.13018698e-01 -1.51527510e-05 -1.57780061e-12  1.77001735e-12 
 2.06992428e-05  8.12959798e-01  8.13070856e-01  8.13030037e-01 -1.52000121e-05  9.88956313e-13  6.47196055e-13 
 2.07992428e-05  8.12959983e-01  8.13076705e-01  8.13035926e-01 -1.51527617e-05 -1.69408801e-12  1.55773723e-12 
 2.08992428e-05  8.12959787e-01  8.13080650e-01  8.13039924e-01 -1.52000112e-05  9.63902569e-13  5.95133968e-13 
 2.09992428e-05  8.12959971e-01  8.13082656e-01  8.13041975e-01 -1.51527667e-05 -1.73034959e-12  1.49123108e-12 
 2.10992428e-05  8.12959774e-01  8.13083893e-01  8.13043208e-01 -1.52000092e-05  9.45745218e-13  5.62075668e-13 
 2.11496214e-05  8.12959961e-01  8.13084353e-01  8.13043686e-01 -1.51527720e-05 -1.72933456e-12  1.48914100e-12 
 2.12000000e-05  8.12959767e-01  8.13084628e-01  8.13043963e-01 -1.52000025e-05  9.33383579e-13  5.43956102e-13 
 2.12000712e-05  8.12951285e-01  8.13021675e-01  8.13042220e-01 -1.70129510e-05 -5.86913757e-09 -3.41941791e-09 
 2.12002137e-05  8.12938704e-01  8.12942094e-01  8.13036624e-01 -1.76992978e-05 -1.46472762e-08 -9.82068796e-09 
 2.12004986e-05  8.12915866e-01  8.12890411e-01  8.13019262e-01 -1.78712437e-05 -2.52694542e-08 -2.11234645e-08 
 2.12007882e-05  8.12893927e-01  8.12874866e-01  8.12999854e-01 -1.80612819e-05 -3.41961378e-08 -3.13176182e-08 
 2.12011250e-05  8.12871100e-01  8.12865211e-01  8.12978338e-01 -1.89028883e-05 -4.01328264e-08 -4.17329038e-08 
 2.12013165e-05  8.12859687e-01  8.12860056e-01  8.12966803e-01 -2.03275639e-05 -3.81966205e-08 -4.69551391e-08 
 2.12015051e-05  8.12850595e-01  8.12859554e-01  8.12956068e-01 -2.29267225e-05 -2.72993132e-08 -5.15347634e-08 
 2.12016909e-05  8.12844097e-01  8.12861137e-01  8.12946297e-01 -2.71664220e-05 -2.30868538e-09 -5.54273730e-08 
 2.12018674e-05  8.12841132e-01  8.12868041e-01  8.12937950e-01 -3.28237122e-05  4.10899218e-08 -5.84513615e-08 
 2.12020253e-05  8.12841384e-01  8.12878116e-01  8.12931490e-01 -3.92835059e-05  1.03149025e-07 -6.04841902e-08 
 2.12021579e-05  8.12844343e-01  8.12891863e-01  8.12926988e-01 -4.55575719e-05  1.79344940e-07 -6.15668592e-08 
 2.12022684e-05  8.12848840e-01  8.12907692e-01  8.12924055e-01 -5.13169527e-05  2.66638255e-07 -6.19024265e-08 
 2.12023633e-05  8.12854640e-01  8.12926484e-01  8.12922281e-01 -5.64737998e-05  3.65696373e-07 -6.16416421e-08 
 2.12024478e-05  8.12861334e-01  8.12948442e-01  8.12921435e-01 -6.11599896e-05  4.79564233e-07 -6.08464673e-08 
 2.12025267e-05  8.12869253e-01  8.12975211e-01  8.12921427e-01 -6.54370400e-05  6.14829660e-07 -5.94784637e-08 
 2.12026079e-05  8.12879186e-01  8.13010258e-01  8.12922407e-01 -6.96830745e-05  7.91320816e-07 -5.72874037e-08 
 2.12026969e-05  8.12892610e-01  8.13056886e-01  8.12924874e-01 -7.40812744e-05  1.03361376e-06 -5.38901080e-08 
 2.12028006e-05  8.12910125e-01  8.13117668e-01  8.12929821e-01 -7.89892090e-05  1.37977673e-06 -4.87095741e-08 
 2.12029052e-05  8.12926829e-01  8.13181282e-01  8.12937157e-01 -8.37110690e-05  1.79308921e-06 -4.23456758e-08 
 2.12030277e-05  8.12942197e-01  8.13253647e-01  8.12948621e-01 -8.90798220e-05  2.34763867e-06 -3.37390986e-08 
 2.12031681e-05  8.12955977e-01  8.13328963e-01  8.12965118e-01 -9.50269169e-05  3.05688208e-06 -2.27534115e-08 
 2.12033060e-05  8.12968947e-01  8.13392147e-01  8.12984162e-01 -1.00440523e-04  3.80853298e-06 -1.11910775e-08 
 2.12034474e-05  8.12983172e-01  8.13444268e-01  8.13005809e-01 -1.04784629e-04  4.61278248e-06  1.05450939e-09 
 2.12035595e-05  8.12995086e-01  8.13473352e-01  8.13023882e-01 -1.06170189e-04  5.25360269e-06  1.06540765e-08 
 2.12036302e-05  8.13002513e-01  8.13482005e-01  8.13035411e-01 -1.04268351e-04  5.64502880e-06  1.63632660e-08 
 2.12036846e-05  8.13007864e-01  8.13479082e-01  8.13044112e-01 -1.00204299e-04  5.92558681e-06  2.02820898e-08 
 2.12037415e-05  8.13012780e-01  8.13463297e-01  8.13052812e-01 -9.36001552e-05  6.18769919e-06  2.36788986e-08 
 2.12038118e-05  8.13017655e-01  8.13424458e-01  8.13062535e-01 -8.32980029e-05  6.45336700e-06  2.66303067e-08 
 2.12038839e-05  8.13021078e-01  8.13365385e-01  8.13070827e-01 -7.17116930e-05  6.65117793e-06  2.81366637e-08 
 2.12039794e-05  8.13023227e-01  8.13267874e-01  8.13078516e-01 -5.70159566e-05  6.79790982e-06  2.79317892e-08 
 2.12040807e-05  8.13022874e-01  8.13156087e-01  8.13082203e-01 -4.41551288e-05  6.82711702e-06  2.54878952e-08 
 2.12041666e-05  8.13020916e-01  8.13065990e-01  8.13081804e-01 -3.60466810e-05  6.77126245e-06  2.21482829e-08 
 2.12042510e-05  8.13017901e-01  8.12987970e-01  8.13078632e-01 -3.03003755e-05  6.66485184e-06  1.81739763e-08 
 2.12043470e-05  8.13013588e-01  8.12914668e-01  8.13072305e-01 -2.58868485e-05  6.50262842e-06  1.32205329e-08 
 2.12044406e-05  8.13008762e-01  8.12858538e-01  8.13063989e-01 -2.31590261e-05  6.31817189e-06  8.21341363e-09 
 2.12045478e-05  8.13002787e-01  8.12810040e-01  8.13052637e-01 -2.12797546e-05  6.09052888e-06  2.48981008e-09 
 2.12046605e-05  8.12996196e-01  8.12773124e-01  8.13039339e-01 -2.01824643e-05  5.84427709e-06 -3.36735508e-09 
 2.12047961e-05  8.12988056e-01  8.12741776e-01  8.13022306e-01 -1.95193325e-05  5.54933901e-06 -1.01014986e-08 
 2.12048980e-05  8.12981852e-01  8.12724562e-01  8.13009125e-01 -1.92770024e-05  5.33260294e-06 -1.49153951e-08 
 2.12050000e-05  8.12975622e-01  8.12710714e-01  8.12995851e-01 -1.91477398e-05  5.12216486e-06 -1.95136209e-08 
 2.12050021e-05  8.12976506e-01  8.12714183e-01  8.12995587e-01 -1.81032786e-05  5.11825379e-06 -1.94893123e-08 
 2.12050062e-05  8.12977331e-01  8.12720584e-01  8.12995064e-01 -1.76973669e-05  5.11046879e-06 -1.94469434e-08 
 2.12050144e-05  8.12977260e-01  8.12731076e-01  8.12994049e-01 -1.74780144e-05  5.09496914e-06 -1.93818367e-08 
 2.12050308e-05  8.12977375e-01  8.12747257e-01  8.12992116e-01 -1.71720883e-05  5.06395636e-06 -1.92703221e-08 
 2.12050578e-05  8.12977375e-01  8.12767794e-01  8.12989157e-01 -1.67381652e-05  5.01293127e-06 -1.91140337e-08 
 2.12051118e-05  8.12977468e-01  8.12798116e-01  8.12983879e-01 -1.61419336e-05  4.91136472e-06 -1.88746907e-08 
 2.12052199e-05  8.12977417e-01  8.12833703e-01  8.12975051e-01 -1.54973252e-05  4.71169181e-06 -1.85520006e-08 
 2.12054360e-05  8.12977271e-01  8.12856207e-01  8.12960901e-01 -1.51495736e-05  4.33153966e-06 -1.81043304e-08 
 2.12057304e-05  8.12976914e-01  8.12852560e-01  8.12944535e-01 -1.51107765e-05  3.85929389e-06 -1.75028926e-08 
 2.12061349e-05  8.12976535e-01  8.12839845e-01  8.12923730e-01 -1.51186390e-05  3.29184030e-06 -1.65418463e-08 
 2.12067008e-05  8.12975992e-01  8.12823236e-01  8.12896720e-01 -1.51068467e-05  2.63396096e-06 -1.50582185e-08 
 2.12077562e-05  8.12975267e-01  8.12798274e-01  8.12852588e-01 -1.51184955e-05  1.73030044e-06 -1.22186617e-08 
 2.12098669e-05  8.12974221e-01  8.12767378e-01  8.12787045e-01 -1.51103016e-05  7.16846826e-07 -7.33842364e-09 
 2.12140883e-05  8.12973313e-01  8.12759733e-01  8.12728332e-01 -1.51312910e-05  6.72833004e-08 -1.89136134e-09 
 2.12196226e-05  8.12972937e-01  8.12811863e-01  8.12746014e-01 -1.51316323e-05 -2.80923824e-09 -8.37889411e-11 
 2.12278653e-05  8.12972911e-01  8.12928725e-01  8.12850134e-01 -1.51546250e-05  6.64054710e-10  3.28644013e-11 
 2.12416060e-05  8.12972978e-01  8.13091992e-01  8.13025482e-01 -1.51533819e-05 -2.80212290e-10  2.79916812e-11 
 2.12562451e-05  8.12973107e-01  8.13172305e-01  8.13123895e-01 -1.51696637e-05  1.52287140e-10  1.80466949e-11 
 2.12814824e-05  8.12973091e-01  8.13161938e-01  8.13128186e-01 -1.51620263e-05 -9.92943778e-11 -5.13155230e-12 
 2.13239908e-05  8.12973019e-01  8.13075048e-01  8.13038089e-01 -1.51748807e-05  7.18250561e-11 -2.87940039e-12 
 2.13619954e-05  8.12972951e-01  8.13071574e-01  8.13028492e-01 -1.51633137e-05 -5.68432317e-11  1.43674455e-12 
 2.14000000e-05  8.12973013e-01  8.13098327e-01  8.13056429e-01 -1.51745711e-05  4.45098515e-11  3.66319415e-12 
 2.14000293e-05  8.12974189e-01  8.13115350e-01  8.13056641e-01 -1.24454099e-05  4.30147596e-09  7.44693448e-10 
 2.14000880e-05  8.12974891e-01  8.13140863e-01  8.13057356e-01 -1.19089558e-05  1.26877290e-08  2.15237792e-09 
 2.14002053e-05  8.12975892e-01  8.13169086e-01  8.13059968e-01 -1.15842914e-05  2.82807055e-08  4.72372414e-09 
 2.14003596e-05  8.12977364e-01  8.13186950e-01  8.13064600e-01 -1.13783597e-05  4.72133043e-08  7.82011763e-09 
 2.14006680e-05  8.12980000e-01  8.13198145e-01  8.13074745e-01 -1.14211183e-05  8.16219055e-08  1.34108435e-08 
 2.14010238e-05  8.12983212e-01  8.13202233e-01  8.13086010e-01 -1.13732654e-05  1.16405840e-07  1.90606015e-08 
 2.14015316e-05  8.12987957e-01  8.13203927e-01  8.13100101e-01 -1.18598758e-05  1.58155277e-07  2.57820493e-08 
 2.14016221e-05  8.12989161e-01  8.13203690e-01  8.13102343e-01 -1.20341062e-05  1.64602832e-07  2.68017654e-08 
 2.14018032e-05  8.12992093e-01  8.13198674e-01  8.13106409e-01 -1.32908238e-05  1.76177111e-07  2.85083629e-08 
 2.14019432e-05  8.12995652e-01  8.13189822e-01  8.13108981e-01 -1.51802694e-05  1.83509144e-07  2.93961766e-08 
 2.14020656e-05  8.12999796e-01  8.13175558e-01  8.13110560e-01 -1.79740059e-05  1.88226853e-07  2.96684535e-08 
 2.14021871e-05  8.13005184e-01  8.13153814e-01  8.13111199e-01 -2.17937783e-05  1.90799005e-07  2.92865195e-08 
 2.14023097e-05  8.13011507e-01  8.13122137e-01  8.13110534e-01 -2.67092593e-05  1.90735136e-07  2.80333033e-08 
 2.14024286e-05  8.13018295e-01  8.13080591e-01  8.13108220e-01 -3.18852884e-05  1.87513617e-07  2.57696948e-08 
 2.14025381e-05  8.13024423e-01  8.13030491e-01  8.13104222e-01 -3.63956856e-05  1.81192619e-07  2.25358996e-08 
 2.14026366e-05  8.13029528e-01  8.12972914e-01  8.13098686e-01 -3.94001296e-05  1.72066564e-07  1.84329147e-08 
 2.14027365e-05  8.13033688e-01  8.12900628e-01  8.13090755e-01 -4.12356981e-05  1.58940087e-07  1.28952477e-08 
 2.14028428e-05  8.13036883e-01  8.12811508e-01  8.13079286e-01 -4.28755699e-05  1.40616794e-07  5.43056981e-09 
 2.14029790e-05  8.13038720e-01  8.12690833e-01  8.13059729e-01 -4.53853513e-05  1.11451900e-07 -6.18222479e-09 
 2.14030997e-05  8.13038275e-01  8.12586262e-01  8.13037952e-01 -4.77329945e-05  8.08982671e-08 -1.80560929e-08 
 2.14032284e-05  8.13035403e-01  8.12483556e-01  8.13010663e-01 -5.02130199e-05  4.33572101e-08 -3.19511185e-08 
 2.14033314e-05  8.13031118e-01  8.12411725e-01  8.12986301e-01 -5.18493524e-05  5.03535649e-09 -4.37008707e-08 
 2.14033946e-05  8.13027227e-01  8.12375210e-01  8.12970478e-01 -5.24854771e-05 -3.22701297e-08 -5.10350415e-08 
 2.14034353e-05  8.13024214e-01  8.12356871e-01  8.12960065e-01 -5.25911084e-05 -7.11759378e-08 -5.57092046e-08 
 2.14034707e-05  8.13020830e-01  8.12346063e-01  8.12950952e-01 -5.23912157e-05 -1.21278466e-07 -5.96601089e-08 
 2.14034985e-05  8.13017070e-01  8.12342611e-01  8.12943794e-01 -5.18798562e-05 -1.73902237e-07 -6.26190721e-08 
 2.14035226e-05  8.13012318e-01  8.12345132e-01  8.12937630e-01 -5.10631298e-05 -2.29418583e-07 -6.49977466e-08 
 2.14035469e-05  8.13005963e-01  8.12354860e-01  8.12931569e-01 -4.98174034e-05 -2.93281223e-07 -6.70978436e-08 
 2.14035788e-05  8.12995856e-01  8.12380911e-01  8.12923909e-01 -4.76045475e-05 -3.87109560e-07 -6.92776002e-08 
 2.14036080e-05  8.12985951e-01  8.12418155e-01  8.12917330e-01 -4.51651430e-05 -4.80146922e-07 -7.06207695e-08 
 2.14036507e-05  8.12971968e-01  8.12491278e-01  8.12908819e-01 -4.11634308e-05 -6.21907429e-07 -7.14590466e-08 
 2.14036914e-05  8.12960344e-01  8.12575530e-01  8.12902094e-01 -3.72017266e-05 -7.60322414e-07 -7.11677088e-08 
 2.14037248e-05  8.12952419e-01  8.12649672e-01  8.12897708e-01 -3.39866023e-05 -8.74128395e-07 -7.02975395e-08 
 2.14037591e-05  8.12945873e-01  8.12725892e-01  8.12894295e-01 -3.09125763e-05 -9.90261724e-07 -6.89796382e-08 
 2.14037999e-05  8.12939942e-01  8.12812456e-01  8.12891615e-01 -2.75969112e-05 -1.12696473e-06 -6.70417220e-08 
 2.14038380e-05  8.12935947e-01  8.12886717e-01  8.12890364e-01 -2.49160360e-05 -1.25325618e-06 -6.50113343e-08 
 2.14038815e-05  8.12932797e-01  8.12961646e-01  8.12890246e-01 -2.23226706e-05 -1.39547402e-06 -6.25824581e-08 
 2.14039250e-05  8.12930758e-01  8.13025614e-01  8.12891328e-01 -2.02218306e-05 -1.53557881e-06 -6.01328066e-08 
 2.14039766e-05  8.12929350e-01  8.13088045e-01  8.12893880e-01 -1.82598249e-05 -1.69904518e-06 -5.72837814e-08 
 2.14040313e-05  8.12928637e-01  8.13140173e-01  8.12897764e-01 -1.67185938e-05 -1.86884851e-06 -5.43826542e-08 
 2.14040979e-05  8.12928460e-01  8.13188098e-01  8.12903704e-01 -1.53887618e-05 -2.07145778e-06 -5.10266336e-08 
 2.14041725e-05  8.12928777e-01  8.13226445e-01  8.12911434e-01 -1.44250561e-05 -2.29273270e-06 -4.74941413e-08 
 2.14042675e-05  8.12929676e-01  8.13259674e-01  8.12922284e-01 -1.36936023e-05 -2.56791440e-06 -4.32775786e-08 
 2.14043816e-05  8.12931250e-01  8.13285640e-01  8.12936108e-01 -1.32449638e-05 -2.89416871e-06 -3.85340223e-08 
 2.14045375e-05  8.12934408e-01  8.13308757e-01  8.12955486e-01 -1.29780846e-05 -3.35542828e-06 -3.24732823e-08 
 2.14047442e-05  8.12941099e-01  8.13330232e-01  8.12981157e-01 -1.28666096e-05 -4.08410198e-06 -2.50158029e-08 
 2.14050000e-05  8.12953255e-01  8.13351973e-01  8.13012236e-01 -1.28295803e-05 -5.36848150e-06 -1.65552758e-08 
 2.14050064e-05  8.12952435e-01  8.13347614e-01  8.13012987e-01 -1.51257684e-05 -5.40833574e-06 -1.65268576e-08 
 2.14050191e-05  8.12951952e-01  8.13340291e-01  8.13014465e-01 -1.53462901e-05 -5.48819235e-06 -1.64573900e-08 
 2.14050447e-05  8.12952046e-01  8.13330076e-01  8.13017311e-01 -1.52658495e-05 -5.64670861e-06 -1.62864263e-08 
 2.14050957e-05  8.12951757e-01  8.13315596e-01  8.13022666e-01 -1.53786318e-05 -5.95720267e-06 -1.58983629e-08 
 2.14051979e-05  8.12952013e-01  8.13299021e-01  8.13032433e-01 -1.53103268e-05 -6.55446060e-06 -1.50106567e-08 
 2.14053232e-05  8.12952150e-01  8.13292116e-01  8.13043312e-01 -1.53736884e-05 -7.24595444e-06 -1.38297881e-08 
 2.14055095e-05  8.12952771e-01  8.13293892e-01  8.13058329e-01 -1.52952806e-05 -8.19582061e-06 -1.19829852e-08 
 2.14057955e-05  8.12953377e-01  8.13305629e-01  8.13080061e-01 -1.53531876e-05 -9.48816617e-06 -9.02381783e-09 
 2.14063677e-05  8.12955037e-01  8.13332821e-01  8.13120826e-01 -1.52753999e-05 -1.15612182e-05 -2.93833423e-09 
 2.14075120e-05  8.12957962e-01  8.13378837e-01  8.13193215e-01 -1.53209492e-05 -1.41883687e-05  8.60065087e-09 
 2.14098005e-05  8.12964003e-01  8.13438834e-01  8.13303087e-01 -1.52310371e-05 -1.59858545e-05  2.54630033e-08 
 2.14122743e-05  8.12969674e-01  8.13466064e-01  8.13375042e-01 -1.52779793e-05 -1.55311813e-05  3.40555773e-08 
 2.14157011e-05  8.12976821e-01  8.13460772e-01  8.13413842e-01 -1.51967698e-05 -1.39550220e-05  3.59542345e-08 
 2.14199103e-05  8.12983949e-01  8.13414789e-01  8.13398547e-01 -1.52453695e-05 -1.19520818e-05  3.23906364e-08 
 2.14277964e-05  8.12994881e-01  8.13291006e-01  8.13292898e-01 -1.51623434e-05 -8.95322603e-06  2.43491908e-08 
 2.14393982e-05  8.13006027e-01  8.13126850e-01  8.13118707e-01 -1.52120220e-05 -5.95517201e-06  1.59815868e-08 
 2.14518055e-05  8.13014214e-01  8.13028927e-01  8.13002567e-01 -1.51424046e-05 -3.92441188e-06  1.05213333e-08 
 2.14666471e-05  8.13020323e-01  8.13003737e-01  8.12962348e-01 -1.52042208e-05 -2.41261152e-06  6.44393464e-09 
 2.14832749e-05  8.13024761e-01  8.13038548e-01  8.12990249e-01 -1.51405918e-05 -1.41482644e-06  3.78475533e-09 
 2.15041837e-05  8.13027702e-01  8.13098702e-01  8.13051138e-01 -1.52053687e-05 -7.23633764e-07  1.93567916e-09 
 2.15286750e-05  8.13029641e-01  8.13137900e-01  8.13095167e-01 -1.51428903e-05 -3.29796247e-07  8.83278159e-10 
 2.15601973e-05  8.13030467e-01  8.13141019e-01  8.13101446e-01 -1.52076011e-05 -1.15890382e-07  3.08314354e-10 
 2.15995423e-05  8.13030976e-01  8.13130845e-01  8.13090500e-01 -1.51444204e-05 -2.95336739e-08  7.92054352e-11 
 2.16545149e-05  8.13030953e-01  8.13137643e-01  8.13096164e-01 -1.52081860e-05 -2.54859094e-09  8.24278937e-12 
 2.17334473e-05  8.13031114e-01  8.13148803e-01  8.13108209e-01 -1.51445331e-05  1.06319015e-10  9.69498733e-13 
 2.18334473e-05  8.13030969e-01  8.13148958e-01  8.13108240e-01 -1.52082109e-05  7.08823313e-11  5.36988694e-13 
 2.19334473e-05  8.13031107e-01  8.13153575e-01  8.13112756e-01 -1.51445428e-05 -1.04221322e-10  1.68513906e-12 
 2.20334473e-05  8.13030967e-01  8.13154948e-01  8.13114374e-01 -1.52081993e-05  1.01006779e-10  4.40453392e-13 
 2.21334473e-05  8.13031101e-01  8.13155062e-01  8.13114327e-01 -1.51445554e-05 -9.84543100e-11  1.51777690e-12 
 2.22334473e-05  8.13030960e-01  8.13156496e-01  8.13115844e-01 -1.52081912e-05  8.88342522e-11  5.94675730e-13 
 2.23334473e-05  8.13031095e-01  8.13156153e-01  8.13115510e-01 -1.51445611e-05 -8.59616330e-11  1.39017433e-12 
 2.24334473e-05  8.13030953e-01  8.13156605e-01  8.13115916e-01 -1.52081877e-05  7.71124037e-11  6.53157812e-13 
 2.25334473e-05  8.13031088e-01  8.13156695e-01  8.13116065e-01 -1.51445642e-05 -7.52083706e-11  1.36641745e-12 
 2.26334473e-05  8.13030946e-01  8.13156639e-01  8.13115963e-01 -1.52081844e-05  6.72948611e-11  6.52795743e-13 
 2.27334473e-05  8.13031081e-01  8.13156791e-01  8.13116147e-01 -1.51445682e-05 -6.62629157e-11  1.36850069e-12 
 2.28334473e-05  8.13030939e-01  8.13156736e-01  8.13116073e-01 -1.52081801e-05  5.91389862e-11  6.52938207e-13 
 2.29334473e-05  8.13031074e-01  8.13156760e-01  8.13116110e-01 -1.51445728e-05 -5.88231009e-11  1.36295180e-12 
 2.30334473e-05  8.13030932e-01  8.13156787e-01  8.13116124e-01 -1.52081754e-05  5.23465659e-11  6.60367214e-13 
 2.31334473e-05  8.13031067e-01  8.13156749e-01  8.13116101e-01 -1.51445774e-05 -5.26202064e-11  1.35569296e-12 
 2.32334473e-05  8.13030925e-01  8.13156785e-01  8.13116120e-01 -1.52081709e-05  4.66815989e-11  6.65196847e-13 
 2.33167236e-05  8.13031060e-01  8.13156755e-01  8.13116109e-01 -1.51445823e-05 -4.69769117e-11  1.35368827e-12 
 2.34000000e-05  8.13030919e-01  8.13156771e-01  8.13116106e-01 -1.52081656e-05  4.11063078e-11  6.64194394e-13 
 2.34001173e-05  8.13028337e-01  8.13115301e-01  8.13114248e-01 -1.76662544e-05 -2.20893437e-08 -2.67935619e-09 
 2.34003519e-05  8.13025866e-01  8.13069259e-01  8.13108636e-01 -1.77548801e-05 -6.20021564e-08 -7.60510709e-09 
 2.34006293e-05  8.13023612e-01  8.13058394e-01  8.13099649e-01 -1.78072643e-05 -1.00431347e-07 -1.26971218e-08 
 2.34009877e-05  8.13020727e-01  8.13053976e-01  8.13088396e-01 -1.83193676e-05 -1.39767908e-07 -1.84720922e-08 
 2.34012888e-05  8.13019178e-01  8.13054693e-01  8.13079911e-01 -1.99191159e-05 -1.64163753e-07 -2.25629265e-08 
 2.34014919e-05  8.13019075e-01  8.13057633e-01  8.13074882e-01 -2.25613320e-05 -1.75754194e-07 -2.48635362e-08 
 2.34016537e-05  8.13019963e-01  8.13063465e-01  8.13071435e-01 -2.59609170e-05 -1.81213972e-07 -2.63431911e-08 
 2.34018151e-05  8.13021755e-01  8.13072124e-01  8.13068664e-01 -3.07129394e-05 -1.82350663e-07 -2.74388456e-08 
 2.34019639e-05  8.13024244e-01  8.13084232e-01  8.13066865e-01 -3.62452315e-05 -1.78477594e-07 -2.80260664e-08 
 2.34020905e-05  8.13026807e-01  8.13098299e-01  8.13066062e-01 -4.17849606e-05 -1.70222351e-07 -2.81135878e-08 
 2.34021968e-05  8.13029170e-01  8.13114343e-01  8.13066046e-01 -4.68895464e-05 -1.58555615e-07 -2.77954464e-08 
 2.34022879e-05  8.13031124e-01  8.13132245e-01  8.13066639e-01 -5.15188363e-05 -1.43929073e-07 -2.71422615e-08 
 2.34023680e-05  8.13032660e-01  8.13152655e-01  8.13067748e-01 -5.56521388e-05 -1.26393557e-07 -2.61786038e-08 
 2.34024402e-05  8.13033669e-01  8.13176106e-01  8.13069341e-01 -5.93442223e-05 -1.05706018e-07 -2.48978449e-08 
 2.34025078e-05  8.13034183e-01  8.13203930e-01  8.13071476e-01 -6.26419199e-05 -8.10299083e-08 -2.32375773e-08 
 2.34025769e-05  8.13034264e-01  8.13239445e-01  8.13074467e-01 -6.57919303e-05 -4.94732445e-08 -2.09690961e-08 
 2.34026523e-05  8.13034365e-01  8.13285999e-01  8.13078852e-01 -6.89460880e-05 -7.74777788e-09 -1.77763547e-08 
 2.34027377e-05  8.13035047e-01  8.13345569e-01  8.13085446e-01 -7.22742250e-05  4.63973907e-08 -1.32976580e-08 
 2.34028278e-05  8.13036604e-01  8.13412036e-01  8.13094383e-01 -7.55300957e-05  1.05367688e-07 -7.72876501e-09 
 2.34029172e-05  8.13038908e-01  8.13478756e-01  8.13105290e-01 -7.85099019e-05  1.57228321e-07 -1.48720716e-09 
 2.34030218e-05  8.13042692e-01  8.13554528e-01  8.13120488e-01 -8.17118096e-05  1.99989213e-07  6.51102474e-09 
 2.34031319e-05  8.13048151e-01  8.13627520e-01  8.13139002e-01 -8.49224583e-05  2.25495638e-07  1.55001563e-08 
 2.34032389e-05  8.13054736e-01  8.13688685e-01  8.13159064e-01 -8.78451682e-05  2.40946073e-07  2.46041697e-08 
 2.34033592e-05  8.13062997e-01  8.13743856e-01  8.13183321e-01 -9.03860417e-05  2.55396959e-07  3.49957518e-08 
 2.34034566e-05  8.13070133e-01  8.13775730e-01  8.13203814e-01 -9.10522579e-05  2.66578191e-07  4.33109407e-08 
 2.34035201e-05  8.13074711e-01  8.13786783e-01  8.13217274e-01 -8.94817722e-05  2.73346944e-07  4.84520834e-08 
 2.34035701e-05  8.13078154e-01  8.13785751e-01  8.13227726e-01 -8.60599234e-05  2.77750956e-07  5.21203302e-08 
 2.34036213e-05  8.13081292e-01  8.13771513e-01  8.13238076e-01 -8.04684804e-05  2.80838961e-07  5.53001060e-08 
 2.34036879e-05  8.13084736e-01  8.13730552e-01  8.13250487e-01 -7.11761804e-05  2.82026731e-07  5.82978944e-08 
 2.34037506e-05  8.13087205e-01  8.13671125e-01  8.13260633e-01 -6.16076236e-05  2.80181108e-07  5.98726943e-08 
 2.34038379e-05  8.13089543e-01  8.13566082e-01  8.13271530e-01 -4.89604039e-05  2.73309897e-07  6.02080574e-08 
 2.34039402e-05  8.13090868e-01  8.13431191e-01  8.13279006e-01 -3.71713694e-05  2.60449825e-07  5.84414101e-08 
 2.34040165e-05  8.13091157e-01  8.13335223e-01  8.13280915e-01 -3.09849008e-05  2.48582906e-07  5.60895555e-08 
 2.34040904e-05  8.13091031e-01  8.13253188e-01  8.13280117e-01 -2.67741123e-05  2.36026675e-07  5.33435509e-08 
 2.34041772e-05  8.13090594e-01  8.13173570e-01  8.13276455e-01 -2.35148156e-05  2.20538089e-07  4.98438272e-08 
 2.34042622e-05  8.13089940e-01  8.13112405e-01  8.13270629e-01 -2.15728128e-05  2.04923995e-07  4.63157151e-08 
 2.34043608e-05  8.13089061e-01  8.13059438e-01  8.13261913e-01 -2.02728856e-05  1.86612744e-07  4.22736292e-08 
 2.34044641e-05  8.13088036e-01  8.13019921e-01  8.13251270e-01 -1.95623717e-05  1.67428967e-07  3.81798162e-08 
 2.34045896e-05  8.13086756e-01  8.12986992e-01  8.13237140e-01 -1.91487083e-05  1.44363136e-07  3.34477625e-08 
 2.34047305e-05  8.13085278e-01  8.12962335e-01  8.13220526e-01 -1.89637855e-05  1.19082175e-07  2.84537215e-08 
 2.34048653e-05  8.13083876e-01  8.12945690e-01  8.13204405e-01 -1.88970263e-05  9.56941846e-08  2.39677066e-08 
 2.34050000e-05  8.13082466e-01  8.12932622e-01  8.13188351e-01 -1.88719831e-05  7.32271680e-08  1.97374785e-08 
 2.34050024e-05  8.13082991e-01  8.12934494e-01  8.13188064e-01 -1.66663059e-05  7.31555905e-08  1.97308345e-08 
 2.34050073e-05  8.13083470e-01  8.12937955e-01  8.13187495e-01 -1.63032969e-05  7.30609730e-08  1.97144777e-08 
 2.34050170e-05  8.13083389e-01  8.12943528e-01  8.13186378e-01 -1.61815189e-05  7.29526475e-08  1.96691709e-08 
 2.34050365e-05  8.13083446e-01  8.12951963e-01  8.13184210e-01 -1.59851744e-05  7.26775866e-08  1.95657198e-08 
 2.34050681e-05  8.13083401e-01  8.12962463e-01  8.13180853e-01 -1.57388053e-05  7.21440790e-08  1.93811643e-08 
 2.34051312e-05  8.13083390e-01  8.12977086e-01  8.13174577e-01 -1.54174845e-05  7.08436997e-08  1.89689317e-08 
 2.34052574e-05  8.13083220e-01  8.12990831e-01  8.13163187e-01 -1.51295348e-05  6.78371754e-08  1.80777387e-08 
 2.34055099e-05  8.13082923e-01  8.12990957e-01  8.13142717e-01 -1.50273565e-05  6.16242622e-08  1.63094397e-08 
 2.34058121e-05  8.13082516e-01  8.12977439e-01  8.13120014e-01 -1.50353687e-05  5.47322396e-08  1.43918555e-08 
 2.34062790e-05  8.13082010e-01  8.12955677e-01  8.13086855e-01 -1.50389479e-05  4.54911930e-08  1.18563163e-08 
 2.34070098e-05  8.13081268e-01  8.12925362e-01  8.13039164e-01 -1.50404008e-05  3.39716113e-08  8.72177809e-09 
 2.34084714e-05  8.13080194e-01  8.12878112e-01  8.12958602e-01 -1.50519322e-05  1.86714298e-08  4.59675558e-09 
 2.34113946e-05  8.13078827e-01  8.12825309e-01  8.12849737e-01 -1.50648353e-05  4.87621365e-09  9.76847776e-10 
 2.34169998e-05  8.13077793e-01  8.12820922e-01  8.12778637e-01 -1.50944608e-05 -3.61424403e-10 -2.32465185e-10 
 2.34232411e-05  8.13077452e-01  8.12888941e-01  8.12818229e-01 -1.51126674e-05  2.34703381e-12 -2.12531949e-11 
 2.34346678e-05  8.13077336e-01  8.13037706e-01  8.12963543e-01 -1.51406469e-05  9.81617196e-12  3.01365433e-11 
 2.34461940e-05  8.13077313e-01  8.13146709e-01  8.13086313e-01 -1.51503007e-05  1.76452136e-11  2.60863737e-11 
 2.34652457e-05  8.13077347e-01  8.13214687e-01  8.13171431e-01 -1.51642381e-05  1.07286012e-12  6.69844920e-12 
 2.34935496e-05  8.13077273e-01  8.13191900e-01  8.13156480e-01 -1.51660863e-05 -1.96782543e-12 -3.13969364e-12 
 2.35467748e-05  8.13077211e-01  8.13147180e-01  8.13106026e-01 -1.51709177e-05 -2.11807481e-12 -5.35779266e-13 
 2.36000000e-05  8.13077202e-01  8.13177842e-01  8.13134965e-01 -1.51671317e-05  2.07114707e-12  3.91797917e-12 
 2.36000363e-05  8.13081079e-01  8.13218230e-01  8.13135576e-01 -1.32599354e-05  4.27850396e-09  1.83035619e-09 
 2.36001090e-05  8.13085781e-01  8.13276093e-01  8.13137608e-01 -1.22675114e-05  1.16843025e-08  5.30368484e-09 
 2.36002543e-05  8.13094529e-01  8.13333860e-01  8.13144766e-01 -1.15968349e-05  2.15794299e-08  1.16317635e-08 
 2.36004403e-05  8.13105888e-01  8.13366298e-01  8.13156577e-01 -1.13428960e-05  2.99389329e-08  1.90185077e-08 
 2.36007900e-05  8.13126798e-01  8.13387510e-01  8.13180065e-01 -1.13784350e-05  4.20539749e-08  3.14615919e-08 
 2.36011833e-05  8.13150582e-01  8.13402119e-01  8.13205453e-01 -1.13569153e-05  5.33356238e-08  4.35623594e-08 
 2.36014505e-05  8.13166701e-01  8.13409221e-01  8.13221642e-01 -1.15821908e-05  5.86727061e-08  5.07344478e-08 
 2.36016556e-05  8.13179744e-01  8.13414138e-01  8.13233416e-01 -1.20318820e-05  5.69429678e-08  5.56362329e-08 
 2.36018064e-05  8.13189831e-01  8.13413848e-01  8.13241609e-01 -1.30269341e-05  4.59245237e-08  5.87844959e-08 
 2.36019395e-05  8.13199779e-01  8.13410541e-01  8.13248343e-01 -1.45796326e-05  2.09726890e-08  6.10874247e-08 
 2.36020657e-05  8.13209953e-01  8.13401428e-01  8.13254105e-01 -1.70733953e-05 -2.56537061e-08  6.26689220e-08 
 2.36021932e-05  8.13221307e-01  8.13385667e-01  8.13259018e-01 -2.05812208e-05 -1.07063118e-07  6.34577113e-08 
 2.36023223e-05  8.13233176e-01  8.13360623e-01  8.13262715e-01 -2.51239310e-05 -2.37891450e-07  6.31818829e-08 
 2.36024489e-05  8.13244895e-01  8.13326249e-01  8.13264694e-01 -2.99018200e-05 -4.28087511e-07  6.16088975e-08 
 2.36025675e-05  8.13254849e-01  8.13282906e-01  8.13264658e-01 -3.39446476e-05 -6.76868932e-07  5.86895302e-08 
 2.36026758e-05  8.13262588e-01  8.13231708e-01  8.13262622e-01 -3.63072420e-05 -9.79215977e-07  5.45197386e-08 
 2.36027974e-05  8.13268614e-01  8.13159429e-01  8.13257508e-01 -3.74301380e-05 -1.42130057e-06  4.78301155e-08 
 2.36029085e-05  8.13271546e-01  8.13083739e-01  8.13249829e-01 -3.83234742e-05 -1.92377981e-06  3.98667118e-08 
 2.36030801e-05  8.13270696e-01  8.12963603e-01  8.13232126e-01 -4.03079981e-05 -2.86511213e-06  2.46641005e-08 
 2.36032154e-05  8.13265576e-01  8.12873352e-01  8.13213451e-01 -4.20757096e-05 -3.72986636e-06  1.06398512e-08 
 2.36033366e-05  8.13257084e-01  8.12799947e-01  8.13193692e-01 -4.37104461e-05 -4.57608431e-06 -3.03616798e-09 
 2.36034395e-05  8.13245728e-01  8.12746003e-01  8.13175083e-01 -4.48290794e-05 -5.33219416e-06 -1.51785247e-08 
 2.36035063e-05  8.13234748e-01  8.12717809e-01  8.13162335e-01 -4.52664404e-05 -5.83055200e-06 -2.31320183e-08 
 2.36035485e-05  8.13226686e-01  8.12704733e-01  8.13154089e-01 -4.52780887e-05 -6.14315009e-06 -2.80912265e-08 
 2.36035828e-05  8.13220023e-01  8.12698506e-01  8.13147377e-01 -4.50627037e-05 -6.38981492e-06 -3.19749891e-08 
 2.36036108e-05  8.13214739e-01  8.12697948e-01  8.13141928e-01 -4.45964512e-05 -6.58238469e-06 -3.49643382e-08 
 2.36036387e-05  8.13209609e-01  8.12703572e-01  8.13136566e-01 -4.37868208e-05 -6.76157092e-06 -3.76695424e-08 
 2.36036706e-05  8.13205193e-01  8.12720088e-01  8.13130668e-01 -4.23963662e-05 -6.94235523e-06 -4.02396360e-08 
 2.36037066e-05  8.13204455e-01  8.12753043e-01  8.13124452e-01 -4.03500545e-05 -7.10979947e-06 -4.23327023e-08 
 2.36037475e-05  8.13211840e-01  8.12807120e-01  8.13118203e-01 -3.76005958e-05 -7.24948759e-06 -4.36144903e-08 
 2.36038080e-05  8.13240936e-01  8.12908874e-01  8.13111007e-01 -3.31474670e-05 -7.36290490e-06 -4.35899454e-08 
 2.36038483e-05  8.13272285e-01  8.12984052e-01  8.13107731e-01 -3.01947024e-05 -7.38417486e-06 -4.25243211e-08 
 2.36038866e-05  8.13309584e-01  8.13055510e-01  8.13105773e-01 -2.75182441e-05 -7.37271734e-06 -4.09624030e-08 
 2.36039309e-05  8.13360130e-01  8.13133761e-01  8.13104864e-01 -2.47472757e-05 -7.32964165e-06 -3.87083378e-08 
 2.36039785e-05  8.13421236e-01  8.13209590e-01  8.13105356e-01 -2.21730100e-05 -7.25705684e-06 -3.59638184e-08 
 2.36040283e-05  8.13491006e-01  8.13278370e-01  8.13107291e-01 -1.99593590e-05 -7.16061348e-06 -3.29093945e-08 
 2.36040821e-05  8.13570865e-01  8.13340009e-01  8.13110725e-01 -1.80596438e-05 -7.04160596e-06 -2.95651712e-08 
 2.36041416e-05  8.13662902e-01  8.13394286e-01  8.13115797e-01 -1.64874247e-05 -6.89957310e-06 -2.59247022e-08 
 2.36042095e-05  8.13771266e-01  8.13441415e-01  8.13122796e-01 -1.52039871e-05 -6.73101176e-06 -2.19201039e-08 
 2.36042880e-05  8.13900127e-01  8.13480963e-01  8.13132007e-01 -1.42302999e-05 -6.53337457e-06 -1.75196109e-08 
 2.36043823e-05  8.14059599e-01  8.13513735e-01  8.13144024e-01 -1.35200362e-05 -6.29823230e-06 -1.25711686e-08 
 2.36044982e-05  8.14265745e-01  8.13540569e-01  8.13159540e-01 -1.30619999e-05 -6.01678404e-06 -6.94809874e-09 
 2.36046485e-05  8.14562865e-01  8.13563849e-01  8.13180093e-01 -1.27876147e-05 -5.66758977e-06 -3.65155844e-10 
 2.36048243e-05  8.14984264e-01  8.13583758e-01  8.13204068e-01 -1.26678596e-05 -5.28340695e-06  6.28347844e-09 
 2.36050000e-05  8.15522451e-01  8.13600667e-01  8.13227664e-01 -1.26114272e-05 -4.92439932e-06  1.17298796e-08 
 2.36050045e-05  8.15536248e-01  8.13593508e-01  8.13228253e-01 -1.37729657e-05 -4.91600223e-06  1.16073089e-08 
 2.36050136e-05  8.15565738e-01  8.13581086e-01  8.13229405e-01 -1.41332265e-05 -4.89921168e-06  1.13808718e-08 
 2.36050317e-05  8.15626821e-01  8.13562802e-01  8.13231586e-01 -1.42279710e-05 -4.86559224e-06  1.09695383e-08 
 2.36050680e-05  8.15747763e-01  8.13535886e-01  8.13235576e-01 -1.45944984e-05 -4.79844454e-06  1.01944543e-08 
 2.36051405e-05  8.15989808e-01  8.13499083e-01  8.13242473e-01 -1.48781614e-05 -4.66550937e-06  8.79070214e-09 
 2.36052855e-05  8.16469359e-01  8.13461979e-01  8.13253602e-01 -1.51875356e-05 -4.40836783e-06  6.27450901e-09 
 2.36054584e-05  8.17034079e-01  8.13449806e-01  8.13264403e-01 -1.51663922e-05 -4.11936466e-06  3.54503698e-09 
 2.36057394e-05  8.17934440e-01  8.13451644e-01  8.13279908e-01 -1.52136170e-05 -3.68895479e-06 -5.23788693e-10 
 2.36061697e-05  8.19272542e-01  8.13465823e-01  8.13301800e-01 -1.51483550e-05 -3.11487018e-06 -5.96608084e-09 
 2.36068962e-05  8.21424985e-01  8.13493126e-01  8.13336566e-01 -1.51915984e-05 -2.33789996e-06 -1.32974064e-08 
 2.36083390e-05  8.25333323e-01  8.13556282e-01  8.13402613e-01 -1.51193048e-05 -1.30673370e-06 -2.25607776e-08 
 2.36112245e-05  8.31890827e-01  8.13742156e-01  8.13553326e-01 -1.51447039e-05 -3.62465221e-07 -2.85392219e-08 
 2.36164766e-05  8.40531624e-01  8.14382930e-01  8.14033370e-01 -1.50642542e-05  5.06024537e-09 -2.34875803e-08 
 2.36225302e-05  8.46801325e-01  8.15708592e-01  8.15097653e-01 -1.51075039e-05 -5.68726542e-10 -1.43636912e-08 
 2.36297180e-05  8.51158603e-01  8.18086296e-01  8.17172390e-01 -1.50563032e-05  2.06198197e-10 -7.60543620e-09 
 2.36366556e-05  8.53500052e-01  8.21029699e-01  8.19897635e-01 -1.51152013e-05  3.21076918e-10 -3.90688111e-09 
 2.36453433e-05  8.55076546e-01  8.25202707e-01  8.23931176e-01 -1.50699839e-05  5.23368019e-10 -1.32268986e-09 
 2.36559910e-05  8.55966554e-01  8.30425349e-01  8.29159211e-01 -1.51298944e-05  6.33891653e-10  1.49112200e-10 
 2.36666750e-05  8.56331023e-01  8.35197066e-01  8.34078068e-01 -1.50833168e-05  6.24717434e-10  6.72703426e-10 
 2.36775627e-05  8.56481915e-01  8.39150212e-01  8.38263497e-01 -1.51429030e-05  5.31648008e-10  7.42652328e-10 
 2.36898136e-05  8.56548458e-01  8.42305526e-01  8.41704043e-01 -1.50998773e-05  3.72665604e-10  5.88683749e-10 
 2.37024447e-05  8.56572352e-01  8.44239664e-01  8.43891118e-01 -1.51634724e-05  2.12876686e-10  3.57951587e-10 
 2.37182482e-05  8.56581920e-01  8.45347637e-01  8.45198189e-01 -1.51236361e-05  6.31775691e-11  1.28727073e-10 
 2.37365015e-05  8.56583755e-01  8.45789408e-01  8.45713228e-01 -1.51864081e-05 -7.38096997e-12  4.79315058e-12 
 2.37531051e-05  8.56583990e-01  8.46108533e-01  8.46010582e-01 -1.51385355e-05 -9.84621933e-12  1.08096675e-12 
 2.37730715e-05  8.56583764e-01  8.46793435e-01  8.46647305e-01 -1.51922876e-05  2.17956759e-11  4.39157609e-11 
 2.37948888e-05  8.56584256e-01  8.47839627e-01  8.47667287e-01 -1.51390508e-05  4.40346236e-11  8.44820276e-11 
 2.38248163e-05  8.56584643e-01  8.49301833e-01  8.49142816e-01 -1.51905056e-05  4.91915675e-11  8.76375445e-11 
 2.38669258e-05  8.56585492e-01  8.50886998e-01  8.50768043e-01 -1.51385425e-05  2.76778832e-11  5.68097943e-11 
 2.39110362e-05  8.56585647e-01  8.52046878e-01  8.51947055e-01 -1.51918427e-05  1.99672301e-11  3.70872221e-11 
 2.39763082e-05  8.56586279e-01  8.53390155e-01  8.53301000e-01 -1.51397840e-05  1.55965002e-11  3.34970425e-11 
 2.40763082e-05  8.56586562e-01  8.54797991e-01  8.54730280e-01 -1.51924590e-05  1.01423013e-11  1.79735893e-11 
 2.41763082e-05  8.56587012e-01  8.55576492e-01  8.55519242e-01 -1.51404643e-05  3.18546968e-12  1.07645148e-11 
 2.42763082e-05  8.56586954e-01  8.56052021e-01  8.55999673e-01 -1.51928789e-05  4.62967468e-12  7.39032690e-12 
 2.43763082e-05  8.56587250e-01  8.56326527e-01  8.56279280e-01 -1.51406337e-05 -2.15603143e-13  4.40058038e-12 
 2.44763082e-05  8.56587078e-01  8.56480452e-01  8.56434311e-01 -1.51930430e-05  2.07330160e-12  2.67678907e-12 
 2.45763082e-05  8.56587313e-01  8.56578794e-01  8.56534288e-01 -1.51406947e-05 -9.92108305e-13  2.83203631e-12 
 2.46763082e-05  8.56587111e-01  8.56630037e-01  8.56586288e-01 -1.51930835e-05  1.10763785e-12  9.40329737e-13 
 2.47763082e-05  8.56587321e-01  8.56662766e-01  8.56619210e-01 -1.51407317e-05 -1.33208960e-12  2.15791312e-12 
 2.48763082e-05  8.56587109e-01  8.56681721e-01  8.56638643e-01 -1.51930858e-05  9.03760790e-13  5.59839339e-13 
 2.49763082e-05  8.56587311e-01  8.56691664e-01  8.56648580e-01 -1.51407504e-05 -1.54893568e-12  1.76269118e-12 
 2.50763082e-05  8.56587095e-01  8.56698758e-01  8.56655815e-01 -1.51930843e-05  8.84902828e-13  5.10802501e-13 
 2.51763082e-05  8.56587295e-01  8.56702025e-01  8.56659136e-01 -1.51407573e-05 -1.63073049e-12  1.61688463e-12 
 2.52763082e-05  8.56587077e-01  8.56704273e-01  8.56661383e-01 -1.51930831e-05  8.63081741e-13  4.68556726e-13 
 2.53763082e-05  8.56587276e-01  8.56705618e-01  8.56662772e-01 -1.51407613e-05 -1.63801915e-12  1.59976725e-12 
 2.54763082e-05  8.56587058e-01  8.56706198e-01  8.56663348e-01 -1.51930804e-05  8.40119641e-13  4.30729074e-13 
 2.55381541e-05  8.56587261e-01  8.56706584e-01  8.56663736e-01 -1.51407668e-05 -1.63081181e-12  1.60687072e-12 
 2.56000000e-05  8.56587046e-01  8.56706763e-01  8.56663929e-01 -1.51930736e-05  8.31488307e-13  4.20472576e-13 
 2.56000873e-05  8.56577270e-01  8.56635420e-01  8.56661522e-01 -1.70735359e-05 -6.81297337e-09 -4.13289607e-09 
 2.56002619e-05  8.56562374e-01  8.56549762e-01  8.56653981e-01 -1.77738906e-05 -1.67928438e-08 -1.18237381e-08 
 2.56005658e-05  8.56538952e-01  8.56507969e-01  8.56634733e-01 -1.78767447e-05 -2.74104265e-08 -2.35678241e-08 
 2.56008931e-05  8.56515516e-01  8.56493151e-01  8.56612985e-01 -1.82001356e-05 -3.68184709e-08 -3.47050151e-08 
 2.56012726e-05  8.56492067e-01  8.56483909e-01  8.56589378e-01 -1.98851651e-05 -3.88513818e-08 -4.57839457e-08 
 2.56014928e-05  8.56481121e-01  8.56480620e-01  8.56576728e-01 -2.27296606e-05 -2.84061605e-08 -5.12453821e-08 
 2.56016632e-05  8.56475159e-01  8.56483138e-01  8.56567654e-01 -2.63980098e-05 -7.36864592e-09 -5.48786811e-08 
 2.56018366e-05  8.56471765e-01  8.56488120e-01  8.56559286e-01 -3.17244442e-05  3.15855957e-08 -5.79644587e-08 
 2.56019976e-05  8.56471776e-01  8.56498235e-01  8.56552487e-01 -3.80406436e-05  9.00755646e-08 -6.01671857e-08 
 2.56021343e-05  8.56474427e-01  8.56510810e-01  8.56547656e-01 -4.43971150e-05  1.63520914e-07 -6.14118885e-08 
 2.56022483e-05  8.56479044e-01  8.56526476e-01  8.56544452e-01 -5.02316064e-05  2.48471532e-07 -6.18754445e-08 
 2.56023459e-05  8.56484890e-01  8.56544442e-01  8.56542469e-01 -5.55334800e-05  3.45063238e-07 -6.17248615e-08 
 2.56024323e-05  8.56491968e-01  8.56565833e-01  8.56541444e-01 -6.03039723e-05  4.55847607e-07 -6.10308592e-08 
 2.56025121e-05  8.56500202e-01  8.56591437e-01  8.56541267e-01 -6.46860671e-05  5.86314296e-07 -5.97804009e-08 
 2.56025923e-05  8.56510656e-01  8.56624490e-01  8.56542021e-01 -6.89156395e-05  7.52542722e-07 -5.77784692e-08 
 2.56026823e-05  8.56525396e-01  8.56670016e-01  8.56544229e-01 -7.34568574e-05  9.87740549e-07 -5.45328596e-08 
 2.56027798e-05  8.56544534e-01  8.56725997e-01  8.56548471e-01 -7.81421533e-05  1.30067188e-06 -4.98811358e-08 
 2.56028724e-05  8.56563331e-01  8.56781744e-01  8.56554384e-01 -8.24347886e-05  1.65069576e-06 -4.45060834e-08 
 2.56029768e-05  8.56581928e-01  8.56844285e-01  8.56563215e-01 -8.70743343e-05  2.10046982e-06 -3.75183346e-08 
 2.56030924e-05  8.56597288e-01  8.56910110e-01  8.56575466e-01 -9.20115163e-05  2.65636211e-06 -2.88724510e-08 
 2.56032209e-05  8.56610757e-01  8.56975834e-01  8.56591739e-01 -9.72825117e-05  3.33025782e-06 -1.84426937e-08 
 2.56033666e-05  8.56625163e-01  8.57038236e-01  8.56612825e-01 -1.02577451e-04  4.14183925e-06 -5.99429096e-09 
 2.56034993e-05  8.56639090e-01  8.57081898e-01  8.56633750e-01 -1.05875370e-04  4.90362621e-06  5.54113325e-09 
 2.56035920e-05  8.56648960e-01  8.57101333e-01  8.56648853e-01 -1.05810542e-04  5.42985822e-06  1.33514428e-08 
 2.56036533e-05  8.56655338e-01  8.57104923e-01  8.56658820e-01 -1.02979430e-04  5.76170753e-06  1.81211573e-08 
 2.56037068e-05  8.56660350e-01  8.57097692e-01  8.56667287e-01 -9.80314983e-05  6.02800892e-06  2.17506361e-08 
 2.56037686e-05  8.56665362e-01  8.57074185e-01  8.56676452e-01 -9.00347127e-05  6.29460628e-06  2.50472168e-08 
 2.56038376e-05  8.56669593e-01  8.57028895e-01  8.56685505e-01 -7.93752073e-05  6.53078350e-06  2.74280772e-08 
 2.56039183e-05  8.56672748e-01  8.56955893e-01  8.56693890e-01 -6.63991887e-05  6.71778277e-06  2.84382210e-08 
 2.56040216e-05  8.56673973e-01  8.56845230e-01  8.56700525e-01 -5.13564895e-05  6.82509564e-06  2.72804639e-08 
 2.56041075e-05  8.56673041e-01  8.56750669e-01  8.56702369e-01 -4.14669125e-05  6.81766656e-06  2.46741187e-08 
 2.56041882e-05  8.56670855e-01  8.56668304e-01  8.56701233e-01 -3.44529622e-05  6.74983007e-06  2.13126782e-08 
 2.56042748e-05  8.56667568e-01  8.56591595e-01  8.56697349e-01 -2.90719075e-05  6.63026958e-06  1.71143436e-08 
 2.56043698e-05  8.56663105e-01  8.56522830e-01  8.56690528e-01 -2.51267730e-05  6.46211005e-06  1.21457642e-08 
 2.56044668e-05  8.56658009e-01  8.56468238e-01  8.56681474e-01 -2.26124045e-05  6.26638281e-06  6.94059300e-09 
 2.56045746e-05  8.56651896e-01  8.56422949e-01  8.56669707e-01 -2.09538415e-05  6.03498016e-06  1.20626911e-09 
 2.56046925e-05  8.56644967e-01  8.56387364e-01  8.56655551e-01 -1.99761836e-05  5.77702648e-06 -4.86543164e-09 
 2.56048310e-05  8.56636595e-01  8.56357993e-01  8.56637986e-01 -1.94072790e-05  5.47712832e-06 -1.16595222e-08 
 2.56049155e-05  8.56631461e-01  8.56344589e-01  8.56627035e-01 -1.92435631e-05  5.29866759e-06 -1.56062016e-08 
 2.56050000e-05  8.56626282e-01  8.56333316e-01  8.56616038e-01 -1.91365110e-05  5.12467490e-06 -1.94052909e-08 
 2.56050021e-05  8.56627169e-01  8.56336793e-01  8.56615774e-01 -1.80944724e-05  5.12075426e-06 -1.93809920e-08 
 2.56050062e-05  8.56628000e-01  8.56343206e-01  8.56615250e-01 -1.76892905e-05  5.11294910e-06 -1.93386814e-08 
 2.56050144e-05  8.56627926e-01  8.56353712e-01  8.56614234e-01 -1.74689697e-05  5.09740817e-06 -1.92738460e-08 
 2.56050308e-05  8.56628042e-01  8.56369913e-01  8.56612298e-01 -1.71629009e-05  5.06631300e-06 -1.91628599e-08 
 2.56050579e-05  8.56628043e-01  8.56390495e-01  8.56609333e-01 -1.67270892e-05  5.01508702e-06 -1.90073632e-08 
 2.56051122e-05  8.56628136e-01  8.56420860e-01  8.56604044e-01 -1.61303089e-05  4.91312301e-06 -1.87699215e-08 
 2.56052206e-05  8.56628084e-01  8.56456437e-01  8.56595203e-01 -1.54852101e-05  4.71268507e-06 -1.84513842e-08 
 2.56054375e-05  8.56627937e-01  8.56478830e-01  8.56581034e-01 -1.51396551e-05  4.33115997e-06 -1.80111847e-08 
 2.56057318e-05  8.56627580e-01  8.56475122e-01  8.56564706e-01 -1.51010484e-05  3.85914244e-06 -1.74200895e-08 
 2.56061372e-05  8.56627199e-01  8.56462414e-01  8.56543888e-01 -1.51094312e-05  3.29051381e-06 -1.64687273e-08 
 2.56067030e-05  8.56626656e-01  8.56445866e-01  8.56516937e-01 -1.50970765e-05  2.63303823e-06 -1.49992215e-08 
 2.56077631e-05  8.56625926e-01  8.56420910e-01  8.56472722e-01 -1.51093118e-05  1.72629259e-06 -1.21665605e-08 
 2.56098834e-05  8.56624874e-01  8.56390199e-01  8.56407216e-01 -1.51005520e-05  7.11937862e-07 -7.29315794e-09 
 2.56141241e-05  8.56623962e-01  8.56383434e-01  8.56349193e-01 -1.51221683e-05  6.52203250e-08 -1.86370864e-09 
 2.56196584e-05  8.56623589e-01  8.56437018e-01  8.56368332e-01 -1.51218942e-05 -2.72393900e-09 -8.12563428e-11 
 2.56279294e-05  8.56623565e-01  8.56556679e-01  8.56475150e-01 -1.51454784e-05  6.48880972e-10  3.29734823e-11 
 2.56417144e-05  8.56623637e-01  8.56724415e-01  8.56655039e-01 -1.51436304e-05 -2.73507298e-10  2.88523453e-11 
 2.56563779e-05  8.56623770e-01  8.56808157e-01  8.56757071e-01 -1.51604843e-05  1.49738816e-10  1.84190293e-11 
 2.56816264e-05  8.56623758e-01  8.56800791e-01  8.56764691e-01 -1.51522489e-05 -9.73251427e-11 -4.83399849e-12 
 2.57239728e-05  8.56623686e-01  8.56714831e-01  8.56675759e-01 -1.51657006e-05  7.02569723e-11 -3.02391630e-12 
 2.57619864e-05  8.56623617e-01  8.56711133e-01  8.56665842e-01 -1.51535480e-05 -5.57183579e-11  1.46603308e-12 
 2.58000000e-05  8.56623678e-01  8.56738927e-01  8.56694748e-01 -1.51653925e-05  4.36974075e-11  3.69485025e-12 
 2.58000293e-05  8.56624855e-01  8.56755954e-01  8.56694961e-01 -1.24358280e-05  4.30160908e-09  7.44888626e-10 
 2.58000880e-05  8.56625557e-01  8.56781472e-01  8.56695678e-01 -1.18992308e-05  1.26897174e-08  2.15287473e-09 
 2.58002054e-05  8.56626559e-01  8.56809701e-01  8.56698296e-01 -1.15746676e-05  2.82859735e-08  4.72474807e-09 
 2.58003597e-05  8.56628032e-01  8.56827574e-01  8.56702935e-01 -1.13687768e-05  4.72219499e-08  7.82168372e-09 
 2.58006682e-05  8.56630669e-01  8.56838790e-01  8.56713096e-01 -1.14116136e-05  8.16360651e-08  1.34133239e-08 
 2.58010240e-05  8.56633882e-01  8.56842903e-01  8.56724379e-01 -1.13637543e-05  1.16420358e-07  1.90632322e-08 
 2.58015311e-05  8.56638621e-01  8.56844635e-01  8.56738478e-01 -1.18488697e-05  1.58114942e-07  2.57764020e-08 
 2.58016216e-05  8.56639822e-01  8.56844408e-01  8.56740725e-01 -1.20223043e-05  1.64559998e-07  2.67959636e-08 
 2.58018025e-05  8.56642749e-01  8.56839422e-01  8.56744800e-01 -1.32747278e-05  1.76131831e-07  2.85032325e-08 
 2.58019426e-05  8.56646301e-01  8.56830604e-01  8.56747382e-01 -1.51586987e-05  1.83467746e-07  2.93931631e-08 
 2.58020650e-05  8.56650439e-01  8.56816377e-01  8.56748972e-01 -1.79465544e-05  1.88192085e-07  2.96684346e-08 
 2.58021864e-05  8.56655821e-01  8.56794673e-01  8.56749622e-01 -2.17606814e-05  1.90772553e-07  2.92904690e-08 
 2.58023091e-05  8.56662139e-01  8.56763041e-01  8.56748971e-01 -2.66723857e-05  1.90718394e-07  2.80422381e-08 
 2.58024280e-05  8.56668926e-01  8.56721536e-01  8.56746670e-01 -3.18495070e-05  1.87506163e-07  2.57839606e-08 
 2.58025375e-05  8.56675058e-01  8.56671467e-01  8.56742684e-01 -3.63662943e-05  1.81191125e-07  2.25548047e-08 
 2.58026361e-05  8.56680168e-01  8.56613931e-01  8.56737160e-01 -3.93790050e-05  1.72069561e-07  1.84568002e-08 
 2.58027359e-05  8.56684328e-01  8.56541760e-01  8.56729250e-01 -4.12180548e-05  1.58959627e-07  1.29306365e-08 
 2.58028422e-05  8.56687529e-01  8.56452678e-01  8.56717801e-01 -4.28570697e-05  1.40639804e-07  5.47423174e-09 
 2.58029780e-05  8.56689371e-01  8.56332325e-01  8.56698332e-01 -4.53577612e-05  1.11557111e-07 -6.09389119e-09 
 2.58030989e-05  8.56688936e-01  8.56227528e-01  8.56676551e-01 -4.77086367e-05  8.09436010e-08 -1.79761809e-08 
 2.58032278e-05  8.56686066e-01  8.56124589e-01  8.56649245e-01 -5.01909592e-05  4.33111587e-08 -3.18838850e-08 
 2.58033308e-05  8.56681743e-01  8.56052649e-01  8.56624881e-01 -5.18205514e-05  5.21805462e-09 -4.36374515e-08 
 2.58033938e-05  8.56677660e-01  8.56016267e-01  8.56609127e-01 -5.24195434e-05 -3.04309375e-08 -5.09428232e-08 
 2.58034344e-05  8.56674227e-01  8.55998034e-01  8.56598744e-01 -5.24532708e-05 -6.60356977e-08 -5.56083932e-08 
 2.58034698e-05  8.56670184e-01  8.55987369e-01  8.56589617e-01 -5.21399648e-05 -1.10259635e-07 -5.95720845e-08 
 2.58034982e-05  8.56665709e-01  8.55984094e-01  8.56582312e-01 -5.15199490e-05 -1.56178523e-07 -6.25985303e-08 
 2.58035230e-05  8.56660314e-01  8.55986987e-01  8.56575995e-01 -5.06447423e-05 -2.03491046e-07 -6.50401549e-08 
 2.58035477e-05  8.56653385e-01  8.55997236e-01  8.56569836e-01 -4.93894926e-05 -2.55634377e-07 -6.71738730e-08 
 2.58035800e-05  8.56642646e-01  8.56024009e-01  8.56562110e-01 -4.72188274e-05 -3.28052120e-07 -6.93649526e-08 
 2.58036096e-05  8.56632203e-01  8.56061970e-01  8.56555489e-01 -4.48184918e-05 -3.95741509e-07 -7.07022960e-08 
 2.58036527e-05  8.56617556e-01  8.56135956e-01  8.56546967e-01 -4.08594553e-05 -4.91746444e-07 -7.15081926e-08 
 2.58036927e-05  8.56605703e-01  8.56218619e-01  8.56540415e-01 -3.70159244e-05 -5.76535503e-07 -7.11921126e-08 
 2.58037257e-05  8.56597564e-01  8.56291600e-01  8.56536106e-01 -3.38705243e-05 -6.42691245e-07 -7.03190745e-08 
 2.58037600e-05  8.56590754e-01  8.56367395e-01  8.56532713e-01 -3.08241470e-05 -7.07930192e-07 -6.89927127e-08 
 2.58038009e-05  8.56584544e-01  8.56454027e-01  8.56530034e-01 -2.75138975e-05 -7.82133332e-07 -6.70321998e-08 
 2.58038391e-05  8.56580368e-01  8.56528084e-01  8.56528795e-01 -2.48447509e-05 -8.48199144e-07 -6.49864379e-08 
 2.58038827e-05  8.56577063e-01  8.56602882e-01  8.56528689e-01 -2.22592308e-05 -9.20835130e-07 -6.25383540e-08 
 2.58039262e-05  8.56574912e-01  8.56666581e-01  8.56529779e-01 -2.01693706e-05 -9.90869826e-07 -6.00770919e-08 
 2.58039780e-05  8.56573400e-01  8.56728842e-01  8.56532341e-01 -1.82140763e-05 -1.07154699e-06 -5.72128406e-08 
 2.58040327e-05  8.56572600e-01  8.56780744e-01  8.56536230e-01 -1.66809654e-05 -1.15429185e-06 -5.43039024e-08 
 2.58040995e-05  8.56572322e-01  8.56828504e-01  8.56542178e-01 -1.53564285e-05 -1.25220343e-06 -5.09405331e-08 
 2.58041742e-05  8.56572520e-01  8.56866667e-01  8.56549907e-01 -1.43987598e-05 -1.35802167e-06 -4.74114855e-08 
 2.58042694e-05  8.56573212e-01  8.56899752e-01  8.56560762e-01 -1.36711637e-05 -1.48818487e-06 -4.32073243e-08 
 2.58043837e-05  8.56574386e-01  8.56925573e-01  8.56574581e-01 -1.32265740e-05 -1.63959753e-06 -3.84974801e-08 
 2.58045400e-05  8.56576489e-01  8.56948544e-01  8.56593961e-01 -1.29616532e-05 -1.84673551e-06 -3.25009922e-08 
 2.58047473e-05  8.56580366e-01  8.56969776e-01  8.56619622e-01 -1.28514684e-05 -2.15843256e-06 -2.51558175e-08 
 2.58050000e-05  8.56587151e-01  8.56990777e-01  8.56650206e-01 -1.28124969e-05 -2.69345071e-06 -1.69743312e-08 
 2.58050063e-05  8.56586296e-01  8.56986460e-01  8.56650943e-01 -1.51068593e-05 -2.71079582e-06 -1.69501447e-08 
 2.58050189e-05  8.56585788e-01  8.56979197e-01  8.56652395e-01 -1.53281997e-05 -2.74572727e-06 -1.68891878e-08 
 2.58050441e-05  8.56585877e-01  8.56969038e-01  8.56655189e-01 -1.52478828e-05 -2.81520861e-06 -1.67372153e-08 
 2.58050944e-05  8.56585552e-01  8.56954598e-01  8.56660449e-01 -1.53597176e-05 -2.95106301e-06 -1.63954903e-08 
 2.58051951e-05  8.56585758e-01  8.56937905e-01  8.56670043e-01 -1.52923148e-05 -3.21238084e-06 -1.56293460e-08 
 2.58053201e-05  8.56585822e-01  8.56930676e-01  8.56680846e-01 -1.53561555e-05 -3.51861196e-06 -1.46334601e-08 
 2.58055043e-05  8.56586342e-01  8.56932147e-01  8.56695606e-01 -1.52797949e-05 -3.93630067e-06 -1.31585144e-08 
 2.58057868e-05  8.56586759e-01  8.56943518e-01  8.56716931e-01 -1.53402119e-05 -4.50602755e-06 -1.09307936e-08 
 2.58063518e-05  8.56588003e-01  8.56970289e-01  8.56756959e-01 -1.52678249e-05 -5.42699548e-06 -6.67896864e-09 
 2.58074817e-05  8.56589931e-01  8.57016077e-01  8.56828252e-01 -1.53199014e-05 -6.61576556e-06  6.96182726e-10 
 2.58097416e-05  8.56593724e-01  8.57077153e-01  8.56937524e-01 -1.52369335e-05 -7.48683016e-06  1.06706963e-08 
 2.58135083e-05  8.56598494e-01  8.57113104e-01  8.57036135e-01 -1.52780945e-05 -7.17888073e-06  1.69800161e-08 
 2.58178248e-05  8.56603022e-01  8.57090695e-01  8.57057366e-01 -1.51950899e-05 -6.25091298e-06  1.66710573e-08 
 2.58245907e-05  8.56608210e-01  8.56999959e-01  8.56994237e-01 -1.52373400e-05 -4.97694262e-06  1.34515490e-08 
 2.58362039e-05  8.56614901e-01  8.56830423e-01  8.56823824e-01 -1.51524963e-05 -3.38665416e-06  9.02437648e-09 
 2.58485753e-05  8.56619409e-01  8.56710957e-01  8.56687127e-01 -1.52057149e-05 -2.27004939e-06  6.05388135e-09 
 2.58679515e-05  8.56624065e-01  8.56656201e-01  8.56613393e-01 -1.51356860e-05 -1.21374066e-06  3.23015108e-09 
 2.58884326e-05  8.56626511e-01  8.56690908e-01  8.56641252e-01 -1.51976032e-05 -6.31919819e-07  1.69253538e-09 
 2.59162692e-05  8.56628399e-01  8.56748763e-01  8.56701865e-01 -1.51340555e-05 -2.54963172e-07  6.83740163e-10 
 2.59470519e-05  8.56629017e-01  8.56764801e-01  8.56722652e-01 -1.51981502e-05 -9.26333423e-08  2.48634017e-10 
 2.59917287e-05  8.56629477e-01  8.56747046e-01  8.56705449e-01 -1.51351063e-05 -1.78147515e-08  4.63847040e-11 
 2.60478512e-05  8.56629392e-01  8.56742845e-01  8.56699318e-01 -1.51986667e-05 -1.48064689e-09  5.80187347e-12 
 2.61408227e-05  8.56629550e-01  8.56752515e-01  8.56709807e-01 -1.51351477e-05  2.65671852e-10  1.09931161e-13 
 2.62408227e-05  8.56629397e-01  8.56747417e-01  8.56704709e-01 -1.51986730e-05 -6.95609525e-11  1.11175283e-12 
 2.63408227e-05  8.56629534e-01  8.56749322e-01  8.56706281e-01 -1.51351637e-05  2.29101907e-11  1.08292314e-12 
 2.64408227e-05  8.56629389e-01  8.56750161e-01  8.56707471e-01 -1.51986542e-05 -1.50621293e-11  9.61978381e-13 
 2.65408227e-05  8.56629525e-01  8.56748653e-01  8.56705757e-01 -1.51351783e-05  7.58936598e-12  1.01016759e-12 
 2.66408227e-05  8.56629379e-01  8.56750083e-01  8.56707234e-01 -1.51986456e-05 -8.14116114e-12  1.02827116e-12 
 2.67408227e-05  8.56629516e-01  8.56749313e-01  8.56706526e-01 -1.51351826e-05  2.72007655e-12  1.01351707e-12 
 2.68408227e-05  8.56629368e-01  8.56749548e-01  8.56706657e-01 -1.51986433e-05 -4.00656071e-12  9.58292582e-13 
 2.69408227e-05  8.56629506e-01  8.56749660e-01  8.56706870e-01 -1.51351848e-05 -1.00964658e-12  1.11627726e-12 
 2.70408227e-05  8.56629359e-01  8.56749452e-01  8.56706587e-01 -1.51986403e-05 -5.85695771e-13  8.52926020e-13 
 2.71408227e-05  8.56629496e-01  8.56749611e-01  8.56706796e-01 -1.51351888e-05 -4.15460396e-12  1.20555036e-12 
 2.72408227e-05  8.56629349e-01  8.56749544e-01  8.56706694e-01 -1.51986357e-05  2.29800879e-12  7.84359340e-13 
 2.73408227e-05  8.56629487e-01  8.56749521e-01  8.56706700e-01 -1.51351936e-05 -6.79006439e-12  1.25660642e-12 
 2.74408227e-05  8.56629339e-01  8.56749581e-01  8.56706730e-01 -1.51986309e-05  4.70036011e-12  7.44517891e-13 
 2.75408227e-05  8.56629477e-01  8.56749502e-01  8.56706685e-01 -1.51351983e-05 -8.97735857e-12  1.29052910e-12 
 2.76408227e-05  8.56629330e-01  8.56749562e-01  8.56706707e-01 -1.51986264e-05  6.69292204e-12  7.13350223e-13 
 2.77204114e-05  8.56629468e-01  8.56749511e-01  8.56706696e-01 -1.51352033e-05 -1.10042715e-11  1.32351226e-12 
 2.78000000e-05  8.56629322e-01  8.56749541e-01  8.56706686e-01 -1.51986209e-05  8.72820262e-12  6.79377724e-13 
 2.78001121e-05  8.56626796e-01  8.56709099e-01  8.56704951e-01 -1.76552111e-05 -2.12164233e-08 -2.57056086e-09 
 2.78003364e-05  8.56624408e-01  8.56663506e-01  8.56699673e-01 -1.77430803e-05 -5.96585959e-08 -7.30426115e-09 
 2.78006065e-05  8.56622206e-01  8.56651654e-01  8.56690967e-01 -1.77856042e-05 -9.75934293e-08 -1.23023633e-08 
 2.78009546e-05  8.56619365e-01  8.56646884e-01  8.56679963e-01 -1.82267220e-05 -1.36640873e-07 -1.79800786e-08 
 2.78013023e-05  8.56617562e-01  8.56647514e-01  8.56670131e-01 -2.00399555e-05 -1.65096833e-07 -2.27320359e-08 
 2.78015179e-05  8.56617558e-01  8.56650937e-01  8.56664861e-01 -2.30185220e-05 -1.76936941e-07 -2.51304881e-08 
 2.78016791e-05  8.56618588e-01  8.56657267e-01  8.56661515e-01 -2.66087105e-05 -1.81765603e-07 -2.65483000e-08 
 2.78018389e-05  8.56620499e-01  8.56666410e-01  8.56658882e-01 -3.15147469e-05 -1.82140093e-07 -2.75674236e-08 
 2.78019841e-05  8.56623032e-01  8.56678873e-01  8.56657240e-01 -3.70743218e-05 -1.77555302e-07 -2.80731102e-08 
 2.78021072e-05  8.56625567e-01  8.56693172e-01  8.56656565e-01 -4.25541037e-05 -1.68760550e-07 -2.80944723e-08 
 2.78022108e-05  8.56627880e-01  8.56709458e-01  8.56656643e-01 -4.75815245e-05 -1.56661480e-07 -2.77244961e-08 
 2.78023001e-05  8.56629770e-01  8.56727670e-01  8.56657312e-01 -5.21381389e-05 -1.41618324e-07 -2.70257071e-08 
 2.78023789e-05  8.56631238e-01  8.56748479e-01  8.56658489e-01 -5.62037927e-05 -1.23648266e-07 -2.60171845e-08 
 2.78024501e-05  8.56632170e-01  8.56772457e-01  8.56660152e-01 -5.98337436e-05 -1.02456304e-07 -2.46872209e-08 
 2.78025175e-05  8.56632613e-01  8.56801109e-01  8.56662379e-01 -6.30893496e-05 -7.70429810e-08 -2.29595938e-08 
 2.78025878e-05  8.56632659e-01  8.56838306e-01  8.56665553e-01 -6.62514921e-05 -4.39733637e-08 -2.05606216e-08 
 2.78026630e-05  8.56632807e-01  8.56885761e-01  8.56670106e-01 -6.93627810e-05 -1.36294020e-09 -1.72696812e-08 
 2.78027533e-05  8.56633656e-01  8.56949493e-01  8.56677369e-01 -7.28458325e-05  5.65901858e-08 -1.23999145e-08 
 2.78028368e-05  8.56635193e-01  8.57011484e-01  8.56685922e-01 -7.58278877e-05  1.11041919e-07 -7.13031406e-09 
 2.78029254e-05  8.56637567e-01  8.57077547e-01  8.56696920e-01 -7.87631271e-05  1.61316675e-07 -8.85355059e-10 
 2.78030294e-05  8.56641412e-01  8.57152540e-01  8.56712212e-01 -8.19217936e-05  2.02252704e-07  7.11094811e-09 
 2.78031453e-05  8.56647319e-01  8.57228487e-01  8.56731936e-01 -8.52951017e-05  2.27704023e-07  1.66198939e-08 
 2.78032544e-05  8.56654159e-01  8.57289396e-01  8.56752626e-01 -8.82183808e-05  2.42851257e-07  2.59334111e-08 
 2.78033738e-05  8.56662459e-01  8.57342286e-01  8.56776891e-01 -9.05930846e-05  2.57066322e-07  3.62531422e-08 
 2.78034663e-05  8.56669246e-01  8.57370890e-01  8.56796394e-01 -9.09558606e-05  2.67620004e-07  4.41090363e-08 
 2.78035272e-05  8.56673620e-01  8.57380151e-01  8.56809296e-01 -8.91229983e-05  2.73999831e-07  4.89903418e-08 
 2.78035766e-05  8.56676988e-01  8.57377664e-01  8.56819611e-01 -8.54452990e-05  2.78206307e-07  5.25582114e-08 
 2.78036288e-05  8.56680135e-01  8.57361110e-01  8.56830094e-01 -7.95025799e-05  2.81109486e-07  5.57030605e-08 
 2.78036944e-05  8.56683443e-01  8.57318220e-01  8.56842181e-01 -7.01807722e-05  2.81940608e-07  5.85165338e-08 
 2.78037593e-05  8.56685913e-01  8.57254677e-01  8.56852458e-01 -6.02783537e-05  2.79681934e-07  5.99957234e-08 
 2.78038484e-05  8.56688160e-01  8.57145556e-01  8.56863136e-01 -4.75698907e-05  2.72175646e-07  6.01187327e-08 
 2.78039434e-05  8.56689309e-01  8.57020034e-01  8.56869729e-01 -3.68867700e-05  2.59950593e-07  5.83483777e-08 
 2.78040180e-05  8.56689577e-01  8.56926466e-01  8.56871514e-01 -3.08847953e-05  2.48297901e-07  5.60286719e-08 
 2.78040929e-05  8.56689445e-01  8.56843844e-01  8.56870652e-01 -2.66595646e-05  2.35571810e-07  5.32432154e-08 
 2.78041793e-05  8.56689001e-01  8.56765015e-01  8.56866947e-01 -2.34481856e-05  2.20127739e-07  4.97527190e-08 
 2.78042651e-05  8.56688339e-01  8.56703788e-01  8.56861030e-01 -2.15172775e-05  2.04373036e-07  4.61951372e-08 
 2.78043633e-05  8.56687459e-01  8.56651459e-01  8.56852310e-01 -2.02406407e-05  1.86124173e-07  4.21701693e-08 
 2.78044675e-05  8.56686425e-01  8.56611984e-01  8.56841559e-01 -1.95385481e-05  1.66783431e-07  3.80474148e-08 
 2.78045929e-05  8.56685143e-01  8.56579419e-01  8.56827427e-01 -1.91321152e-05  1.43744975e-07  3.33258478e-08 
 2.78047351e-05  8.56683652e-01  8.56554791e-01  8.56810665e-01 -1.89520880e-05  1.18256068e-07  2.82955634e-08 
 2.78048675e-05  8.56682272e-01  8.56538555e-01  8.56794828e-01 -1.88862439e-05  9.52876294e-08  2.38926044e-08 
 2.78050000e-05  8.56680886e-01  8.56525733e-01  8.56779059e-01 -1.88638229e-05  7.32101335e-08  1.97364036e-08 
 2.78050024e-05  8.56681403e-01  8.56527552e-01  8.56778781e-01 -1.66630407e-05  7.31401628e-08  1.97300062e-08 
 2.78050071e-05  8.56681884e-01  8.56530923e-01  8.56778229e-01 -1.63017192e-05  7.30473032e-08  1.97143119e-08 
 2.78050165e-05  8.56681811e-01  8.56536376e-01  8.56777146e-01 -1.61768025e-05  7.29423102e-08  1.96707103e-08 
 2.78050354e-05  8.56681864e-01  8.56544644e-01  8.56775043e-01 -1.59869557e-05  7.26783183e-08  1.95708239e-08 
 2.78050661e-05  8.56681824e-01  8.56555003e-01  8.56771767e-01 -1.57417823e-05  7.21633189e-08  1.93919878e-08 
 2.78051276e-05  8.56681811e-01  8.56569543e-01  8.56765638e-01 -1.54227094e-05  7.09073922e-08  1.89922558e-08 
 2.78052506e-05  8.56681650e-01  8.56583557e-01  8.56754505e-01 -1.51278464e-05  6.79914153e-08  1.81259302e-08 
 2.78054965e-05  8.56681357e-01  8.56584479e-01  8.56734506e-01 -1.50194266e-05  6.19330035e-08  1.63991762e-08 
 2.78057969e-05  8.56680954e-01  8.56571281e-01  8.56711895e-01 -1.50251563e-05  5.50482818e-08  1.44818939e-08 
 2.78062533e-05  8.56680453e-01  8.56549950e-01  8.56679422e-01 -1.50303222e-05  4.59492543e-08  1.19837138e-08 
 2.78069667e-05  8.56679723e-01  8.56520121e-01  8.56632670e-01 -1.50301019e-05  3.45580413e-08  8.88282667e-09 
 2.78083934e-05  8.56678652e-01  8.56473279e-01  8.56553284e-01 -1.50429304e-05  1.92854325e-08  4.76207782e-09 
 2.78112468e-05  8.56677282e-01  8.56419759e-01  8.56444582e-01 -1.50539730e-05  5.25727455e-09  1.07388922e-09 
 2.78169537e-05  8.56676190e-01  8.56412778e-01  8.56368752e-01 -1.50856293e-05 -4.30889005e-10 -2.52915491e-10 
 2.78232014e-05  8.56675854e-01  8.56480445e-01  8.56407679e-01 -1.51024101e-05  9.04726944e-12 -1.97413640e-11 
 2.78347406e-05  8.56675734e-01  8.56630397e-01  8.56554079e-01 -1.51320721e-05  7.18259176e-12  2.95541523e-11 
 2.78462033e-05  8.56675717e-01  8.56738719e-01  8.56676135e-01 -1.51401263e-05  1.86718046e-11  2.64078140e-11 
 2.78652881e-05  8.56675747e-01  8.56807006e-01  8.56761543e-01 -1.51555270e-05  5.11249029e-13  6.52052408e-12 
 2.78934797e-05  8.56675678e-01  8.56784696e-01  8.56747054e-01 -1.51558804e-05 -1.55722614e-12 -2.94834561e-12 
 2.79467398e-05  8.56675611e-01  8.56739957e-01  8.56696658e-01 -1.51621900e-05 -2.43657850e-12 -6.74809763e-13 
 2.80000000e-05  8.56675605e-01  8.56770274e-01  8.56725220e-01 -1.51569372e-05  2.30304708e-12  3.99970373e-12 
 2.80000364e-05  8.56679482e-01  8.56810680e-01  8.56725831e-01 -1.32499937e-05  4.28124190e-09  1.83156170e-09 
 2.80001091e-05  8.56684187e-01  8.56868562e-01  8.56727866e-01 -1.22572843e-05  1.16905394e-08  5.30697899e-09 
 2.80002545e-05  8.56692941e-01  8.56926334e-01  8.56735031e-01 -1.15868471e-05  2.15886875e-08  1.16386790e-08 
 2.80004406e-05  8.56704307e-01  8.56958768e-01  8.56746850e-01 -1.13332648e-05  2.99500289e-08  1.90290266e-08 
 2.80007903e-05  8.56725218e-01  8.56979978e-01  8.56770341e-01 -1.13689306e-05  4.20630108e-08  3.14711382e-08 
 2.80011838e-05  8.56749012e-01  8.56994611e-01  8.56795744e-01 -1.13475410e-05  5.33477317e-08  4.35757426e-08 
 2.80014504e-05  8.56765099e-01  8.57001707e-01  8.56811904e-01 -1.15725362e-05  5.86732680e-08  5.07331284e-08 
 2.80016560e-05  8.56778167e-01  8.57006638e-01  8.56823704e-01 -1.20239986e-05  5.69279966e-08  5.56439962e-08 
 2.80018065e-05  8.56788231e-01  8.57006346e-01  8.56831882e-01 -1.30176172e-05  4.59219523e-08  5.87850801e-08 
 2.80019396e-05  8.56798188e-01  8.57003029e-01  8.56838626e-01 -1.45729948e-05  2.09235854e-08  6.10901047e-08 
 2.80020660e-05  8.56808370e-01  8.56993889e-01  8.56844393e-01 -1.70708666e-05 -2.57984615e-08  6.26716753e-08 
 2.80021935e-05  8.56819724e-01  8.56978095e-01  8.56849306e-01 -2.05819297e-05 -1.07321898e-07  6.34583791e-08 
 2.80023226e-05  8.56831587e-01  8.56953013e-01  8.56853000e-01 -2.51261602e-05 -2.38279717e-07  6.31796053e-08 
 2.80024492e-05  8.56843295e-01  8.56918600e-01  8.56854974e-01 -2.99035347e-05 -4.28620294e-07  6.16033278e-08 
 2.80025678e-05  8.56853234e-01  8.56875222e-01  8.56854932e-01 -3.39432165e-05 -6.77533263e-07  5.86808292e-08 
 2.80026760e-05  8.56860955e-01  8.56823989e-01  8.56852890e-01 -3.63017687e-05 -9.80029778e-07  5.45077798e-08 
 2.80027976e-05  8.56866957e-01  8.56751681e-01  8.56847768e-01 -3.74227177e-05 -1.42225629e-06  4.78150618e-08 
 2.80029088e-05  8.56869863e-01  8.56675925e-01  8.56840077e-01 -3.83171825e-05 -1.92517854e-06  3.98441079e-08 
 2.80030806e-05  8.56868950e-01  8.56555610e-01  8.56822331e-01 -4.03052716e-05 -2.86806007e-06  2.46160545e-08 
 2.80032161e-05  8.56863739e-01  8.56465191e-01  8.56803599e-01 -4.20761354e-05 -3.73476393e-06  1.05601783e-08 
 2.80033373e-05  8.56855099e-01  8.56391815e-01  8.56783821e-01 -4.37078797e-05 -4.58117302e-06 -3.11862267e-09 
 2.80034398e-05  8.56843199e-01  8.56338134e-01  8.56765275e-01 -4.48080201e-05 -5.33421335e-06 -1.52101984e-08 
 2.80035059e-05  8.56830459e-01  8.56310269e-01  8.56752642e-01 -4.51983279e-05 -5.82775047e-06 -2.30811778e-08 
 2.80035491e-05  8.56818757e-01  8.56297108e-01  8.56744222e-01 -4.51254483e-05 -6.14651921e-06 -2.81267231e-08 
 2.80035826e-05  8.56807067e-01  8.56291274e-01  8.56737657e-01 -4.48118865e-05 -6.38728785e-06 -3.19000448e-08 
 2.80036109e-05  8.56795329e-01  8.56290958e-01  8.56732158e-01 -4.42670174e-05 -6.58113571e-06 -3.48858239e-08 
 2.80036394e-05  8.56781853e-01  8.56296992e-01  8.56726703e-01 -4.34147885e-05 -6.76286600e-06 -3.75951550e-08 
 2.80036718e-05  8.56766190e-01  8.56314164e-01  8.56720724e-01 -4.20327841e-05 -6.94531982e-06 -4.01344961e-08 
 2.80037082e-05  8.56750916e-01  8.56347803e-01  8.56714479e-01 -4.00359310e-05 -7.11263549e-06 -4.21451880e-08 
 2.80037496e-05  8.56739330e-01  8.56402908e-01  8.56708195e-01 -3.73158939e-05 -7.25204512e-06 -4.33063874e-08 
 2.80038107e-05  8.56736235e-01  8.56505657e-01  8.56701035e-01 -3.28967249e-05 -7.36311032e-06 -4.30502731e-08 
 2.80038499e-05  8.56743339e-01  8.56578636e-01  8.56697899e-01 -3.00508450e-05 -7.38237367e-06 -4.18660163e-08 
 2.80038877e-05  8.56755975e-01  8.56648895e-01  8.56695991e-01 -2.74372877e-05 -7.37057075e-06 -4.01914022e-08 
 2.80039321e-05  8.56776800e-01  8.56726883e-01  8.56695095e-01 -2.46814596e-05 -7.32722318e-06 -3.77798269e-08 
 2.80039797e-05  8.56804888e-01  8.56802635e-01  8.56695602e-01 -2.21194249e-05 -7.25420244e-06 -3.48548296e-08 
 2.80040298e-05  8.56839024e-01  8.56871277e-01  8.56697553e-01 -1.99127826e-05 -7.15733686e-06 -3.16104656e-08 
 2.80040836e-05  8.56879581e-01  8.56932706e-01  8.56701000e-01 -1.80257916e-05 -7.03804475e-06 -2.80651318e-08 
 2.80041432e-05  8.56927464e-01  8.56986830e-01  8.56706087e-01 -1.64602183e-05 -6.89565553e-06 -2.42007620e-08 
 2.80042112e-05  8.56984606e-01  8.57033814e-01  8.56713097e-01 -1.51862788e-05 -6.72680527e-06 -1.99441758e-08 
 2.80042900e-05  8.57053016e-01  8.57073295e-01  8.56722329e-01 -1.42173868e-05 -6.52867361e-06 -1.52482575e-08 
 2.80043844e-05  8.57137438e-01  8.57106016e-01  8.56734365e-01 -1.35142438e-05 -6.29313318e-06 -9.94623761e-09 
 2.80045007e-05  8.57245255e-01  8.57132869e-01  8.56749923e-01 -1.30601394e-05 -6.01090409e-06 -3.86299316e-09 
 2.80046516e-05  8.57395981e-01  8.57156154e-01  8.56770521e-01 -1.27923618e-05 -5.66097211e-06  3.38853164e-09 
 2.80048258e-05  8.57598669e-01  8.57175774e-01  8.56794266e-01 -1.26793235e-05 -5.28038487e-06  1.09375234e-08 
 2.80050000e-05  8.57850951e-01  8.57192342e-01  8.56817631e-01 -1.26306226e-05 -4.92452210e-06  1.76068511e-08 
 2.80050045e-05  8.57856372e-01  8.57185276e-01  8.56818209e-01 -1.37889921e-05 -4.91625510e-06  1.75229508e-08 
 2.80050134e-05  8.57869092e-01  8.57172998e-01  8.56819343e-01 -1.41486203e-05 -4.89972482e-06  1.73733733e-08 
 2.80050312e-05  8.57896680e-01  8.57154882e-01  8.56821489e-01 -1.42428497e-05 -4.86662614e-06  1.71141863e-08 
 2.80050669e-05  8.57950790e-01  8.57128188e-01  8.56825418e-01 -1.46062578e-05 -4.80051349e-06  1.66384146e-08 
 2.80051383e-05  8.58059788e-01  8.57091583e-01  8.56832219e-01 -1.48915573e-05 -4.66958875e-06  1.58149678e-08 
 2.80052810e-05  8.58275850e-01  8.57054411e-01  8.56843208e-01 -1.52049612e-05 -4.41614719e-06  1.43955295e-08 
 2.80054535e-05  8.58534556e-01  8.57041943e-01  8.56854020e-01 -1.51894638e-05 -4.12718748e-06  1.28496004e-08 
 2.80057305e-05  8.58942424e-01  8.57043747e-01  8.56869347e-01 -1.52381838e-05 -3.70180877e-06  1.05169348e-08 
 2.80061591e-05  8.59557304e-01  8.57057502e-01  8.56891206e-01 -1.51768810e-05 -3.12763601e-06  7.22716109e-09 
 2.80068709e-05  8.60534596e-01  8.57081454e-01  8.56924958e-01 -1.52239159e-05 -2.36127156e-06  2.56121246e-09 
 2.80082909e-05  8.62334809e-01  8.57127871e-01  8.56985500e-01 -1.51602540e-05 -1.33241263e-06 -4.19091499e-09 
 2.80111310e-05  8.65409239e-01  8.57231493e-01  8.57095138e-01 -1.51942630e-05 -3.79052372e-07 -1.06387391e-08 
 2.80163980e-05  8.69656589e-01  8.57533762e-01  8.57346130e-01 -1.51204548e-05  6.07817935e-09 -1.11930236e-08 
 2.80223920e-05  8.72822871e-01  8.58140831e-01  8.57834947e-01 -1.51602839e-05 -5.44411075e-10 -7.39250547e-09 
 2.80302061e-05  8.75306565e-01  8.59398534e-01  8.58922614e-01 -1.51029159e-05  1.73610777e-10 -3.89062651e-09 
 2.80389691e-05  8.76799752e-01  8.61307461e-01  8.60689339e-01 -1.51542267e-05  1.68277605e-10 -1.74518444e-09 
 2.80495906e-05  8.77680010e-01  8.63954786e-01  8.63271279e-01 -1.51040034e-05  3.03638431e-10 -4.20868964e-10 
 2.80636572e-05  8.78148138e-01  8.67311695e-01  8.66692595e-01 -1.51587510e-05  3.19147746e-10  2.42268918e-10 
 2.80762924e-05  8.78287893e-01  8.69711180e-01  8.69236722e-01 -1.51109501e-05  2.68045032e-10  3.43778612e-10 
 2.80906124e-05  8.78343783e-01  8.71486065e-01  8.71191103e-01 -1.51684464e-05  1.69472002e-10  2.58511129e-10 
 2.81061777e-05  8.78362589e-01  8.72440794e-01  8.72294229e-01 -1.51237955e-05  6.98686976e-11  1.23631023e-10 
 2.81253852e-05  8.78368018e-01  8.72827567e-01  8.72764468e-01 -1.51823692e-05  3.79537330e-12  1.53304444e-11 
 2.81503663e-05  8.78369059e-01  8.73037014e-01  8.72971406e-01 -1.51353561e-05 -1.07123182e-11 -6.62021441e-12 
 2.81759880e-05  8.78368824e-01  8.73484433e-01  8.73382499e-01 -1.51874818e-05  1.43207306e-11  2.67458910e-11 
 2.82039606e-05  8.78369271e-01  8.74212722e-01  8.74099178e-01 -1.51350939e-05  2.58032610e-11  5.06593106e-11 
 2.82405017e-05  8.78369448e-01  8.75080866e-01  8.74985656e-01 -1.51862612e-05  2.27267148e-11  4.02915017e-11 
 2.82915906e-05  8.78369942e-01  8.75891399e-01  8.75817643e-01 -1.51353625e-05  8.16984132e-12  2.09863492e-11 
 2.83482877e-05  8.78369908e-01  8.76524163e-01  8.76454171e-01 -1.51871967e-05  9.91775585e-12  1.72531860e-11 
 2.84482877e-05  8.78370397e-01  8.77360058e-01  8.77300067e-01 -1.51357335e-05  4.74321320e-12  1.35616936e-11 
 2.85482877e-05  8.78370338e-01  8.77825112e-01  8.77773669e-01 -1.51874880e-05  3.22013813e-12  4.94699447e-12 
 2.86482877e-05  8.78370616e-01  8.78095719e-01  8.78045766e-01 -1.51360386e-05  6.43739619e-13  5.90911901e-12 
 2.87482877e-05  8.78370464e-01  8.78265903e-01  8.78219363e-01 -1.51875587e-05  1.88771893e-12  2.27918959e-12 
 2.88482877e-05  8.78370683e-01  8.78352789e-01  8.78307115e-01 -1.51361358e-05 -1.19746726e-12  2.61445108e-12 
 2.89482877e-05  8.78370487e-01  8.78411627e-01  8.78366498e-01 -1.51876017e-05  1.47746767e-12  1.40566823e-12 
 2.90482877e-05  8.78370693e-01  8.78443127e-01  8.78398803e-01 -1.51361524e-05 -1.66671277e-12  1.76986285e-12 
 2.91482877e-05  8.78370481e-01  8.78460933e-01  8.78416531e-01 -1.51876245e-05  1.14441247e-12  7.86178631e-13 
 2.92482877e-05  8.78370680e-01  8.78473326e-01  8.78429250e-01 -1.51361580e-05 -1.69248838e-12  1.69857959e-12 
 2.93482877e-05  8.78370465e-01  8.78478695e-01  8.78434657e-01 -1.51876274e-05  9.74639206e-13  4.88226538e-13 
 2.94482877e-05  8.78370661e-01  8.78482927e-01  8.78438909e-01 -1.51361663e-05 -1.70328660e-12  1.66671841e-12 
 2.95482877e-05  8.78370445e-01  8.78485079e-01  8.78441141e-01 -1.51876228e-05  9.44899757e-13  4.34737803e-13 
 2.96482877e-05  8.78370639e-01  8.78486162e-01  8.78442203e-01 -1.51361733e-05 -1.73673315e-12  1.60685690e-12 
 2.97482877e-05  8.78370423e-01  8.78487126e-01  8.78443193e-01 -1.51876182e-05  9.53859821e-13  4.47210899e-13 
 2.98482877e-05  8.78370617e-01  8.78487397e-01  8.78443472e-01 -1.51361782e-05 -1.75503579e-12  1.57568430e-12 
 2.99241439e-05  8.78370404e-01  8.78487653e-01  8.78443717e-01 -1.51876137e-05  9.55506290e-13  4.49237652e-13 
 3.00000000e-05  8.78370601e-01  8.78487793e-01  8.78443874e-01 -1.51361834e-05 -1.75498114e-12  1.57457261e-12 
 3.00001069e-05  8.78359021e-01  8.78407506e-01  8.78440582e-01 -1.71380501e-05 -7.88369765e-09 -4.98703362e-09 
 3.00003207e-05  8.78341280e-01  8.78316605e-01  8.78430539e-01 -1.78444689e-05 -1.92304133e-08 -1.42043789e-08 
 3.00006501e-05  8.78316735e-01  8.78284448e-01  8.78409036e-01 -1.79014770e-05 -2.99896723e-08 -2.65465236e-08 
 3.00010244e-05  8.78291254e-01  8.78269971e-01  8.78384555e-01 -1.85162850e-05 -3.92471822e-08 -3.87436640e-08 
 3.00013250e-05  8.78273814e-01  8.78263994e-01  8.78366241e-01 -2.03793590e-05 -3.76638758e-08 -4.71268741e-08 
 3.00015269e-05  8.78264450e-01  8.78261826e-01  8.78354812e-01 -2.33440644e-05 -2.52403653e-08 -5.19883231e-08 
 3.00016984e-05  8.78259015e-01  8.78264890e-01  8.78345835e-01 -2.73401990e-05 -1.04690428e-09 -5.55320718e-08 
 3.00018712e-05  8.78256354e-01  8.78270808e-01  8.78337689e-01 -3.29688765e-05  4.21157954e-08 -5.84728601e-08 
 3.00020283e-05  8.78257076e-01  8.78281633e-01  8.78331269e-01 -3.93857753e-05  1.04357796e-07 -6.04793770e-08 
 3.00021601e-05  8.78260303e-01  8.78294846e-01  8.78326800e-01 -4.56786926e-05  1.80577414e-07 -6.15472948e-08 
 3.00022703e-05  8.78265339e-01  8.78311019e-01  8.78323878e-01 -5.14027139e-05  2.67962451e-07 -6.18711585e-08 
 3.00023652e-05  8.78271599e-01  8.78329627e-01  8.78322110e-01 -5.65960560e-05  3.67320855e-07 -6.16024755e-08 
 3.00024498e-05  8.78279106e-01  8.78351802e-01  8.78321267e-01 -6.12763174e-05  4.81712426e-07 -6.07945387e-08 
 3.00025290e-05  8.78287966e-01  8.78378628e-01  8.78321268e-01 -6.56055557e-05  6.17907670e-07 -5.94091385e-08 
 3.00026111e-05  8.78299635e-01  8.78414106e-01  8.78322275e-01 -6.98996273e-05  7.96764970e-07 -5.71762599e-08 
 3.00027005e-05  8.78315691e-01  8.78460738e-01  8.78324779e-01 -7.43798990e-05  1.04060516e-06 -5.37438708e-08 
 3.00028071e-05  8.78338535e-01  8.78522659e-01  8.78329913e-01 -7.94926217e-05  1.39671818e-06 -4.83939061e-08 
 3.00029025e-05  8.78359330e-01  8.78579979e-01  8.78336556e-01 -8.38873310e-05  1.77122750e-06 -4.26093270e-08 
 3.00030067e-05  8.78378807e-01  8.78641710e-01  8.78345966e-01 -8.84804658e-05  2.23427158e-06 -3.53986225e-08 
 3.00031200e-05  8.78394348e-01  8.78705140e-01  8.78358533e-01 -9.32553741e-05  2.79168237e-06 -2.67258295e-08 
 3.00032444e-05  8.78407780e-01  8.78767371e-01  8.78374734e-01 -9.82587780e-05  3.45312662e-06 -1.64943398e-08 
 3.00033728e-05  8.78420744e-01  8.78821548e-01  8.78393559e-01 -1.02812720e-04  4.17328353e-06 -5.45443553e-09 
 3.00035084e-05  8.78435063e-01  8.78865441e-01  8.78414991e-01 -1.06038817e-04  4.95160728e-06  6.32118173e-09 
 3.00036021e-05  8.78445051e-01  8.78883808e-01  8.78430286e-01 -1.05602653e-04  5.48210374e-06  1.41723126e-08 
 3.00036634e-05  8.78451369e-01  8.78885769e-01  8.78440237e-01 -1.02305926e-04  5.81077031e-06  1.88647302e-08 
 3.00037174e-05  8.78456328e-01  8.78876371e-01  8.78448725e-01 -9.69055411e-05  6.07454114e-06  2.24135845e-08 
 3.00037812e-05  8.78461314e-01  8.78849030e-01  8.78458043e-01 -8.82894640e-05  6.34094345e-06  2.56239574e-08 
 3.00038504e-05  8.78465305e-01  8.78800422e-01  8.78466854e-01 -7.74196426e-05  6.56550821e-06  2.77601541e-08 
 3.00039349e-05  8.78468246e-01  8.78720951e-01  8.78475158e-01 -6.39054349e-05  6.74406188e-06  2.84845436e-08 
 3.00040447e-05  8.78469002e-01  8.78601615e-01  8.78481273e-01 -4.84837769e-05  6.83152692e-06  2.67836354e-08 
 3.00041259e-05  8.78467775e-01  8.78513077e-01  8.78482300e-01 -3.97214382e-05  6.80776673e-06  2.40537382e-08 
 3.00042046e-05  8.78465435e-01  8.78434566e-01  8.78480675e-01 -3.33091314e-05  6.73160109e-06  2.06361609e-08 
 3.00042928e-05  8.78461924e-01  8.78358998e-01  8.78476245e-01 -2.82049706e-05  6.60228850e-06  1.62746501e-08 
 3.00043874e-05  8.78457358e-01  8.78293346e-01  8.78469040e-01 -2.45845019e-05  6.42944527e-06  1.12827380e-08 
 3.00044869e-05  8.78452047e-01  8.78240135e-01  8.78459433e-01 -2.22321828e-05  6.22561343e-06  5.94087178e-09 
 3.00045956e-05  8.78445823e-01  8.78197050e-01  8.78447307e-01 -2.07288140e-05  5.99064252e-06  1.79025025e-10 
 3.00047174e-05  8.78438622e-01  8.78162560e-01  8.78432499e-01 -1.98358632e-05  5.72407045e-06 -6.04775199e-09 
 3.00048589e-05  8.78430051e-01  8.78134518e-01  8.78414455e-01 -1.93355090e-05  5.41933433e-06 -1.29117806e-08 
 3.00050000e-05  8.78421445e-01  8.78114412e-01  8.78396123e-01 -1.91292438e-05  5.12612132e-06 -1.93454487e-08 
 3.00050032e-05  8.78422505e-01  8.78119638e-01  8.78395711e-01 -1.79870618e-05  5.11999109e-06 -1.93099138e-08 
 3.00050097e-05  8.78423265e-01  8.78128986e-01  8.78394901e-01 -1.75328774e-05  5.10778419e-06 -1.92499233e-08 
 3.00050225e-05  8.78423040e-01  8.78143377e-01  8.78393346e-01 -1.73190152e-05  5.08343985e-06 -1.91581756e-08 
 3.00050483e-05  8.78423282e-01  8.78164879e-01  8.78390446e-01 -1.68496973e-05  5.03474093e-06 -1.90008600e-08 
 3.00050884e-05  8.78423180e-01  8.78190019e-01  8.78386357e-01 -1.63607139e-05  4.95911533e-06 -1.88074023e-08 
 3.00051686e-05  8.78423336e-01  8.78223730e-01  8.78379303e-01 -1.57107816e-05  4.80945556e-06 -1.85317831e-08 
 3.00053290e-05  8.78423109e-01  8.78253758e-01  8.78367834e-01 -1.52391709e-05  4.51975710e-06 -1.81686220e-08 
 3.00056189e-05  8.78422932e-01  8.78259723e-01  8.78350843e-01 -1.50867731e-05  4.03499076e-06 -1.76105165e-08 
 3.00059557e-05  8.78422450e-01  8.78249398e-01  8.78333148e-01 -1.51097696e-05  3.53500224e-06 -1.68701264e-08 
 3.00064789e-05  8.78422073e-01  8.78233433e-01  8.78307447e-01 -1.50888831e-05  2.87679074e-06 -1.55614416e-08 
 3.00072234e-05  8.78421358e-01  8.78214047e-01  8.78274368e-01 -1.51066913e-05  2.14351082e-06 -1.35743300e-08 
 3.00087124e-05  8.78420590e-01  8.78185673e-01  8.78220023e-01 -1.50909385e-05  1.17427487e-06 -9.78971527e-09 
 3.00116902e-05  8.78419452e-01  8.78161705e-01  8.78152653e-01 -1.51138716e-05  3.08106036e-07 -4.34809286e-09 
 3.00171604e-05  8.78418888e-01  8.78188784e-01  8.78130380e-01 -1.51095413e-05 -1.09446679e-08 -4.12542482e-10 
 3.00235029e-05  8.78418633e-01  8.78274111e-01  8.78194305e-01 -1.51373404e-05  1.17707463e-09  4.37210045e-11 
 3.00345423e-05  8.78418791e-01  8.78431220e-01  8.78351845e-01 -1.51319764e-05 -4.15656157e-10  1.73846384e-11 
 3.00480191e-05  8.78418790e-01  8.78558745e-01  8.78496580e-01 -1.51553610e-05  2.12096513e-10  3.51719893e-11 
 3.00676867e-05  8.78418986e-01  8.78608602e-01  8.78565414e-01 -1.51433064e-05 -1.15183995e-10 -2.02723580e-13 
 3.00983958e-05  8.78418822e-01  8.78550398e-01  8.78514088e-01 -1.51624575e-05  7.89552815e-11 -2.30806883e-12 
 3.01491979e-05  8.78418838e-01  8.78490980e-01  8.78446130e-01 -1.51463592e-05 -6.96083824e-11 -3.14227588e-12 
 3.02000000e-05  8.78418741e-01  8.78525840e-01  8.78479553e-01 -1.51626523e-05  5.78382741e-11  6.57061000e-12 
 3.02000391e-05  8.78420103e-01  8.78546873e-01  8.78479914e-01 -1.23506450e-05  5.69446738e-09  9.78874025e-10 
 3.02001173e-05  8.78420968e-01  8.78577183e-01  8.78481089e-01 -1.17640744e-05  1.66837133e-08  2.81566126e-09 
 3.02002736e-05  8.78422322e-01  8.78606524e-01  8.78485142e-01 -1.14681550e-05  3.68447040e-08  6.12757650e-09 
 3.02004740e-05  8.78424178e-01  8.78620961e-01  8.78491668e-01 -1.13465609e-05  6.04628566e-08  9.97677726e-09 
 3.02008178e-05  8.78427128e-01  8.78627856e-01  8.78503096e-01 -1.14086805e-05  9.68562280e-08  1.58854728e-08 
 3.02012452e-05  8.78430995e-01  8.78631897e-01  8.78516146e-01 -1.14112303e-05  1.35718651e-07  2.21909962e-08 
 3.02014326e-05  8.78432718e-01  8.78632209e-01  8.78521347e-01 -1.15977580e-05  1.50716414e-07  2.46066120e-08 
 3.02017118e-05  8.78436290e-01  8.78630052e-01  8.78528314e-01 -1.25124163e-05  1.70481512e-07  2.76868307e-08 
 3.02018594e-05  8.78439155e-01  8.78624164e-01  8.78531460e-01 -1.39238422e-05  1.79270846e-07  2.89133147e-08 
 3.02019785e-05  8.78442555e-01  8.78614888e-01  8.78533514e-01 -1.58404613e-05  1.84994156e-07  2.95243102e-08 
 3.02020968e-05  8.78446869e-01  8.78599189e-01  8.78534882e-01 -1.88414370e-05  1.89043271e-07  2.96327875e-08 
 3.02022193e-05  8.78452586e-01  8.78574952e-01  8.78535277e-01 -2.29785903e-05  1.90994356e-07  2.90423962e-08 
 3.02023420e-05  8.78459110e-01  8.78540480e-01  8.78534248e-01 -2.80905898e-05  1.90118624e-07  2.75237445e-08 
 3.02024589e-05  8.78465833e-01  8.78496521e-01  8.78531522e-01 -3.31749726e-05  1.86034917e-07  2.49904323e-08 
 3.02025651e-05  8.78471682e-01  8.78444533e-01  8.78527157e-01 -3.73397684e-05  1.78949888e-07  2.15271824e-08 
 3.02026621e-05  8.78476504e-01  8.78384333e-01  8.78521193e-01 -3.99441889e-05  1.68993932e-07  1.71501230e-08 
 3.02027726e-05  8.78480721e-01  8.78300045e-01  8.78511551e-01 -4.17658867e-05  1.53071263e-07  1.05263211e-08 
 3.02028771e-05  8.78483380e-01  8.78209877e-01  8.78499250e-01 -4.34502682e-05  1.33682595e-07  2.69764383e-09 
 3.02030457e-05  8.78484511e-01  8.78061281e-01  8.78472661e-01 -4.66787300e-05  9.49358902e-08 -1.25644216e-08 
 3.02031853e-05  8.78482463e-01  8.77945390e-01  8.78444772e-01 -4.93639872e-05  5.63737848e-08 -2.71600196e-08 
 3.02032989e-05  8.78478425e-01  8.77861693e-01  8.78418774e-01 -5.13793987e-05  1.84502420e-08 -3.99399297e-08 
 3.02033731e-05  8.78474157e-01  8.77815488e-01  8.78400522e-01 -5.22032559e-05 -1.66583257e-08 -4.85299451e-08 
 3.02034194e-05  8.78470275e-01  8.77792480e-01  8.78388762e-01 -5.23592258e-05 -5.02771124e-08 -5.38883404e-08 
 3.02034572e-05  8.78466141e-01  8.77779088e-01  8.78379075e-01 -5.20822554e-05 -8.96929162e-08 -5.81646340e-08 
 3.02034875e-05  8.78461626e-01  8.77773416e-01  8.78371262e-01 -5.15804523e-05 -1.31021674e-07 -6.14779491e-08 
 3.02035134e-05  8.78456504e-01  8.77773915e-01  8.78364670e-01 -5.08306114e-05 -1.72462563e-07 -6.41157108e-08 
 3.02035377e-05  8.78450084e-01  8.77780836e-01  8.78358555e-01 -4.97959554e-05 -2.15255552e-07 -6.63521238e-08 
 3.02035647e-05  8.78441409e-01  8.77797964e-01  8.78351966e-01 -4.82079435e-05 -2.64659785e-07 -6.84286122e-08 
 3.02035956e-05  8.78430398e-01  8.77830822e-01  8.78344817e-01 -4.59318663e-05 -3.20606231e-07 -7.01707418e-08 
 3.02036305e-05  8.78417879e-01  8.77883514e-01  8.78337450e-01 -4.29098371e-05 -3.79978020e-07 -7.12794780e-08 
 3.02036811e-05  8.78401445e-01  8.77981213e-01  8.78328451e-01 -3.81217092e-05 -4.55920162e-07 -7.14175481e-08 
 3.02037119e-05  8.78393147e-01  8.78048119e-01  8.78324081e-01 -3.51820742e-05 -4.95821545e-07 -7.07804053e-08 
 3.02037423e-05  8.78386265e-01  8.78115842e-01  8.78320617e-01 -3.23735305e-05 -5.31256262e-07 -6.97563340e-08 
 3.02037785e-05  8.78379748e-01  8.78194486e-01  8.78317615e-01 -2.92904360e-05 -5.68907042e-07 -6.81799972e-08 
 3.02038185e-05  8.78374360e-01  8.78276279e-01  8.78315610e-01 -2.62483946e-05 -6.06213321e-07 -6.61353849e-08 
 3.02038588e-05  8.78370503e-01  8.78350539e-01  8.78314872e-01 -2.36234369e-05 -6.40239994e-07 -6.39076276e-08 
 3.02039026e-05  8.78367682e-01  8.78420642e-01  8.78315337e-01 -2.12565943e-05 -6.74239874e-07 -6.14256492e-08 
 3.02039492e-05  8.78365776e-01  8.78483335e-01  8.78317050e-01 -1.92396702e-05 -7.08035788e-07 -5.88009891e-08 
 3.02040024e-05  8.78364561e-01  8.78541159e-01  8.78320237e-01 -1.74708830e-05 -7.44422331e-07 -5.58955357e-08 
 3.02040618e-05  8.78363953e-01  8.78590983e-01  8.78324974e-01 -1.60383761e-05 -7.82885939e-07 -5.28096363e-08 
 3.02041322e-05  8.78363864e-01  8.78634542e-01  8.78331750e-01 -1.48783650e-05 -8.26284652e-07 -4.93609469e-08 
 3.02042147e-05  8.78364214e-01  8.78670189e-01  8.78340733e-01 -1.40303589e-05 -8.74572232e-07 -4.55840398e-08 
 3.02043182e-05  8.78365033e-01  8.78699933e-01  8.78352915e-01 -1.34343248e-05 -9.32067769e-07 -4.11697525e-08 
 3.02044482e-05  8.78366345e-01  8.78724057e-01  8.78368896e-01 -1.30786400e-05 -1.00138845e-06 -3.60087623e-08 
 3.02046255e-05  8.78368525e-01  8.78745895e-01  8.78390959e-01 -1.28913775e-05 -1.09816842e-06 -2.94926834e-08 
 3.02048128e-05  8.78371362e-01  8.78763241e-01  8.78414038e-01 -1.28307172e-05 -1.22113226e-06 -2.31310482e-08 
 3.02050000e-05  8.78374837e-01  8.78778418e-01  8.78436624e-01 -1.28064138e-05 -1.39253683e-06 -1.72292969e-08 
 3.02050042e-05  8.78374073e-01  8.78775366e-01  8.78437119e-01 -1.50527364e-05 -1.39782200e-06 -1.72164194e-08 
 3.02050126e-05  8.78373503e-01  8.78770033e-01  8.78438097e-01 -1.53032683e-05 -1.40862048e-06 -1.71826037e-08 
 3.02050294e-05  8.78373592e-01  8.78762171e-01  8.78440000e-01 -1.52360384e-05 -1.43040630e-06 -1.70935494e-08 
 3.02050630e-05  8.78373276e-01  8.78750576e-01  8.78443637e-01 -1.53296025e-05 -1.47310104e-06 -1.68944759e-08 
 3.02051302e-05  8.78373305e-01  8.78734806e-01  8.78450404e-01 -1.52922250e-05 -1.55600619e-06 -1.64435195e-08 
 3.02052534e-05  8.78373293e-01  8.78720778e-01  8.78461630e-01 -1.53437011e-05 -1.70030598e-06 -1.55594756e-08 
 3.02053931e-05  8.78373638e-01  8.78717835e-01  8.78473255e-01 -1.52854183e-05 -1.85348054e-06 -1.45514879e-08 
 3.02056200e-05  8.78373908e-01  8.78723846e-01  8.78490934e-01 -1.53273718e-05 -2.08042211e-06 -1.29732489e-08 
 3.02060118e-05  8.78374644e-01  8.78742008e-01  8.78519722e-01 -1.52759378e-05 -2.41645653e-06 -1.04278439e-08 
 3.02067955e-05  8.78375709e-01  8.78777671e-01  8.78572889e-01 -1.53153392e-05 -2.91667312e-06 -6.01582056e-09 
 3.02083629e-05  8.78377817e-01  8.78832794e-01  8.78662821e-01 -1.52570896e-05 -3.45322185e-06  4.38363187e-10 
 3.02114976e-05  8.78380765e-01  8.78892956e-01  8.78783141e-01 -1.52827248e-05 -3.63394865e-06  6.82828026e-09 
 3.02169645e-05  8.78384433e-01  8.78895151e-01  8.78853101e-01 -1.52100464e-05 -3.16672538e-06  8.56672281e-09 
 3.02232612e-05  8.78387090e-01  8.78819553e-01  8.78808855e-01 -1.52338099e-05 -2.57585981e-06  6.95533762e-09 
 3.02342568e-05  8.78390574e-01  8.78659476e-01  8.78653119e-01 -1.51647299e-05 -1.81632614e-06  4.80660992e-09 
 3.02460519e-05  8.78392893e-01  8.78533169e-01  8.78511641e-01 -1.51976835e-05 -1.25142396e-06  3.31991365e-09 
 3.02641873e-05  8.78395365e-01  8.78457778e-01  8.78417433e-01 -1.51431856e-05 -7.04916256e-07  1.86760870e-09 
 3.02917191e-05  8.78397148e-01  8.78484251e-01  8.78433784e-01 -1.51846807e-05 -2.87223790e-07  7.74044811e-10 
 3.03246028e-05  8.78398184e-01  8.78540448e-01  8.78493924e-01 -1.51385879e-05 -9.61291882e-08  2.58791641e-10 
 3.03668849e-05  8.78398437e-01  8.78540424e-01  8.78498551e-01 -1.51845408e-05 -2.08796292e-08  5.67388743e-11 
 3.04223132e-05  8.78398593e-01  8.78515584e-01  8.78472003e-01 -1.51391569e-05 -1.97217416e-09  3.97329777e-12 
 3.05090461e-05  8.78398497e-01  8.78521952e-01  8.78477376e-01 -1.51846461e-05  3.63736892e-10  2.25261557e-12 
 3.06090461e-05  8.78398598e-01  8.78520684e-01  8.78477410e-01 -1.51391192e-05 -1.59042695e-10 -4.42130599e-13 
 3.07090461e-05  8.78398481e-01  8.78515068e-01  8.78470823e-01 -1.51846769e-05  1.06390588e-10  2.08114027e-12 
 3.08090461e-05  8.78398584e-01  8.78518935e-01  8.78475118e-01 -1.51391049e-05 -9.35620498e-11  2.29290491e-13 
 3.09090461e-05  8.78398473e-01  8.78515730e-01  8.78471863e-01 -1.51846752e-05  8.16120246e-11  1.59923686e-12 
 3.10090461e-05  8.78398570e-01  8.78516429e-01  8.78472421e-01 -1.51391139e-05 -7.81259812e-11  4.75874114e-13 
 3.11090461e-05  8.78398462e-01  8.78516606e-01  8.78472750e-01 -1.51846645e-05  6.89183198e-11  1.53047112e-12 
 3.12090461e-05  8.78398559e-01  8.78515737e-01  8.78471794e-01 -1.51391224e-05 -6.67419605e-11  4.85496951e-13 
 3.13090461e-05  8.78398451e-01  8.78516408e-01  8.78472471e-01 -1.51846589e-05  5.85031012e-11  1.51692141e-12 
 3.14090461e-05  8.78398548e-01  8.78515944e-01  8.78472056e-01 -1.51391257e-05 -5.71907398e-11  5.35352199e-13 
 3.15090461e-05  8.78398439e-01  8.78516072e-01  8.78472111e-01 -1.51846566e-05  4.97693672e-11  1.43650467e-12 
 3.16090461e-05  8.78398537e-01  8.78516082e-01  8.78472192e-01 -1.51391279e-05 -4.92223404e-11  6.32013918e-13 
 3.17090461e-05  8.78398428e-01  8.78515991e-01  8.78472042e-01 -1.51846541e-05  4.25102503e-11  1.34022969e-12 
 3.18090461e-05  8.78398526e-01  8.78516042e-01  8.78472140e-01 -1.51391309e-05 -4.26081084e-11  7.19006235e-13 
 3.19090461e-05  8.78398417e-01  8.78516023e-01  8.78472081e-01 -1.51846507e-05  3.64808505e-11  1.26563836e-12 
 3.20090461e-05  8.78398515e-01  8.78515987e-01  8.78472081e-01 -1.51391343e-05 -3.71052481e-11  7.82878862e-13 
 3.21090461e-05  8.78398406e-01  8.78516033e-01  8.78472091e-01 -1.51846473e-05  3.14568042e-11  1.20954310e-12 
 3.22000000e-05  8.78398504e-01  8.78515970e-01  8.78472066e-01 -1.51391379e-05 -3.23038586e-11  8.36370036e-13 
 3.22001280e-05  8.78395689e-01  8.78472484e-01  8.78469947e-01 -1.76544185e-05 -2.39936333e-08 -2.90433042e-09 
 3.22003841e-05  8.78393041e-01  8.78425658e-01  8.78463633e-01 -1.77468117e-05 -6.68881003e-08 -8.22450273e-09 
 3.22006791e-05  8.78390661e-01  8.78416640e-01  8.78454004e-01 -1.78232434e-05 -1.06539187e-07 -1.35451241e-08 
 3.22010586e-05  8.78387715e-01  8.78412899e-01  8.78442273e-01 -1.85298728e-05 -1.46209336e-07 -1.94954164e-08 
 3.22013036e-05  8.78386581e-01  8.78413971e-01  8.78435474e-01 -2.00412496e-05 -1.65174893e-07 -2.27416826e-08 
 3.22014880e-05  8.78386521e-01  8.78416763e-01  8.78430920e-01 -2.24779468e-05 -1.75561922e-07 -2.48170449e-08 
 3.22016502e-05  8.78387392e-01  8.78422472e-01  8.78427450e-01 -2.58578462e-05 -1.81115055e-07 -2.63089073e-08 
 3.22018124e-05  8.78389175e-01  8.78431073e-01  8.78424648e-01 -3.06072370e-05 -1.82352507e-07 -2.74182638e-08 
 3.22019617e-05  8.78391658e-01  8.78443110e-01  8.78422822e-01 -3.61400583e-05 -1.78554599e-07 -2.80156382e-08 
 3.22020889e-05  8.78394228e-01  8.78457163e-01  8.78421998e-01 -4.16947599e-05 -1.70345694e-07 -2.81105156e-08 
 3.22021955e-05  8.78396596e-01  8.78473181e-01  8.78421967e-01 -4.68105254e-05 -1.58707572e-07 -2.77972398e-08 
 3.22022868e-05  8.78398556e-01  8.78491055e-01  8.78422549e-01 -5.14483528e-05 -1.44116355e-07 -2.71481862e-08 
 3.22023670e-05  8.78400096e-01  8.78511424e-01  8.78423647e-01 -5.55869489e-05 -1.26617627e-07 -2.61886178e-08 
 3.22024393e-05  8.78401113e-01  8.78534830e-01  8.78425230e-01 -5.92850143e-05 -1.05976438e-07 -2.49123623e-08 
 3.22025069e-05  8.78401632e-01  8.78562587e-01  8.78427354e-01 -6.25860113e-05 -8.13618525e-08 -2.32579481e-08 
 3.22025760e-05  8.78401717e-01  8.78597970e-01  8.78430325e-01 -6.57359029e-05 -4.99321084e-08 -2.10004583e-08 
 3.22026514e-05  8.78401815e-01  8.78644460e-01  8.78434693e-01 -6.88937341e-05 -8.27887061e-09 -1.78159671e-08 
 3.22027364e-05  8.78402485e-01  8.78703714e-01  8.78441231e-01 -7.22101932e-05  4.55589090e-08 -1.33684583e-08 
 3.22028274e-05  8.78404052e-01  8.78770851e-01  8.78450237e-01 -7.55021568e-05  1.05141832e-07 -7.75057172e-09 
 3.22029170e-05  8.78406358e-01  8.78837737e-01  8.78461159e-01 -7.84885052e-05  1.57146677e-07 -1.49809653e-09 
 3.22030217e-05  8.78410144e-01  8.78913556e-01  8.78476354e-01 -8.16912896e-05  1.99946675e-07  6.49950126e-09 
 3.22031315e-05  8.78415590e-01  8.78986468e-01  8.78494824e-01 -8.48955012e-05  2.25439454e-07  1.54692036e-08 
 3.22032385e-05  8.78422171e-01  8.79047689e-01  8.78514871e-01 -8.78181866e-05  2.40899910e-07  2.45669721e-08 
 3.22033587e-05  8.78430434e-01  8.79102996e-01  8.78539135e-01 -9.03639446e-05  2.55359248e-07  3.49614022e-08 
 3.22034564e-05  8.78437584e-01  8.79135026e-01  8.78559664e-01 -9.10389410e-05  2.66558223e-07  4.32899007e-08 
 3.22035199e-05  8.78442170e-01  8.79146181e-01  8.78573146e-01 -8.94759604e-05  2.73338391e-07  4.84387917e-08 
 3.22035699e-05  8.78445618e-01  8.79145238e-01  8.78583608e-01 -8.60614544e-05  2.77747781e-07  5.21100248e-08 
 3.22036211e-05  8.78448758e-01  8.79131120e-01  8.78593960e-01 -8.04797670e-05  2.80840637e-07  5.52907704e-08 
 3.22036877e-05  8.78452209e-01  8.79090292e-01  8.78606391e-01 -7.11884299e-05  2.82037886e-07  5.82937698e-08 
 3.22037503e-05  8.78454681e-01  8.79031045e-01  8.78616544e-01 -6.16291651e-05  2.80202896e-07  5.98710235e-08 
 3.22038376e-05  8.78457025e-01  8.78926184e-01  8.78627464e-01 -4.89834799e-05  2.73347668e-07  6.02120121e-08 
 3.22039402e-05  8.78458357e-01  8.78791082e-01  8.78634987e-01 -3.71632664e-05  2.60469024e-07  5.84453984e-08 
 3.22040165e-05  8.78458649e-01  8.78695066e-01  8.78636916e-01 -3.09723369e-05  2.48595656e-07  5.60925215e-08 
 3.22040904e-05  8.78458523e-01  8.78613052e-01  8.78636135e-01 -2.67622408e-05  2.36043600e-07  5.33474851e-08 
 3.22041771e-05  8.78458086e-01  8.78533409e-01  8.78632492e-01 -2.35019959e-05  2.20553412e-07  4.98474776e-08 
 3.22042622e-05  8.78457432e-01  8.78472236e-01  8.78626685e-01 -2.15597531e-05  2.04942549e-07  4.63200889e-08 
 3.22043608e-05  8.78456553e-01  8.78419241e-01  8.78617987e-01 -2.02593536e-05  1.86628890e-07  4.22774814e-08 
 3.22044641e-05  8.78455528e-01  8.78379713e-01  8.78607365e-01 -1.95485823e-05  1.67448548e-07  3.81843716e-08 
 3.22045896e-05  8.78454247e-01  8.78346767e-01  8.78593254e-01 -1.91348237e-05  1.44380830e-07  3.34519266e-08 
 3.22047304e-05  8.78452768e-01  8.78322104e-01  8.78576665e-01 -1.89497003e-05  1.19104311e-07  2.84587474e-08 
 3.22048652e-05  8.78451365e-01  8.78305450e-01  8.78560558e-01 -1.88830061e-05  9.57085362e-08  2.39712657e-08 
 3.22050000e-05  8.78449953e-01  8.78292377e-01  8.78544517e-01 -1.88578073e-05  7.32343596e-08  1.97397281e-08 
 3.22050024e-05  8.78450478e-01  8.78294251e-01  8.78544231e-01 -1.66521404e-05  7.31627370e-08  1.97330799e-08 
 3.22050073e-05  8.78450958e-01  8.78297714e-01  8.78543662e-01 -1.62891536e-05  7.30680690e-08  1.97167116e-08 
 3.22050171e-05  8.78450876e-01  8.78303289e-01  8.78542545e-01 -1.61672017e-05  7.29596646e-08  1.96713727e-08 
 3.22050365e-05  8.78450934e-01  8.78311727e-01  8.78540378e-01 -1.59706613e-05  7.26843595e-08  1.95678528e-08 
 3.22050681e-05  8.78450889e-01  8.78322227e-01  8.78537024e-01 -1.57243162e-05  7.21504634e-08  1.93831922e-08 
 3.22051313e-05  8.78450877e-01  8.78336850e-01  8.78530753e-01 -1.54029651e-05  7.08491818e-08  1.89707332e-08 
 3.22052575e-05  8.78450707e-01  8.78350593e-01  8.78519374e-01 -1.51151863e-05  6.78408460e-08  1.80790945e-08 
 3.22055101e-05  8.78450408e-01  8.78350716e-01  8.78498925e-01 -1.50131198e-05  6.16248094e-08  1.63100448e-08 
 3.22058123e-05  8.78450000e-01  8.78337199e-01  8.78476252e-01 -1.50211864e-05  5.47321325e-08  1.43923925e-08 
 3.22062795e-05  8.78449492e-01  8.78315427e-01  8.78443123e-01 -1.50247199e-05  4.54878753e-08  1.18560798e-08 
 3.22070106e-05  8.78448746e-01  8.78285081e-01  8.78395465e-01 -1.50262059e-05  3.39650710e-08  8.72072283e-09 
 3.22084728e-05  8.78447666e-01  8.78237728e-01  8.78314922e-01 -1.50376779e-05  1.86629752e-08  4.59512211e-09 
 3.22113973e-05  8.78446290e-01  8.78184646e-01  8.78205945e-01 -1.50505777e-05  4.87022088e-09  9.75510385e-10 
 3.22172293e-05  8.78445222e-01  8.78180857e-01  8.78133689e-01 -1.50810104e-05 -4.58266141e-10 -2.52735217e-10 
 3.22236214e-05  8.78444897e-01  8.78252003e-01  8.78177268e-01 -1.50993765e-05  1.99889784e-11 -1.25406147e-11 
 3.22355841e-05  8.78444791e-01  8.78406135e-01  8.78329442e-01 -1.51275942e-05  4.19292075e-12  2.93527477e-11 
 3.22470270e-05  8.78444774e-01  8.78510293e-01  8.78447543e-01 -1.51365457e-05  1.95269048e-11  2.59606726e-11 
 3.22668208e-05  8.78444807e-01  8.78574606e-01  8.78528945e-01 -1.51502636e-05 -1.00969537e-12  5.24764683e-12 
 3.22959419e-05  8.78444728e-01  8.78547497e-01  8.78508770e-01 -1.51518157e-05 -1.02442816e-12 -3.03136476e-12 
 3.23479710e-05  8.78444671e-01  8.78506783e-01  8.78462142e-01 -1.51563715e-05 -2.78671292e-12 -4.80973280e-13 
 3.24000000e-05  8.78444662e-01  8.78537345e-01  8.78491333e-01 -1.51526733e-05  2.68036808e-12  3.98890594e-12 
 3.24000355e-05  8.78448487e-01  8.78577082e-01  8.78491919e-01 -1.32564522e-05  4.19651877e-09  1.79172400e-09 
 3.24001066e-05  8.78453093e-01  8.78634192e-01  8.78493875e-01 -1.22727044e-05  1.14809031e-08  5.19297271e-09 
 3.24002487e-05  8.78461646e-01  8.78691806e-01  8.78500795e-01 -1.15975237e-05  2.12693934e-08  1.13962387e-08 
 3.24004309e-05  8.78472780e-01  8.78724740e-01  8.78512295e-01 -1.13316773e-05  2.95635315e-08  1.86573228e-08 
 3.24007801e-05  8.78493661e-01  8.78746664e-01  8.78535727e-01 -1.13635234e-05  4.17467059e-08  3.11308441e-08 
 3.24011672e-05  8.78517075e-01  8.78761092e-01  8.78560769e-01 -1.13380601e-05  5.29236687e-08  4.31038308e-08 
 3.24014536e-05  8.78534348e-01  8.78768815e-01  8.78578129e-01 -1.15746341e-05  5.86651990e-08  5.08115074e-08 
 3.24016444e-05  8.78546473e-01  8.78773519e-01  8.78589091e-01 -1.19672221e-05  5.73983559e-08  5.53849793e-08 
 3.24018070e-05  8.78557326e-01  8.78773331e-01  8.78597939e-01 -1.30211118e-05  4.57962108e-08  5.87944591e-08 
 3.24019350e-05  8.78566885e-01  8.78770256e-01  8.78604423e-01 -1.44951679e-05  2.21702755e-08  6.10197864e-08 
 3.24020573e-05  8.78576693e-01  8.78761701e-01  8.78610043e-01 -1.68616897e-05 -2.15966270e-08  6.25873423e-08 
 3.24021839e-05  8.78587907e-01  8.78746557e-01  8.78614989e-01 -2.02723381e-05 -9.96482108e-08  6.34335578e-08 
 3.24023132e-05  8.78599763e-01  8.78722123e-01  8.78618790e-01 -2.47694635e-05 -2.26749145e-07  6.32421461e-08 
 3.24024402e-05  8.78611543e-01  8.78688361e-01  8.78620898e-01 -2.95628549e-05 -4.12766476e-07  6.17637881e-08 
 3.24025596e-05  8.78621631e-01  8.78645562e-01  8.78620997e-01 -3.36963806e-05 -6.57700516e-07  5.89351535e-08 
 3.24026683e-05  8.78629517e-01  8.78594986e-01  8.78619095e-01 -3.61817762e-05 -9.55791214e-07  5.48584343e-08 
 3.24027781e-05  8.78635226e-01  8.78531073e-01  8.78614800e-01 -3.72824893e-05 -1.34354511e-06  4.90360159e-08 
 3.24028937e-05  8.78638669e-01  8.78453395e-01  8.78607273e-01 -3.81710015e-05 -1.85159532e-06  4.10224643e-08 
 3.24030483e-05  8.78638610e-01  8.78344779e-01  8.78592157e-01 -3.98917728e-05 -2.67686159e-06  2.77131792e-08 
 3.24031661e-05  8.78635140e-01  8.78264424e-01  8.78576887e-01 -4.14015411e-05 -3.40498582e-06  1.59019870e-08 
 3.24032838e-05  8.78628325e-01  8.78189896e-01  8.78558779e-01 -4.30061494e-05 -4.20150112e-06  3.00494386e-09 
 3.24033965e-05  8.78617649e-01  8.78126449e-01  8.78539190e-01 -4.43678030e-05 -5.01383868e-06 -1.00783493e-08 
 3.24034808e-05  8.78603338e-01  8.78086906e-01  8.78523386e-01 -4.50518674e-05 -5.64089976e-06 -2.01070861e-08 
 3.24035302e-05  8.78589253e-01  8.78069361e-01  8.78513824e-01 -4.50455328e-05 -6.00757141e-06 -2.59269263e-08 
 3.24035683e-05  8.78574033e-01  8.78060493e-01  8.78506360e-01 -4.48000269e-05 -6.28511103e-06 -3.02894901e-08 
 3.24035986e-05  8.78558716e-01  8.78057903e-01  8.78500444e-01 -4.43325538e-05 -6.49743901e-06 -3.35772847e-08 
 3.24036265e-05  8.78542164e-01  8.78060821e-01  8.78495056e-01 -4.36753963e-05 -6.68185892e-06 -3.63586550e-08 
 3.24036567e-05  8.78522491e-01  8.78072062e-01  8.78489396e-01 -4.25984196e-05 -6.86227744e-06 -3.89427727e-08 
 3.24036943e-05  8.78497869e-01  8.78100423e-01  8.78482718e-01 -4.07657114e-05 -7.05215588e-06 -4.13650520e-08 
 3.24037306e-05  8.78476863e-01  8.78142682e-01  8.78476877e-01 -3.85611285e-05 -7.19349725e-06 -4.27599261e-08 
 3.24037828e-05  8.78454327e-01  8.78223115e-01  8.78469898e-01 -3.49203765e-05 -7.32429250e-06 -4.32040507e-08 
 3.24038290e-05  8.78443312e-01  8.78306348e-01  8.78465329e-01 -3.15419448e-05 -7.37554022e-06 -4.22742121e-08 
 3.24038690e-05  8.78440145e-01  8.78380814e-01  8.78462704e-01 -2.87007459e-05 -7.37909427e-06 -4.07121229e-08 
 3.24039112e-05  8.78442444e-01  8.78457180e-01  8.78461238e-01 -2.59433814e-05 -7.35076363e-06 -3.85305862e-08 
 3.24039594e-05  8.78450655e-01  8.78537742e-01  8.78461091e-01 -2.31608346e-05 -7.28800840e-06 -3.56091150e-08 
 3.24040068e-05  8.78463269e-01  8.78607345e-01  8.78462357e-01 -2.08777621e-05 -7.20393440e-06 -3.25012599e-08 
 3.24040599e-05  8.78481138e-01  8.78673374e-01  8.78465175e-01 -1.88030856e-05 -7.09227754e-06 -2.89128620e-08 
 3.24041154e-05  8.78502821e-01  8.78729463e-01  8.78469401e-01 -1.71392066e-05 -6.96332594e-06 -2.51691472e-08 
 3.24041807e-05  8.78530737e-01  8.78780710e-01  8.78475628e-01 -1.57029107e-05 -6.80349293e-06 -2.08849308e-08 
 3.24042529e-05  8.78563638e-01  8.78822739e-01  8.78483662e-01 -1.46247729e-05 -6.62232670e-06 -1.63390235e-08 
 3.24043411e-05  8.78605522e-01  8.78859015e-01  8.78494524e-01 -1.37893038e-05 -6.40105748e-06 -1.10809712e-08 
 3.24044450e-05  8.78656663e-01  8.78887877e-01  8.78508166e-01 -1.32425186e-05 -6.14526591e-06 -5.26911609e-09 
 3.24045803e-05  8.78726433e-01  8.78912842e-01  8.78526517e-01 -1.28902915e-05 -5.82427365e-06  1.76366562e-09 
 3.24047554e-05  8.78826206e-01  8.78935074e-01  8.78550443e-01 -1.27166164e-05 -5.43131032e-06  1.00991797e-08 
 3.24050000e-05  8.79000453e-01  8.78959022e-01  8.78583338e-01 -1.26356872e-05 -4.92454865e-06  2.04382330e-08 
 3.24050074e-05  8.79004221e-01  8.78948148e-01  8.78584285e-01 -1.38867763e-05 -4.91082984e-06  2.03327889e-08 
 3.24050222e-05  8.79014208e-01  8.78930099e-01  8.78586121e-01 -1.42603513e-05 -4.88338500e-06  2.01510960e-08 
 3.24050518e-05  8.79036023e-01  8.78905178e-01  8.78589507e-01 -1.44185269e-05 -4.82848206e-06  1.98477971e-08 
 3.24051110e-05  8.79078597e-01  8.78870192e-01  8.78595458e-01 -1.48670115e-05 -4.71934852e-06  1.93277979e-08 
 3.24052294e-05  8.79164772e-01  8.78830462e-01  8.78605219e-01 -1.50915800e-05 -4.50629425e-06  1.84885219e-08 
 3.24053916e-05  8.79281183e-01  8.78810873e-01  8.78615996e-01 -1.52606979e-05 -4.22865370e-06  1.74859637e-08 
 3.24056250e-05  8.79447150e-01  8.78808362e-01  8.78629349e-01 -1.51877059e-05 -3.85838034e-06  1.61220527e-08 
 3.24060135e-05  8.79716456e-01  8.78819063e-01  8.78649598e-01 -1.52536249e-05 -3.31193332e-06  1.39433636e-08 
 3.24065879e-05  8.80101659e-01  8.78837932e-01  8.78677410e-01 -1.51771397e-05 -2.64117116e-06  1.09743610e-08 
 3.24077253e-05  8.80818238e-01  8.78870736e-01  8.78726704e-01 -1.52434487e-05 -1.67745688e-06  6.02590238e-09 
 3.24100003e-05  8.82088595e-01  8.78926666e-01  8.78806795e-01 -1.51596299e-05 -6.42188558e-07 -4.90529428e-10 
 3.24145503e-05  8.84091141e-01  8.79037089e-01  8.78931754e-01 -1.52140316e-05 -3.64520271e-08 -5.04145125e-09 
 3.24200551e-05  8.85783420e-01  8.79234529e-01  8.79099552e-01 -1.51282048e-05  1.38227430e-09 -4.36257934e-09 
 3.24287582e-05  8.87420841e-01  8.79795406e-01  8.79571380e-01 -1.51891066e-05 -3.49438481e-10 -2.26076606e-09 
 3.24387907e-05  8.88379762e-01  8.80797205e-01  8.80480262e-01 -1.51123248e-05  2.05641569e-10 -9.44288181e-10 
 3.24507084e-05  8.88893955e-01  8.82247038e-01  8.81886067e-01 -1.51824212e-05  9.75461621e-11 -2.05770255e-10 
 3.24667750e-05  8.89149507e-01  8.84104916e-01  8.83786256e-01 -1.51106909e-05  1.80838280e-10  1.38828636e-10 
 3.24828306e-05  8.89219646e-01  8.85447203e-01  8.85228326e-01 -1.51845812e-05  9.90860395e-11  1.56406467e-10 
 3.25044318e-05  8.89243336e-01  8.86328518e-01  8.86227536e-01 -1.51170753e-05  4.78093611e-11  7.10930917e-11 
 3.25240347e-05  8.89245949e-01  8.86531990e-01  8.86479953e-01 -1.51924717e-05 -4.12805662e-12  6.82763801e-12 
 3.25537607e-05  8.89246667e-01  8.86641760e-01  8.86587118e-01 -1.51233471e-05 -2.80486897e-12 -4.17539918e-12 
 3.25841923e-05  8.89246348e-01  8.86929627e-01  8.86852066e-01 -1.51950923e-05  6.69069162e-12  1.74184935e-11 
 3.26213671e-05  8.89246825e-01  8.87429984e-01  8.87351642e-01 -1.51227444e-05  1.63323586e-11  2.85112886e-11 
 3.26698738e-05  8.89246758e-01  8.87917649e-01  8.87855313e-01 -1.51945667e-05  5.00484810e-12  1.32026176e-11 
 3.27595123e-05  8.89247169e-01  8.88431713e-01  8.88376183e-01 -1.51233188e-05  4.12400257e-12  8.22055596e-12 
 3.28443215e-05  8.89247001e-01  8.88779848e-01  8.88725905e-01 -1.51949244e-05  2.46443773e-12  7.29033777e-12 
 3.29443215e-05  8.89247359e-01  8.89028532e-01  8.88980844e-01 -1.51233629e-05  1.59386718e-12  3.97819272e-12 
 3.30443215e-05  8.89247103e-01  8.89157662e-01  8.89109989e-01 -1.51951074e-05 -2.41127864e-13  2.02894738e-12 
 3.31443215e-05  8.89247407e-01  8.89251164e-01  8.89205163e-01 -1.51234026e-05  1.20705876e-12  3.38375622e-12 
 3.32443215e-05  8.89247129e-01  8.89293819e-01  8.89248720e-01 -1.51951364e-05 -1.16213224e-12  1.21782196e-13 
 3.33443215e-05  8.89247404e-01  8.89323464e-01  8.89278165e-01 -1.51234475e-05  7.73621401e-13  2.80767391e-12 
 3.34443215e-05  8.89247123e-01  8.89341240e-01  8.89296684e-01 -1.51951265e-05 -1.12086447e-12 -7.33899703e-14 
 3.35443215e-05  8.89247389e-01  8.89349002e-01  8.89304249e-01 -1.51234711e-05  3.52051071e-13  2.28823243e-12 
 3.36443215e-05  8.89247104e-01  8.89356136e-01  8.89311591e-01 -1.51951221e-05 -9.51386756e-13 -2.73836943e-15 
 3.37443215e-05  8.89247369e-01  8.89358743e-01  8.89314225e-01 -1.51234777e-05  1.44092854e-13  2.11097676e-12 
 3.38443215e-05  8.89247081e-01  8.89360709e-01  8.89316197e-01 -1.51951213e-05 -8.76159605e-13 -4.22528223e-14 
 3.39443215e-05  8.89247347e-01  8.89362131e-01  8.89317639e-01 -1.51234812e-05  6.56031219e-14  2.11880432e-12 
 3.40443215e-05  8.89247058e-01  8.89362414e-01  8.89317958e-01 -1.51951181e-05 -8.33940772e-13 -1.00040852e-13 
 3.41443215e-05  8.89247323e-01  8.89363071e-01  8.89318565e-01 -1.51234863e-05  9.38593821e-15  2.13740348e-12 
 3.42443215e-05  8.89247035e-01  8.89363128e-01  8.89318696e-01 -1.51951128e-05 -7.81835751e-13 -1.16262523e-13 
 3.43221607e-05  8.89247302e-01  8.89363285e-01  8.89318780e-01 -1.51234929e-05 -5.68449367e-14  2.13150661e-12 
 3.44000000e-05  8.89247016e-01  8.89363333e-01  8.89318899e-01 -1.51951058e-05 -7.13678032e-13 -1.08619494e-13 
 3.44001097e-05  8.89235486e-01  8.89281901e-01  8.89315475e-01 -1.71454000e-05 -8.02902544e-09 -5.10632721e-09 
 3.44003290e-05  8.89217442e-01  8.89190416e-01  8.89305071e-01 -1.78497296e-05 -1.95622743e-08 -1.45350263e-08 
 3.44006624e-05  8.89192855e-01  8.89159430e-01  8.89283240e-01 -1.79057483e-05 -3.03535090e-08 -2.69705743e-08 
 3.44010430e-05  8.89167286e-01  8.89144986e-01  8.89258414e-01 -1.85750715e-05 -3.94836676e-08 -3.92931680e-08 
 3.44013341e-05  8.89150620e-01  8.89139402e-01  8.89240733e-01 -2.04746077e-05 -3.73877671e-08 -4.73553650e-08 
 3.44015331e-05  8.89141545e-01  8.89137418e-01  8.89229498e-01 -2.34595670e-05 -2.46212953e-08 -5.21206640e-08 
 3.44017047e-05  8.89136220e-01  8.89140588e-01  8.89220542e-01 -2.75158552e-05  1.58962373e-10 -5.56461234e-08 
 3.44018772e-05  8.89133720e-01  8.89146664e-01  8.89212443e-01 -3.31906329e-05  4.40505864e-08 -5.85577363e-08 
 3.44020335e-05  8.89134579e-01  8.89157603e-01  8.89206093e-01 -3.96192744e-05  1.06895365e-07 -6.05287387e-08 
 3.44021645e-05  8.89137934e-01  8.89170918e-01  8.89201686e-01 -4.58969409e-05  1.83563792e-07 -6.15665045e-08 
 3.44022741e-05  8.89143067e-01  8.89187177e-01  8.89198810e-01 -5.16038427e-05  2.71372213e-07 -6.18668936e-08 
 3.44023685e-05  8.89149446e-01  8.89205898e-01  8.89197077e-01 -5.67789629e-05  3.71232379e-07 -6.15778955e-08 
 3.44024529e-05  8.89157080e-01  8.89228216e-01  8.89196264e-01 -6.14473030e-05  4.86295980e-07 -6.07498327e-08 
 3.44025320e-05  8.89166141e-01  8.89255273e-01  8.89196296e-01 -6.57707975e-05  6.23609416e-07 -5.93392635e-08 
 3.44026146e-05  8.89178178e-01  8.89291236e-01  8.89197352e-01 -7.00868311e-05  8.05059479e-07 -5.70601469e-08 
 3.44027040e-05  8.89194718e-01  8.89338082e-01  8.89199912e-01 -7.45657290e-05  1.05071937e-06 -5.35899191e-08 
 3.44028128e-05  8.89218824e-01  8.89401296e-01  8.89205246e-01 -7.97901932e-05  1.41660071e-06 -4.80820326e-08 
 3.44029081e-05  8.89240442e-01  8.89458465e-01  8.89211986e-01 -8.41869259e-05  1.79328514e-06 -4.22565884e-08 
 3.44030103e-05  8.89260437e-01  8.89518819e-01  8.89221290e-01 -8.86926563e-05  2.24897774e-06 -3.51553813e-08 
 3.44031227e-05  8.89276577e-01  8.89581650e-01  8.89233797e-01 -9.34122625e-05  2.80272056e-06 -2.65354856e-08 
 3.44032475e-05  8.89290422e-01  8.89644148e-01  8.89250103e-01 -9.84100508e-05  3.46786005e-06 -1.62437517e-08 
 3.44033721e-05  8.89303131e-01  8.89696765e-01  8.89268371e-01 -1.02810399e-04  4.16663710e-06 -5.52933254e-09 
 3.44035053e-05  8.89317225e-01  8.89740271e-01  8.89289425e-01 -1.06016607e-04  4.93188570e-06  6.05322105e-09 
 3.44035993e-05  8.89327281e-01  8.89759206e-01  8.89304779e-01 -1.05708521e-04  5.46522310e-06  1.39541928e-08 
 3.44036610e-05  8.89333654e-01  8.89761691e-01  8.89314811e-01 -1.02524419e-04  5.79727852e-06  1.87041768e-08 
 3.44037151e-05  8.89338653e-01  8.89752878e-01  8.89323317e-01 -9.72308717e-05  6.06238650e-06  2.22835421e-08 
 3.44037782e-05  8.89343636e-01  8.89726609e-01  8.89332594e-01 -8.87818531e-05  6.32875283e-06  2.55159642e-08 
 3.44038473e-05  8.89347703e-01  8.89678910e-01  8.89341475e-01 -7.79654960e-05  6.55645426e-06  2.77178472e-08 
 3.44039307e-05  8.89350699e-01  8.89601234e-01  8.89349811e-01 -6.45939316e-05  6.73744361e-06  2.85221150e-08 
 3.44040386e-05  8.89351598e-01  8.89484333e-01  8.89356088e-01 -4.92740498e-05  6.83061833e-06  2.69754189e-08 
 3.44041209e-05  8.89350446e-01  8.89394228e-01  8.89357342e-01 -4.02156242e-05  6.81126097e-06  2.42799633e-08 
 3.44042002e-05  8.89348158e-01  8.89314646e-01  8.89355864e-01 -3.36367366e-05  6.73749456e-06  2.08790025e-08 
 3.44042879e-05  8.89344706e-01  8.89238703e-01  8.89351601e-01 -2.84495581e-05  6.61102124e-06  1.65631804e-08 
 3.44043825e-05  8.89340178e-01  8.89172159e-01  8.89344517e-01 -2.47376665e-05  6.43960929e-06  1.15789079e-08 
 3.44044813e-05  8.89334926e-01  8.89118516e-01  8.89335080e-01 -2.23369050e-05  6.23814602e-06  6.27536069e-09 
 3.44045897e-05  8.89328742e-01  8.89074793e-01  8.89323070e-01 -2.07897798e-05  6.00430041e-06  5.22285811e-10 
 3.44047103e-05  8.89321618e-01  8.89039971e-01  8.89308460e-01 -1.98714787e-05  5.74026037e-06 -5.66049482e-09 
 3.44048508e-05  8.89313113e-01  8.89011549e-01  8.89290570e-01 -1.93521276e-05  5.43703880e-06 -1.25033499e-08 
 3.44050000e-05  8.89304015e-01  8.88990067e-01  8.89271207e-01 -1.91254605e-05  5.12675790e-06 -1.93176878e-08 
 3.44050034e-05  8.89305100e-01  8.88995586e-01  8.89270770e-01 -1.79695720e-05  5.12024152e-06 -1.92803067e-08 
 3.44050103e-05  8.89305847e-01  8.89005411e-01  8.89269909e-01 -1.75096217e-05  5.10726457e-06 -1.92174429e-08 
 3.44050239e-05  8.89305608e-01  8.89020407e-01  8.89268264e-01 -1.72921814e-05  5.08137952e-06 -1.91212980e-08 
 3.44050513e-05  8.89305866e-01  8.89042731e-01  8.89265203e-01 -1.67981437e-05  5.02960547e-06 -1.89569889e-08 
 3.44050939e-05  8.89305750e-01  8.89068608e-01  8.89260916e-01 -1.63022955e-05  4.94938371e-06 -1.87579166e-08 
 3.44051790e-05  8.89305912e-01  8.89102566e-01  8.89253558e-01 -1.56506176e-05  4.79082245e-06 -1.84772806e-08 
 3.44053492e-05  8.89305657e-01  8.89131143e-01  8.89241628e-01 -1.52123166e-05  4.48482158e-06 -1.81055432e-08 
 3.44056402e-05  8.89305486e-01  8.89134801e-01  8.89224784e-01 -1.50836630e-05  4.00183474e-06 -1.75462292e-08 
 3.44059897e-05  8.89304981e-01  8.89124016e-01  8.89206514e-01 -1.51087779e-05  3.48847567e-06 -1.67711902e-08 
 3.44065230e-05  8.89304612e-01  8.89107873e-01  8.89180488e-01 -1.50842310e-05  2.82767788e-06 -1.54314699e-08 
 3.44073160e-05  8.89303858e-01  8.89087616e-01  8.89145660e-01 -1.51062404e-05  2.06619979e-06 -1.33160527e-08 
 3.44089022e-05  8.89303076e-01  8.89058693e-01  8.89089324e-01 -1.50864990e-05  1.08540162e-06 -9.34637468e-09 
 3.44120744e-05  8.89301931e-01  8.89036944e-01  8.89022590e-01 -1.51143061e-05  2.52567541e-07 -3.85507088e-09 
 3.44175460e-05  8.89301446e-01  8.89069183e-01  8.89007984e-01 -1.51056057e-05 -9.01332009e-09 -3.38612298e-10 
 3.44241798e-05  8.89301192e-01  8.89160719e-01  8.89079279e-01 -1.51378126e-05  1.16976301e-09  4.50632675e-11 
 3.44355789e-05  8.89301375e-01  8.89321451e-01  8.89242418e-01 -1.51279481e-05 -4.27615911e-10  1.89233158e-11 
 3.44491978e-05  8.89301363e-01  8.89444150e-01  8.89382736e-01 -1.51552941e-05  2.18916364e-10  3.34550848e-11 
 3.44696118e-05  8.89301565e-01  8.89487236e-01  8.89444565e-01 -1.51388324e-05 -1.23096106e-10 -1.37230944e-12 
 3.45017442e-05  8.89301379e-01  8.89422924e-01  8.89385799e-01 -1.51621226e-05  8.54623594e-11 -2.49815517e-12 
 3.45508721e-05  8.89301415e-01  8.89371925e-01  8.89326182e-01 -1.51415867e-05 -7.42558792e-11 -2.58970151e-12 
 3.46000000e-05  8.89301308e-01  8.89406966e-01  8.89360302e-01 -1.51622012e-05  6.14310931e-11  6.31641121e-12 
 3.46000378e-05  8.89302661e-01  8.89427497e-01  8.89360640e-01 -1.23578506e-05  5.51821261e-09  9.48656872e-10 
 3.46001134e-05  8.89303506e-01  8.89457234e-01  8.89361750e-01 -1.17765903e-05  1.61707573e-08  2.73005411e-09 
 3.46002647e-05  8.89304813e-01  8.89486534e-01  8.89365606e-01 -1.14757053e-05  3.57454971e-08  5.94711666e-09 
 3.46004591e-05  8.89306621e-01  8.89501423e-01  8.89371887e-01 -1.13444526e-05  5.87769950e-08  9.70205664e-09 
 3.46008015e-05  8.89309558e-01  8.89508770e-01  8.89383262e-01 -1.14060634e-05  9.52472647e-08  1.56236368e-08 
 3.46012178e-05  8.89313321e-01  8.89512778e-01  8.89396029e-01 -1.13972006e-05  1.33428055e-07  2.18199597e-08 
 3.46014253e-05  8.89315217e-01  8.89513233e-01  8.89401806e-01 -1.15880562e-05  1.50152166e-07  2.45153811e-08 
 3.46016868e-05  8.89318470e-01  8.89511648e-01  8.89408383e-01 -1.23415330e-05  1.68865820e-07  2.74474933e-08 
 3.46018257e-05  8.89320960e-01  8.89506926e-01  8.89411434e-01 -1.35026275e-05  1.77415790e-07  2.86745600e-08 
 3.46019544e-05  8.89324374e-01  8.89498162e-01  8.89413775e-01 -1.53611377e-05  1.83952616e-07  2.94349985e-08 
 3.46020779e-05  8.89328667e-01  8.89483090e-01  8.89415335e-01 -1.82921791e-05  1.88520766e-07  2.96526872e-08 
 3.46022012e-05  8.89334256e-01  8.89460102e-01  8.89415903e-01 -2.22934623e-05  1.90865383e-07  2.91804405e-08 
 3.46023240e-05  8.89340678e-01  8.89427183e-01  8.89415101e-01 -2.73060989e-05  1.90446445e-07  2.78108490e-08 
 3.46024420e-05  8.89347442e-01  8.89384596e-01  8.89412625e-01 -3.24499207e-05  1.86842807e-07  2.54290879e-08 
 3.46025500e-05  8.89353450e-01  8.89333656e-01  8.89408481e-01 -3.68140251e-05  1.80177246e-07  2.20931540e-08 
 3.46026478e-05  8.89358427e-01  8.89274994e-01  8.89402780e-01 -3.96404662e-05  1.70691338e-07  1.78743944e-08 
 3.46027598e-05  8.89362871e-01  8.89191511e-01  8.89393406e-01 -4.15685056e-05  1.55173457e-07  1.13838101e-08 
 3.46028614e-05  8.89365647e-01  8.89104694e-01  8.89381866e-01 -4.31745298e-05  1.36848684e-07  3.96215757e-09 
 3.46030172e-05  8.89367153e-01  8.88966886e-01  8.89358262e-01 -4.61145674e-05  1.02078816e-07 -9.79165513e-09 
 3.46031389e-05  8.89366027e-01  8.88863400e-01  8.89335089e-01 -4.84731237e-05  6.98296905e-08 -2.21656728e-08 
 3.46032573e-05  8.89362715e-01  8.88771778e-01  8.89309091e-01 -5.06947066e-05  3.33820908e-08 -3.52038228e-08 
 3.46033456e-05  8.89358443e-01  8.88712483e-01  8.89287856e-01 -5.19217957e-05 -2.17286944e-09 -4.53580598e-08 
 3.46034010e-05  8.89354268e-01  8.88682031e-01  8.89273938e-01 -5.22671164e-05 -3.56666037e-08 -5.17841020e-08 
 3.46034435e-05  8.89349973e-01  8.88664552e-01  8.89263073e-01 -5.21072530e-05 -7.36552809e-08 -5.66460655e-08 
 3.46034777e-05  8.89345288e-01  8.88656023e-01  8.89254285e-01 -5.16732405e-05 -1.14552060e-07 -6.04354446e-08 
 3.46035052e-05  8.89340270e-01  8.88654492e-01  8.89247242e-01 -5.10168555e-05 -1.54026592e-07 -6.33195340e-08 
 3.46035296e-05  8.89334249e-01  8.88659063e-01  8.89241067e-01 -5.01132317e-05 -1.92493345e-07 -6.56593200e-08 
 3.46035550e-05  8.89326442e-01  8.88671821e-01  8.89234808e-01 -4.87787059e-05 -2.33799580e-07 -6.77544738e-08 
 3.46035866e-05  8.89315283e-01  8.88700896e-01  8.89227360e-01 -4.66093215e-05 -2.84007698e-07 -6.97537356e-08 
 3.46036181e-05  8.89303761e-01  8.88744019e-01  8.89220485e-01 -4.40114864e-05 -3.30005308e-07 -7.10067928e-08 
 3.46036632e-05  8.89288209e-01  8.88825290e-01  8.89211891e-01 -3.98303609e-05 -3.86051878e-07 -7.15700482e-08 
 3.46036977e-05  8.89277973e-01  8.88897929e-01  8.89206476e-01 -3.65220132e-05 -4.20662257e-07 -7.11437332e-08 
 3.46037291e-05  8.89270160e-01  8.88967309e-01  8.89202502e-01 -3.35620597e-05 -4.46476658e-07 -7.02560333e-08 
 3.46037639e-05  8.89263150e-01  8.89043979e-01  8.89199167e-01 -3.04939454e-05 -4.69893737e-07 -6.88665811e-08 
 3.46038046e-05  8.89256942e-01  8.89129363e-01  8.89196633e-01 -2.72509982e-05 -4.91789725e-07 -6.68824874e-08 
 3.46038434e-05  8.89252673e-01  8.89203747e-01  8.89195486e-01 -2.45783620e-05 -5.08531090e-07 -6.47819128e-08 
 3.46038868e-05  8.89249376e-01  8.89277259e-01  8.89195496e-01 -2.20501840e-05 -5.23949097e-07 -6.23262300e-08 
 3.46039310e-05  8.89247183e-01  8.89340901e-01  8.89196707e-01 -1.99684136e-05 -5.37098214e-07 -5.98184212e-08 
 3.46039829e-05  8.89245669e-01  8.89402075e-01  8.89199382e-01 -1.80575451e-05 -5.50342009e-07 -5.69468921e-08 
 3.46040385e-05  8.89244843e-01  8.89453674e-01  8.89203434e-01 -1.65397396e-05 -5.62775535e-07 -5.39935533e-08 
 3.46041058e-05  8.89244551e-01  8.89500489e-01  8.89209522e-01 -1.52515658e-05 -5.76123891e-07 -5.06209362e-08 
 3.46041820e-05  8.89244714e-01  8.89538217e-01  8.89217487e-01 -1.43128870e-05 -5.89613509e-07 -4.70463576e-08 
 3.46042785e-05  8.89245342e-01  8.89570571e-01  8.89228559e-01 -1.36133400e-05 -6.04884871e-07 -4.28278830e-08 
 3.46043957e-05  8.89246378e-01  8.89596061e-01  8.89242769e-01 -1.31853452e-05 -6.21562790e-07 -3.80649596e-08 
 3.46045554e-05  8.89248064e-01  8.89618708e-01  8.89262585e-01 -1.29374874e-05 -6.43447584e-07 -3.20481288e-08 
 3.46047694e-05  8.89250643e-01  8.89640035e-01  8.89289053e-01 -1.28350243e-05 -6.80694371e-07 -2.46407517e-08 
 3.46050000e-05  8.89253902e-01  8.89658836e-01  8.89316904e-01 -1.28019186e-05 -7.51237931e-07 -1.73617352e-08 
 3.46050056e-05  8.89253048e-01  8.89654898e-01  8.89317565e-01 -1.50835471e-05 -7.54524232e-07 -1.73440165e-08 
 3.46050169e-05  8.89252509e-01  8.89648202e-01  8.89318869e-01 -1.53131350e-05 -7.61370594e-07 -1.72972202e-08 
 3.46050395e-05  8.89252597e-01  8.89638704e-01  8.89321385e-01 -1.52343713e-05 -7.75196836e-07 -1.71768877e-08 
 3.46050846e-05  8.89252241e-01  8.89625022e-01  8.89326143e-01 -1.53426717e-05 -8.01879617e-07 -1.69071292e-08 
 3.46051748e-05  8.89252363e-01  8.89608295e-01  8.89334867e-01 -1.52826004e-05 -8.52969298e-07 -1.63044484e-08 
 3.46052988e-05  8.89252354e-01  8.89599186e-01  8.89345723e-01 -1.53437311e-05 -9.18926946e-07 -1.54512053e-08 
 3.46054684e-05  8.89252756e-01  8.89599200e-01  8.89359436e-01 -1.52720433e-05 -1.00274871e-06 -1.43144412e-08 
 3.46057304e-05  8.89252999e-01  8.89608863e-01  8.89379364e-01 -1.53298193e-05 -1.11893139e-06 -1.26674366e-08 
 3.46062543e-05  8.89253861e-01  8.89633761e-01  8.89416827e-01 -1.52645367e-05 -1.31008131e-06 -9.74410846e-09 
 3.46073023e-05  8.89254979e-01  8.89677867e-01  8.89484236e-01 -1.53173636e-05 -1.56632493e-06 -5.17148201e-09 
 3.46093982e-05  8.89257049e-01  8.89739441e-01  8.89590533e-01 -1.52433290e-05 -1.77635774e-06  3.65449611e-10 
 3.46135900e-05  8.89259376e-01  8.89786631e-01  8.89707297e-01 -1.52796100e-05 -1.72600805e-06  4.11631589e-09 
 3.46191146e-05  8.89261359e-01  8.89756129e-01  8.89727871e-01 -1.51956400e-05 -1.45989760e-06  4.02704668e-09 
 3.46270294e-05  8.89262872e-01  8.89647360e-01  8.89641324e-01 -1.52317647e-05 -1.13969211e-06  3.03250813e-09 
 3.46404837e-05  8.89264785e-01  8.89470283e-01  8.89456173e-01 -1.51496697e-05 -7.48569320e-07  1.96315691e-09 
 3.46530315e-05  8.89265684e-01  8.89375154e-01  8.89344731e-01 -1.51995849e-05 -5.07087953e-07  1.33258156e-09 
 3.46760025e-05  8.89266985e-01  8.89340165e-01  8.89292931e-01 -1.51320223e-05 -2.44168596e-07  6.51084856e-10 
 3.47145399e-05  8.89267735e-01  8.89402583e-01  8.89353081e-01 -1.51887670e-05 -6.38839470e-08  1.76790766e-10 
 3.47622191e-05  8.89268163e-01  8.89423017e-01  8.89380688e-01 -1.51293270e-05 -1.03762923e-08  2.77857687e-11 
 3.48270510e-05  8.89268031e-01  8.89386753e-01  8.89343049e-01 -1.51892105e-05 -5.12170740e-11 -5.55543567e-13 
 3.49217599e-05  8.89268161e-01  8.89392022e-01  8.89346603e-01 -1.51294322e-05 -3.12130922e-11  2.63459290e-12 
 3.50217599e-05  8.89268027e-01  8.89391910e-01  8.89348309e-01 -1.51891293e-05  3.98132202e-11 -2.28821627e-13 
 3.51217599e-05  8.89268145e-01  8.89382810e-01  8.89337993e-01 -1.51294866e-05 -4.37503876e-11  1.63609257e-12 
 3.52217599e-05  8.89268009e-01  8.89388527e-01  8.89344104e-01 -1.51891022e-05  3.86324948e-11  7.14753777e-13 
 3.53217599e-05  8.89268137e-01  8.89384066e-01  8.89339771e-01 -1.51294907e-05 -3.96248204e-11  1.14336231e-12 
 3.54217599e-05  8.89267994e-01  8.89384820e-01  8.89340161e-01 -1.51891075e-05  3.42042779e-11  8.48434550e-13 
 3.55217599e-05  8.89268126e-01  8.89385201e-01  8.89340889e-01 -1.51294840e-05 -3.55130352e-11  1.24392147e-12 
 3.56217599e-05  8.89267982e-01  8.89383958e-01  8.89339410e-01 -1.51891102e-05  3.05723537e-11  6.92983485e-13 
 3.57217599e-05  8.89268114e-01  8.89384805e-01  8.89340371e-01 -1.51294856e-05 -3.23138621e-11  1.36967824e-12 
 3.58217599e-05  8.89267971e-01  8.89384303e-01  8.89339830e-01 -1.51891055e-05  2.77249267e-11  6.35242889e-13 
 3.59217599e-05  8.89268102e-01  8.89384321e-01  8.89339859e-01 -1.51294915e-05 -2.97331086e-11  1.37449015e-12 
 3.60217599e-05  8.89267959e-01  8.89384483e-01  8.89340004e-01 -1.51890996e-05  2.53574815e-11  6.59566369e-13 
 3.61217599e-05  8.89268090e-01  8.89384231e-01  8.89339786e-01 -1.51294967e-05 -2.75493517e-11  1.34571586e-12 
 3.62217599e-05  8.89267947e-01  8.89384415e-01  8.89339918e-01 -1.51890951e-05  2.33451717e-11  6.80643964e-13 
 3.63217599e-05  8.89268078e-01  8.89384286e-01  8.89339852e-01 -1.51295009e-05 -2.57022383e-11  1.33603556e-12 
 3.64217599e-05  8.89267935e-01  8.89384338e-01  8.89339839e-01 -1.51890911e-05  2.16567699e-11  6.81783135e-13 
 3.65108800e-05  8.89268067e-01  8.89384303e-01  8.89339867e-01 -1.51295051e-05 -2.40691122e-11  1.33952951e-12 
 3.66000000e-05  8.89267925e-01  8.89384322e-01  8.89339827e-01 -1.51890865e-05  2.00892118e-11  6.77367776e-13 
 3.66001255e-05  8.89265255e-01  8.89341284e-01  8.89337771e-01 -1.76518164e-05 -2.35226878e-08 -2.85057796e-09 
 3.66003764e-05  8.89262651e-01  8.89294612e-01  8.89331627e-01 -1.77421521e-05 -6.57159415e-08 -8.07718973e-09 
 3.66006667e-05  8.89260302e-01  8.89285164e-01  8.89322165e-01 -1.78129620e-05 -1.05025197e-07 -1.33353877e-08 
 3.66010411e-05  8.89257369e-01  8.89281248e-01  8.89310544e-01 -1.84645768e-05 -1.44644048e-07 -1.92457000e-08 
 3.66012996e-05  8.89256134e-01  8.89282236e-01  8.89303340e-01 -2.00008808e-05 -1.64888952e-07 -2.26926611e-08 
 3.66014887e-05  8.89256064e-01  8.89285055e-01  8.89298663e-01 -2.24874397e-05 -1.75586333e-07 -2.48255942e-08 
 3.66016507e-05  8.89256935e-01  8.89290776e-01  8.89295197e-01 -2.58695533e-05 -1.81121504e-07 -2.63145713e-08 
 3.66018127e-05  8.89258720e-01  8.89299376e-01  8.89292398e-01 -3.06166802e-05 -1.82344539e-07 -2.74214815e-08 
 3.66019620e-05  8.89261202e-01  8.89311421e-01  8.89290574e-01 -3.61511255e-05 -1.78535590e-07 -2.80174989e-08 
 3.66020891e-05  8.89263773e-01  8.89325470e-01  8.89289752e-01 -4.17024254e-05 -1.70321189e-07 -2.81112894e-08 
 3.66021957e-05  8.89266137e-01  8.89341486e-01  8.89289721e-01 -4.68169530e-05 -1.58680286e-07 -2.77973774e-08 
 3.66022869e-05  8.89268099e-01  8.89359360e-01  8.89290303e-01 -5.14526982e-05 -1.44085298e-07 -2.71477807e-08 
 3.66023671e-05  8.89269636e-01  8.89379734e-01  8.89291401e-01 -5.55912441e-05 -1.26581896e-07 -2.61876886e-08 
 3.66024394e-05  8.89270653e-01  8.89403145e-01  8.89292984e-01 -5.92878840e-05 -1.05934759e-07 -2.49108205e-08 
 3.66025070e-05  8.89271170e-01  8.89430912e-01  8.89295108e-01 -6.25889931e-05 -8.13122299e-08 -2.32556507e-08 
 3.66025761e-05  8.89271256e-01  8.89466314e-01  8.89298081e-01 -6.57383579e-05 -4.98658081e-08 -2.09966919e-08 
 3.66026515e-05  8.89271353e-01  8.89512817e-01  8.89302450e-01 -6.88961730e-05 -8.20297950e-09 -1.78111087e-08 
 3.66027366e-05  8.89272027e-01  8.89572116e-01  8.89308995e-01 -7.22136449e-05  4.56743689e-08 -1.33595517e-08 
 3.66028274e-05  8.89273592e-01  8.89639168e-01  8.89317991e-01 -7.55011810e-05  1.05175196e-07 -7.74825942e-09 
 3.66029170e-05  8.89275899e-01  8.89706038e-01  8.89328910e-01 -7.84862281e-05  1.57160521e-07 -1.49732274e-09 
 3.66030217e-05  8.89279684e-01  8.89781862e-01  8.89344105e-01 -8.16892663e-05  1.99955926e-07  6.50033527e-09 
 3.66031315e-05  8.89285133e-01  8.89854796e-01  8.89362581e-01 -8.48939346e-05  2.25450454e-07  1.54724702e-08 
 3.66032385e-05  8.89291715e-01  8.89916024e-01  8.89382631e-01 -8.78169670e-05  2.40909597e-07  2.45710156e-08 
 3.66033588e-05  8.89299980e-01  8.89971333e-01  8.89406895e-01 -9.03618298e-05  2.55367603e-07  3.49650653e-08 
 3.66034564e-05  8.89307128e-01  8.90003362e-01  8.89427421e-01 -9.10361076e-05  2.66564358e-07  4.32919847e-08 
 3.66035200e-05  8.89311714e-01  8.90014519e-01  8.89440903e-01 -8.94720119e-05  2.73342991e-07  4.84399351e-08 
 3.66035699e-05  8.89315162e-01  8.90013579e-01  8.89451365e-01 -8.60569664e-05  2.77751699e-07  5.21108217e-08 
 3.66036211e-05  8.89318303e-01  8.89999464e-01  8.89461719e-01 -8.04739788e-05  2.80843858e-07  5.52914586e-08 
 3.66036877e-05  8.89321753e-01  8.89958643e-01  8.89474150e-01 -7.11828795e-05  2.82039903e-07  5.82938504e-08 
 3.66037504e-05  8.89324227e-01  8.89899395e-01  8.89484306e-01 -6.16223220e-05  2.80203526e-07  5.98708455e-08 
 3.66038377e-05  8.89326570e-01  8.89794536e-01  8.89495227e-01 -4.89767662e-05  2.73346337e-07  6.02111983e-08 
 3.66039402e-05  8.89327902e-01  8.89659469e-01  8.89502752e-01 -3.71596497e-05  2.60469144e-07  5.84445160e-08 
 3.66040165e-05  8.89328194e-01  8.89563462e-01  8.89504683e-01 -3.09693889e-05  2.48596071e-07  5.60916840e-08 
 3.66040904e-05  8.89328068e-01  8.89481446e-01  8.89503904e-01 -2.67591419e-05  2.36043250e-07  5.33465054e-08 
 3.66041771e-05  8.89327631e-01  8.89401805e-01  8.89500264e-01 -2.34992708e-05  2.20553201e-07  4.98465606e-08 
 3.66042622e-05  8.89326978e-01  8.89340632e-01  8.89494459e-01 -2.15569669e-05  2.04941743e-07  4.63190909e-08 
 3.66043608e-05  8.89326098e-01  8.89287636e-01  8.89485765e-01 -2.02567840e-05  1.86628171e-07  4.22765597e-08 
 3.66044641e-05  8.89325073e-01  8.89248107e-01  8.89475145e-01 -1.95459394e-05  1.67447108e-07  3.81833660e-08 
 3.66045896e-05  8.89323792e-01  8.89215161e-01  8.89461038e-01 -1.91323161e-05  1.44379278e-07  3.34509719e-08 
 3.66047305e-05  8.89322313e-01  8.89190498e-01  8.89444452e-01 -1.89471129e-05  1.19101792e-07  2.84576832e-08 
 3.66048652e-05  8.89320910e-01  8.89173845e-01  8.89428350e-01 -1.88805188e-05  9.57080799e-08  2.39706569e-08 
 3.66050000e-05  8.89319498e-01  8.89160773e-01  8.89412313e-01 -1.88552393e-05  7.32357934e-08  1.97395259e-08 
 3.66050024e-05  8.89320023e-01  8.89162647e-01  8.89412027e-01 -1.66496346e-05  7.31641807e-08  1.97328798e-08 
 3.66050073e-05  8.89320502e-01  8.89166109e-01  8.89411458e-01 -1.62866816e-05  7.30695220e-08  1.97165160e-08 
 3.66050171e-05  8.89320421e-01  8.89171684e-01  8.89410341e-01 -1.61646742e-05  7.29611300e-08  1.96711879e-08 
 3.66050365e-05  8.89320478e-01  8.89180121e-01  8.89408176e-01 -1.59681545e-05  7.26858726e-08  1.95676903e-08 
 3.66050681e-05  8.89320433e-01  8.89190620e-01  8.89404822e-01 -1.57218160e-05  7.21520416e-08  1.93830602e-08 
 3.66051312e-05  8.89320422e-01  8.89205243e-01  8.89398554e-01 -1.54004726e-05  7.08509197e-08  1.89706662e-08 
 3.66052575e-05  8.89320252e-01  8.89218987e-01  8.89387178e-01 -1.51126687e-05  6.78429033e-08  1.80791547e-08 
 3.66055100e-05  8.89319953e-01  8.89219115e-01  8.89366735e-01 -1.50105788e-05  6.16273942e-08  1.63103193e-08 
 3.66058123e-05  8.89319544e-01  8.89205601e-01  8.89344069e-01 -1.50186385e-05  5.47346525e-08  1.43927185e-08 
 3.66062793e-05  8.89319036e-01  8.89183831e-01  8.89310950e-01 -1.50221772e-05  4.54908303e-08  1.18566146e-08 
 3.66070104e-05  8.89318290e-01  8.89153483e-01  8.89263305e-01 -1.50236566e-05  3.39683713e-08  8.72145520e-09 
 3.66084725e-05  8.89317208e-01  8.89106115e-01  8.89182773e-01 -1.50351297e-05  1.86660745e-08  4.59590279e-09 
 3.66113966e-05  8.89315831e-01  8.89052979e-01  8.89073778e-01 -1.50480147e-05  4.87195509e-09  9.75942266e-10 
 3.66172450e-05  8.89314759e-01  8.89049151e-01  8.89001361e-01 -1.50785051e-05 -4.65270855e-10 -2.54271661e-10 
 3.66236691e-05  8.89314435e-01  8.89120730e-01  8.89045367e-01 -1.50969300e-05  2.20716488e-11 -1.15120158e-11 
 3.66356926e-05  8.89314331e-01  8.89275433e-01  8.89198290e-01 -1.51251710e-05  3.47828840e-12  2.92206425e-11 
 3.66471339e-05  8.89314314e-01  8.89379084e-01  8.89315903e-01 -1.51340381e-05  1.97588805e-11  2.59437335e-11 
 3.66669977e-05  8.89314346e-01  8.89442918e-01  8.89396801e-01 -1.51477273e-05 -1.25634182e-12  5.08759159e-12 
 3.66962371e-05  8.89314268e-01  8.89415375e-01  8.89376095e-01 -1.51492409e-05 -9.00461780e-13 -3.00938679e-12 
 3.67481185e-05  8.89314211e-01  8.89375139e-01  8.89329933e-01 -1.51537743e-05 -2.87405408e-12 -4.79612172e-13 
 3.68000000e-05  8.89314202e-01  8.89405655e-01  8.89359114e-01 -1.51500767e-05  2.75679783e-12  3.99833600e-12 
 3.68000354e-05  8.89318021e-01  8.89445311e-01  8.89359697e-01 -1.32552165e-05  4.18637208e-09  1.78695442e-09 
 3.68001063e-05  8.89322615e-01  8.89502326e-01  8.89361644e-01 -1.22725470e-05  1.14556829e-08  5.17929832e-09 
 3.68002480e-05  8.89331143e-01  8.89559920e-01  8.89368535e-01 -1.15968442e-05  2.12308616e-08  1.13671318e-08 
 3.68004297e-05  8.89342250e-01  8.89592915e-01  8.89379996e-01 -1.13295050e-05  2.95169214e-08  1.86126525e-08 
 3.68007788e-05  8.89363127e-01  8.89614933e-01  8.89403422e-01 -1.13608682e-05  4.17088305e-08  3.10900456e-08 
 3.68011652e-05  8.89386496e-01  8.89629339e-01  8.89428421e-01 -1.13349507e-05  5.28725212e-08  4.30472175e-08 
 3.68014541e-05  8.89403920e-01  8.89637144e-01  8.89445935e-01 -1.15731222e-05  5.86649535e-08  5.08245691e-08 
 3.68016431e-05  8.89415931e-01  8.89641819e-01  8.89456795e-01 -1.19591676e-05  5.74460585e-08  5.53564351e-08 
 3.68018073e-05  8.89426886e-01  8.89641642e-01  8.89465728e-01 -1.30216377e-05  4.57514128e-08  5.87996998e-08 
 3.68019360e-05  8.89436503e-01  8.89638525e-01  8.89472247e-01 -1.45086975e-05  2.18913850e-08  6.10351678e-08 
 3.68020585e-05  8.89446329e-01  8.89629911e-01  8.89477866e-01 -1.68858566e-05 -2.21432891e-08  6.25987483e-08 
 3.68021850e-05  8.89457545e-01  8.89614703e-01  8.89482801e-01 -2.03040567e-05 -1.00506781e-07  6.34367792e-08 
 3.68023142e-05  8.89469400e-01  8.89590191e-01  8.89486589e-01 -2.48063947e-05 -2.28029448e-07  6.32355419e-08 
 3.68024413e-05  8.89481172e-01  8.89556346e-01  8.89488680e-01 -2.95985360e-05 -4.14548689e-07  6.17460162e-08 
 3.68025605e-05  8.89491242e-01  8.89513474e-01  8.89488762e-01 -3.37217721e-05 -6.59937205e-07  5.89066806e-08 
 3.68026692e-05  8.89499107e-01  8.89462822e-01  8.89486843e-01 -3.61926777e-05 -9.58513724e-07  5.48192265e-08 
 3.68027791e-05  8.89504801e-01  8.89398715e-01  8.89482517e-01 -3.72871757e-05 -1.34759017e-06  4.89735493e-08 
 3.68028948e-05  8.89508217e-01  8.89320946e-01  8.89474959e-01 -3.81781170e-05 -1.85666103e-06  4.09415392e-08 
 3.68030501e-05  8.89508103e-01  8.89211784e-01  8.89459711e-01 -3.99120071e-05 -2.68751687e-06  2.75407011e-08 
 3.68031692e-05  8.89504517e-01  8.89130700e-01  8.89444222e-01 -4.14387664e-05 -3.42460130e-06  1.55841839e-08 
 3.68032872e-05  8.89497527e-01  8.89056157e-01  8.89425993e-01 -4.30450532e-05 -4.22487922e-06  2.62749965e-09 
 3.68033990e-05  8.89486482e-01  8.88993428e-01  8.89406492e-01 -4.43774636e-05 -5.03234869e-06 -1.03751987e-08 
 3.68034805e-05  8.89471496e-01  8.88955406e-01  8.89391207e-01 -4.49910535e-05 -5.63832280e-06 -2.00651464e-08 
 3.68035311e-05  8.89455484e-01  8.88937592e-01  8.89381407e-01 -4.49486055e-05 -6.01381458e-06 -2.60215126e-08 
 3.68035706e-05  8.89437688e-01  8.88928730e-01  8.89373683e-01 -4.46772015e-05 -6.30043978e-06 -3.05190989e-08 
 3.68036012e-05  8.89420188e-01  8.88926529e-01  8.89367711e-01 -4.42018859e-05 -6.51402154e-06 -3.38142430e-08 
 3.68036292e-05  8.89401403e-01  8.88930002e-01  8.89362323e-01 -4.35336645e-05 -6.69748422e-06 -3.65637053e-08 
 3.68036595e-05  8.89378935e-01  8.88942113e-01  8.89356651e-01 -4.24355991e-05 -6.87693565e-06 -3.91053598e-08 
 3.68036969e-05  8.89350735e-01  8.88971340e-01  8.89350055e-01 -4.05950871e-05 -7.06265856e-06 -4.14268499e-08 
 3.68037339e-05  8.89325107e-01  8.89015400e-01  8.89344160e-01 -3.83296928e-05 -7.20336593e-06 -4.27516018e-08 
 3.68037872e-05  8.89295248e-01  8.89098786e-01  8.89337167e-01 -3.45963327e-05 -7.33104141e-06 -4.30415121e-08 
 3.68038313e-05  8.89278197e-01  8.89178585e-01  8.89332916e-01 -3.13777159e-05 -7.37616831e-06 -4.20437294e-08 
 3.68038706e-05  8.89268532e-01  8.89251684e-01  8.89330390e-01 -2.85967666e-05 -7.37820384e-06 -4.04476070e-08 
 3.68039130e-05  8.89263282e-01  8.89328281e-01  8.89328962e-01 -2.58357130e-05 -7.34868239e-06 -3.81974010e-08 
 3.68039612e-05  8.89262506e-01  8.89408368e-01  8.89328864e-01 -2.30749018e-05 -7.28512850e-06 -3.52221911e-08 
 3.68040088e-05  8.89266010e-01  8.89477996e-01  8.89330183e-01 -2.07945022e-05 -7.19991188e-06 -3.20427091e-08 
 3.68040619e-05  8.89273404e-01  8.89543540e-01  8.89333042e-01 -1.87392881e-05 -7.08780172e-06 -2.84008036e-08 
 3.68041178e-05  8.89283999e-01  8.89599525e-01  8.89337332e-01 -1.70817879e-05 -6.95770202e-06 -2.45791082e-08 
 3.68041832e-05  8.89298688e-01  8.89650378e-01  8.89343608e-01 -1.56607762e-05 -6.79734356e-06 -2.02264299e-08 
 3.68042559e-05  8.89316887e-01  8.89692255e-01  8.89351732e-01 -1.45905050e-05 -6.61476648e-06 -1.55831982e-08 
 3.68043445e-05  8.89340557e-01  8.89728237e-01  8.89362667e-01 -1.37669315e-05 -6.39261292e-06 -1.02278225e-08 
 3.68044494e-05  8.89369972e-01  8.89756981e-01  8.89376451e-01 -1.32274709e-05 -6.13474973e-06 -4.27740831e-09 
 3.68045857e-05  8.89410153e-01  8.89781817e-01  8.89394948e-01 -1.28831624e-05 -5.81186544e-06  2.91974715e-09 
 3.68047630e-05  8.89467390e-01  8.89804095e-01  8.89419161e-01 -1.27143625e-05 -5.41499768e-06  1.15162142e-08 
 3.68050000e-05  8.89560251e-01  8.89827177e-01  8.89451024e-01 -1.26399490e-05 -4.92463200e-06  2.18411772e-08 
 3.68050071e-05  8.89561154e-01  8.89816656e-01  8.89451935e-01 -1.38836268e-05 -4.91144689e-06  2.17508239e-08 
 3.68050213e-05  8.89565372e-01  8.89799125e-01  8.89453703e-01 -1.42555053e-05 -4.88507037e-06  2.15982040e-08 
 3.68050498e-05  8.89575687e-01  8.89774793e-01  8.89456971e-01 -1.44071416e-05 -4.83229803e-06  2.13503778e-08 
 3.68051067e-05  8.89595317e-01  8.89740451e-01  8.89462737e-01 -1.48512903e-05 -4.72734239e-06  2.09347138e-08 
 3.68052205e-05  8.89635881e-01  8.89700653e-01  8.89472233e-01 -1.50836855e-05 -4.52214088e-06  2.02905974e-08 
 3.68053821e-05  8.89692521e-01  8.89679570e-01  8.89483092e-01 -1.52635505e-05 -4.24449164e-06  1.95129903e-08 
 3.68056084e-05  8.89771516e-01  8.89676371e-01  8.89496113e-01 -1.51934899e-05 -3.88378729e-06  1.84764981e-08 
 3.68059852e-05  8.89899552e-01  8.89686315e-01  8.89515841e-01 -1.52589356e-05 -3.34912450e-06  1.67666538e-08 
 3.68065417e-05  8.90083205e-01  8.89704305e-01  8.89542883e-01 -1.51841007e-05 -2.68975271e-06  1.43411612e-08 
 3.68076333e-05  8.90422336e-01  8.89734122e-01  8.89590139e-01 -1.52511494e-05 -1.74085450e-06  1.00924972e-08 
 3.68098166e-05  8.91028341e-01  8.89778591e-01  8.89664139e-01 -1.51707139e-05 -6.96723386e-07  3.91531930e-09 
 3.68141831e-05  8.91996786e-01  8.89834822e-01  8.89755587e-01 -1.52268117e-05 -5.37532705e-08 -1.52937504e-09 
 3.68196466e-05  8.92857475e-01  8.89900408e-01  8.89826117e-01 -1.51422853e-05  1.87740033e-09 -2.18603216e-09 
 3.68280385e-05  8.93682512e-01  8.90094266e-01  8.89984938e-01 -1.52013300e-05 -4.56163718e-10 -1.22795988e-09 
 3.68400348e-05  8.94269726e-01  8.90609038e-01  8.90439771e-01 -1.51224696e-05  2.19157047e-10 -4.37510636e-10 
 3.68525837e-05  8.94517519e-01  8.91330922e-01  8.91134358e-01 -1.51901184e-05 -8.79484137e-12 -8.60964520e-11 
 3.68725947e-05  8.94649132e-01  8.92405831e-01  8.92237575e-01 -1.51176148e-05  1.18354569e-10  8.85210483e-11 
 3.68943942e-05  8.94673772e-01  8.93123110e-01  8.93022151e-01 -1.51894964e-05  9.55241875e-12  6.11985078e-11 
 3.69213210e-05  8.94677944e-01  8.93401372e-01  8.93351800e-01 -1.51209387e-05  2.17292532e-11  1.01399431e-11 
 3.69502633e-05  8.94677687e-01  8.93433332e-01  8.93387415e-01 -1.51933375e-05 -1.90914359e-11 -6.89086998e-12 
 3.69928396e-05  8.94677916e-01  8.93613487e-01  8.93550863e-01 -1.51225761e-05  1.58664186e-11  1.22660917e-11 
 3.70379383e-05  8.94677777e-01  8.93919323e-01  8.93858472e-01 -1.51929788e-05 -1.31712306e-12  1.32126825e-11 
 3.71041071e-05  8.94678158e-01  8.94194301e-01  8.94144163e-01 -1.51223747e-05  8.39698038e-12  5.55181346e-12 
 3.72041071e-05  8.94677921e-01  8.94417382e-01  8.94366955e-01 -1.51933491e-05 -5.06332541e-12  3.23978122e-12 
 3.73041071e-05  8.94678255e-01  8.94590930e-01  8.94543105e-01 -1.51224567e-05  7.03767058e-12  4.97604161e-12 
 3.74041071e-05  8.94677991e-01  8.94668347e-01  8.94622733e-01 -1.51933818e-05 -5.79325064e-12 -1.09114595e-13 
 3.75041071e-05  8.94678268e-01  8.94719824e-01  8.94673438e-01 -1.51225521e-05  5.24309567e-12  3.58616273e-12 
 3.76041071e-05  8.94677998e-01  8.94754391e-01  8.94709505e-01 -1.51933586e-05 -4.78395817e-12 -1.23369468e-13 
 3.77041071e-05  8.94678260e-01  8.94766925e-01  8.94721729e-01 -1.51225921e-05  3.68825651e-12  2.43140653e-12 
 3.78041071e-05  8.94677980e-01  8.94780454e-01  8.94735490e-01 -1.51933575e-05 -3.83043141e-12  8.53541955e-14 
 3.79041071e-05  8.94678243e-01  8.94785241e-01  8.94740482e-01 -1.51225963e-05  2.77669944e-12  2.11592316e-12 
 3.80041071e-05  8.94677958e-01  8.94788507e-01  8.94743634e-01 -1.51933628e-05 -3.23268409e-12 -2.39892741e-14 
 3.81041071e-05  8.94678221e-01  8.94791381e-01  8.94746630e-01 -1.51225972e-05  2.21833467e-12  2.16304448e-12 
 3.82041071e-05  8.94677934e-01  8.94791757e-01  8.94747014e-01 -1.51933612e-05 -2.77112729e-12 -1.42088869e-13 
 3.83041071e-05  8.94678197e-01  8.94792963e-01  8.94748173e-01 -1.51226028e-05  1.75844734e-12  2.19152279e-12 
 3.84041071e-05  8.94677911e-01  8.94793160e-01  8.94748461e-01 -1.51933553e-05 -2.34663461e-12 -1.55630608e-13 
 3.85041071e-05  8.94678173e-01  8.94793389e-01  8.94748606e-01 -1.51226095e-05  1.35162975e-12  2.16388360e-12 
 3.86041071e-05  8.94677887e-01  8.94793589e-01  8.94748883e-01 -1.51933493e-05 -1.97765328e-12 -1.29875169e-13 
 3.87041071e-05  8.94678149e-01  8.94793602e-01  8.94748835e-01 -1.51226152e-05  1.01608912e-12  2.13668151e-12 
 3.88000000e-05  8.94677863e-01  8.94793644e-01  8.94748930e-01 -1.51933439e-05 -1.67382406e-12 -1.13707980e-13 
 3.88001350e-05  8.94664252e-01  8.94702504e-01  8.94744261e-01 -1.72153597e-05 -9.29827235e-09 -6.17899703e-09 
 3.88004049e-05  8.94642545e-01  8.94606907e-01  8.94730506e-01 -1.79152891e-05 -2.24672802e-08 -1.74936221e-08 
 3.88007883e-05  8.94615141e-01  8.94584570e-01  8.94704932e-01 -1.79954124e-05 -3.38596676e-08 -3.12185513e-08 
 3.88012261e-05  8.94587589e-01  8.94570618e-01  8.94677228e-01 -1.95368423e-05 -3.96251761e-08 -4.44905394e-08 
 3.88014460e-05  8.94576370e-01  8.94568466e-01  8.94664383e-01 -2.19318969e-05 -3.20138916e-08 -5.01037764e-08 
 3.88016175e-05  8.94569771e-01  8.94568593e-01  8.94655060e-01 -2.52728202e-05 -1.44764082e-08 -5.39127642e-08 
 3.88017904e-05  8.94565780e-01  8.94573564e-01  8.94646454e-01 -3.01298731e-05  1.91022348e-08 -5.71642754e-08 
 3.88019561e-05  8.94564959e-01  8.94581716e-01  8.94639174e-01 -3.62888085e-05  7.24136461e-08 -5.96261466e-08 
 3.88020995e-05  8.94567169e-01  8.94594082e-01  8.94633819e-01 -4.26846182e-05  1.42180334e-07 -6.11181702e-08 
 3.88022193e-05  8.94571460e-01  8.94608651e-01  8.94630207e-01 -4.87079169e-05  2.24179245e-07 -6.17783113e-08 
 3.88023209e-05  8.94577259e-01  8.94626122e-01  8.94627915e-01 -5.41446393e-05  3.17510748e-07 -6.17843313e-08 
 3.88024100e-05  8.94584263e-01  8.94646400e-01  8.94626641e-01 -5.90779949e-05  4.24156613e-07 -6.12361661e-08 
 3.88024912e-05  8.94592567e-01  8.94670763e-01  8.94626232e-01 -6.35516871e-05  5.48557776e-07 -6.01426324e-08 
 3.88025704e-05  8.94602797e-01  8.94701278e-01  8.94626702e-01 -6.78079017e-05  7.02559582e-07 -5.83790398e-08 
 3.88026624e-05  8.94618130e-01  8.94745671e-01  8.94628582e-01 -7.25080170e-05  9.29752581e-07 -5.53239321e-08 
 3.88027529e-05  8.94636953e-01  8.94796254e-01  8.94632055e-01 -7.69481819e-05  1.20616502e-06 -5.12668950e-08 
 3.88028636e-05  8.94662776e-01  8.94861927e-01  8.94638653e-01 -8.21818751e-05  1.61083911e-06 -4.50749021e-08 
 3.88029633e-05  8.94684565e-01  8.94921371e-01  8.94646793e-01 -8.66744259e-05  2.03222659e-06 -3.85214390e-08 
 3.88030786e-05  8.94704211e-01  8.94987667e-01  8.94658652e-01 -9.16181197e-05  2.57836947e-06 -3.00076700e-08 
 3.88031948e-05  8.94718432e-01  8.95049004e-01  8.94672959e-01 -9.63598358e-05  3.18029845e-06 -2.06650148e-08 
 3.88033091e-05  8.94730453e-01  8.95101684e-01  8.94688937e-01 -1.00709110e-04  3.80860390e-06 -1.09853709e-08 
 3.88034429e-05  8.94744271e-01  8.95152126e-01  8.94709440e-01 -1.04809039e-04  4.57182011e-06  6.48359511e-10 
 3.88035567e-05  8.94756552e-01  8.95182698e-01  8.94727825e-01 -1.06342702e-04  5.22489461e-06  1.04422930e-08 
 3.88036298e-05  8.94764227e-01  8.95192263e-01  8.94739783e-01 -1.04527919e-04  5.63135699e-06  1.63775659e-08 
 3.88036849e-05  8.94769748e-01  8.95189735e-01  8.94748648e-01 -1.00475506e-04  5.91746216e-06  2.03799958e-08 
 3.88037415e-05  8.94774634e-01  8.95174485e-01  8.94757352e-01 -9.39450381e-05  6.17991927e-06  2.37891681e-08 
 3.88038120e-05  8.94779621e-01  8.95136052e-01  8.94767178e-01 -8.36286903e-05  6.44865559e-06  2.67893408e-08 
 3.88038833e-05  8.94783027e-01  8.95078014e-01  8.94775476e-01 -7.21452546e-05  6.64695774e-06  2.83227590e-08 
 3.88039786e-05  8.94785289e-01  8.94981050e-01  8.94783301e-01 -5.74120763e-05  6.79702574e-06  2.81774591e-08 
 3.88040809e-05  8.94784959e-01  8.94867962e-01  8.94787172e-01 -4.43206513e-05  6.82927213e-06  2.57439247e-08 
 3.88041669e-05  8.94783056e-01  8.94777417e-01  8.94786860e-01 -3.61459748e-05  6.77444841e-06  2.24073932e-08 
 3.88042511e-05  8.94780039e-01  8.94699290e-01  8.94783771e-01 -3.03756557e-05  6.66909053e-06  1.84464468e-08 
 3.88043471e-05  8.94775768e-01  8.94625609e-01  8.94777517e-01 -2.59269846e-05  6.50743106e-06  1.34907605e-08 
 3.88044404e-05  8.94770940e-01  8.94569311e-01  8.94769282e-01 -2.31822746e-05  6.32381904e-06  8.49233188e-09 
 3.88045475e-05  8.94765002e-01  8.94520541e-01  8.94757995e-01 -2.12866283e-05  6.09655568e-06  2.76540930e-09 
 3.88046598e-05  8.94758417e-01  8.94483495e-01  8.94744788e-01 -2.01795275e-05  5.85116176e-06 -3.08260976e-09 
 3.88047951e-05  8.94750318e-01  8.94451988e-01  8.94727831e-01 -1.95097179e-05  5.55666896e-06 -9.81779586e-09 
 3.88048975e-05  8.94744064e-01  8.94434588e-01  8.94714606e-01 -1.92614612e-05  5.33864436e-06 -1.46674623e-08 
 3.88050000e-05  8.94737821e-01  8.94420625e-01  8.94701282e-01 -1.91314616e-05  5.12696104e-06 -1.92986877e-08 
 3.88050021e-05  8.94738700e-01  8.94424093e-01  8.94701019e-01 -1.80862963e-05  5.12304672e-06 -1.92745846e-08 
 3.88050062e-05  8.94739520e-01  8.94430493e-01  8.94700497e-01 -1.76803107e-05  5.11525543e-06 -1.92326151e-08 
 3.88050144e-05  8.94739450e-01  8.94440981e-01  8.94699483e-01 -1.74609519e-05  5.09974325e-06 -1.91682514e-08 
 3.88050308e-05  8.94739565e-01  8.94457156e-01  8.94697553e-01 -1.71543240e-05  5.06870526e-06 -1.90582138e-08 
 3.88050578e-05  8.94739566e-01  8.94477698e-01  8.94694596e-01 -1.67204021e-05  5.01759630e-06 -1.89042172e-08 
 3.88051119e-05  8.94739659e-01  8.94508023e-01  8.94689322e-01 -1.61232827e-05  4.91586285e-06 -1.86694556e-08 
 3.88052200e-05  8.94739608e-01  8.94543609e-01  8.94680504e-01 -1.54788254e-05  4.71586437e-06 -1.83557240e-08 
 3.88054363e-05  8.94739461e-01  8.94566115e-01  8.94666374e-01 -1.51308282e-05  4.33510725e-06 -1.79247185e-08 
 3.88057305e-05  8.94739103e-01  8.94562504e-01  8.94650059e-01 -1.50925591e-05  3.86273918e-06 -1.73442224e-08 
 3.88061351e-05  8.94738723e-01  8.94549855e-01  8.94629306e-01 -1.51000095e-05  3.29471151e-06 -1.64075500e-08 
 3.88067003e-05  8.94738179e-01  8.94533352e-01  8.94602406e-01 -1.50886108e-05  2.63694422e-06 -1.49537659e-08 
 3.88077558e-05  8.94737449e-01  8.94508545e-01  8.94558416e-01 -1.50998709e-05  1.73215440e-06 -1.21518799e-08 
 3.88098668e-05  8.94736396e-01  8.94478002e-01  8.94493183e-01 -1.50920529e-05  7.17513638e-07 -7.31225610e-09 
 3.88140889e-05  8.94735478e-01  8.94471393e-01  8.94435306e-01 -1.51126359e-05  6.72956294e-08 -1.88945931e-09 
 3.88196201e-05  8.94735099e-01  8.94525724e-01  8.94454771e-01 -1.51133316e-05 -2.79117924e-09 -8.43156765e-11 
 3.88278608e-05  8.94735074e-01  8.94646908e-01  8.94562840e-01 -1.51359423e-05  6.59941475e-10  3.36218218e-11 
 3.88415936e-05  8.94735148e-01  8.94818334e-01  8.94746183e-01 -1.51350767e-05 -2.77182102e-10  2.92264094e-11 
 3.88562382e-05  8.94735286e-01  8.94906393e-01  8.94852697e-01 -1.51509888e-05  1.51992923e-10  1.93121338e-11 
 3.88813334e-05  8.94735278e-01  8.94903250e-01  8.94865007e-01 -1.51437440e-05 -9.80680140e-11 -4.58738814e-12 
 3.89231970e-05  8.94735208e-01  8.94818195e-01  8.94777418e-01 -1.51562604e-05  7.06500351e-11 -3.12343288e-12 
 3.89868120e-05  8.94735136e-01  8.94821110e-01  8.94772775e-01 -1.51450125e-05 -6.16920725e-11  2.94322254e-12 
 3.90000000e-05  8.94735187e-01  8.94836189e-01  8.94788924e-01 -1.51559597e-05  2.92550558e-11  4.43745680e-12 
 3.90000104e-05  8.94736080e-01  8.94843709e-01  8.94788965e-01 -1.26669811e-05  1.53545451e-09  2.80107070e-10 
 3.90000313e-05  8.94736546e-01  8.94856173e-01  8.94789100e-01 -1.22581634e-05  4.62264100e-09  8.09639954e-10 
 3.90000730e-05  8.94736789e-01  8.94873610e-01  8.94789614e-01 -1.20611080e-05  1.06288531e-08  1.80950221e-09 
 3.90001365e-05  8.94737552e-01  8.94892970e-01  8.94790842e-01 -1.16632228e-05  1.92916492e-08  3.25070251e-09 
 3.90002636e-05  8.94738571e-01  8.94915786e-01  8.94794252e-01 -1.14958096e-05  3.56010807e-08  5.92532759e-09 
 3.90005177e-05  8.94740964e-01  8.94933124e-01  8.94802519e-01 -1.13232971e-05  6.53887625e-08  1.07803625e-08 
 3.90008528e-05  8.94743779e-01  8.94938829e-01  8.94813662e-01 -1.14181631e-05  1.00297435e-07  1.64454524e-08 
 3.90013481e-05  8.94748352e-01  8.94942676e-01  8.94828507e-01 -1.14628163e-05  1.44141075e-07  2.35517969e-08 
 3.90014728e-05  8.94749483e-01  8.94942944e-01  8.94831894e-01 -1.16621388e-05  1.53823266e-07  2.51050237e-08 
 3.90017224e-05  8.94752863e-01  8.94940160e-01  8.94838066e-01 -1.25542898e-05  1.71202129e-07  2.77981128e-08 
 3.90018707e-05  8.94755778e-01  8.94934050e-01  8.94841194e-01 -1.40750590e-05  1.79911755e-07  2.89952909e-08 
 3.90019882e-05  8.94759265e-01  8.94924284e-01  8.94843179e-01 -1.60280974e-05  1.85429099e-07  2.95608544e-08 
 3.90021061e-05  8.94763610e-01  8.94908215e-01  8.94844484e-01 -1.91226426e-05  1.89317457e-07  2.96220155e-08 
 3.90022286e-05  8.94769447e-01  8.94883210e-01  8.94844795e-01 -2.33232906e-05  1.91070229e-07  2.89689272e-08 
 3.90023511e-05  8.94775976e-01  8.94848032e-01  8.94843651e-01 -2.84923443e-05  1.89962482e-07  2.73733098e-08 
 3.90024673e-05  8.94782703e-01  8.94803363e-01  8.94840802e-01 -3.35226816e-05  1.85635933e-07  2.47643346e-08 
 3.90025726e-05  8.94788436e-01  8.94750873e-01  8.94836329e-01 -3.75945691e-05  1.78344273e-07  2.12359305e-08 
 3.90026694e-05  8.94793213e-01  8.94689781e-01  8.94830224e-01 -4.00794991e-05  1.68134971e-07  1.67715714e-08 
 3.90027792e-05  8.94797284e-01  8.94605126e-01  8.94820445e-01 -4.18682257e-05  1.52013395e-07  1.00791013e-08 
 3.90028855e-05  8.94799911e-01  8.94512954e-01  8.94807700e-01 -4.35913203e-05  1.32003747e-07  2.01065139e-09 
 3.90030623e-05  8.94800770e-01  8.94357638e-01  8.94779217e-01 -4.70060070e-05  9.07312601e-08 -1.42059893e-08 
 3.90032112e-05  8.94798130e-01  8.94235935e-01  8.94748718e-01 -4.98314430e-05  4.84626801e-08 -2.99975306e-08 
 3.90033195e-05  8.94793697e-01  8.94158668e-01  8.94723433e-01 -5.16388882e-05  9.70827627e-09 -4.23021226e-08 
 3.90033858e-05  8.94789319e-01  8.94119491e-01  8.94706974e-01 -5.21554409e-05 -2.52574161e-08 -4.99903272e-08 
 3.90034295e-05  8.94785168e-01  8.94099451e-01  8.94695855e-01 -5.21729059e-05 -5.96467746e-08 -5.50248517e-08 
 3.90034663e-05  8.94780636e-01  8.94088011e-01  8.94686395e-01 -5.17980415e-05 -9.90912974e-08 -5.91679979e-08 
 3.90034957e-05  8.94775729e-01  8.94084144e-01  8.94678855e-01 -5.12624873e-05 -1.37694506e-07 -6.23255564e-08 
 3.90035208e-05  8.94770153e-01  8.94086359e-01  8.94672489e-01 -5.04548591e-05 -1.74423199e-07 -6.48211856e-08 
 3.90035451e-05  8.94763131e-01  8.94095399e-01  8.94666432e-01 -4.93445824e-05 -2.11566983e-07 -6.69645523e-08 
 3.90035737e-05  8.94753374e-01  8.94116761e-01  8.94659546e-01 -4.75530948e-05 -2.54608888e-07 -6.90122143e-08 
 3.90036045e-05  8.94742040e-01  8.94153247e-01  8.94652569e-01 -4.51854712e-05 -2.97407950e-07 -7.05506601e-08 
 3.90036429e-05  8.94728216e-01  8.94215680e-01  8.94644756e-01 -4.17635381e-05 -3.42821718e-07 -7.14825707e-08 
 3.90036923e-05  8.94712582e-01  8.94314982e-01  8.94636460e-01 -3.70644364e-05 -3.87138954e-07 -7.12659172e-08 
 3.90037277e-05  8.94703534e-01  8.94393021e-01  8.94631858e-01 -3.37180775e-05 -4.09772433e-07 -7.03192456e-08 
 3.90037612e-05  8.94696633e-01  8.94467234e-01  8.94628569e-01 -3.07357247e-05 -4.25508542e-07 -6.89954061e-08 
 3.90038025e-05  8.94690168e-01  8.94554355e-01  8.94625907e-01 -2.74196831e-05 -4.39009806e-07 -6.69974601e-08 
 3.90038403e-05  8.94685895e-01  8.94627437e-01  8.94624711e-01 -2.47828094e-05 -4.47087041e-07 -6.49558518e-08 
 3.90038844e-05  8.94682430e-01  8.94702778e-01  8.94624635e-01 -2.21872463e-05 -4.52979679e-07 -6.24660425e-08 
 3.90039277e-05  8.94680210e-01  8.94765899e-01  8.94625751e-01 -2.01131292e-05 -4.56209821e-07 -6.00046184e-08 
 3.90039798e-05  8.94678604e-01  8.94828345e-01  8.94628365e-01 -1.81596323e-05 -4.57947323e-07 -5.71084175e-08 
 3.90040344e-05  8.94677751e-01  8.94879833e-01  8.94632275e-01 -1.66358114e-05 -4.58128535e-07 -5.42008815e-08 
 3.90041017e-05  8.94677401e-01  8.94927592e-01  8.94638292e-01 -1.53186914e-05 -4.56918238e-07 -5.08169022e-08 
 3.90041764e-05  8.94677535e-01  8.94965484e-01  8.94646053e-01 -1.43655609e-05 -4.54353782e-07 -4.72955901e-08 
 3.90042722e-05  8.94678115e-01  8.94998496e-01  8.94657000e-01 -1.36474333e-05 -4.49839215e-07 -4.30909576e-08 
 3.90043869e-05  8.94679101e-01  8.95024168e-01  8.94670887e-01 -1.32040848e-05 -4.43284178e-07 -3.84122136e-08 
 3.90045442e-05  8.94680678e-01  8.95047093e-01  8.94690411e-01 -1.29478008e-05 -4.33709177e-07 -3.24670471e-08 
 3.90047529e-05  8.94682990e-01  8.95068271e-01  8.94716250e-01 -1.28355881e-05 -4.24553490e-07 -2.52267641e-08 
 3.90050000e-05  8.94685994e-01  8.95088553e-01  8.94746151e-01 -1.28020021e-05 -4.30741769e-07 -1.74273658e-08 
 3.90050061e-05  8.94685119e-01  8.95084327e-01  8.94746868e-01 -1.50908794e-05 -4.32329583e-07 -1.74082605e-08 
 3.90050184e-05  8.94684588e-01  8.95077200e-01  8.94748283e-01 -1.53139562e-05 -4.35793115e-07 -1.73576843e-08 
 3.90050429e-05  8.94684669e-01  8.95067197e-01  8.94751007e-01 -1.52339974e-05 -4.42870186e-07 -1.72280756e-08 
 3.90050919e-05  8.94684307e-01  8.95052924e-01  8.94756141e-01 -1.53445386e-05 -4.56200491e-07 -1.69372334e-08 
 3.90051900e-05  8.94684452e-01  8.95036179e-01  8.94765515e-01 -1.52789767e-05 -4.81324293e-07 -1.62921049e-08 
 3.90053147e-05  8.94684439e-01  8.95028484e-01  8.94776319e-01 -1.53423051e-05 -5.10965218e-07 -1.54574933e-08 
 3.90054950e-05  8.94684848e-01  8.95029577e-01  8.94790799e-01 -1.52682121e-05 -5.50635114e-07 -1.42958673e-08 
 3.90057718e-05  8.94685079e-01  8.95040526e-01  8.94811728e-01 -1.53293634e-05 -6.04763284e-07 -1.26485138e-08 
 3.90063253e-05  8.94685924e-01  8.95066904e-01  8.94851047e-01 -1.52615980e-05 -6.92639033e-07 -9.79420718e-09 
 3.90074324e-05  8.94686960e-01  8.95112622e-01  8.94921372e-01 -1.53174573e-05 -8.06795215e-07 -5.51996788e-09 
 3.90096465e-05  8.94688818e-01  8.95175150e-01  8.95030490e-01 -1.52406085e-05 -8.91274506e-07 -7.13374728e-10 
 3.90140747e-05  8.94690627e-01  8.95218719e-01  8.95144800e-01 -1.52791216e-05 -8.46952789e-07  2.15618509e-09 
 3.90196625e-05  8.94691952e-01  8.95182717e-01  8.95156580e-01 -1.51926826e-05 -7.14180529e-07  2.01692144e-09 
 3.90279992e-05  8.94692767e-01  8.95067501e-01  8.95061282e-01 -1.52311980e-05 -5.52288870e-07  1.45646705e-09 
 3.90410165e-05  8.94693766e-01  8.94900523e-01  8.94884967e-01 -1.51477010e-05 -3.69260819e-07  9.53520082e-10 
 3.90542670e-05  8.94694146e-01  8.94805717e-01  8.94773755e-01 -1.51999289e-05 -2.45256790e-07  6.35511865e-10 
 3.90775201e-05  8.94694860e-01  8.94776294e-01  8.94728510e-01 -1.51295688e-05 -1.17302319e-07  3.14126305e-10 
 3.91204548e-05  8.94695220e-01  8.94840129e-01  8.94791144e-01 -1.51888511e-05 -2.47893276e-08  7.19078549e-11 
 3.91859332e-05  8.94695510e-01  8.94845946e-01  8.94804437e-01 -1.51267475e-05 -1.44636531e-10 -7.48790082e-13 
 3.92530425e-05  8.94695317e-01  8.94809637e-01  8.94764634e-01 -1.51892809e-05  2.86379902e-11 -2.87772735e-14 
 3.93530425e-05  8.94695467e-01  8.94824012e-01  8.94778828e-01 -1.51266968e-05 -3.09548576e-11  2.57171953e-12 
 3.94530425e-05  8.94695317e-01  8.94815149e-01  8.94771234e-01 -1.51892312e-05  2.71586308e-11 -5.77878457e-13 
 3.95530425e-05  8.94695445e-01  8.94810864e-01  8.94765584e-01 -1.51267514e-05 -3.00082340e-11  2.12750585e-12 
 3.96530425e-05  8.94695304e-01  8.94815398e-01  8.94770933e-01 -1.51891905e-05  2.59262939e-11  2.73247896e-13 
 3.97530425e-05  8.94695435e-01  8.94809982e-01  8.94765253e-01 -1.51267697e-05 -2.82039604e-11  1.45965038e-12 
 3.98530425e-05  8.94695287e-01  8.94812297e-01  8.94767440e-01 -1.51891868e-05  2.39243623e-11  6.47271733e-13 
 3.99530425e-05  8.94695425e-01  8.94811427e-01  8.94766838e-01 -1.51267664e-05 -2.62463269e-11  1.37543682e-12 
 4.00530425e-05  8.94695274e-01  8.94810805e-01  8.94765961e-01 -1.51891901e-05  2.21884215e-11  5.85812703e-13 
 4.01530425e-05  8.94695413e-01  8.94811564e-01  8.94766885e-01 -1.51267658e-05 -2.47592556e-11  1.48035506e-12 
 4.02530425e-05  8.94695263e-01  8.94810863e-01  8.94766104e-01 -1.51891873e-05  2.09223030e-11  5.11607900e-13 
 4.03530425e-05  8.94695400e-01  8.94811141e-01  8.94766408e-01 -1.51267707e-05 -2.36514575e-11  1.50843216e-12 
 4.04530425e-05  8.94695251e-01  8.94811107e-01  8.94766365e-01 -1.51891815e-05  1.99233379e-11  5.22335484e-13 
 4.05530425e-05  8.94695388e-01  8.94810951e-01  8.94766223e-01 -1.51267764e-05 -2.27286571e-11  1.47991217e-12 
 4.06530425e-05  8.94695239e-01  8.94811115e-01  8.94766360e-01 -1.51891764e-05  1.90642341e-11  5.52894753e-13 
 4.07530425e-05  8.94695376e-01  8.94810968e-01  8.94766252e-01 -1.51267810e-05 -2.19308426e-11  1.45662573e-12 
 4.08530425e-05  8.94695226e-01  8.94811044e-01  8.94766281e-01 -1.51891721e-05  1.83289612e-11  5.67385115e-13 
 4.09265213e-05  8.94695365e-01  8.94811001e-01  8.94766286e-01 -1.51267860e-05 -2.11245854e-11  1.44814732e-12 
 4.10000000e-05  8.94695218e-01  8.94811013e-01  8.94766254e-01 -1.51891663e-05  1.76026743e-11  5.72642303e-13 
 4.10001036e-05  8.94692785e-01  8.94772363e-01  8.94764717e-01 -1.76433555e-05 -1.96991053e-08 -2.38920077e-09 
 4.10003107e-05  8.94690534e-01  8.94727648e-01  8.94759987e-01 -1.77305475e-05 -5.56622922e-08 -6.80097825e-09 
 4.10005697e-05  8.94688411e-01  8.94714052e-01  8.94751726e-01 -1.77592861e-05 -9.28730376e-08 -1.16587597e-08 
 4.10009002e-05  8.94685661e-01  8.94708694e-01  8.94741174e-01 -1.81055636e-05 -1.31280861e-07 -1.71573410e-08 
 4.10012211e-05  8.94683716e-01  8.94708443e-01  8.94731847e-01 -1.93525320e-05 -1.59421577e-07 -2.17136340e-08 
 4.10014337e-05  8.94683266e-01  8.94710441e-01  8.94726370e-01 -2.16178472e-05 -1.72971617e-07 -2.42563350e-08 
 4.10015968e-05  8.94683847e-01  8.94715304e-01  8.94722690e-01 -2.45924435e-05 -1.79781920e-07 -2.58675478e-08 
 4.10017598e-05  8.94685317e-01  8.94722747e-01  8.94719634e-01 -2.89185151e-05 -1.82550909e-07 -2.71163669e-08 
 4.10019148e-05  8.94687645e-01  8.94733867e-01  8.94717465e-01 -3.42769133e-05 -1.80404317e-07 -2.78880211e-08 
 4.10020493e-05  8.94690217e-01  8.94747212e-01  8.94716331e-01 -3.98916135e-05 -1.73535650e-07 -2.81385423e-08 
 4.10021621e-05  8.94692688e-01  8.94762636e-01  8.94716060e-01 -4.51594218e-05 -1.62965609e-07 -2.79498193e-08 
 4.10022579e-05  8.94694778e-01  8.94779801e-01  8.94716451e-01 -4.99619396e-05 -1.49329162e-07 -2.74073568e-08 
 4.10023414e-05  8.94696478e-01  8.94799308e-01  8.94717383e-01 -5.42574723e-05 -1.32811274e-07 -2.65497077e-08 
 4.10024160e-05  8.94697661e-01  8.94821595e-01  8.94718804e-01 -5.81033194e-05 -1.13255537e-07 -2.53815212e-08 
 4.10024847e-05  8.94698354e-01  8.94847702e-01  8.94720732e-01 -6.15171082e-05 -9.01304678e-08 -2.38652895e-08 
 4.10025523e-05  8.94698546e-01  8.94879929e-01  8.94723355e-01 -6.46811508e-05 -6.15183927e-08 -2.18532747e-08 
 4.10026289e-05  8.94698590e-01  8.94924802e-01  8.94727412e-01 -6.79739919e-05 -2.14622786e-08 -1.88501423e-08 
 4.10027060e-05  8.94698985e-01  8.94976923e-01  8.94732840e-01 -7.10463906e-05  2.57181464e-08 -1.50617423e-08 
 4.10028253e-05  8.94700875e-01  8.95063919e-01  8.94744149e-01 -7.54489477e-05  1.03637227e-07 -7.91024023e-09 
 4.10029206e-05  8.94703267e-01  8.95135171e-01  8.94755771e-01 -7.85938239e-05  1.58897723e-07 -1.25494694e-09 
 4.10030250e-05  8.94707144e-01  8.95210802e-01  8.94771014e-01 -8.17998816e-05  2.00899479e-07  6.75081097e-09 
 4.10031332e-05  8.94712496e-01  8.95282482e-01  8.94789262e-01 -8.49343552e-05  2.25704857e-07  1.55987753e-08 
 4.10032402e-05  8.94719136e-01  8.95343568e-01  8.94809339e-01 -8.78670413e-05  2.41064736e-07  2.47020956e-08 
 4.10033605e-05  8.94727373e-01  8.95398693e-01  8.94833630e-01 -9.03811876e-05  2.55537915e-07  3.50997450e-08 
 4.10034576e-05  8.94734524e-01  8.95430364e-01  8.94854056e-01 -9.10365862e-05  2.66647164e-07  4.33793806e-08 
 4.10035208e-05  8.94739051e-01  8.95441308e-01  8.94867470e-01 -8.94277053e-05  2.73401286e-07  4.84960506e-08 
 4.10035707e-05  8.94742520e-01  8.95440207e-01  8.94877915e-01 -8.59974540e-05  2.77769793e-07  5.21553085e-08 
 4.10036220e-05  8.94745635e-01  8.95425842e-01  8.94888281e-01 -8.03633985e-05  2.80856999e-07  5.53312818e-08 
 4.10036885e-05  8.94749093e-01  8.95384821e-01  8.94900673e-01 -7.10836698e-05  2.82001210e-07  5.83127302e-08 
 4.10037514e-05  8.94751546e-01  8.95325109e-01  8.94910848e-01 -6.14706997e-05  2.80132662e-07  5.98802738e-08 
 4.10038388e-05  8.94753897e-01  8.95219871e-01  8.94921742e-01 -4.88366971e-05  2.73203083e-07  6.01982487e-08 
 4.10039404e-05  8.94755193e-01  8.95085907e-01  8.94929168e-01 -3.71351401e-05  2.60415563e-07  5.84328584e-08 
 4.10040165e-05  8.94755498e-01  8.94990194e-01  8.94931091e-01 -3.09756770e-05  2.48566852e-07  5.60861628e-08 
 4.10040905e-05  8.94755359e-01  8.94908087e-01  8.94930311e-01 -2.67487621e-05  2.36005954e-07  5.33375937e-08 
 4.10041772e-05  8.94754934e-01  8.94828492e-01  8.94926672e-01 -2.35020205e-05  2.20514742e-07  4.98389830e-08 
 4.10042623e-05  8.94754269e-01  8.94767299e-01  8.94920864e-01 -2.15485392e-05  2.04901266e-07  4.63097450e-08 
 4.10043609e-05  8.94753400e-01  8.94714333e-01  8.94912172e-01 -2.02600579e-05  1.86587258e-07  4.22685199e-08 
 4.10044642e-05  8.94752365e-01  8.94674807e-01  8.94901551e-01 -1.95389431e-05  1.67408487e-07  3.81748560e-08 
 4.10045898e-05  8.94751092e-01  8.94641866e-01  8.94887442e-01 -1.91359191e-05  1.44332660e-07  3.34420058e-08 
 4.10047306e-05  8.94749606e-01  8.94617212e-01  8.94870859e-01 -1.89406351e-05  1.19063281e-07  2.84496033e-08 
 4.10048653e-05  8.94748210e-01  8.94600574e-01  8.94854769e-01 -1.88842685e-05  9.56806698e-08  2.39656119e-08 
 4.10050000e-05  8.94746793e-01  8.94587508e-01  8.94838743e-01 -1.88489773e-05  7.32258994e-08  1.97370614e-08 
 4.10050024e-05  8.94747318e-01  8.94589382e-01  8.94838457e-01 -1.66476763e-05  7.31535176e-08  1.97304398e-08 
 4.10050073e-05  8.94747801e-01  8.94592843e-01  8.94837888e-01 -1.62862543e-05  7.30579169e-08  1.97141140e-08 
 4.10050170e-05  8.94747718e-01  8.94598416e-01  8.94836773e-01 -1.61628337e-05  7.29497044e-08  1.96688164e-08 
 4.10050365e-05  8.94747776e-01  8.94606849e-01  8.94834608e-01 -1.59676272e-05  7.26747242e-08  1.95654052e-08 
 4.10050681e-05  8.94747731e-01  8.94617346e-01  8.94831257e-01 -1.57201889e-05  7.21413852e-08  1.93809113e-08 
 4.10051312e-05  8.94747719e-01  8.94631967e-01  8.94824992e-01 -1.53999811e-05  7.08414209e-08  1.89688222e-08 
 4.10052574e-05  8.94747550e-01  8.94645716e-01  8.94813623e-01 -1.51109845e-05  6.78356748e-08  1.80779054e-08 
 4.10055098e-05  8.94747251e-01  8.94645861e-01  8.94793192e-01 -1.50098361e-05  6.16241546e-08  1.63100945e-08 
 4.10058119e-05  8.94746842e-01  8.94632355e-01  8.94770532e-01 -1.50168043e-05  5.47333251e-08  1.43929407e-08 
 4.10062789e-05  8.94746334e-01  8.94610592e-01  8.94737428e-01 -1.50214188e-05  4.54927365e-08  1.18576207e-08 
 4.10070094e-05  8.94745588e-01  8.94580256e-01  8.94689813e-01 -1.50218232e-05  3.39759674e-08  8.72390244e-09 
 4.10084706e-05  8.94744506e-01  8.94532895e-01  8.94609318e-01 -1.50343590e-05  1.86775849e-08  4.59920896e-09 
 4.10113930e-05  8.94743128e-01  8.94479723e-01  8.94500325e-01 -1.50461633e-05  4.88035964e-09  9.78138640e-10 
 4.10172378e-05  8.94742055e-01  8.94475756e-01  8.94427774e-01 -1.50777035e-05 -4.64462125e-10 -2.54286568e-10 
 4.10236799e-05  8.94741730e-01  8.94547467e-01  8.94471819e-01 -1.50951166e-05  2.25150606e-11 -1.12895023e-11 
 4.10357150e-05  8.94741626e-01  8.94702266e-01  8.94624873e-01 -1.51244218e-05  3.33005260e-12  2.91850738e-11 
 4.10471609e-05  8.94741610e-01  8.94805848e-01  8.94742423e-01 -1.51322090e-05  1.97984079e-11  2.59372847e-11 
 4.10670237e-05  8.94741642e-01  8.94869564e-01  8.94823182e-01 -1.51469485e-05 -1.29059350e-12  5.06524700e-12 
 4.10962983e-05  8.94741564e-01  8.94841990e-01  8.94802434e-01 -1.51473932e-05 -8.83538251e-13 -3.00216368e-12 
 4.11481491e-05  8.94741506e-01  8.94801844e-01  8.94756364e-01 -1.51529870e-05 -2.88253752e-12 -4.80823280e-13 
 4.12000000e-05  8.94741497e-01  8.94832326e-01  8.94785518e-01 -1.51482244e-05  2.76105072e-12  3.99895107e-12 
 4.12000354e-05  8.94745315e-01  8.94871965e-01  8.94786100e-01 -1.32541639e-05  4.18426840e-09  1.78596435e-09 
 4.12001062e-05  8.94749906e-01  8.94928961e-01  8.94788045e-01 -1.22717238e-05  1.14504470e-08  5.17645969e-09 
 4.12002478e-05  8.94758430e-01  8.94986551e-01  8.94794929e-01 -1.15959116e-05  2.12228591e-08  1.13610893e-08 
 4.12004295e-05  8.94769531e-01  8.95019559e-01  8.94806383e-01 -1.13282720e-05  2.95072372e-08  1.86033757e-08 
 4.12007786e-05  8.94790407e-01  8.95041598e-01  8.94829807e-01 -1.13595270e-05  4.17009531e-08  3.10815591e-08 
 4.12011648e-05  8.94813768e-01  8.95056001e-01  8.94854798e-01 -1.13335257e-05  5.28618957e-08  4.30354656e-08 
 4.12014542e-05  8.94831223e-01  8.95063824e-01  8.94872345e-01 -1.15720275e-05  5.86649250e-08  5.08274111e-08 
 4.12016428e-05  8.94843210e-01  8.95068494e-01  8.94883184e-01 -1.19567370e-05  5.74557294e-08  5.53505872e-08 
 4.12018074e-05  8.94854186e-01  8.95068319e-01  8.94892135e-01 -1.30210232e-05  4.57411682e-08  5.88009171e-08 
 4.12019362e-05  8.94863816e-01  8.95065193e-01  8.94898661e-01 -1.45108608e-05  2.18311259e-08  6.10384790e-08 
 4.12020587e-05  8.94873645e-01  8.95056566e-01  8.94904280e-01 -1.68902844e-05 -2.22610130e-08  6.26011921e-08 
 4.12021853e-05  8.94884862e-01  8.95041343e-01  8.94909213e-01 -2.03101266e-05 -1.00691821e-07  6.34374661e-08 
 4.12023145e-05  8.94896716e-01  8.95016813e-01  8.94912998e-01 -2.48135765e-05 -2.28305481e-07  6.32341155e-08 
 4.12024415e-05  8.94908487e-01  8.94982950e-01  8.94915085e-01 -2.96054559e-05 -4.14932750e-07  6.17421894e-08 
 4.12025607e-05  8.94918553e-01  8.94940061e-01  8.94915163e-01 -3.37264633e-05 -6.60418962e-07  5.89005576e-08 
 4.12026694e-05  8.94926414e-01  8.94889391e-01  8.94913241e-01 -3.61942731e-05 -9.59100343e-07  5.48107962e-08 
 4.12027793e-05  8.94932105e-01  8.94825241e-01  8.94908909e-01 -3.72874441e-05 -1.34846335e-06  4.89600921e-08 
 4.12028950e-05  8.94935514e-01  8.94747451e-01  8.94901344e-01 -3.81789203e-05 -1.85775552e-06  4.09240957e-08 
 4.12030505e-05  8.94935386e-01  8.94638169e-01  8.94886067e-01 -3.99155778e-05 -2.68982770e-06  2.75033559e-08 
 4.12031698e-05  8.94931768e-01  8.94556938e-01  8.94870532e-01 -4.14454101e-05 -3.42872994e-06  1.55173701e-08 
 4.12032878e-05  8.94924708e-01  8.94482426e-01  8.94852287e-01 -4.30497556e-05 -4.22940845e-06  2.55445022e-09 
 4.12033993e-05  8.94913435e-01  8.94419942e-01  8.94832834e-01 -4.43671728e-05 -5.03463096e-06 -1.04117766e-08 
 4.12034796e-05  8.94898061e-01  8.94382532e-01  8.94817788e-01 -4.49481958e-05 -5.63107866e-06 -1.99495101e-08 
 4.12035310e-05  8.94881050e-01  8.94364423e-01  8.94807829e-01 -4.49025793e-05 -6.01265943e-06 -2.60012957e-08 
 4.12035712e-05  8.94862016e-01  8.94355473e-01  8.94799980e-01 -4.46280405e-05 -6.30383086e-06 -3.05670606e-08 
 4.12036019e-05  8.94843510e-01  8.94353358e-01  8.94793988e-01 -4.41565800e-05 -6.51796043e-06 -3.38657625e-08 
 4.12036299e-05  8.94823682e-01  8.94356949e-01  8.94788606e-01 -4.34889190e-05 -6.70098904e-06 -3.66020928e-08 
 4.12036602e-05  8.94799873e-01  8.94369233e-01  8.94782937e-01 -4.23908992e-05 -6.88003282e-06 -3.91277918e-08 
 4.12036975e-05  8.94769781e-01  8.94398629e-01  8.94776361e-01 -4.05512071e-05 -7.06482975e-06 -4.14213249e-08 
 4.12037347e-05  8.94741787e-01  8.94443081e-01  8.94770453e-01 -3.82740260e-05 -7.20541045e-06 -4.27235311e-08 
 4.12037882e-05  8.94708062e-01  8.94527084e-01  8.94763459e-01 -3.45225169e-05 -7.33235846e-06 -4.29669853e-08 
 4.12038319e-05  8.94687722e-01  8.94606110e-01  8.94759277e-01 -3.13396050e-05 -7.37620135e-06 -4.19449654e-08 
 4.12038709e-05  8.94674709e-01  8.94678875e-01  8.94756773e-01 -2.85733323e-05 -7.37791522e-06 -4.03318508e-08 
 4.12039134e-05  8.94665547e-01  8.94755509e-01  8.94755352e-01 -2.58118490e-05 -7.34814205e-06 -3.80549943e-08 
 4.12039616e-05  8.94660165e-01  8.94835494e-01  8.94755264e-01 -2.30558644e-05 -7.28441322e-06 -3.50539685e-08 
 4.12040093e-05  8.94658962e-01  8.94905116e-01  8.94756593e-01 -2.07762270e-05 -7.19895705e-06 -3.18451943e-08 
 4.12040624e-05  8.94661013e-01  8.94970559e-01  8.94759461e-01 -1.87253540e-05 -7.08673948e-06 -2.81757246e-08 
 4.12041183e-05  8.94665892e-01  8.95026513e-01  8.94763763e-01 -1.70693529e-05 -6.95640856e-06 -2.43211821e-08 
 4.12041837e-05  8.94673832e-01  8.95077290e-01  8.94770049e-01 -1.56517676e-05 -6.79591808e-06 -1.99341969e-08 
 4.12042566e-05  8.94684457e-01  8.95119131e-01  8.94778190e-01 -1.45832081e-05 -6.61306207e-06 -1.52497629e-08 
 4.12043453e-05  8.94698826e-01  8.95155061e-01  8.94789141e-01 -1.37623680e-05 -6.39068714e-06 -9.84785680e-09 
 4.12044504e-05  8.94717064e-01  8.95183785e-01  8.94802952e-01 -1.32244239e-05 -6.13241553e-06 -3.83962458e-09 
 4.12045869e-05  8.94742158e-01  8.95208608e-01  8.94821482e-01 -1.28820841e-05 -5.80907142e-06  3.43150653e-09 
 4.12047646e-05  8.94777649e-01  8.95230902e-01  8.94845753e-01 -1.27143420e-05 -5.41142411e-06  1.21352934e-08 
 4.12050000e-05  8.94832969e-01  8.95253790e-01  8.94877388e-01 -1.26419715e-05 -4.92467338e-06  2.25393715e-08 
 4.12050070e-05  8.94832575e-01  8.95243347e-01  8.94878291e-01 -1.38838666e-05 -4.91160628e-06  2.24551664e-08 
 4.12050211e-05  8.94834189e-01  8.95225932e-01  8.94880043e-01 -1.42553902e-05 -4.88546601e-06  2.23145859e-08 
 4.12050493e-05  8.94839310e-01  8.95201732e-01  8.94883285e-01 -1.44056108e-05 -4.83316500e-06  2.20901446e-08 
 4.12051057e-05  8.94848575e-01  8.95167535e-01  8.94889009e-01 -1.48487267e-05 -4.72913443e-06  2.17193732e-08 
 4.12052185e-05  8.94868527e-01  8.95127732e-01  8.94898446e-01 -1.50828760e-05 -4.52567524e-06  2.11603490e-08 
 4.12053800e-05  8.94896418e-01  8.95106314e-01  8.94909325e-01 -1.52652967e-05 -4.24799556e-06  2.04908388e-08 
 4.12056047e-05  8.94935478e-01  8.95102970e-01  8.94922273e-01 -1.51960310e-05 -3.88939578e-06  1.95985129e-08 
 4.12059790e-05  8.94998443e-01  8.95112733e-01  8.94941890e-01 -1.52614957e-05 -3.35726788e-06  1.80954679e-08 
 4.12065317e-05  8.95089117e-01  8.95130437e-01  8.94968754e-01 -1.51872684e-05 -2.70041026e-06  1.59103418e-08 
 4.12076136e-05  8.95255937e-01  8.95159129e-01  8.95015460e-01 -1.52548027e-05 -1.75474299e-06  1.19657838e-08 
 4.12097774e-05  8.95554921e-01  8.95198741e-01  8.95087179e-01 -1.51757082e-05 -7.08845050e-07  5.96099894e-09 
 4.12141049e-05  8.96034073e-01  8.95231450e-01  8.95164344e-01 -1.52327976e-05 -5.78149429e-08  1.90560114e-10 
 4.12195606e-05  8.96465503e-01  8.95236145e-01  8.95190115e-01 -1.51488910e-05  1.99371494e-09 -1.04847756e-09 
 4.12278876e-05  8.96878873e-01  8.95265271e-01  8.95209900e-01 -1.52074068e-05 -4.79963441e-10 -6.40484029e-10 
 4.12412750e-05  8.97202219e-01  8.95463292e-01  8.95369518e-01 -1.51270446e-05  2.19682147e-10 -2.07909770e-10 
 4.12544418e-05  8.97319077e-01  8.95797395e-01  8.95682690e-01 -1.51937805e-05 -6.40304992e-11 -3.94572887e-11 
 4.12770566e-05  8.97381052e-01  8.96365641e-01  8.96262546e-01 -1.51204548e-05  9.31481578e-11  5.01726573e-11 
 4.13059881e-05  8.97389597e-01  8.96764450e-01  8.96701957e-01 -1.51911967e-05 -2.89348714e-11  2.18644691e-11 
 4.13394555e-05  8.97389890e-01  8.96845970e-01  8.96803601e-01 -1.51217016e-05  2.69198878e-11 -8.67536674e-13 
 4.13811098e-05  8.97389551e-01  8.96878651e-01  8.96828365e-01 -1.51927720e-05 -2.42747504e-11 -4.25413611e-13 
 4.14405528e-05  8.97389878e-01  8.97064904e-01  8.97010203e-01 -1.51218073e-05  2.44582648e-11  1.09950705e-11 
 4.15055297e-05  8.97389674e-01  8.97216645e-01  8.97169388e-01 -1.51924780e-05 -1.67262675e-11  1.20159704e-12 
 4.16055297e-05  8.97389949e-01  8.97315235e-01  8.97267847e-01 -1.51220296e-05  1.56611902e-11  3.66799272e-12 
 4.17055297e-05  8.97389701e-01  8.97404760e-01  8.97357913e-01 -1.51925381e-05 -1.32736656e-11  1.43399496e-12 
 4.18055297e-05  8.97389976e-01  8.97444720e-01  8.97399738e-01 -1.51220214e-05  1.19777059e-11  2.18761006e-12 
 4.19055297e-05  8.97389693e-01  8.97466784e-01  8.97420964e-01 -1.51925992e-05 -1.13184898e-11  3.49767145e-13 
 4.20055297e-05  8.97389965e-01  8.97486895e-01  8.97441924e-01 -1.51220090e-05  9.89338342e-12  2.49664363e-12 
 4.21055297e-05  8.97389678e-01  8.97491420e-01  8.97446422e-01 -1.51926105e-05 -9.66562355e-12 -3.54095605e-13 
 4.22055297e-05  8.97389943e-01  8.97498578e-01  8.97453479e-01 -1.51220211e-05  8.08829262e-12  2.57177959e-12 
 4.23055297e-05  8.97389658e-01  8.97501195e-01  8.97456403e-01 -1.51925999e-05 -8.00529825e-12 -3.96303053e-13 
 4.24055297e-05  8.97389919e-01  8.97502354e-01  8.97457353e-01 -1.51220347e-05  6.45890069e-12  2.38689201e-12 
 4.25055297e-05  8.97389634e-01  8.97504117e-01  8.97459276e-01 -1.51925914e-05 -6.54885651e-12 -2.65867406e-13 
 4.26055297e-05  8.97389895e-01  8.97504165e-01  8.97459260e-01 -1.51220415e-05  5.13721704e-12  2.25609809e-12 
 4.27055297e-05  8.97389609e-01  8.97504710e-01  8.97459839e-01 -1.51925870e-05 -5.38989404e-12 -2.07712753e-13 
 4.28055297e-05  8.97389871e-01  8.97504943e-01  8.97460057e-01 -1.51220457e-05  4.10265550e-12  2.22109549e-12 
 4.29055297e-05  8.97389585e-01  8.97504888e-01  8.97460029e-01 -1.51925829e-05 -4.46921883e-12 -1.98325568e-13 
 4.30055297e-05  8.97389846e-01  8.97505121e-01  8.97460223e-01 -1.51220505e-05  3.27065241e-12  2.21022766e-12 
 4.31055297e-05  8.97389560e-01  8.97505015e-01  8.97460169e-01 -1.51925777e-05 -3.71660840e-12 -1.86203158e-13 
 4.32000000e-05  8.97389822e-01  8.97505109e-01  8.97460207e-01 -1.51220561e-05  2.56849403e-12  2.19098584e-12 
 4.32001330e-05  8.97376121e-01  8.97414633e-01  8.97455640e-01 -1.72086674e-05 -9.19736698e-09 -6.09514964e-09 
 4.32003989e-05  8.97354732e-01  8.97319280e-01  8.97442151e-01 -1.79109802e-05 -2.22417545e-08 -1.72638485e-08 
 4.32007776e-05  8.97327668e-01  8.97296373e-01  8.97416918e-01 -1.79834839e-05 -3.35752839e-08 -3.08627966e-08 
 4.32012111e-05  8.97300260e-01  8.97282355e-01  8.97389405e-01 -1.94286070e-05 -3.97992200e-08 -4.40805973e-08 
 4.32014357e-05  8.97288685e-01  8.97279948e-01  8.97376237e-01 -2.17738465e-05 -3.26754415e-08 -4.98573964e-08 
 4.32016093e-05  8.97281883e-01  8.97279884e-01  8.97366763e-01 -2.50803272e-05 -1.56111749e-08 -5.37426877e-08 
 4.32017821e-05  8.97277768e-01  8.97284664e-01  8.97358118e-01 -2.98582912e-05  1.70492200e-08 -5.70229088e-08 
 4.32019486e-05  8.97276788e-01  8.97292620e-01  8.97350749e-01 -3.59835713e-05  6.94814363e-08 -5.95313495e-08 
 4.32020934e-05  8.97278894e-01  8.97304860e-01  8.97345298e-01 -4.23912827e-05  1.38650815e-07 -6.10686367e-08 
 4.32022142e-05  8.97283111e-01  8.97319312e-01  8.97341613e-01 -4.84437530e-05  2.20167165e-07 -6.17633436e-08 
 4.32023165e-05  8.97288869e-01  8.97336663e-01  8.97339268e-01 -5.39057140e-05  3.12957024e-07 -6.17965150e-08 
 4.32024061e-05  8.97295829e-01  8.97356784e-01  8.97337951e-01 -5.88633746e-05  4.18919973e-07 -6.12729919e-08 
 4.32024876e-05  8.97304096e-01  8.97380933e-01  8.97337503e-01 -6.33542345e-05  5.42347386e-07 -6.02055463e-08 
 4.32025667e-05  8.97314231e-01  8.97411069e-01  8.97337928e-01 -6.76146078e-05  6.94492116e-07 -5.84792789e-08 
 4.32026591e-05  8.97329541e-01  8.97455290e-01  8.97339756e-01 -7.23435862e-05  9.20509001e-07 -5.54544875e-08 
 4.32027486e-05  8.97348115e-01  8.97505096e-01  8.97343117e-01 -7.67438308e-05  1.19164280e-06 -5.14844858e-08 
 4.32028630e-05  8.97374993e-01  8.97572857e-01  8.97349874e-01 -8.21650455e-05  1.60810929e-06 -4.51165701e-08 
 4.32029631e-05  8.97397126e-01  8.97632500e-01  8.97358031e-01 -8.66774251e-05  2.03066457e-06 -3.85442601e-08 
 4.32030787e-05  8.97417128e-01  8.97698955e-01  8.97369910e-01 -9.16349394e-05  2.57789137e-06 -3.00121064e-08 
 4.32031930e-05  8.97431291e-01  8.97759425e-01  8.97383972e-01 -9.62980400e-05  3.17000435e-06 -2.08199316e-08 
 4.32033062e-05  8.97443283e-01  8.97811828e-01  8.97399765e-01 -1.00613941e-04  3.79182205e-06 -1.12374244e-08 
 4.32034403e-05  8.97457134e-01  8.97862698e-01  8.97420281e-01 -1.04751042e-04  4.55644929e-06  4.21524983e-10 
 4.32035552e-05  8.97469543e-01  8.97893833e-01  8.97438830e-01 -1.06353944e-04  5.21591419e-06  1.03152339e-08 
 4.32036290e-05  8.97477287e-01  8.97903674e-01  8.97450904e-01 -1.04576963e-04  5.62657694e-06  1.63149216e-08 
 4.32036843e-05  8.97482842e-01  8.97901296e-01  8.97459799e-01 -1.00549435e-04  5.91387596e-06  2.03371742e-08 
 4.32037407e-05  8.97487719e-01  8.97886281e-01  8.97468489e-01 -9.40618898e-05  6.17619393e-06  2.37491195e-08 
 4.32038114e-05  8.97492737e-01  8.97848031e-01  8.97478347e-01 -8.37507403e-05  6.44614999e-06  2.67707298e-08 
 4.32038824e-05  8.97496143e-01  8.97790437e-01  8.97486636e-01 -7.23161691e-05  6.64460314e-06  2.83167142e-08 
 4.32039775e-05  8.97498439e-01  8.97693791e-01  8.97494498e-01 -5.75839238e-05  6.79595169e-06  2.81989312e-08 
 4.32040805e-05  8.97498124e-01  8.97580000e-01  8.97498436e-01 -4.43765802e-05  6.82946961e-06  2.57676202e-08 
 4.32041666e-05  8.97496229e-01  8.97489250e-01  8.97498142e-01 -3.61762522e-05  6.77489385e-06  2.24302747e-08 
 4.32042507e-05  8.97493215e-01  8.97411131e-01  8.97495070e-01 -3.04008131e-05  6.66984649e-06  1.84753919e-08 
 4.32043467e-05  8.97488950e-01  8.97337337e-01  8.97488826e-01 -2.59421164e-05  6.50828401e-06  1.35188874e-08 
 4.32044399e-05  8.97484126e-01  8.97281018e-01  8.97480609e-01 -2.31928896e-05  6.32494047e-06  8.52533830e-09 
 4.32045471e-05  8.97478192e-01  8.97232168e-01  8.97469330e-01 -2.12929140e-05  6.09770211e-06  2.79706334e-09 
 4.32046592e-05  8.97471612e-01  8.97195102e-01  8.97456143e-01 -2.01827915e-05  5.85259061e-06 -3.04575195e-09 
 4.32047945e-05  8.97463519e-01  8.97163547e-01  8.97439195e-01 -1.95116385e-05  5.55813601e-06 -9.78141443e-09 
 4.32048972e-05  8.97457244e-01  8.97146073e-01  8.97425933e-01 -1.92609185e-05  5.33944779e-06 -1.46464835e-08 
 4.32050000e-05  8.97450986e-01  8.97132064e-01  8.97412572e-01 -1.91312936e-05  5.12713346e-06 -1.92917780e-08 
 4.32050021e-05  8.97451865e-01  8.97135532e-01  8.97412308e-01 -1.80857362e-05  5.12321906e-06 -1.92676858e-08 
 4.32050062e-05  8.97452684e-01  8.97141931e-01  8.97411786e-01 -1.76796060e-05  5.11542775e-06 -1.92257365e-08 
 4.32050144e-05  8.97452614e-01  8.97152419e-01  8.97410772e-01 -1.74603802e-05  5.09991557e-06 -1.91613971e-08 
 4.32050308e-05  8.97452728e-01  8.97168594e-01  8.97408842e-01 -1.71536194e-05  5.06887756e-06 -1.90514108e-08 
 4.32050578e-05  8.97452729e-01  8.97189135e-01  8.97405886e-01 -1.67198365e-05  5.01776935e-06 -1.88974975e-08 
 4.32051119e-05  8.97452823e-01  8.97219458e-01  8.97400612e-01 -1.61226063e-05  4.91603735e-06 -1.86628948e-08 
 4.32052200e-05  8.97452771e-01  8.97255044e-01  8.97391795e-01 -1.54782577e-05  4.71604150e-06 -1.83494624e-08 
 4.32054363e-05  8.97452624e-01  8.97277554e-01  8.97377667e-01 -1.51301159e-05  4.33528812e-06 -1.79190167e-08 
 4.32057305e-05  8.97452267e-01  8.97273946e-01  8.97361353e-01 -1.50919505e-05  3.86290254e-06 -1.73391938e-08 
 4.32061351e-05  8.97451887e-01  8.97261300e-01  8.97340603e-01 -1.50992867e-05  3.29487772e-06 -1.64033696e-08 
 4.32067003e-05  8.97451343e-01  8.97244800e-01  8.97313707e-01 -1.50880025e-05  2.63709878e-06 -1.49505533e-08 
 4.32077557e-05  8.97450613e-01  8.97220000e-01  8.97269726e-01 -1.50991482e-05  1.73233511e-06 -1.21501747e-08 
 4.32098664e-05  8.97449559e-01  8.97189469e-01  8.97204508e-01 -1.50914437e-05  7.17664313e-07 -7.31219527e-09 
 4.32140880e-05  8.97448641e-01  8.97182887e-01  8.97146653e-01 -1.51119105e-05  6.73473430e-08 -1.89005467e-09 
 4.32196192e-05  8.97448262e-01  8.97237280e-01  8.97166162e-01 -1.51127196e-05 -2.79248510e-09 -8.44067360e-11 
 4.32278591e-05  8.97448237e-01  8.97358597e-01  8.97274346e-01 -1.51352154e-05  6.60128600e-10  3.36537742e-11 
 4.32415904e-05  8.97448311e-01  8.97530300e-01  8.97457956e-01 -1.51344641e-05 -2.77204262e-10  2.92661220e-11 
 4.32562348e-05  8.97448449e-01  8.97618639e-01  8.97564764e-01 -1.51502628e-05  1.52040983e-10  1.93609864e-11 
 4.32813222e-05  8.97448442e-01  8.97615765e-01  8.97577370e-01 -1.51431328e-05 -9.80550773e-11 -4.56725749e-12 
 4.33231608e-05  8.97448372e-01  8.97530776e-01  8.97489874e-01 -1.51555370e-05  7.06307194e-11 -3.13188359e-12 
 4.33866273e-05  8.97448299e-01  8.97533574e-01  8.97485103e-01 -1.51444045e-05 -6.16610597e-11  2.93447021e-12 
 4.34540244e-05  8.97448379e-01  8.97569357e-01  8.97525109e-01 -1.51552321e-05  5.39316649e-11  2.23949765e-12 
 4.35540244e-05  8.97448319e-01  8.97550334e-01  8.97505796e-01 -1.51444805e-05 -4.99996928e-11 -9.47652547e-13 
 4.36540244e-05  8.97448351e-01  8.97561675e-01  8.97515954e-01 -1.51552703e-05  4.45553826e-11  3.03424587e-12 
 4.37540244e-05  8.97448320e-01  8.97563953e-01  8.97519733e-01 -1.51444279e-05 -4.08356500e-11 -5.35471515e-13 
 4.38540244e-05  8.97448339e-01  8.97559659e-01  8.97514394e-01 -1.51553120e-05  3.59053553e-11  2.07360263e-12 
 4.39540244e-05  8.97448305e-01  8.97565224e-01  8.97520435e-01 -1.51444087e-05 -3.30049026e-11  3.27160879e-13 
 4.40540244e-05  8.97448331e-01  8.97562363e-01  8.97517545e-01 -1.51553145e-05  2.89477964e-11  1.49906910e-12 
 4.41540244e-05  8.97448290e-01  8.97563537e-01  8.97518553e-01 -1.51444153e-05 -2.68768202e-11  5.85202297e-13 
 4.42540244e-05  8.97448320e-01  8.97563995e-01  8.97519194e-01 -1.51553065e-05  2.35155677e-11  1.42814319e-12 
 4.43540244e-05  8.97448278e-01  8.97563162e-01  8.97518257e-01 -1.51444211e-05 -2.20172123e-11  5.80855188e-13 
 4.44540244e-05  8.97448307e-01  8.97563988e-01  8.97519099e-01 -1.51553041e-05  1.91251867e-11  1.42191537e-12 
 4.45540244e-05  8.97448266e-01  8.97563531e-01  8.97518689e-01 -1.51444210e-05 -1.80317996e-11  6.24593313e-13 
 4.46540244e-05  8.97448294e-01  8.97563689e-01  8.97518775e-01 -1.51553054e-05  1.55031190e-11  1.34251985e-12 
 4.47540244e-05  8.97448254e-01  8.97563727e-01  8.97518884e-01 -1.51444196e-05 -1.47464530e-11  7.20480750e-13 
 4.48540244e-05  8.97448282e-01  8.97563627e-01  8.97518726e-01 -1.51553064e-05  1.25308067e-11  1.24688964e-12 
 4.49540244e-05  8.97448242e-01  8.97563698e-01  8.97518841e-01 -1.51444192e-05 -1.20633701e-11  8.05139917e-13 
 4.50540244e-05  8.97448270e-01  8.97563671e-01  8.97518780e-01 -1.51553064e-05  1.01113490e-11  1.17583921e-12 
 4.51540244e-05  8.97448229e-01  8.97563641e-01  8.97518781e-01 -1.51444193e-05 -9.88187613e-12  8.64295614e-13 
 4.52540244e-05  8.97448257e-01  8.97563686e-01  8.97518794e-01 -1.51553064e-05  8.14332954e-12  1.12499176e-12 
 4.53540244e-05  8.97448217e-01  8.97563623e-01  8.97518765e-01 -1.51444192e-05 -8.10524824e-12  9.09880678e-13 
 4.54540244e-05  8.97448245e-01  8.97563669e-01  8.97518774e-01 -1.51553065e-05  6.53863639e-12  1.08277189e-12 
 4.55540244e-05  8.97448205e-01  8.97563620e-01  8.97518763e-01 -1.51444191e-05 -6.65551598e-12  9.49441155e-13 
 4.56540244e-05  8.97448233e-01  8.97563650e-01  8.97518755e-01 -1.51553067e-05  5.22890910e-12  1.04582310e-12 
 4.57540244e-05  8.97448193e-01  8.97563611e-01  8.97518754e-01 -1.51444189e-05 -5.47244433e-12  9.83591463e-13 
 4.58540244e-05  8.97448220e-01  8.97563637e-01  8.97518743e-01 -1.51553068e-05  4.16041724e-12  1.01457861e-12 
 4.59540244e-05  8.97448180e-01  8.97563598e-01  8.97518740e-01 -1.51444188e-05 -4.50754256e-12  1.01198683e-12 
 4.60540244e-05  8.97448208e-01  8.97563626e-01  8.97518732e-01 -1.51553070e-05  3.28909317e-12  9.88830762e-13 
 4.61540244e-05  8.97448168e-01  8.97563585e-01  8.97518727e-01 -1.51444187e-05 -3.72070040e-12  1.03535550e-12 
 4.62540244e-05  8.97448196e-01  8.97563614e-01  8.97518720e-01 -1.51553071e-05  2.57850187e-12  9.67570208e-13 
 4.63540244e-05  8.97448156e-01  8.97563572e-01  8.97518715e-01 -1.51444185e-05 -3.07893685e-12  1.05474044e-12 
 4.64540244e-05  8.97448183e-01  8.97563601e-01  8.97518707e-01 -1.51553072e-05  1.99887481e-12  9.49872017e-13 
 4.65540244e-05  8.97448143e-01  8.97563560e-01  8.97518702e-01 -1.51444184e-05 -2.55541703e-12  1.07090351e-12 
 4.66540244e-05  8.97448171e-01  8.97563588e-01  8.97518695e-01 -1.51553074e-05  1.52602323e-12  9.35119115e-13 
 4.67540244e-05  8.97448131e-01  8.97563548e-01  8.97518690e-01 -1.51444182e-05 -2.12832746e-12  1.08435911e-12 
 4.68270122e-05  8.97448160e-01  8.97563578e-01  8.97518685e-01 -1.51553076e-05  1.07694105e-12  9.20838059e-13 
 4.69000000e-05  8.97448122e-01  8.97563540e-01  8.97518681e-01 -1.51444180e-05 -1.66756105e-12  1.09917511e-12 
 4.69100000e-05  8.97448138e-01  8.97563556e-01  8.97518680e-01 -1.51498630e-05 -6.92714115e-13  9.96900696e-13 
 4.69300000e-05  8.97448137e-01  8.97563555e-01  8.97518679e-01 -1.51498627e-05 -2.29661776e-13  1.01250079e-12 
 4.69650000e-05  8.97448135e-01  8.97563552e-01  8.97518676e-01 -1.51498631e-05 -5.31693396e-13  1.00195937e-12 
 4.70000000e-05  8.97448133e-01  8.97563550e-01  8.97518674e-01 -1.51498627e-05 -3.05850831e-13  1.01002469e-12 
 4.70000258e-05  8.97450162e-01  8.97579305e-01  8.97518835e-01 -1.36220285e-05  1.68896744e-09  3.78254540e-09 
 4.70000774e-05  8.97452029e-01  8.97603303e-01  8.97519399e-01 -1.30710663e-05  4.79568024e-09  1.13585912e-08 
 4.70001805e-05  8.97455231e-01  8.97631219e-01  8.97521541e-01 -1.27031111e-05  9.87168702e-09  2.59177277e-08 
 4.70003172e-05  8.97459705e-01  8.97650381e-01  8.97525498e-01 -1.24381614e-05  1.54956310e-08  4.41398591e-08 
 4.70005905e-05  8.97468229e-01  8.97662790e-01  8.97534434e-01 -1.24559299e-05  2.55651979e-08  7.77380919e-08 
 4.70009680e-05  8.97480266e-01  8.97666336e-01  8.97546406e-01 -1.24036731e-05  3.80143102e-08  1.18831575e-07 
 4.70016054e-05  8.97500854e-01  8.97665009e-01  8.97563226e-01 -1.31863135e-05  5.48240759e-08  1.77856312e-07 
 4.70017110e-05  8.97504904e-01  8.97663556e-01  8.97565550e-01 -1.35380813e-05  5.67444706e-08  1.86724340e-07 
 4.70019222e-05  8.97514076e-01  8.97652927e-01  8.97569426e-01 -1.59427228e-05  5.77936485e-08  2.04553171e-07 
 4.70020718e-05  8.97522439e-01  8.97637719e-01  8.97571228e-01 -1.91901156e-05  5.53006273e-08  2.18879004e-07 
 4.70021971e-05  8.97530405e-01  8.97616992e-01  8.97571778e-01 -2.33758133e-05  5.00982617e-08  2.35669247e-07 
 4.70023221e-05  8.97539185e-01  8.97588119e-01  8.97571091e-01 -2.85881859e-05  4.14743686e-08  2.64558149e-07 
 4.70024475e-05  8.97547714e-01  8.97549276e-01  8.97568778e-01 -3.45783576e-05  2.88822660e-08  3.21357186e-07 
 4.70025652e-05  8.97554764e-01  8.97502180e-01  8.97564731e-01 -3.99718742e-05  1.28726544e-08  4.24722152e-07 
 4.70026726e-05  8.97559096e-01  8.97447597e-01  8.97559065e-01 -4.40363954e-05 -6.00024855e-09  5.92609665e-07 
 4.70027934e-05  8.97560804e-01  8.97372097e-01  8.97549909e-01 -4.73917331e-05 -3.23543143e-08  9.17231134e-07 
 4.70029044e-05  8.97558546e-01  8.97293897e-01  8.97538534e-01 -5.06971264e-05 -5.98925442e-08  1.39726878e-06 
 4.70030753e-05  8.97547989e-01  8.97172985e-01  8.97515407e-01 -5.63493622e-05 -1.03151206e-07  2.62122874e-06 
 4.70032132e-05  8.97533179e-01  8.97081972e-01  8.97492179e-01 -6.10675728e-05 -1.36035561e-07  4.13623598e-06 
 4.70033463e-05  8.97514082e-01  8.97004015e-01  8.97466553e-01 -6.53388409e-05 -1.64090285e-07  6.12568514e-06 
 4.70034419e-05  8.97496646e-01  8.96956721e-01  8.97446622e-01 -6.79578657e-05 -1.80898702e-07  7.90064564e-06 
 4.70034985e-05  8.97483574e-01  8.96934428e-01  8.97434395e-01 -6.90848849e-05 -1.88713746e-07  9.09980767e-06 
 4.70035401e-05  8.97471504e-01  8.96922626e-01  8.97425326e-01 -6.96092757e-05 -1.92763018e-07  1.00602571e-05 
 4.70035740e-05  8.97459324e-01  8.96917494e-01  8.97417908e-01 -6.96754193e-05 -1.94411114e-07  1.09069777e-05 
 4.70036017e-05  8.97447114e-01  8.96918065e-01  8.97411891e-01 -6.93669051e-05 -1.94031422e-07  1.16476336e-05 
 4.70036292e-05  8.97432673e-01  8.96925074e-01  8.97406052e-01 -6.85378365e-05 -1.91363523e-07  1.24279784e-05 
 4.70036602e-05  8.97413826e-01  8.96943355e-01  8.97399680e-01 -6.68814323e-05 -1.84723860e-07  1.33744038e-05 
 4.70036956e-05  8.97390770e-01  8.96978904e-01  8.97392885e-01 -6.40746992e-05 -1.71960023e-07  1.45412693e-05 
 4.70037352e-05  8.97365016e-01  8.97035305e-01  8.97386111e-01 -6.00101403e-05 -1.51557440e-07  1.59590515e-05 
 4.70037930e-05  8.97330778e-01  8.97137883e-01  8.97378238e-01 -5.30468430e-05 -1.13424982e-07  1.82245412e-05 
 4.70038292e-05  8.97312336e-01  8.97208125e-01  8.97374643e-01 -4.84527122e-05 -8.64383722e-08  1.97523348e-05 
 4.70038652e-05  8.97296413e-01  8.97277040e-01  8.97372116e-01 -4.39914078e-05 -5.90455693e-08  2.13424030e-05 
 4.70039080e-05  8.97280183e-01  8.97354058e-01  8.97370392e-01 -3.90278065e-05 -2.70960758e-08  2.33199672e-05 
 4.70039546e-05  8.97265445e-01  8.97428406e-01  8.97369948e-01 -3.42191098e-05  5.49909372e-09  2.55593754e-05 
 4.70040030e-05  8.97252565e-01  8.97493519e-01  8.97370832e-01 -2.99648906e-05  3.60616872e-08  2.79677261e-05 
 4.70040552e-05  8.97240660e-01  8.97550231e-01  8.97373028e-01 -2.61935589e-05  6.50089127e-08  3.06581913e-05 
 4.70041125e-05  8.97229174e-01  8.97597828e-01  8.97376565e-01 -2.29518708e-05  9.20257158e-08  3.37010760e-05 
 4.70041780e-05  8.97217341e-01  8.97637060e-01  8.97381637e-01 -2.01968984e-05  1.17614308e-07  3.72900352e-05 
 4.70042532e-05  8.97204705e-01  8.97667247e-01  8.97388320e-01 -1.80010816e-05  1.41342462e-07  4.15365079e-05 
 4.70043431e-05  8.97190293e-01  8.97689592e-01  8.97396983e-01 -1.63240197e-05  1.63960929e-07  4.67871090e-05 
 4.70044516e-05  8.97173282e-01  8.97704966e-01  8.97407833e-01 -1.51695851e-05  1.85744009e-07  5.33561660e-05 
 4.70045898e-05  8.97151813e-01  8.97715703e-01  8.97421691e-01 -1.44553780e-05  2.08452006e-07  6.20658529e-05 
 4.70047696e-05  8.97123836e-01  8.97724105e-01  8.97439284e-01 -1.41020982e-05  2.33819025e-07  7.39291847e-05 
 4.70050000e-05  8.97088020e-01  8.97732303e-01  8.97460782e-01 -1.39903321e-05  2.63274911e-07  8.98975903e-05 
 4.70050071e-05  8.97086486e-01  8.97727119e-01  8.97461408e-01 -1.51409046e-05  2.63670442e-07  9.03989735e-05 
 4.70050213e-05  8.97085628e-01  8.97718430e-01  8.97462632e-01 -1.53870686e-05  2.64482517e-07  9.13980341e-05 
 4.70050496e-05  8.97085528e-01  8.97706114e-01  8.97464941e-01 -1.53438248e-05  2.66179445e-07  9.33734182e-05 
 4.70051063e-05  8.97084445e-01  8.97688145e-01  8.97469142e-01 -1.55054614e-05  2.69598443e-07  9.72340987e-05 
 4.70052197e-05  8.97083459e-01  8.97667039e-01  8.97476397e-01 -1.54657629e-05  2.75790819e-07  1.04606011e-04 
 4.70053737e-05  8.97081470e-01  8.97656232e-01  8.97484783e-01 -1.55385579e-05  2.82055805e-07  1.13904780e-04 
 4.70055980e-05  8.97078840e-01  8.97655054e-01  8.97495601e-01 -1.54628645e-05  2.86782233e-07  1.26105214e-04 
 4.70059658e-05  8.97072911e-01  8.97662938e-01  8.97511846e-01 -1.55358499e-05  2.85494399e-07  1.43076161e-04 
 4.70065321e-05  8.97062645e-01  8.97678658e-01  8.97535056e-01 -1.54724682e-05  2.68149959e-07  1.63101840e-04 
 4.70071630e-05  8.97048874e-01  8.97696324e-01  8.97559157e-01 -1.55453129e-05  2.35566834e-07  1.78589024e-04 
 4.70078591e-05  8.97032870e-01  8.97716053e-01  8.97584125e-01 -1.54814235e-05  1.92594615e-07  1.89557755e-04 
 4.70086065e-05  8.97014477e-01  8.97737221e-01  8.97609516e-01 -1.55503233e-05  1.45311994e-07  1.96216018e-04 
 4.70094661e-05  8.96993760e-01  8.97761490e-01  8.97637378e-01 -1.54850618e-05  9.48190201e-08  1.99327344e-04 
 4.70104298e-05  8.96970642e-01  8.97788363e-01  8.97667327e-01 -1.55496650e-05  4.62929964e-08  1.98883197e-04 
 4.70115586e-05  8.96945418e-01  8.97819301e-01  8.97701076e-01 -1.54815506e-05  1.28452104e-09  1.94935244e-04 
 4.70128520e-05  8.96918046e-01  8.97853764e-01  8.97738303e-01 -1.55406456e-05 -3.60725759e-08  1.87614024e-04 
 4.70143829e-05  8.96888982e-01  8.97892986e-01  8.97780584e-01 -1.54677529e-05 -6.46648430e-08  1.76821522e-04 
 4.70161652e-05  8.96858396e-01  8.97936044e-01  8.97827381e-01 -1.55197762e-05 -8.27711203e-08  1.62939138e-04 
 4.70183244e-05  8.96826879e-01  8.97983941e-01  8.97880293e-01 -1.54396599e-05 -9.10368214e-08  1.45698702e-04 
 4.70209520e-05  8.96794690e-01  8.98035032e-01  8.97938372e-01 -1.54816694e-05 -9.01883432e-08  1.25378709e-04 
 4.70243023e-05  8.96763041e-01  8.98087626e-01  8.98001009e-01 -1.53897729e-05 -8.15028691e-08  1.01687411e-04 
 4.70275950e-05  8.96739196e-01  8.98124769e-01  8.98048884e-01 -1.54252102e-05 -7.00619354e-08  8.14425123e-05 
 4.70307499e-05  8.96722250e-01  8.98146677e-01  8.98081332e-01 -1.53364866e-05 -5.88424852e-08  6.50638531e-05 
 4.70341299e-05  8.96708134e-01  8.98155744e-01  8.98101478e-01 -1.53738497e-05 -4.77106067e-08  5.06385398e-05 
 4.70373383e-05  8.96698414e-01  8.98151557e-01  8.98107159e-01 -1.52887334e-05 -3.84443973e-08  3.96237605e-05 
 4.70407750e-05  8.96690189e-01  8.98134697e-01  8.98099878e-01 -1.53299011e-05 -3.00878364e-08  3.02811219e-05 
 4.70442081e-05  8.96684442e-01  8.98106865e-01  8.98080336e-01 -1.52482386e-05 -2.33013941e-08  2.30386065e-05 
 4.70479705e-05  8.96679418e-01  8.98065996e-01  8.98047008e-01 -1.52923391e-05 -1.74462965e-08  1.70005164e-05 
 4.70518634e-05  8.96676039e-01  8.98014895e-01  8.98001951e-01 -1.52137275e-05 -1.28354249e-08  1.23709431e-05 
 4.70561921e-05  8.96673004e-01  8.97950678e-01  8.97942498e-01 -1.52605897e-05 -9.06436591e-09  8.65725435e-06 
 4.70608089e-05  8.96671152e-01  8.97877152e-01  8.97871948e-01 -1.51849986e-05 -6.22096202e-09  5.89945699e-06 
 4.70660387e-05  8.96669388e-01  8.97791733e-01  8.97787700e-01 -1.52346319e-05 -4.04151096e-09  3.80741410e-06 
 4.70718013e-05  8.96668512e-01  8.97699543e-01  8.97694590e-01 -1.51620822e-05 -2.50192028e-09  2.34244317e-06 
 4.70785007e-05  8.96667534e-01  8.97599854e-01  8.97591776e-01 -1.52145494e-05 -1.42661706e-09  1.32470379e-06 
 4.70861839e-05  8.96667244e-01  8.97500107e-01  8.97486768e-01 -1.51450567e-05 -7.45204406e-10  6.84354994e-07 
 4.70954781e-05  8.96666710e-01  8.97403464e-01  8.97382925e-01 -1.52003823e-05 -3.37392103e-10  3.03228020e-07 
 4.71067671e-05  8.96666731e-01  8.97320323e-01  8.97291584e-01 -1.51338552e-05 -1.26408307e-10  1.09609846e-07 
 4.71213843e-05  8.96666419e-01  8.97256534e-01  8.97220025e-01 -1.51919084e-05 -3.38656763e-11  2.67633108e-08 
 4.71409766e-05  8.96666592e-01  8.97215229e-01  8.97173812e-01 -1.51280631e-05 -4.16756907e-12  2.74011714e-09 
 4.71700517e-05  8.96666375e-01  8.97177300e-01  8.97135577e-01 -1.51885157e-05 -7.42639891e-13 -2.54359003e-10 
 4.72183064e-05  8.96666552e-01  8.97097657e-01  8.97057736e-01 -1.51267620e-05 -2.07871090e-12  8.83360809e-11 
 4.73148157e-05  8.96666240e-01  8.96958662e-01  8.96916216e-01 -1.51883635e-05 -1.62374779e-12 -5.27024871e-11 
 4.74148157e-05  8.96666402e-01  8.96890810e-01  8.96847027e-01 -1.51267284e-05 -3.92629072e-13  3.65165741e-11 
 4.75148157e-05  8.96666159e-01  8.96844764e-01  8.96801158e-01 -1.51882932e-05 -1.20877375e-12 -1.72581958e-11 
 4.76148157e-05  8.96666342e-01  8.96816832e-01  8.96772208e-01 -1.51267407e-05 -2.02314294e-13  1.56806953e-11 
 4.77148157e-05  8.96666120e-01  8.96804511e-01  8.96760066e-01 -1.51882604e-05 -7.85186369e-13 -3.24273778e-12 
 4.78148157e-05  8.96666316e-01  8.96793415e-01  8.96748750e-01 -1.51267438e-05 -2.61695396e-13  7.86285468e-12 
 4.79148157e-05  8.96666097e-01  8.96789259e-01  8.96744463e-01 -1.51882534e-05 -6.36021617e-13  1.63193200e-12 
 4.80148157e-05  8.96666300e-01  8.96786102e-01  8.96741377e-01 -1.51267420e-05 -2.28978511e-13  5.28470811e-12 
 4.81148157e-05  8.96666081e-01  8.96783948e-01  8.96739111e-01 -1.51882511e-05 -6.44136654e-13  3.24969766e-12 
 4.82148157e-05  8.96666285e-01  8.96783355e-01  8.96738545e-01 -1.51267438e-05 -1.78530584e-13  4.34925707e-12 
 4.83148157e-05  8.96666068e-01  8.96782417e-01  8.96737599e-01 -1.51882465e-05 -6.61807414e-13  3.92915025e-12 
 4.84148157e-05  8.96666272e-01  8.96782197e-01  8.96737353e-01 -1.51267486e-05 -1.63525010e-13  3.88399848e-12 
 4.85148157e-05  8.96666055e-01  8.96781974e-01  8.96737155e-01 -1.51882410e-05 -6.58316934e-13  4.28667795e-12 
 4.86148157e-05  8.96666259e-01  8.96781793e-01  8.96736949e-01 -1.51267537e-05 -1.67855096e-13  3.63537721e-12 
 4.87148157e-05  8.96666043e-01  8.96781774e-01  8.96736944e-01 -1.51882359e-05 -6.51107857e-13  4.46594346e-12 
 4.88148157e-05  8.96666247e-01  8.96781691e-01  8.96736851e-01 -1.51267584e-05 -1.71653056e-13  3.51429514e-12 
 4.89148157e-05  8.96666030e-01  8.96781668e-01  8.96736834e-01 -1.51882313e-05 -6.48732587e-13  4.55385875e-12 
 4.90148157e-05  8.96666234e-01  8.96781659e-01  8.96736819e-01 -1.51267630e-05 -1.71964656e-13  3.44816461e-12 
 4.91148157e-05  8.96666018e-01  8.96781625e-01  8.96736792e-01 -1.51882267e-05 -6.48762077e-13  4.60989585e-12 
 4.92148157e-05  8.96666222e-01  8.96781633e-01  8.96736792e-01 -1.51267676e-05 -1.71798556e-13  3.39826973e-12 
 4.93148157e-05  8.96666005e-01  8.96781609e-01  8.96736777e-01 -1.51882221e-05 -6.48503603e-13  4.65634481e-12 
 4.94148157e-05  8.96666209e-01  8.96781611e-01  8.96736770e-01 -1.51267723e-05 -1.72333068e-13  3.35515589e-12 
 4.95148157e-05  8.96665993e-01  8.96781596e-01  8.96736764e-01 -1.51882174e-05 -6.47729266e-13  4.69623163e-12 
 4.96148157e-05  8.96666197e-01  8.96781596e-01  8.96736755e-01 -1.51267770e-05 -1.73149906e-13  3.31863524e-12 
 4.97148157e-05  8.96665980e-01  8.96781582e-01  8.96736750e-01 -1.51882127e-05 -6.46929775e-13  4.72973874e-12 
 4.98148157e-05  8.96666184e-01  8.96781584e-01  8.96736743e-01 -1.51267817e-05 -1.73875888e-13  3.28797715e-12 
 4.99148157e-05  8.96665968e-01  8.96781569e-01  8.96736737e-01 -1.51882080e-05 -6.46262124e-13  4.75814348e-12 
 5.00148157e-05  8.96666172e-01  8.96781572e-01  8.96736731e-01 -1.51267863e-05 -1.74503858e-13  3.26154468e-12 
 5.01148157e-05  8.96665955e-01  8.96781556e-01  8.96736724e-01 -1.51882034e-05 -6.45653669e-13  4.78279612e-12 
 5.02148157e-05  8.96666159e-01  8.96781559e-01  8.96736718e-01 -1.51267910e-05 -1.75107541e-13  3.23852750e-12 
 5.03148157e-05  8.96665943e-01  8.96781544e-01  8.96736712e-01 -1.51881987e-05 -6.45049118e-13  4.80427904e-12 
 5.04148157e-05  8.96666147e-01  8.96781547e-01  8.96736705e-01 -1.51267957e-05 -1.75709707e-13  3.21841100e-12 
 5.05148157e-05  8.96665931e-01  8.96781532e-01  8.96736699e-01 -1.51881940e-05 -6.44450639e-13  4.82312340e-12 
 5.06148157e-05  8.96666134e-01  8.96781534e-01  8.96736693e-01 -1.51268004e-05 -1.76302332e-13  3.20091604e-12 
 5.07148157e-05  8.96665918e-01  8.96781519e-01  8.96736687e-01 -1.51881893e-05 -6.43866471e-13  4.83948580e-12 
 5.08148157e-05  8.96666122e-01  8.96781522e-01  8.96736680e-01 -1.51268050e-05 -1.76875658e-13  3.18562505e-12 
 5.09148157e-05  8.96665906e-01  8.96781507e-01  8.96736674e-01 -1.51881847e-05 -6.43299650e-13  4.85370332e-12 
 5.10148157e-05  8.96666109e-01  8.96781509e-01  8.96736668e-01 -1.51268097e-05 -1.77435323e-13  3.17237035e-12 
 5.11148157e-05  8.96665893e-01  8.96781494e-01  8.96736662e-01 -1.51881800e-05 -6.42747357e-13  4.86605683e-12 
 5.12148157e-05  8.96666097e-01  8.96781497e-01  8.96736656e-01 -1.51268144e-05 -1.77982629e-13  3.16073469e-12 
 5.13148157e-05  8.96665881e-01  8.96781482e-01  8.96736649e-01 -1.51881754e-05 -6.42205039e-13  4.87687001e-12 
 5.14148157e-05  8.96666084e-01  8.96781484e-01  8.96736643e-01 -1.51268190e-05 -1.78519742e-13  3.15072003e-12 
 5.15148157e-05  8.96665868e-01  8.96781469e-01  8.96736637e-01 -1.51881707e-05 -6.41674864e-13  4.88622570e-12 
 5.16148157e-05  8.96666072e-01  8.96781472e-01  8.96736631e-01 -1.51268237e-05 -1.79044930e-13  3.14196775e-12 
 5.17148157e-05  8.96665856e-01  8.96781457e-01  8.96736624e-01 -1.51881660e-05 -6.41150110e-13  4.89444135e-12 
 5.18148157e-05  8.96666059e-01  8.96781459e-01  8.96736618e-01 -1.51268284e-05 -1.79564913e-13  3.13434597e-12 
 5.19148157e-05  8.96665843e-01  8.96781444e-01  8.96736612e-01 -1.51881614e-05 -6.40638367e-13  4.90149636e-12 
 5.20148157e-05  8.96666047e-01  8.96781447e-01  8.96736606e-01 -1.51268331e-05 -1.80072970e-13  3.12772995e-12 
 5.21148157e-05  8.96665831e-01  8.96781432e-01  8.96736599e-01 -1.51881567e-05 -6.40132695e-13  4.90765810e-12 
 5.22148157e-05  8.96666034e-01  8.96781434e-01  8.96736593e-01 -1.51268377e-05 -1.80574522e-13  3.12205220e-12 
 5.23148157e-05  8.96665818e-01  8.96781419e-01  8.96736587e-01 -1.51881520e-05 -6.39635697e-13  4.91301471e-12 
 5.24148157e-05  8.96666022e-01  8.96781422e-01  8.96736581e-01 -1.51268424e-05 -1.81068268e-13  3.11705138e-12 
 5.25148157e-05  8.96665806e-01  8.96781407e-01  8.96736575e-01 -1.51881474e-05 -6.39144120e-13  4.91756690e-12 
 5.26148157e-05  8.96666009e-01  8.96781409e-01  8.96736568e-01 -1.51268471e-05 -1.81557243e-13  3.11268822e-12 
 5.27148157e-05  8.96665793e-01  8.96781394e-01  8.96736562e-01 -1.51881427e-05 -6.38658614e-13  4.92154283e-12 
 5.28148157e-05  8.96665997e-01  8.96781397e-01  8.96736556e-01 -1.51268517e-05 -1.82039063e-13  3.10907631e-12 
 5.29148157e-05  8.96665781e-01  8.96781382e-01  8.96736550e-01 -1.51881381e-05 -6.38178529e-13  4.92498777e-12 
 5.30148157e-05  8.96665984e-01  8.96781384e-01  8.96736543e-01 -1.51268564e-05 -1.82517196e-13  3.10586653e-12 
 5.31148157e-05  8.96665769e-01  8.96781369e-01  8.96736537e-01 -1.51881334e-05 -6.37706034e-13  4.92797426e-12 
 5.32148157e-05  8.96665972e-01  8.96781372e-01  8.96736531e-01 -1.51268610e-05 -1.82988173e-13  3.10316361e-12 
 5.33148157e-05  8.96665756e-01  8.96781357e-01  8.96736525e-01 -1.51881288e-05 -6.37235056e-13  4.93054734e-12 
 5.34148157e-05  8.96665959e-01  8.96781359e-01  8.96736518e-01 -1.51268657e-05 -1.83455681e-13  3.10076303e-12 
 5.35148157e-05  8.96665744e-01  8.96781345e-01  8.96736512e-01 -1.51881241e-05 -6.36768416e-13  4.93267758e-12 
 5.36148157e-05  8.96665947e-01  8.96781347e-01  8.96736506e-01 -1.51268704e-05 -1.83919069e-13  3.09871367e-12 
 5.37148157e-05  8.96665731e-01  8.96781332e-01  8.96736500e-01 -1.51881195e-05 -6.36306329e-13  4.93454642e-12 
 5.38148157e-05  8.96665934e-01  8.96781334e-01  8.96736493e-01 -1.51268750e-05 -1.84378988e-13  3.09710975e-12 
 5.39148157e-05  8.96665719e-01  8.96781320e-01  8.96736487e-01 -1.51881148e-05 -6.35849663e-13  4.93614730e-12 
 5.40148157e-05  8.96665922e-01  8.96781322e-01  8.96736481e-01 -1.51268797e-05 -1.84835003e-13  3.09564001e-12 
 5.41148157e-05  8.96665706e-01  8.96781307e-01  8.96736475e-01 -1.51881101e-05 -6.35395165e-13  4.93747193e-12 
 5.42148157e-05  8.96665909e-01  8.96781309e-01  8.96736468e-01 -1.51268843e-05 -1.85287766e-13  3.09437485e-12 
 5.43148157e-05  8.96665694e-01  8.96781295e-01  8.96736462e-01 -1.51881055e-05 -6.34945872e-13  4.93862617e-12 
 5.44148157e-05  8.96665897e-01  8.96781297e-01  8.96736456e-01 -1.51268890e-05 -1.85737276e-13  3.09337912e-12 
 5.45148157e-05  8.96665681e-01  8.96781282e-01  8.96736450e-01 -1.51881008e-05 -6.34495494e-13  4.93956492e-12 
 5.46148157e-05  8.96665885e-01  8.96781284e-01  8.96736444e-01 -1.51268936e-05 -1.86184618e-13  3.09251740e-12 
 5.47148157e-05  8.96665669e-01  8.96781270e-01  8.96736437e-01 -1.51880962e-05 -6.34050321e-13  4.94028343e-12 
 5.48148157e-05  8.96665872e-01  8.96781272e-01  8.96736431e-01 -1.51268983e-05 -1.86628274e-13  3.09179781e-12 
 5.49148157e-05  8.96665656e-01  8.96781257e-01  8.96736425e-01 -1.51880915e-05 -6.33608400e-13  4.94093731e-12 
 5.50148157e-05  8.96665860e-01  8.96781259e-01  8.96736419e-01 -1.51269030e-05 -1.87069544e-13  3.09123923e-12 
 5.51148157e-05  8.96665644e-01  8.96781245e-01  8.96736412e-01 -1.51880869e-05 -6.33168431e-13  4.94145203e-12 
 5.52148157e-05  8.96665847e-01  8.96781247e-01  8.96736406e-01 -1.51269076e-05 -1.87507778e-13  3.09083553e-12 
 5.53148157e-05  8.96665631e-01  8.96781232e-01  8.96736400e-01 -1.51880823e-05 -6.32728028e-13  4.94183649e-12 
 5.54148157e-05  8.96665835e-01  8.96781235e-01  8.96736394e-01 -1.51269123e-05 -1.87944712e-13  3.09049308e-12 
 5.55148157e-05  8.96665619e-01  8.96781220e-01  8.96736387e-01 -1.51880776e-05 -6.32293697e-13  4.94219786e-12 
 5.56148157e-05  8.96665822e-01  8.96781222e-01  8.96736381e-01 -1.51269169e-05 -1.88381645e-13  3.09019563e-12 
 5.57148157e-05  8.96665607e-01  8.96781207e-01  8.96736375e-01 -1.51880730e-05 -6.31860233e-13  4.94237344e-12 
 5.58148157e-05  8.96665810e-01  8.96781210e-01  8.96736369e-01 -1.51269216e-05 -1.88812290e-13  3.09001831e-12 
 5.59148157e-05  8.96665594e-01  8.96781195e-01  8.96736362e-01 -1.51880683e-05 -6.31430021e-13  4.94248219e-12 
 5.60148157e-05  8.96665797e-01  8.96781197e-01  8.96736356e-01 -1.51269262e-05 -1.89242936e-13  3.08988718e-12 
 5.61148157e-05  8.96665582e-01  8.96781182e-01  8.96736350e-01 -1.51880637e-05 -6.31001111e-13  4.94262330e-12 
 5.62148157e-05  8.96665785e-01  8.96781185e-01  8.96736344e-01 -1.51269309e-05 -1.89670545e-13  3.08982939e-12 
 5.63148157e-05  8.96665569e-01  8.96781170e-01  8.96736338e-01 -1.51880590e-05 -6.30574586e-13  4.94260362e-12 
 5.64148157e-05  8.96665772e-01  8.96781172e-01  8.96736331e-01 -1.51269355e-05 -1.90096636e-13  3.08988859e-12 
 5.65148157e-05  8.96665557e-01  8.96781158e-01  8.96736325e-01 -1.51880544e-05 -6.30150663e-13  4.94255467e-12 
 5.66148157e-05  8.96665760e-01  8.96781160e-01  8.96736319e-01 -1.51269402e-05 -1.90520993e-13  3.08991954e-12 
 5.67148157e-05  8.96665544e-01  8.96781145e-01  8.96736313e-01 -1.51880498e-05 -6.29726306e-13  4.94254334e-12 
 5.68148157e-05  8.96665747e-01  8.96781147e-01  8.96736306e-01 -1.51269448e-05 -1.90942965e-13  3.08999392e-12 
 5.69148157e-05  8.96665532e-01  8.96781133e-01  8.96736300e-01 -1.51880451e-05 -6.29305202e-13  4.94241486e-12 
 5.70148157e-05  8.96665735e-01  8.96781135e-01  8.96736294e-01 -1.51269494e-05 -1.91362768e-13  3.09009925e-12 
 5.71148157e-05  8.96665519e-01  8.96781120e-01  8.96736288e-01 -1.51880405e-05 -6.28882580e-13  4.94230736e-12 
 5.72148157e-05  8.96665722e-01  8.96781122e-01  8.96736281e-01 -1.51269541e-05 -1.91780836e-13  3.09023889e-12 
 5.73148157e-05  8.96665507e-01  8.96781108e-01  8.96736275e-01 -1.51880358e-05 -6.28466029e-13  4.94215855e-12 
 5.74148157e-05  8.96665710e-01  8.96781110e-01  8.96736269e-01 -1.51269587e-05 -1.92198037e-13  3.09046050e-12 
 5.75148157e-05  8.96665494e-01  8.96781095e-01  8.96736263e-01 -1.51880312e-05 -6.28051213e-13  4.94191531e-12 
 5.76148157e-05  8.96665697e-01  8.96781097e-01  8.96736256e-01 -1.51269634e-05 -1.92612636e-13  3.09065094e-12 
 5.77148157e-05  8.96665482e-01  8.96781083e-01  8.96736250e-01 -1.51880266e-05 -6.27636831e-13  4.94175328e-12 
 5.78148157e-05  8.96665685e-01  8.96781085e-01  8.96736244e-01 -1.51269680e-05 -1.93027235e-13  3.09087342e-12 
 5.79148157e-05  8.96665470e-01  8.96781070e-01  8.96736238e-01 -1.51880219e-05 -6.27223100e-13  4.94148656e-12 
 5.80148157e-05  8.96665672e-01  8.96781072e-01  8.96736231e-01 -1.51269727e-05 -1.93438364e-13  3.09104917e-12 
 5.81148157e-05  8.96665457e-01  8.96781058e-01  8.96736225e-01 -1.51880173e-05 -6.26811754e-13  4.94127103e-12 
 5.82148157e-05  8.96665660e-01  8.96781060e-01  8.96736219e-01 -1.51269773e-05 -1.93848410e-13  3.09134283e-12 
 5.83148157e-05  8.96665445e-01  8.96781045e-01  8.96736213e-01 -1.51880127e-05 -6.26402792e-13  4.94096571e-12 
 5.84148157e-05  8.96665647e-01  8.96781047e-01  8.96736207e-01 -1.51269819e-05 -1.94258888e-13  3.09163480e-12 
 5.85148157e-05  8.96665432e-01  8.96781033e-01  8.96736200e-01 -1.51880080e-05 -6.25995349e-13  4.94071586e-12 
 5.86148157e-05  8.96665635e-01  8.96781035e-01  8.96736194e-01 -1.51269866e-05 -1.94665247e-13  3.09188287e-12 
 5.87148157e-05  8.96665420e-01  8.96781020e-01  8.96736188e-01 -1.51880034e-05 -6.25588773e-13  4.94042817e-12 
 5.88148157e-05  8.96665622e-01  8.96781022e-01  8.96736182e-01 -1.51269912e-05 -1.95071173e-13  3.09215631e-12 
 5.89148157e-05  8.96665407e-01  8.96781008e-01  8.96736175e-01 -1.51879988e-05 -6.25185017e-13  4.94012036e-12 
 5.90148157e-05  8.96665610e-01  8.96781010e-01  8.96736169e-01 -1.51269958e-05 -1.95475580e-13  3.09250000e-12 
 5.91148157e-05  8.96665395e-01  8.96780995e-01  8.96736163e-01 -1.51879941e-05 -6.24780609e-13  4.93983495e-12 
 5.92148157e-05  8.96665597e-01  8.96780997e-01  8.96736157e-01 -1.51270005e-05 -1.95878903e-13  3.09275522e-12 
 5.93148157e-05  8.96665382e-01  8.96780983e-01  8.96736150e-01 -1.51879895e-05 -6.24378370e-13  4.93949223e-12 
 5.94148157e-05  8.96665585e-01  8.96780985e-01  8.96736144e-01 -1.51270051e-05 -1.96278323e-13  3.09305679e-12 
 5.95148157e-05  8.96665370e-01  8.96780971e-01  8.96736138e-01 -1.51879849e-05 -6.23979601e-13  4.93916811e-12 
 5.96148157e-05  8.96665572e-01  8.96780972e-01  8.96736132e-01 -1.51270097e-05 -1.96678177e-13  3.09346472e-12 
 5.97148157e-05  8.96665357e-01  8.96780958e-01  8.96736125e-01 -1.51879803e-05 -6.23580397e-13  4.93883677e-12 
 5.98148157e-05  8.96665560e-01  8.96780960e-01  8.96736119e-01 -1.51270144e-05 -1.97074562e-13  3.09375263e-12 
 5.99148157e-05  8.96665345e-01  8.96780946e-01  8.96736113e-01 -1.51879756e-05 -6.23182712e-13  4.93851796e-12 
 6.00148157e-05  8.96665547e-01  8.96780947e-01  8.96736107e-01 -1.51270190e-05 -1.97472247e-13  3.09401539e-12 
 6.01148157e-05  8.96665332e-01  8.96780933e-01  8.96736101e-01 -1.51879710e-05 -6.22786111e-13  4.93817248e-12 
 6.02148157e-05  8.96665535e-01  8.96780935e-01  8.96736094e-01 -1.51270236e-05 -1.97868631e-13  3.09435387e-12 
 6.03148157e-05  8.96665320e-01  8.96780921e-01  8.96736088e-01 -1.51879664e-05 -6.22391895e-13  4.93786191e-12 
 6.04148157e-05  8.96665522e-01  8.96780923e-01  8.96736082e-01 -1.51270283e-05 -1.98260462e-13  3.09472722e-12 
 6.05148157e-05  8.96665308e-01  8.96780908e-01  8.96736076e-01 -1.51879618e-05 -6.22000498e-13  4.93750125e-12 
 6.06148157e-05  8.96665510e-01  8.96780910e-01  8.96736069e-01 -1.51270329e-05 -1.98652509e-13  3.09510387e-12 
 6.07148157e-05  8.96665295e-01  8.96780896e-01  8.96736063e-01 -1.51879571e-05 -6.21608450e-13  4.93719822e-12 
 6.08148157e-05  8.96665497e-01  8.96780898e-01  8.96736057e-01 -1.51270375e-05 -1.99042172e-13  3.09539856e-12 
 6.09148157e-05  8.96665283e-01  8.96780883e-01  8.96736051e-01 -1.51879525e-05 -6.21219872e-13  4.93679289e-12 
 6.10148157e-05  8.96665485e-01  8.96780885e-01  8.96736044e-01 -1.51270422e-05 -1.99431400e-13  3.09574978e-12 
 6.11148157e-05  8.96665270e-01  8.96780871e-01  8.96736038e-01 -1.51879479e-05 -6.20831078e-13  4.93646438e-12 
 6.12148157e-05  8.96665472e-01  8.96780873e-01  8.96736032e-01 -1.51270468e-05 -1.99820846e-13  3.09617143e-12 
 6.13148157e-05  8.96665258e-01  8.96780858e-01  8.96736026e-01 -1.51879433e-05 -6.20443584e-13  4.93605298e-12 
 6.14148157e-05  8.96665460e-01  8.96780860e-01  8.96736019e-01 -1.51270514e-05 -2.00207255e-13  3.09643804e-12 
 6.15148157e-05  8.96665245e-01  8.96780846e-01  8.96736013e-01 -1.51879387e-05 -6.20059559e-13  4.93573352e-12 
 6.16148157e-05  8.96665447e-01  8.96780848e-01  8.96736007e-01 -1.51270560e-05 -2.00592581e-13  3.09681089e-12 
 6.17148157e-05  8.96665233e-01  8.96780833e-01  8.96736001e-01 -1.51879340e-05 -6.19675969e-13  4.93541384e-12 
 6.18148157e-05  8.96665435e-01  8.96780835e-01  8.96735994e-01 -1.51270607e-05 -2.00974003e-13  3.09719546e-12 
 6.19148157e-05  8.96665220e-01  8.96780821e-01  8.96735988e-01 -1.51879294e-05 -6.19291510e-13  4.93508549e-12 
 6.20148157e-05  8.96665422e-01  8.96780823e-01  8.96735982e-01 -1.51270653e-05 -2.01357160e-13  3.09747177e-12 
 6.21148157e-05  8.96665208e-01  8.96780808e-01  8.96735976e-01 -1.51879248e-05 -6.18910739e-13  4.93467799e-12 
 6.22148157e-05  8.96665410e-01  8.96780810e-01  8.96735970e-01 -1.51270699e-05 -2.01737065e-13  3.09790990e-12 
 6.23148157e-05  8.96665195e-01  8.96780796e-01  8.96735963e-01 -1.51879202e-05 -6.18531268e-13  4.93435571e-12 
 6.24148157e-05  8.96665397e-01  8.96780798e-01  8.96735957e-01 -1.51270745e-05 -2.02116752e-13  3.09825272e-12 
 6.25148157e-05  8.96665183e-01  8.96780783e-01  8.96735951e-01 -1.51879156e-05 -6.18152664e-13  4.93390788e-12 
 6.26148157e-05  8.96665385e-01  8.96780785e-01  8.96735945e-01 -1.51270791e-05 -2.02493838e-13  3.09859099e-12 
 6.27148157e-05  8.96665170e-01  8.96780771e-01  8.96735938e-01 -1.51879110e-05 -6.17774061e-13  4.93362935e-12 
 6.28148157e-05  8.96665372e-01  8.96780773e-01  8.96735932e-01 -1.51270838e-05 -2.02869405e-13  3.09896721e-12 
 6.29148157e-05  8.96665158e-01  8.96780759e-01  8.96735926e-01 -1.51879064e-05 -6.17400228e-13  4.93325763e-12 
 6.30148157e-05  8.96665360e-01  8.96780760e-01  8.96735920e-01 -1.51270884e-05 -2.03244106e-13  3.09934050e-12 
 6.31148157e-05  8.96665146e-01  8.96780746e-01  8.96735913e-01 -1.51879017e-05 -6.17025311e-13  4.93288835e-12 
 6.32148157e-05  8.96665347e-01  8.96780748e-01  8.96735907e-01 -1.51270930e-05 -2.03617722e-13  3.09968918e-12 
 6.33148157e-05  8.96665133e-01  8.96780734e-01  8.96735901e-01 -1.51878971e-05 -6.16653647e-13  4.93255680e-12 
 6.34148157e-05  8.96665335e-01  8.96780735e-01  8.96735895e-01 -1.51270976e-05 -2.03990687e-13  3.10003331e-12 
 6.35148157e-05  8.96665121e-01  8.96780721e-01  8.96735889e-01 -1.51878925e-05 -6.16281548e-13  4.93213359e-12 
 6.36148157e-05  8.96665322e-01  8.96780723e-01  8.96735882e-01 -1.51271022e-05 -2.04361484e-13  3.10040600e-12 
 6.37148157e-05  8.96665108e-01  8.96780709e-01  8.96735876e-01 -1.51878879e-05 -6.15909884e-13  4.93169405e-12 
 6.38148157e-05  8.96665310e-01  8.96780710e-01  8.96735870e-01 -1.51271068e-05 -2.04729679e-13  3.10070665e-12 
 6.39148157e-05  8.96665096e-01  8.96780696e-01  8.96735864e-01 -1.51878833e-05 -6.15542122e-13  4.93142652e-12 
 6.40148157e-05  8.96665298e-01  8.96780698e-01  8.96735857e-01 -1.51271114e-05 -2.05099392e-13  3.10115876e-12 
 6.41148157e-05  8.96665083e-01  8.96780684e-01  8.96735851e-01 -1.51878787e-05 -6.15175445e-13  4.93103654e-12 
 6.42148157e-05  8.96665285e-01  8.96780685e-01  8.96735845e-01 -1.51271161e-05 -2.05465636e-13  3.10148153e-12 
 6.43148157e-05  8.96665071e-01  8.96780671e-01  8.96735839e-01 -1.51878741e-05 -6.14809635e-13  4.93065181e-12 
 6.44148157e-05  8.96665273e-01  8.96780673e-01  8.96735832e-01 -1.51271207e-05 -2.05830145e-13  3.10185319e-12 
 6.45148157e-05  8.96665058e-01  8.96780659e-01  8.96735826e-01 -1.51878695e-05 -6.14445344e-13  4.93033869e-12 
 6.46148157e-05  8.96665260e-01  8.96780660e-01  8.96735820e-01 -1.51271253e-05 -2.06194653e-13  3.10224692e-12 
 6.47148157e-05  8.96665046e-01  8.96780646e-01  8.96735814e-01 -1.51878649e-05 -6.14080835e-13  4.92996502e-12 
 6.48148157e-05  8.96665248e-01  8.96780648e-01  8.96735807e-01 -1.51271299e-05 -2.06556777e-13  3.10258904e-12 
 6.49148157e-05  8.96665033e-01  8.96780634e-01  8.96735801e-01 -1.51878603e-05 -6.13719145e-13  4.92958853e-12 
 6.50148157e-05  8.96665235e-01  8.96780635e-01  8.96735795e-01 -1.51271345e-05 -2.06917816e-13  3.10296987e-12 
 6.51148157e-05  8.96665021e-01  8.96780621e-01  8.96735789e-01 -1.51878557e-05 -6.13359190e-13  4.92924294e-12 
 6.52148157e-05  8.96665223e-01  8.96780623e-01  8.96735782e-01 -1.51271391e-05 -2.07278422e-13  3.10337135e-12 
 6.53148157e-05  8.96665008e-01  8.96780609e-01  8.96735776e-01 -1.51878511e-05 -6.13000102e-13  4.92885696e-12 
 6.54148157e-05  8.96665210e-01  8.96780611e-01  8.96735770e-01 -1.51271437e-05 -2.07636642e-13  3.10368327e-12 
 6.55148157e-05  8.96664996e-01  8.96780596e-01  8.96735764e-01 -1.51878465e-05 -6.12639930e-13  4.92857534e-12 
 6.56148157e-05  8.96665198e-01  8.96780598e-01  8.96735757e-01 -1.51271483e-05 -2.07993778e-13  3.10414238e-12 
 6.57148157e-05  8.96664984e-01  8.96780584e-01  8.96735751e-01 -1.51878419e-05 -6.12282794e-13  4.92811293e-12 
 6.58148157e-05  8.96665185e-01  8.96780586e-01  8.96735745e-01 -1.51271529e-05 -2.08351999e-13  3.10443424e-12 
 6.59148157e-05  8.96664971e-01  8.96780572e-01  8.96735739e-01 -1.51878373e-05 -6.11927826e-13  4.92776989e-12 
 6.60148157e-05  8.96665173e-01  8.96780573e-01  8.96735733e-01 -1.51271575e-05 -2.08707183e-13  3.10480076e-12 
 6.61148157e-05  8.96664959e-01  8.96780559e-01  8.96735726e-01 -1.51878327e-05 -6.11574593e-13  4.92738413e-12 
 6.62148157e-05  8.96665160e-01  8.96780561e-01  8.96735720e-01 -1.51271621e-05 -2.09058682e-13  3.10520392e-12 
 6.63148157e-05  8.96664946e-01  8.96780547e-01  8.96735714e-01 -1.51878281e-05 -6.11222227e-13  4.92698704e-12 
 6.64148157e-05  8.96665148e-01  8.96780548e-01  8.96735708e-01 -1.51271667e-05 -2.09411264e-13  3.10551725e-12 
 6.65148157e-05  8.96664934e-01  8.96780534e-01  8.96735701e-01 -1.51878235e-05 -6.10870078e-13  4.92668059e-12 
 6.66148157e-05  8.96665135e-01  8.96780536e-01  8.96735695e-01 -1.51271713e-05 -2.09761462e-13  3.10591700e-12 
 6.67148157e-05  8.96664921e-01  8.96780522e-01  8.96735689e-01 -1.51878189e-05 -6.10520749e-13  4.92628816e-12 
 6.68148157e-05  8.96665123e-01  8.96780523e-01  8.96735683e-01 -1.51271759e-05 -2.10111659e-13  3.10629604e-12 
 6.69148157e-05  8.96664909e-01  8.96780509e-01  8.96735676e-01 -1.51878143e-05 -6.10171419e-13  4.92592241e-12 
 6.70148157e-05  8.96665110e-01  8.96780511e-01  8.96735670e-01 -1.51271805e-05 -2.10460772e-13  3.10666548e-12 
 6.71148157e-05  8.96664896e-01  8.96780497e-01  8.96735664e-01 -1.51878097e-05 -6.09823173e-13  4.92554326e-12 
 6.72148157e-05  8.96665098e-01  8.96780498e-01  8.96735658e-01 -1.51271851e-05 -2.10805982e-13  3.10704332e-12 
 6.73148157e-05  8.96664884e-01  8.96780484e-01  8.96735652e-01 -1.51878051e-05 -6.09477096e-13  4.92526896e-12 
 6.74148157e-05  8.96665085e-01  8.96780486e-01  8.96735645e-01 -1.51271897e-05 -2.11152493e-13  3.10743271e-12 
 6.75148157e-05  8.96664871e-01  8.96780472e-01  8.96735639e-01 -1.51878005e-05 -6.09130801e-13  4.92480563e-12 
 6.76148157e-05  8.96665073e-01  8.96780473e-01  8.96735633e-01 -1.51271943e-05 -2.11497053e-13  3.10777885e-12 
 6.77148157e-05  8.96664859e-01  8.96780459e-01  8.96735627e-01 -1.51877959e-05 -6.08787326e-13  4.92442719e-12 
 6.78148157e-05  8.96665060e-01  8.96780461e-01  8.96735620e-01 -1.51271989e-05 -2.11839227e-13  3.10818211e-12 
 6.79148157e-05  8.96664846e-01  8.96780447e-01  8.96735614e-01 -1.51877913e-05 -6.08444718e-13  4.92412827e-12 
 6.80148157e-05  8.96665048e-01  8.96780448e-01  8.96735608e-01 -1.51272035e-05 -2.12181184e-13  3.10853963e-12 
 6.81148157e-05  8.96664834e-01  8.96780434e-01  8.96735602e-01 -1.51877868e-05 -6.08104279e-13  4.92372619e-12 
 6.82148157e-05  8.96665035e-01  8.96780436e-01  8.96735595e-01 -1.51272081e-05 -2.12520756e-13  3.10888007e-12 
 6.83148157e-05  8.96664822e-01  8.96780422e-01  8.96735589e-01 -1.51877822e-05 -6.07764056e-13  4.92332293e-12 
 6.84148157e-05  8.96665023e-01  8.96780423e-01  8.96735583e-01 -1.51272127e-05 -2.12860762e-13  3.10927293e-12 
 6.85148157e-05  8.96664809e-01  8.96780409e-01  8.96735577e-01 -1.51877776e-05 -6.07425568e-13  4.92301648e-12 
 6.86148157e-05  8.96665010e-01  8.96780411e-01  8.96735570e-01 -1.51272173e-05 -2.13201418e-13  3.10964546e-12 
 6.87148157e-05  8.96664797e-01  8.96780397e-01  8.96735564e-01 -1.51877730e-05 -6.07088164e-13  4.92257797e-12 
 6.88148157e-05  8.96664998e-01  8.96780398e-01  8.96735558e-01 -1.51272219e-05 -2.13538172e-13  3.10997051e-12 
 6.89148157e-05  8.96664784e-01  8.96780385e-01  8.96735552e-01 -1.51877684e-05 -6.06750761e-13  4.92222403e-12 
 6.90148157e-05  8.96664985e-01  8.96780386e-01  8.96735545e-01 -1.51272265e-05 -2.13873190e-13  3.11040733e-12 
 6.91148157e-05  8.96664772e-01  8.96780372e-01  8.96735539e-01 -1.51877638e-05 -6.06417260e-13  4.92187015e-12 
 6.92148157e-05  8.96664973e-01  8.96780373e-01  8.96735533e-01 -1.51272311e-05 -2.14207558e-13  3.11074869e-12 
 6.93148157e-05  8.96664759e-01  8.96780360e-01  8.96735527e-01 -1.51877592e-05 -6.06081808e-13  4.92149089e-12 
 6.94148157e-05  8.96664960e-01  8.96780361e-01  8.96735520e-01 -1.51272357e-05 -2.14539974e-13  3.11110615e-12 
 6.95148157e-05  8.96664747e-01  8.96780347e-01  8.96735514e-01 -1.51877547e-05 -6.05750042e-13  4.92112904e-12 
 6.96148157e-05  8.96664948e-01  8.96780348e-01  8.96735508e-01 -1.51272403e-05 -2.14873692e-13  3.11149939e-12 
 6.97148157e-05  8.96664734e-01  8.96780335e-01  8.96735502e-01 -1.51877501e-05 -6.05419144e-13  4.92074030e-12 
 6.98148157e-05  8.96664935e-01  8.96780336e-01  8.96735496e-01 -1.51272449e-05 -2.15204373e-13  3.11193860e-12 
 6.99148157e-05  8.96664722e-01  8.96780322e-01  8.96735489e-01 -1.51877455e-05 -6.05088462e-13  4.92037932e-12 
 7.00148157e-05  8.96664923e-01  8.96780323e-01  8.96735483e-01 -1.51272494e-05 -2.15533537e-13  3.11219518e-12 
 7.01148157e-05  8.96664709e-01  8.96780310e-01  8.96735477e-01 -1.51877409e-05 -6.04759081e-13  4.92007238e-12 
 7.02148157e-05  8.96664910e-01  8.96780311e-01  8.96735471e-01 -1.51272540e-05 -2.15860966e-13  3.11266963e-12 
 7.03148157e-05  8.96664697e-01  8.96780297e-01  8.96735464e-01 -1.51877363e-05 -6.04430351e-13  4.91966618e-12 
 7.04148157e-05  8.96664898e-01  8.96780298e-01  8.96735458e-01 -1.51272586e-05 -2.16188178e-13  3.11304969e-12 
 7.05148157e-05  8.96664684e-01  8.96780285e-01  8.96735452e-01 -1.51877318e-05 -6.04104223e-13  4.91927484e-12 
 7.06148157e-05  8.96664885e-01  8.96780286e-01  8.96735446e-01 -1.51272632e-05 -2.16514740e-13  3.11331131e-12 
 7.07148157e-05  8.96664672e-01  8.96780272e-01  8.96735439e-01 -1.51877272e-05 -6.03778529e-13  4.91890280e-12 
 7.08148157e-05  8.96664873e-01  8.96780274e-01  8.96735433e-01 -1.51272678e-05 -2.16839567e-13  3.11376429e-12 
 7.09148157e-05  8.96664660e-01  8.96780260e-01  8.96735427e-01 -1.51877226e-05 -6.03455870e-13  4.91856545e-12 
 7.10148157e-05  8.96664860e-01  8.96780261e-01  8.96735421e-01 -1.51272724e-05 -2.17163527e-13  3.11409877e-12 
 7.11148157e-05  8.96664647e-01  8.96780247e-01  8.96735415e-01 -1.51877180e-05 -6.03132128e-13  4.91812754e-12 
 7.12148157e-05  8.96664848e-01  8.96780249e-01  8.96735408e-01 -1.51272769e-05 -2.17485535e-13  3.11451060e-12 
 7.13148157e-05  8.96664635e-01  8.96780235e-01  8.96735402e-01 -1.51877134e-05 -6.02808168e-13  4.91781702e-12 
 7.14148157e-05  8.96664835e-01  8.96780236e-01  8.96735396e-01 -1.51272815e-05 -2.17808844e-13  3.11488042e-12 
 7.15148157e-05  8.96664622e-01  8.96780222e-01  8.96735390e-01 -1.51877089e-05 -6.02489413e-13  4.91741131e-12 
 7.16148157e-05  8.96664823e-01  8.96780224e-01  8.96735383e-01 -1.51272861e-05 -2.18129117e-13  3.11517576e-12 
 7.17148157e-05  8.96664610e-01  8.96780210e-01  8.96735377e-01 -1.51877043e-05 -6.02169356e-13  4.91696896e-12 
 7.18148157e-05  8.96664810e-01  8.96780211e-01  8.96735371e-01 -1.51272907e-05 -2.18447873e-13  3.11561546e-12 
 7.19148157e-05  8.96664597e-01  8.96780198e-01  8.96735365e-01 -1.51876997e-05 -6.01852552e-13  4.91673293e-12 
 7.20148157e-05  8.96664798e-01  8.96780199e-01  8.96735358e-01 -1.51272953e-05 -2.18766194e-13  3.11602588e-12 
 7.21148157e-05  8.96664585e-01  8.96780185e-01  8.96735352e-01 -1.51876952e-05 -6.01532929e-13  4.91625691e-12 
 7.22148157e-05  8.96664785e-01  8.96780186e-01  8.96735346e-01 -1.51272998e-05 -2.19081697e-13  3.11632648e-12 
 7.23148157e-05  8.96664572e-01  8.96780173e-01  8.96735340e-01 -1.51876906e-05 -6.01217860e-13  4.91585597e-12 
 7.24148157e-05  8.96664773e-01  8.96780174e-01  8.96735333e-01 -1.51273044e-05 -2.19398284e-13  3.11670676e-12 
 7.25148157e-05  8.96664560e-01  8.96780160e-01  8.96735327e-01 -1.51876860e-05 -6.00902791e-13  4.91558801e-12 
 7.26148157e-05  8.96664760e-01  8.96780161e-01  8.96735321e-01 -1.51273090e-05 -2.19712269e-13  3.11715649e-12 
 7.27148157e-05  8.96664547e-01  8.96780148e-01  8.96735315e-01 -1.51876814e-05 -6.00588589e-13  4.91519580e-12 
 7.28148157e-05  8.96664748e-01  8.96780149e-01  8.96735308e-01 -1.51273136e-05 -2.20025170e-13  3.11749449e-12 
 7.29148157e-05  8.96664535e-01  8.96780135e-01  8.96735302e-01 -1.51876769e-05 -6.00276773e-13  4.91483384e-12 
 7.30148157e-05  8.96664735e-01  8.96780136e-01  8.96735296e-01 -1.51273181e-05 -2.20338288e-13  3.11781926e-12 
 7.31148157e-05  8.96664522e-01  8.96780123e-01  8.96735290e-01 -1.51876723e-05 -5.99963005e-13  4.91443008e-12 
 7.32148157e-05  8.96664723e-01  8.96780124e-01  8.96735283e-01 -1.51273227e-05 -2.20647502e-13  3.11826720e-12 
 7.33148157e-05  8.96664510e-01  8.96780110e-01  8.96735277e-01 -1.51876677e-05 -5.99653573e-13  4.91409908e-12 
 7.34148157e-05  8.96664711e-01  8.96780111e-01  8.96735271e-01 -1.51273273e-05 -2.20956933e-13  3.11860639e-12 
 7.35148157e-05  8.96664498e-01  8.96780098e-01  8.96735265e-01 -1.51876632e-05 -5.99343708e-13  4.91368117e-12 
 7.36148157e-05  8.96664698e-01  8.96780099e-01  8.96735259e-01 -1.51273319e-05 -2.21265497e-13  3.11899318e-12 
 7.37148157e-05  8.96664485e-01  8.96780085e-01  8.96735252e-01 -1.51876586e-05 -5.99035361e-13  4.91332929e-12 
 7.38148157e-05  8.96664686e-01  8.96780086e-01  8.96735246e-01 -1.51273364e-05 -2.21572326e-13  3.11934354e-12 
 7.39148157e-05  8.96664473e-01  8.96780073e-01  8.96735240e-01 -1.51876540e-05 -5.98729183e-13  4.91291323e-12 
 7.40148157e-05  8.96664673e-01  8.96780074e-01  8.96735234e-01 -1.51273410e-05 -2.21879806e-13  3.11974036e-12 
 7.41148157e-05  8.96664460e-01  8.96780060e-01  8.96735227e-01 -1.51876495e-05 -5.98421052e-13  4.91255804e-12 
 7.42148157e-05  8.96664661e-01  8.96780061e-01  8.96735221e-01 -1.51273456e-05 -2.22185118e-13  3.12010303e-12 
 7.43148157e-05  8.96664448e-01  8.96780048e-01  8.96735215e-01 -1.51876449e-05 -5.98117909e-13  4.91218497e-12 
 7.44148157e-05  8.96664648e-01  8.96780049e-01  8.96735209e-01 -1.51273501e-05 -2.22491730e-13  3.12044715e-12 
 7.45148157e-05  8.96664435e-01  8.96780035e-01  8.96735202e-01 -1.51876404e-05 -5.97813899e-13  4.91177140e-12 
 7.46148157e-05  8.96664636e-01  8.96780036e-01  8.96735196e-01 -1.51273547e-05 -2.22794873e-13  3.12083887e-12 
 7.47148157e-05  8.96664423e-01  8.96780023e-01  8.96735190e-01 -1.51876358e-05 -5.97511407e-13  4.91142836e-12 
 7.48148157e-05  8.96664623e-01  8.96780024e-01  8.96735184e-01 -1.51273593e-05 -2.23095631e-13  3.12122030e-12 
 7.49148157e-05  8.96664410e-01  8.96780010e-01  8.96735178e-01 -1.51876312e-05 -5.97210649e-13  4.91107784e-12 
 7.50148157e-05  8.96664611e-01  8.96780011e-01  8.96735171e-01 -1.51273638e-05 -2.23398123e-13  3.12162969e-12 
 7.51148157e-05  8.96664398e-01  8.96779998e-01  8.96735165e-01 -1.51876267e-05 -5.96909241e-13  4.91064492e-12 
 7.52148157e-05  8.96664598e-01  8.96779999e-01  8.96735159e-01 -1.51273684e-05 -2.23699097e-13  3.12195853e-12 
 7.53148157e-05  8.96664385e-01  8.96779986e-01  8.96735153e-01 -1.51876221e-05 -5.96610001e-13  4.91031689e-12 
 7.54148157e-05  8.96664586e-01  8.96779986e-01  8.96735146e-01 -1.51273730e-05 -2.23997470e-13  3.12233453e-12 
 7.55148157e-05  8.96664373e-01  8.96779973e-01  8.96735140e-01 -1.51876176e-05 -5.96313146e-13  4.90990825e-12 
 7.56148157e-05  8.96664573e-01  8.96779974e-01  8.96735134e-01 -1.51273775e-05 -2.24295192e-13  3.12272772e-12 
 7.57148157e-05  8.96664360e-01  8.96779961e-01  8.96735128e-01 -1.51876130e-05 -5.96014774e-13  4.90958191e-12 
 7.58148157e-05  8.96664561e-01  8.96779962e-01  8.96735121e-01 -1.51273821e-05 -2.24591830e-13  3.12318108e-12 
 7.59148157e-05  8.96664348e-01  8.96779948e-01  8.96735115e-01 -1.51876085e-05 -5.95716835e-13  4.90921561e-12 
 7.60148157e-05  8.96664548e-01  8.96779949e-01  8.96735109e-01 -1.51273866e-05 -2.24887383e-13  3.12343771e-12 
 7.61148157e-05  8.96664336e-01  8.96779936e-01  8.96735103e-01 -1.51876039e-05 -5.95421499e-13  4.90883777e-12 
 7.62148157e-05  8.96664536e-01  8.96779937e-01  8.96735096e-01 -1.51273912e-05 -2.25182286e-13  3.12386982e-12 
 7.63148157e-05  8.96664323e-01  8.96779923e-01  8.96735090e-01 -1.51875993e-05 -5.95127680e-13  4.90839118e-12 
 7.64148157e-05  8.96664523e-01  8.96779924e-01  8.96735084e-01 -1.51273958e-05 -2.25475454e-13  3.12426235e-12 
 7.65148157e-05  8.96664311e-01  8.96779911e-01  8.96735078e-01 -1.51875948e-05 -5.94835379e-13  4.90805947e-12 
 7.66148157e-05  8.96664511e-01  8.96779912e-01  8.96735071e-01 -1.51274003e-05 -2.25767755e-13  3.12461390e-12 
 7.67148157e-05  8.96664298e-01  8.96779898e-01  8.96735065e-01 -1.51875902e-05 -5.94543728e-13  4.90776782e-12 
 7.68148157e-05  8.96664498e-01  8.96779899e-01  8.96735059e-01 -1.51274049e-05 -2.26059406e-13  3.12502113e-12 
 7.69148157e-05  8.96664286e-01  8.96779886e-01  8.96735053e-01 -1.51875857e-05 -5.94250994e-13  4.90735106e-12 
 7.70148157e-05  8.96664486e-01  8.96779887e-01  8.96735046e-01 -1.51274094e-05 -2.26348888e-13  3.12537707e-12 
 7.71148157e-05  8.96664273e-01  8.96779873e-01  8.96735040e-01 -1.51875811e-05 -5.93961512e-13  4.90693293e-12 
 7.72148157e-05  8.96664473e-01  8.96779874e-01  8.96735034e-01 -1.51274140e-05 -2.26640755e-13  3.12574050e-12 
 7.73148157e-05  8.96664261e-01  8.96779861e-01  8.96735028e-01 -1.51875766e-05 -5.93673331e-13  4.90658312e-12 
 7.74148157e-05  8.96664461e-01  8.96779862e-01  8.96735022e-01 -1.51274185e-05 -2.26928285e-13  3.12616068e-12 
 7.75148157e-05  8.96664248e-01  8.96779848e-01  8.96735015e-01 -1.51875720e-05 -5.93385367e-13  4.90618543e-12 
 7.76148157e-05  8.96664448e-01  8.96779849e-01  8.96735009e-01 -1.51274231e-05 -2.27215816e-13  3.12650025e-12 
 7.77148157e-05  8.96664236e-01  8.96779836e-01  8.96735003e-01 -1.51875675e-05 -5.93098270e-13  4.90578905e-12 
 7.78148157e-05  8.96664436e-01  8.96779837e-01  8.96734997e-01 -1.51274277e-05 -2.27501828e-13  3.12691008e-12 
 7.79148157e-05  8.96664223e-01  8.96779823e-01  8.96734990e-01 -1.51875630e-05 -5.92812474e-13  4.90547956e-12 
 7.80148157e-05  8.96664423e-01  8.96779824e-01  8.96734984e-01 -1.51274322e-05 -2.27786540e-13  3.12732495e-12 
 7.81148157e-05  8.96664211e-01  8.96779811e-01  8.96734978e-01 -1.51875584e-05 -5.92526245e-13  4.90507098e-12 
 7.82148157e-05  8.96664411e-01  8.96779812e-01  8.96734972e-01 -1.51274368e-05 -2.28073636e-13  3.12764289e-12 
 7.83148157e-05  8.96664198e-01  8.96779799e-01  8.96734965e-01 -1.51875539e-05 -5.92243919e-13  4.90468831e-12 
 7.84148157e-05  8.96664398e-01  8.96779799e-01  8.96734959e-01 -1.51274413e-05 -2.28355963e-13  3.12800458e-12 
 7.85148157e-05  8.96664186e-01  8.96779786e-01  8.96734953e-01 -1.51875493e-05 -5.91960508e-13  4.90432971e-12 
 7.86148157e-05  8.96664386e-01  8.96779787e-01  8.96734947e-01 -1.51274459e-05 -2.28638506e-13  3.12840064e-12 
 7.87148157e-05  8.96664174e-01  8.96779774e-01  8.96734941e-01 -1.51875448e-05 -5.91679266e-13  4.90392574e-12 
 7.88148157e-05  8.96664373e-01  8.96779774e-01  8.96734934e-01 -1.51274504e-05 -2.28920398e-13  3.12874748e-12 
 7.89148157e-05  8.96664161e-01  8.96779761e-01  8.96734928e-01 -1.51875402e-05 -5.91396073e-13  4.90353390e-12 
 7.90148157e-05  8.96664361e-01  8.96779762e-01  8.96734922e-01 -1.51274550e-05 -2.29199689e-13  3.12916500e-12 
 7.91148157e-05  8.96664149e-01  8.96779749e-01  8.96734916e-01 -1.51875357e-05 -5.91116782e-13  4.90319970e-12 
 7.92148157e-05  8.96664348e-01  8.96779749e-01  8.96734909e-01 -1.51274595e-05 -2.29479847e-13  3.12953737e-12 
 7.93148157e-05  8.96664136e-01  8.96779736e-01  8.96734903e-01 -1.51875311e-05 -5.90837709e-13  4.90279453e-12 
 7.94148157e-05  8.96664336e-01  8.96779737e-01  8.96734897e-01 -1.51274641e-05 -2.29756969e-13  3.12989332e-12 
 7.95148157e-05  8.96664124e-01  8.96779724e-01  8.96734891e-01 -1.51875266e-05 -5.90560370e-13  4.90246878e-12 
 7.96148157e-05  8.96664323e-01  8.96779724e-01  8.96734884e-01 -1.51274686e-05 -2.30034741e-13  3.13030916e-12 
 7.97148157e-05  8.96664111e-01  8.96779711e-01  8.96734878e-01 -1.51875221e-05 -5.90283248e-13  4.90206600e-12 
 7.98148157e-05  8.96664311e-01  8.96779712e-01  8.96734872e-01 -1.51274731e-05 -2.30311646e-13  3.13066950e-12 
 7.99148157e-05  8.96664099e-01  8.96779699e-01  8.96734866e-01 -1.51875175e-05 -5.90006776e-13  4.90168496e-12 
 8.00148157e-05  8.96664298e-01  8.96779699e-01  8.96734859e-01 -1.51274777e-05 -2.30589202e-13  3.13107987e-12 
 8.01148157e-05  8.96664086e-01  8.96779686e-01  8.96734853e-01 -1.51875130e-05 -5.89732473e-13  4.90127123e-12 
 8.02148157e-05  8.96664286e-01  8.96779687e-01  8.96734847e-01 -1.51274822e-05 -2.30862421e-13  3.13142063e-12 
 8.03148157e-05  8.96664074e-01  8.96779674e-01  8.96734841e-01 -1.51875085e-05 -5.89458387e-13  4.90089740e-12 
 8.04148157e-05  8.96664273e-01  8.96779675e-01  8.96734834e-01 -1.51274868e-05 -2.31135640e-13  3.13176416e-12 
 8.05148157e-05  8.96664061e-01  8.96779661e-01  8.96734828e-01 -1.51875039e-05 -5.89185601e-13  4.90057252e-12 
 8.06148157e-05  8.96664261e-01  8.96779662e-01  8.96734822e-01 -1.51274913e-05 -2.31408425e-13  3.13219969e-12 
 8.07148157e-05  8.96664049e-01  8.96779649e-01  8.96734816e-01 -1.51874994e-05 -5.88913033e-13  4.90012750e-12 
 8.08148157e-05  8.96664248e-01  8.96779650e-01  8.96734810e-01 -1.51274959e-05 -2.31680560e-13  3.13258908e-12 
 8.09148157e-05  8.96664036e-01  8.96779636e-01  8.96734803e-01 -1.51874949e-05 -5.88640898e-13  4.89981759e-12 
 8.10148157e-05  8.96664236e-01  8.96779637e-01  8.96734797e-01 -1.51275004e-05 -2.31951177e-13  3.13297196e-12 
 8.11148157e-05  8.96664024e-01  8.96779624e-01  8.96734791e-01 -1.51874903e-05 -5.88371149e-13  4.89943193e-12 
 8.12148157e-05  8.96664223e-01  8.96779625e-01  8.96734785e-01 -1.51275049e-05 -2.32220493e-13  3.13333902e-12 
 8.13148157e-05  8.96664012e-01  8.96779612e-01  8.96734778e-01 -1.51874858e-05 -5.88102700e-13  4.89903495e-12 
 8.14148157e-05  8.96664211e-01  8.96779612e-01  8.96734772e-01 -1.51275095e-05 -2.32488941e-13  3.13367794e-12 
 8.15148157e-05  8.96663999e-01  8.96779599e-01  8.96734766e-01 -1.51874813e-05 -5.87834252e-13  4.89866042e-12 
 8.16148157e-05  8.96664198e-01  8.96779600e-01  8.96734760e-01 -1.51275140e-05 -2.32757390e-13  3.13404104e-12 
 8.17148157e-05  8.96663987e-01  8.96779587e-01  8.96734753e-01 -1.51874767e-05 -5.87564502e-13  4.89828978e-12 
 8.18148157e-05  8.96664186e-01  8.96779587e-01  8.96734747e-01 -1.51275185e-05 -2.33023670e-13  3.13446084e-12 
 8.19148157e-05  8.96663974e-01  8.96779574e-01  8.96734741e-01 -1.51874722e-05 -5.87297789e-13  4.89783160e-12 
 8.20148157e-05  8.96664173e-01  8.96779575e-01  8.96734735e-01 -1.51275231e-05 -2.33290817e-13  3.13479201e-12 
 8.21148157e-05  8.96663962e-01  8.96779562e-01  8.96734728e-01 -1.51874677e-05 -5.87032376e-13  4.89750764e-12 
 8.22148157e-05  8.96664161e-01  8.96779562e-01  8.96734722e-01 -1.51275276e-05 -2.33555363e-13  3.13521935e-12 
 8.23148157e-05  8.96663949e-01  8.96779549e-01  8.96734716e-01 -1.51874631e-05 -5.86769132e-13  4.89715007e-12 
 8.24148157e-05  8.96664148e-01  8.96779550e-01  8.96734710e-01 -1.51275321e-05 -2.33818607e-13  3.13560994e-12 
 8.25148157e-05  8.96663937e-01  8.96779537e-01  8.96734704e-01 -1.51874586e-05 -5.86504586e-13  4.89675894e-12 
 8.26148157e-05  8.96664136e-01  8.96779537e-01  8.96734697e-01 -1.51275367e-05 -2.34082502e-13  3.13595081e-12 
 8.27148157e-05  8.96663924e-01  8.96779524e-01  8.96734691e-01 -1.51874541e-05 -5.86240041e-13  4.89640305e-12 
 8.28148157e-05  8.96664124e-01  8.96779525e-01  8.96734685e-01 -1.51275412e-05 -2.34347697e-13  3.13633397e-12 
 8.29148157e-05  8.96663912e-01  8.96779512e-01  8.96734679e-01 -1.51874496e-05 -5.85979616e-13  4.89600071e-12 
 8.30148157e-05  8.96664111e-01  8.96779512e-01  8.96734672e-01 -1.51275457e-05 -2.34608557e-13  3.13675567e-12 
 8.31148157e-05  8.96663899e-01  8.96779499e-01  8.96734666e-01 -1.51874450e-05 -5.85718756e-13  4.89562427e-12 
 8.32148157e-05  8.96664099e-01  8.96779500e-01  8.96734660e-01 -1.51275503e-05 -2.34868982e-13  3.13711671e-12 
 8.33148157e-05  8.96663887e-01  8.96779487e-01  8.96734654e-01 -1.51874405e-05 -5.85459198e-13  4.89526502e-12 
 8.34148157e-05  8.96664086e-01  8.96779487e-01  8.96734647e-01 -1.51275548e-05 -2.35128106e-13  3.13746051e-12 
 8.35148157e-05  8.96663874e-01  8.96779474e-01  8.96734641e-01 -1.51874360e-05 -5.85200291e-13  4.89487541e-12 
 8.36148157e-05  8.96664074e-01  8.96779475e-01  8.96734635e-01 -1.51275593e-05 -2.35387231e-13  3.13787332e-12 
 8.37148157e-05  8.96663862e-01  8.96779462e-01  8.96734629e-01 -1.51874315e-05 -5.84941167e-13  4.89448998e-12 
 8.38148157e-05  8.96664061e-01  8.96779462e-01  8.96734622e-01 -1.51275639e-05 -2.35646138e-13  3.13822454e-12 
 8.39148157e-05  8.96663850e-01  8.96779449e-01  8.96734616e-01 -1.51874269e-05 -5.84683777e-13  4.89404632e-12 
 8.40148157e-05  8.96664049e-01  8.96779450e-01  8.96734610e-01 -1.51275684e-05 -2.35902660e-13  3.13865427e-12 
 8.41148157e-05  8.96663837e-01  8.96779437e-01  8.96734604e-01 -1.51874224e-05 -5.84427689e-13  4.89376123e-12 
 8.42148157e-05  8.96664036e-01  8.96779437e-01  8.96734597e-01 -1.51275729e-05 -2.36158315e-13  3.13902734e-12 
 8.43148157e-05  8.96663825e-01  8.96779424e-01  8.96734591e-01 -1.51874179e-05 -5.84171383e-13  4.89333465e-12 
 8.44148157e-05  8.96664024e-01  8.96779425e-01  8.96734585e-01 -1.51275774e-05 -2.36414621e-13  3.13937114e-12 
 8.45148157e-05  8.96663812e-01  8.96779412e-01  8.96734579e-01 -1.51874134e-05 -5.83915511e-13  4.89301221e-12 
 8.46148157e-05  8.96664011e-01  8.96779412e-01  8.96734573e-01 -1.51275820e-05 -2.36668107e-13  3.13978585e-12 
 8.47148157e-05  8.96663800e-01  8.96779400e-01  8.96734566e-01 -1.51874089e-05 -5.83661591e-13  4.89255072e-12 
 8.48148157e-05  8.96663999e-01  8.96779400e-01  8.96734560e-01 -1.51275865e-05 -2.36922461e-13  3.14015063e-12 
 8.49148157e-05  8.96663787e-01  8.96779387e-01  8.96734554e-01 -1.51874044e-05 -5.83408538e-13  4.89224302e-12 
 8.50148157e-05  8.96663986e-01  8.96779387e-01  8.96734548e-01 -1.51275910e-05 -2.37174863e-13  3.14051091e-12 
 8.51148157e-05  8.96663775e-01  8.96779375e-01  8.96734541e-01 -1.51873998e-05 -5.83156787e-13  4.89182799e-12 
 8.52148157e-05  8.96663974e-01  8.96779375e-01  8.96734535e-01 -1.51275955e-05 -2.37425747e-13  3.14094687e-12 
 8.53148157e-05  8.96663762e-01  8.96779362e-01  8.96734529e-01 -1.51873953e-05 -5.82906119e-13  4.89148733e-12 
 8.54148157e-05  8.96663961e-01  8.96779363e-01  8.96734523e-01 -1.51276001e-05 -2.37677066e-13  3.14129262e-12 
 8.55148157e-05  8.96663750e-01  8.96779350e-01  8.96734516e-01 -1.51873908e-05 -5.82653934e-13  4.89109686e-12 
 8.56148157e-05  8.96663949e-01  8.96779350e-01  8.96734510e-01 -1.51276046e-05 -2.37928600e-13  3.14166726e-12 
 8.57148157e-05  8.96663737e-01  8.96779337e-01  8.96734504e-01 -1.51873863e-05 -5.82403483e-13  4.89070459e-12 
 8.58148157e-05  8.96663936e-01  8.96779338e-01  8.96734498e-01 -1.51276091e-05 -2.38178401e-13  3.14203719e-12 
 8.59148157e-05  8.96663725e-01  8.96779325e-01  8.96734491e-01 -1.51873818e-05 -5.82154984e-13  4.89028956e-12 
 8.60148157e-05  8.96663924e-01  8.96779325e-01  8.96734485e-01 -1.51276136e-05 -2.38426683e-13  3.14241927e-12 
 8.61148157e-05  8.96663712e-01  8.96779312e-01  8.96734479e-01 -1.51873773e-05 -5.81908220e-13  4.88992055e-12 
 8.62148157e-05  8.96663911e-01  8.96779313e-01  8.96734473e-01 -1.51276181e-05 -2.38674532e-13  3.14278107e-12 
 8.63148157e-05  8.96663700e-01  8.96779300e-01  8.96734467e-01 -1.51873728e-05 -5.81661238e-13  4.88949674e-12 
 8.64148157e-05  8.96663899e-01  8.96779300e-01  8.96734460e-01 -1.51276226e-05 -2.38920212e-13  3.14315961e-12 
 8.65148157e-05  8.96663688e-01  8.96779287e-01  8.96734454e-01 -1.51873682e-05 -5.81412305e-13  4.88918693e-12 
 8.66148157e-05  8.96663886e-01  8.96779288e-01  8.96734448e-01 -1.51276272e-05 -2.39167627e-13  3.14361026e-12 
 8.67148157e-05  8.96663675e-01  8.96779275e-01  8.96734442e-01 -1.51873637e-05 -5.81167059e-13  4.88879347e-12 
 8.68148157e-05  8.96663874e-01  8.96779275e-01  8.96734435e-01 -1.51276317e-05 -2.39412873e-13  3.14396192e-12 
 8.69148157e-05  8.96663663e-01  8.96779262e-01  8.96734429e-01 -1.51873592e-05 -5.80922897e-13  4.88843552e-12 
 8.70148157e-05  8.96663861e-01  8.96779263e-01  8.96734423e-01 -1.51276362e-05 -2.39656602e-13  3.14434649e-12 
 8.71148157e-05  8.96663650e-01  8.96779250e-01  8.96734417e-01 -1.51873547e-05 -5.80679385e-13  4.88803849e-12 
 8.72148157e-05  8.96663849e-01  8.96779250e-01  8.96734410e-01 -1.51276407e-05 -2.39900114e-13  3.14471772e-12 
 8.73148157e-05  8.96663638e-01  8.96779237e-01  8.96734404e-01 -1.51873502e-05 -5.80436523e-13  4.88764140e-12 
 8.74148157e-05  8.96663836e-01  8.96779238e-01  8.96734398e-01 -1.51276452e-05 -2.40143192e-13  3.14510240e-12 
 8.75148157e-05  8.96663625e-01  8.96779225e-01  8.96734392e-01 -1.51873457e-05 -5.80191711e-13  4.88728182e-12 
 8.76148157e-05  8.96663824e-01  8.96779225e-01  8.96734385e-01 -1.51276497e-05 -2.40385186e-13  3.14548111e-12 
 8.77148157e-05  8.96663613e-01  8.96779213e-01  8.96734379e-01 -1.51873412e-05 -5.79950801e-13  4.88691081e-12 
 8.78148157e-05  8.96663811e-01  8.96779213e-01  8.96734373e-01 -1.51276542e-05 -2.40625879e-13  3.14586708e-12 
 8.79148157e-05  8.96663600e-01  8.96779200e-01  8.96734367e-01 -1.51873367e-05 -5.79709674e-13  4.88652462e-12 
 8.80148157e-05  8.96663799e-01  8.96779200e-01  8.96734360e-01 -1.51276588e-05 -2.40865704e-13  3.14623718e-12 
 8.81148157e-05  8.96663588e-01  8.96779188e-01  8.96734354e-01 -1.51873322e-05 -5.79471367e-13  4.88613311e-12 
 8.82148157e-05  8.96663786e-01  8.96779188e-01  8.96734348e-01 -1.51276633e-05 -2.41105746e-13  3.14660017e-12 
 8.83148157e-05  8.96663575e-01  8.96779175e-01  8.96734342e-01 -1.51873277e-05 -5.79231541e-13  4.88573293e-12 
 8.84148157e-05  8.96663774e-01  8.96779175e-01  8.96734336e-01 -1.51276678e-05 -2.41344271e-13  3.14702550e-12 
 8.85148157e-05  8.96663563e-01  8.96779163e-01  8.96734329e-01 -1.51873232e-05 -5.78992583e-13  4.88536490e-12 
 8.86148157e-05  8.96663761e-01  8.96779163e-01  8.96734323e-01 -1.51276723e-05 -2.41583446e-13  3.14734209e-12 
 8.87148157e-05  8.96663550e-01  8.96779150e-01  8.96734317e-01 -1.51873187e-05 -5.78754926e-13  4.88493534e-12 
 8.88148157e-05  8.96663749e-01  8.96779150e-01  8.96734311e-01 -1.51276768e-05 -2.41819585e-13  3.14772031e-12 
 8.89148157e-05  8.96663538e-01  8.96779138e-01  8.96734304e-01 -1.51873142e-05 -5.78518353e-13  4.88459452e-12 
 8.90148157e-05  8.96663736e-01  8.96779138e-01  8.96734298e-01 -1.51276813e-05 -2.42056375e-13  3.14809886e-12 
 8.91148157e-05  8.96663526e-01  8.96779125e-01  8.96734292e-01 -1.51873097e-05 -5.78283081e-13  4.88421066e-12 
 8.92148157e-05  8.96663724e-01  8.96779125e-01  8.96734286e-01 -1.51276858e-05 -2.42291213e-13  3.14855786e-12 
 8.93148157e-05  8.96663513e-01  8.96779113e-01  8.96734279e-01 -1.51873052e-05 -5.78046075e-13  4.88382842e-12 
 8.94148157e-05  8.96663711e-01  8.96779113e-01  8.96734273e-01 -1.51276903e-05 -2.42526702e-13  3.14887753e-12 
 8.95148157e-05  8.96663501e-01  8.96779100e-01  8.96734267e-01 -1.51873007e-05 -5.77812971e-13  4.88347638e-12 
 8.96148157e-05  8.96663699e-01  8.96779100e-01  8.96734261e-01 -1.51276948e-05 -2.42760890e-13  3.14933095e-12 
 8.97148157e-05  8.96663488e-01  8.96779088e-01  8.96734254e-01 -1.51872962e-05 -5.77579868e-13  4.88308656e-12 
 8.98148157e-05  8.96663686e-01  8.96779088e-01  8.96734248e-01 -1.51276993e-05 -2.42994210e-13  3.14966591e-12 
 8.99148157e-05  8.96663476e-01  8.96779075e-01  8.96734242e-01 -1.51872917e-05 -5.77346981e-13  4.88271251e-12 
 9.00148157e-05  8.96663674e-01  8.96779075e-01  8.96734236e-01 -1.51277038e-05 -2.43226880e-13  3.15002923e-12 
 9.01148157e-05  8.96663463e-01  8.96779063e-01  8.96734230e-01 -1.51872872e-05 -5.77115179e-13  4.88231856e-12 
 9.02148157e-05  8.96663661e-01  8.96779063e-01  8.96734223e-01 -1.51277083e-05 -2.43458032e-13  3.15041195e-12 
 9.03148157e-05  8.96663451e-01  8.96779050e-01  8.96734217e-01 -1.51872827e-05 -5.76881208e-13  4.88194066e-12 
 9.04148157e-05  8.96663649e-01  8.96779051e-01  8.96734211e-01 -1.51277128e-05 -2.43688750e-13  3.15086602e-12 
 9.05148157e-05  8.96663438e-01  8.96779038e-01  8.96734205e-01 -1.51872782e-05 -5.76650490e-13  4.88160667e-12 
 9.06148157e-05  8.96663636e-01  8.96779038e-01  8.96734198e-01 -1.51277173e-05 -2.43920986e-13  3.15125703e-12 
 9.07148157e-05  8.96663426e-01  8.96779026e-01  8.96734192e-01 -1.51872737e-05 -5.76421723e-13  4.88117847e-12 
 9.08148157e-05  8.96663624e-01  8.96779026e-01  8.96734186e-01 -1.51277218e-05 -2.44150620e-13  3.15159227e-12 
 9.09148157e-05  8.96663413e-01  8.96779013e-01  8.96734180e-01 -1.51872692e-05 -5.76192739e-13  4.88084307e-12 
 9.10148157e-05  8.96663611e-01  8.96779013e-01  8.96734173e-01 -1.51277263e-05 -2.44378953e-13  3.15201375e-12 
 9.11148157e-05  8.96663401e-01  8.96779001e-01  8.96734167e-01 -1.51872647e-05 -5.75964406e-13  4.88043454e-12 
 9.12148157e-05  8.96663599e-01  8.96779001e-01  8.96734161e-01 -1.51277308e-05 -2.44606202e-13  3.15233419e-12 
 9.13148157e-05  8.96663388e-01  8.96778988e-01  8.96734155e-01 -1.51872602e-05 -5.75737374e-13  4.88002336e-12 
 9.14148157e-05  8.96663586e-01  8.96778988e-01  8.96734148e-01 -1.51277353e-05 -2.44833667e-13  3.15269523e-12 
 9.15148157e-05  8.96663376e-01  8.96778976e-01  8.96734142e-01 -1.51872557e-05 -5.75509909e-13  4.87967999e-12 
 9.16148157e-05  8.96663574e-01  8.96778976e-01  8.96734136e-01 -1.51277398e-05 -2.45060916e-13  3.15304965e-12 
 9.17148157e-05  8.96663364e-01  8.96778963e-01  8.96734130e-01 -1.51872513e-05 -5.75285479e-13  4.87923054e-12 
 9.18148157e-05  8.96663562e-01  8.96778963e-01  8.96734123e-01 -1.51277443e-05 -2.45287297e-13  3.15354047e-12 
 9.19148157e-05  8.96663351e-01  8.96778951e-01  8.96734117e-01 -1.51872468e-05 -5.75059098e-13  4.87889921e-12 
 9.20148157e-05  8.96663549e-01  8.96778951e-01  8.96734111e-01 -1.51277488e-05 -2.45511727e-13  3.15386611e-12 
 9.21148157e-05  8.96663339e-01  8.96778938e-01  8.96734105e-01 -1.51872423e-05 -5.74834017e-13  4.87851664e-12 
 9.22148157e-05  8.96663537e-01  8.96778938e-01  8.96734099e-01 -1.51277533e-05 -2.45735940e-13  3.15427084e-12 
 9.23148157e-05  8.96663326e-01  8.96778926e-01  8.96734092e-01 -1.51872378e-05 -5.74607419e-13  4.87812883e-12 
 9.24148157e-05  8.96663524e-01  8.96778926e-01  8.96734086e-01 -1.51277578e-05 -2.45960153e-13  3.15463833e-12 
 9.25148157e-05  8.96663314e-01  8.96778913e-01  8.96734080e-01 -1.51872333e-05 -5.74385374e-13  4.87777684e-12 
 9.26148157e-05  8.96663512e-01  8.96778913e-01  8.96734074e-01 -1.51277623e-05 -2.46183499e-13  3.15505884e-12 
 9.27148157e-05  8.96663301e-01  8.96778901e-01  8.96734067e-01 -1.51872288e-05 -5.74162896e-13  4.87736712e-12 
 9.28148157e-05  8.96663499e-01  8.96778901e-01  8.96734061e-01 -1.51277668e-05 -2.46405110e-13  3.15538210e-12 
 9.29148157e-05  8.96663289e-01  8.96778888e-01  8.96734055e-01 -1.51872243e-05 -5.73941068e-13  4.87697540e-12 
 9.30148157e-05  8.96663487e-01  8.96778888e-01  8.96734049e-01 -1.51277713e-05 -2.46625637e-13  3.15580992e-12 
 9.31148157e-05  8.96663276e-01  8.96778876e-01  8.96734042e-01 -1.51872199e-05 -5.73720542e-13  4.87664043e-12 
 9.32148157e-05  8.96663474e-01  8.96778876e-01  8.96734036e-01 -1.51277757e-05 -2.46847248e-13  3.15616066e-12 
 9.33148157e-05  8.96663264e-01  8.96778863e-01  8.96734030e-01 -1.51872154e-05 -5.73498280e-13  4.87622361e-12 
 9.34148157e-05  8.96663462e-01  8.96778863e-01  8.96734024e-01 -1.51277802e-05 -2.47069075e-13  3.15656382e-12 
 9.35148157e-05  8.96663251e-01  8.96778851e-01  8.96734018e-01 -1.51872109e-05 -5.73279922e-13  4.87581866e-12 
 9.36148157e-05  8.96663449e-01  8.96778851e-01  8.96734011e-01 -1.51277847e-05 -2.47287217e-13  3.15694405e-12 
 9.37148157e-05  8.96663239e-01  8.96778838e-01  8.96734005e-01 -1.51872064e-05 -5.73060913e-13  4.87551850e-12 
 9.38148157e-05  8.96663437e-01  8.96778838e-01  8.96733999e-01 -1.51277892e-05 -2.47506442e-13  3.15737302e-12 
 9.39148157e-05  8.96663226e-01  8.96778826e-01  8.96733993e-01 -1.51872019e-05 -5.72842555e-13  4.87507951e-12 
 9.40148157e-05  8.96663424e-01  8.96778826e-01  8.96733986e-01 -1.51277937e-05 -2.47724584e-13  3.15767708e-12 
 9.41148157e-05  8.96663214e-01  8.96778814e-01  8.96733980e-01 -1.51871974e-05 -5.72623763e-13  4.87471489e-12 
 9.42148157e-05  8.96663412e-01  8.96778813e-01  8.96733974e-01 -1.51277982e-05 -2.47940557e-13  3.15810247e-12 
 9.43148157e-05  8.96663202e-01  8.96778801e-01  8.96733968e-01 -1.51871930e-05 -5.72407573e-13  4.87435884e-12 
 9.44148157e-05  8.96663399e-01  8.96778801e-01  8.96733961e-01 -1.51278027e-05 -2.48159566e-13  3.15851533e-12 
 9.45148157e-05  8.96663189e-01  8.96778789e-01  8.96733955e-01 -1.51871885e-05 -5.72190082e-13  4.87388347e-12 
 9.46148157e-05  8.96663387e-01  8.96778788e-01  8.96733949e-01 -1.51278071e-05 -2.48374672e-13  3.15882916e-12 
 9.47148157e-05  8.96663177e-01  8.96778776e-01  8.96733943e-01 -1.51871840e-05 -5.71975843e-13  4.87358976e-12 
 9.48148157e-05  8.96663374e-01  8.96778776e-01  8.96733936e-01 -1.51278116e-05 -2.48589994e-13  3.15926051e-12 
 9.49148157e-05  8.96663164e-01  8.96778764e-01  8.96733930e-01 -1.51871795e-05 -5.71760955e-13  4.87318199e-12 
 9.50148157e-05  8.96663362e-01  8.96778764e-01  8.96733924e-01 -1.51278161e-05 -2.48803799e-13  3.15962610e-12 
 9.51148157e-05  8.96663152e-01  8.96778751e-01  8.96733918e-01 -1.51871751e-05 -5.71546066e-13  4.87280854e-12 
 9.52148157e-05  8.96663349e-01  8.96778751e-01  8.96733911e-01 -1.51278206e-05 -2.49018254e-13  3.16002611e-12 
 9.53148157e-05  8.96663139e-01  8.96778739e-01  8.96733905e-01 -1.51871706e-05 -5.71331610e-13  4.87240456e-12 
 9.54148157e-05  8.96663337e-01  8.96778739e-01  8.96733899e-01 -1.51278251e-05 -2.49231625e-13  3.16036780e-12 
 9.55148157e-05  8.96663127e-01  8.96778726e-01  8.96733893e-01 -1.51871661e-05 -5.71118890e-13  4.87202694e-12 
 9.56148157e-05  8.96663324e-01  8.96778726e-01  8.96733886e-01 -1.51278295e-05 -2.49444129e-13  3.16077107e-12 
 9.57148157e-05  8.96663114e-01  8.96778714e-01  8.96733880e-01 -1.51871616e-05 -5.70907254e-13  4.87165679e-12 
 9.58148157e-05  8.96663312e-01  8.96778714e-01  8.96733874e-01 -1.51278340e-05 -2.49655765e-13  3.16114241e-12 
 9.59148157e-05  8.96663102e-01  8.96778701e-01  8.96733868e-01 -1.51871572e-05 -5.70695617e-13  4.87124555e-12 
 9.60148157e-05  8.96663299e-01  8.96778701e-01  8.96733862e-01 -1.51278385e-05 -2.49867401e-13  3.16155652e-12 
 9.61148157e-05  8.96663089e-01  8.96778689e-01  8.96733855e-01 -1.51871527e-05 -5.70483114e-13  4.87091102e-12 
 9.62148157e-05  8.96663287e-01  8.96778689e-01  8.96733849e-01 -1.51278430e-05 -2.50076869e-13  3.16192434e-12 
 9.63148157e-05  8.96663077e-01  8.96778676e-01  8.96733843e-01 -1.51871482e-05 -5.70272345e-13  4.87047962e-12 
 9.64148157e-05  8.96663274e-01  8.96778676e-01  8.96733837e-01 -1.51278475e-05 -2.50289806e-13  3.16231145e-12 
 9.65148157e-05  8.96663064e-01  8.96778664e-01  8.96733830e-01 -1.51871438e-05 -5.70063094e-13  4.87011045e-12 
 9.66148157e-05  8.96663262e-01  8.96778664e-01  8.96733824e-01 -1.51278519e-05 -2.50497539e-13  3.16267412e-12 
 9.67148157e-05  8.96663052e-01  8.96778651e-01  8.96733818e-01 -1.51871393e-05 -5.69854710e-13  4.86977900e-12 
 9.68148157e-05  8.96663249e-01  8.96778651e-01  8.96733812e-01 -1.51278564e-05 -2.50707658e-13  3.16305993e-12 
 9.69148157e-05  8.96663040e-01  8.96778639e-01  8.96733805e-01 -1.51871348e-05 -5.69646543e-13  4.86932342e-12 
 9.70148157e-05  8.96663237e-01  8.96778639e-01  8.96733799e-01 -1.51278609e-05 -2.50914524e-13  3.16346851e-12 
 9.71148157e-05  8.96663027e-01  8.96778627e-01  8.96733793e-01 -1.51871304e-05 -5.69437509e-13  4.86893609e-12 
 9.72148157e-05  8.96663224e-01  8.96778626e-01  8.96733787e-01 -1.51278654e-05 -2.51122474e-13  3.16382749e-12 
 9.73148157e-05  8.96663015e-01  8.96778614e-01  8.96733781e-01 -1.51871259e-05 -5.69229993e-13  4.86859245e-12 
 9.74148157e-05  8.96663212e-01  8.96778614e-01  8.96733774e-01 -1.51278698e-05 -2.51329122e-13  3.16418192e-12 
 9.75148157e-05  8.96663002e-01  8.96778602e-01  8.96733768e-01 -1.51871214e-05 -5.69025079e-13  4.86822171e-12 
 9.76148157e-05  8.96663199e-01  8.96778601e-01  8.96733762e-01 -1.51278743e-05 -2.51534470e-13  3.16463950e-12 
 9.77148157e-05  8.96662990e-01  8.96778589e-01  8.96733756e-01 -1.51871170e-05 -5.68819297e-13  4.86781172e-12 
 9.78148157e-05  8.96663187e-01  8.96778589e-01  8.96733749e-01 -1.51278788e-05 -2.51740469e-13  3.16497636e-12 
 9.79148157e-05  8.96662977e-01  8.96778577e-01  8.96733743e-01 -1.51871125e-05 -5.68614383e-13  4.86741550e-12 
 9.80148157e-05  8.96663174e-01  8.96778576e-01  8.96733737e-01 -1.51278832e-05 -2.51945166e-13  3.16537503e-12 
 9.81148157e-05  8.96662965e-01  8.96778564e-01  8.96733731e-01 -1.51871080e-05 -5.68407300e-13  4.86709891e-12 
 9.82148157e-05  8.96663162e-01  8.96778564e-01  8.96733724e-01 -1.51278877e-05 -2.52149430e-13  3.16576930e-12 
 9.83148157e-05  8.96662952e-01  8.96778552e-01  8.96733718e-01 -1.51871036e-05 -5.68204338e-13  4.86670150e-12 
 9.84148157e-05  8.96663149e-01  8.96778551e-01  8.96733712e-01 -1.51278922e-05 -2.52353260e-13  3.16618633e-12 
 9.85148157e-05  8.96662940e-01  8.96778539e-01  8.96733706e-01 -1.51870991e-05 -5.68001375e-13  4.86630538e-12 
 9.86148157e-05  8.96663137e-01  8.96778539e-01  8.96733699e-01 -1.51278966e-05 -2.52557740e-13  3.16648210e-12 
 9.87148157e-05  8.96662927e-01  8.96778527e-01  8.96733693e-01 -1.51870946e-05 -5.67798629e-13  4.86590602e-12 
 9.88148157e-05  8.96663124e-01  8.96778526e-01  8.96733687e-01 -1.51279011e-05 -2.52758968e-13  3.16695601e-12 
 9.89148157e-05  8.96662915e-01  8.96778514e-01  8.96733681e-01 -1.51870902e-05 -5.67596317e-13  4.86557100e-12 
 9.90148157e-05  8.96663112e-01  8.96778514e-01  8.96733674e-01 -1.51279056e-05 -2.52960413e-13  3.16726127e-12 
 9.91148157e-05  8.96662902e-01  8.96778502e-01  8.96733668e-01 -1.51870857e-05 -5.67394439e-13  4.86511959e-12 
 9.92148157e-05  8.96663099e-01  8.96778501e-01  8.96733662e-01 -1.51279100e-05 -2.53163376e-13  3.16765608e-12 
 9.93148157e-05  8.96662890e-01  8.96778489e-01  8.96733656e-01 -1.51870813e-05 -5.67193861e-13  4.86471139e-12 
 9.94148157e-05  8.96663087e-01  8.96778489e-01  8.96733649e-01 -1.51279145e-05 -2.53363953e-13  3.16804628e-12 
 9.95148157e-05  8.96662878e-01  8.96778477e-01  8.96733643e-01 -1.51870768e-05 -5.66992850e-13  4.86437626e-12 
 9.96148157e-05  8.96663074e-01  8.96778476e-01  8.96733637e-01 -1.51279190e-05 -2.53563880e-13  3.16839437e-12 
 9.97148157e-05  8.96662865e-01  8.96778464e-01  8.96733631e-01 -1.51870723e-05 -5.66794008e-13  4.86400422e-12 
 9.98148157e-05  8.96663062e-01  8.96778464e-01  8.96733625e-01 -1.51279234e-05 -2.53762506e-13  3.16882924e-12 
 9.99148157e-05  8.96662853e-01  8.96778452e-01  8.96733618e-01 -1.51870679e-05 -5.66596032e-13  4.86358008e-12 
 1.00014816e-04  8.96663049e-01  8.96778452e-01  8.96733612e-01 -1.51279279e-05 -2.53960915e-13  3.16916670e-12 
 1.00114816e-04  8.96662840e-01  8.96778439e-01  8.96733606e-01 -1.51870634e-05 -5.66396322e-13  4.86322966e-12 
 1.00214816e-04  8.96663037e-01  8.96778439e-01  8.96733600e-01 -1.51279324e-05 -2.54159974e-13  3.16955007e-12 
 1.00314816e-04  8.96662828e-01  8.96778427e-01  8.96733593e-01 -1.51870590e-05 -5.66198564e-13  4.86282032e-12 
 1.00414816e-04  8.96663024e-01  8.96778427e-01  8.96733587e-01 -1.51279368e-05 -2.54358166e-13  3.16999297e-12 
 1.00514816e-04  8.96662815e-01  8.96778415e-01  8.96733581e-01 -1.51870545e-05 -5.66001022e-13  4.86243007e-12 
 1.00614816e-04  8.96663012e-01  8.96778414e-01  8.96733575e-01 -1.51279413e-05 -2.54553757e-13  3.17031292e-12 
 1.00714816e-04  8.96662803e-01  8.96778402e-01  8.96733568e-01 -1.51870501e-05 -5.65804565e-13  4.86205878e-12 
 1.00814816e-04  8.96663000e-01  8.96778402e-01  8.96733562e-01 -1.51279457e-05 -2.54750214e-13  3.17072914e-12 
 1.00914816e-04  8.96662790e-01  8.96778390e-01  8.96733556e-01 -1.51870456e-05 -5.65605939e-13  4.86171151e-12 
 1.01014816e-04  8.96662987e-01  8.96778389e-01  8.96733550e-01 -1.51279502e-05 -2.54947322e-13  3.17109192e-12 
 1.01114816e-04  8.96662778e-01  8.96778377e-01  8.96733544e-01 -1.51870412e-05 -5.65411433e-13  4.86124010e-12 
 1.01214816e-04  8.96662975e-01  8.96778377e-01  8.96733537e-01 -1.51279547e-05 -2.55143129e-13  3.17148906e-12 
 1.01314816e-04  8.96662765e-01  8.96778365e-01  8.96733531e-01 -1.51870367e-05 -5.65215843e-13  4.86092926e-12 
 1.01414816e-04  8.96662962e-01  8.96778364e-01  8.96733525e-01 -1.51279591e-05 -2.55337635e-13  3.17184110e-12 
 1.01514816e-04  8.96662753e-01  8.96778352e-01  8.96733519e-01 -1.51870323e-05 -5.65021771e-13  4.86054735e-12 
 1.01614816e-04  8.96662950e-01  8.96778352e-01  8.96733512e-01 -1.51279636e-05 -2.55531490e-13  3.17229668e-12 
 1.01714816e-04  8.96662740e-01  8.96778340e-01  8.96733506e-01 -1.51870278e-05 -5.64829000e-13  4.86019390e-12 
 1.01814816e-04  8.96662937e-01  8.96778339e-01  8.96733500e-01 -1.51279680e-05 -2.55724478e-13  3.17264482e-12 
 1.01914816e-04  8.96662728e-01  8.96778327e-01  8.96733494e-01 -1.51870234e-05 -5.64633843e-13  4.85973642e-12 
 1.02014816e-04  8.96662925e-01  8.96778327e-01  8.96733487e-01 -1.51279725e-05 -2.55917900e-13  3.17301421e-12 
 1.02114816e-04  8.96662716e-01  8.96778315e-01  8.96733481e-01 -1.51870189e-05 -5.64441289e-13  4.85935727e-12 
 1.02214816e-04  8.96662912e-01  8.96778314e-01  8.96733475e-01 -1.51279769e-05 -2.56110671e-13  3.17341260e-12 
 1.02314816e-04  8.96662703e-01  8.96778302e-01  8.96733469e-01 -1.51870145e-05 -5.64249819e-13  4.85897390e-12 
 1.02414816e-04  8.96662900e-01  8.96778302e-01  8.96733462e-01 -1.51279814e-05 -2.56302141e-13  3.17371265e-12 
 1.02514816e-04  8.96662691e-01  8.96778290e-01  8.96733456e-01 -1.51870100e-05 -5.64058349e-13  4.85857985e-12 
 1.02614816e-04  8.96662887e-01  8.96778289e-01  8.96733450e-01 -1.51279858e-05 -2.56493828e-13  3.17421252e-12 
 1.02714816e-04  8.96662678e-01  8.96778277e-01  8.96733444e-01 -1.51870056e-05 -5.63867529e-13  4.85824331e-12 
 1.02814816e-04  8.96662875e-01  8.96778277e-01  8.96733437e-01 -1.51279903e-05 -2.56685081e-13  3.17451724e-12 
 1.02914816e-04  8.96662666e-01  8.96778265e-01  8.96733431e-01 -1.51870011e-05 -5.63675408e-13  4.85782947e-12 
 1.03014816e-04  8.96662862e-01  8.96778264e-01  8.96733425e-01 -1.51279947e-05 -2.56874817e-13  3.17496235e-12 
 1.03114816e-04  8.96662653e-01  8.96778252e-01  8.96733419e-01 -1.51869967e-05 -5.63486107e-13  4.85751619e-12 
 1.03214816e-04  8.96662850e-01  8.96778252e-01  8.96733413e-01 -1.51279992e-05 -2.57065419e-13  3.17534557e-12 
 1.03314816e-04  8.96662641e-01  8.96778240e-01  8.96733406e-01 -1.51869923e-05 -5.63297672e-13  4.85707671e-12 
 1.03414816e-04  8.96662837e-01  8.96778239e-01  8.96733400e-01 -1.51280036e-05 -2.57253637e-13  3.17571636e-12 
 1.03514816e-04  8.96662628e-01  8.96778228e-01  8.96733394e-01 -1.51869878e-05 -5.63108804e-13  4.85672033e-12 
 1.03614816e-04  8.96662825e-01  8.96778227e-01  8.96733388e-01 -1.51280081e-05 -2.57442505e-13  3.17607903e-12 
 1.03714816e-04  8.96662616e-01  8.96778215e-01  8.96733381e-01 -1.51869834e-05 -5.62920587e-13  4.85627185e-12 
 1.03814816e-04  8.96662812e-01  8.96778214e-01  8.96733375e-01 -1.51280125e-05 -2.57630072e-13  3.17650252e-12 
 1.03914816e-04  8.96662603e-01  8.96778203e-01  8.96733369e-01 -1.51869789e-05 -5.62730851e-13  4.85593597e-12 
 1.04014816e-04  8.96662800e-01  8.96778202e-01  8.96733363e-01 -1.51280170e-05 -2.57819373e-13  3.17685103e-12 
 1.04114816e-04  8.96662591e-01  8.96778190e-01  8.96733356e-01 -1.51869745e-05 -5.62543935e-13  4.85554023e-12 
 1.04214816e-04  8.96662787e-01  8.96778189e-01  8.96733350e-01 -1.51280214e-05 -2.58004989e-13  3.17723262e-12 
 1.04314816e-04  8.96662578e-01  8.96778178e-01  8.96733344e-01 -1.51869701e-05 -5.62356368e-13  4.85520277e-12 
 1.04414816e-04  8.96662775e-01  8.96778177e-01  8.96733338e-01 -1.51280259e-05 -2.58192556e-13  3.17761941e-12 
 1.04514816e-04  8.96662566e-01  8.96778165e-01  8.96733331e-01 -1.51869656e-05 -5.62171186e-13  4.85475912e-12 
 1.04614816e-04  8.96662762e-01  8.96778165e-01  8.96733325e-01 -1.51280303e-05 -2.58377954e-13  3.17801991e-12 
 1.04714816e-04  8.96662554e-01  8.96778153e-01  8.96733319e-01 -1.51869612e-05 -5.61986438e-13  4.85441938e-12 
 1.04814816e-04  8.96662750e-01  8.96778152e-01  8.96733313e-01 -1.51280348e-05 -2.58563353e-13  3.17836295e-12 
 1.04914816e-04  8.96662541e-01  8.96778140e-01  8.96733307e-01 -1.51869567e-05 -5.61800606e-13  4.85400695e-12 
 1.05014816e-04  8.96662737e-01  8.96778140e-01  8.96733300e-01 -1.51280392e-05 -2.58749619e-13  3.17885117e-12 
 1.05114816e-04  8.96662529e-01  8.96778128e-01  8.96733294e-01 -1.51869523e-05 -5.61615207e-13  4.85365882e-12 
 1.05214816e-04  8.96662725e-01  8.96778127e-01  8.96733288e-01 -1.51280436e-05 -2.58934584e-13  3.17918071e-12 
 1.05314816e-04  8.96662516e-01  8.96778115e-01  8.96733282e-01 -1.51869479e-05 -5.61431110e-13  4.85324649e-12 
 1.05414816e-04  8.96662712e-01  8.96778115e-01  8.96733275e-01 -1.51280481e-05 -2.59117163e-13  3.17955298e-12 
 1.05514816e-04  8.96662504e-01  8.96778103e-01  8.96733269e-01 -1.51869434e-05 -5.61248530e-13  4.85286274e-12 
 1.05614816e-04  8.96662700e-01  8.96778102e-01  8.96733263e-01 -1.51280525e-05 -2.59300827e-13  3.17992963e-12 
 1.05714816e-04  8.96662491e-01  8.96778090e-01  8.96733257e-01 -1.51869390e-05 -5.61065734e-13  4.85248311e-12 
 1.05814816e-04  8.96662687e-01  8.96778090e-01  8.96733250e-01 -1.51280570e-05 -2.59482323e-13  3.18031181e-12 
 1.05914816e-04  8.96662479e-01  8.96778078e-01  8.96733244e-01 -1.51869346e-05 -5.60882937e-13  4.85213725e-12 
 1.06014816e-04  8.96662675e-01  8.96778077e-01  8.96733238e-01 -1.51280614e-05 -2.59666420e-13  3.18069703e-12 
 1.06114816e-04  8.96662466e-01  8.96778065e-01  8.96733232e-01 -1.51869301e-05 -5.60699924e-13  4.85170693e-12 
 1.06214816e-04  8.96662662e-01  8.96778065e-01  8.96733225e-01 -1.51280658e-05 -2.59847916e-13  3.18108994e-12 
 1.06314816e-04  8.96662454e-01  8.96778053e-01  8.96733219e-01 -1.51869257e-05 -5.60519946e-13  4.85139348e-12 
 1.06414816e-04  8.96662650e-01  8.96778052e-01  8.96733213e-01 -1.51280703e-05 -2.60028761e-13  3.18150568e-12 
 1.06514816e-04  8.96662441e-01  8.96778040e-01  8.96733207e-01 -1.51869213e-05 -5.60338668e-13  4.85092099e-12 
 1.06614816e-04  8.96662637e-01  8.96778040e-01  8.96733200e-01 -1.51280747e-05 -2.60208738e-13  3.18186948e-12 
 1.06714816e-04  8.96662429e-01  8.96778028e-01  8.96733194e-01 -1.51869168e-05 -5.60158907e-13  4.85060001e-12 
 1.06814816e-04  8.96662625e-01  8.96778027e-01  8.96733188e-01 -1.51280791e-05 -2.60389583e-13  3.18225941e-12 
 1.06914816e-04  8.96662416e-01  8.96778016e-01  8.96733182e-01 -1.51869124e-05 -5.59975894e-13  4.85014980e-12 
 1.07014816e-04  8.96662612e-01  8.96778015e-01  8.96733176e-01 -1.51280836e-05 -2.60569778e-13  3.18260387e-12 
 1.07114816e-04  8.96662404e-01  8.96778003e-01  8.96733169e-01 -1.51869080e-05 -5.59796784e-13  4.84984866e-12 
 1.07214816e-04  8.96662600e-01  8.96778002e-01  8.96733163e-01 -1.51280880e-05 -2.60747804e-13  3.18297613e-12 
 1.07314816e-04  8.96662392e-01  8.96777991e-01  8.96733157e-01 -1.51869036e-05 -5.59617457e-13  4.84939996e-12 
 1.07414816e-04  8.96662587e-01  8.96777990e-01  8.96733151e-01 -1.51280924e-05 -2.60926263e-13  3.18338644e-12 
 1.07514816e-04  8.96662379e-01  8.96777978e-01  8.96733144e-01 -1.51868991e-05 -5.59439214e-13  4.84902851e-12 
 1.07614816e-04  8.96662575e-01  8.96777977e-01  8.96733138e-01 -1.51280969e-05 -2.61104940e-13  3.18378912e-12 
 1.07714816e-04  8.96662367e-01  8.96777966e-01  8.96733132e-01 -1.51868947e-05 -5.59260754e-13  4.84867777e-12 
 1.07814816e-04  8.96662562e-01  8.96777965e-01  8.96733126e-01 -1.51281013e-05 -2.61282315e-13  3.18420279e-12 
 1.07914816e-04  8.96662354e-01  8.96777953e-01  8.96733119e-01 -1.51868903e-05 -5.59082728e-13  4.84829391e-12 
 1.08014816e-04  8.96662550e-01  8.96777952e-01  8.96733113e-01 -1.51281057e-05 -2.61461425e-13  3.18456774e-12 
 1.08114816e-04  8.96662342e-01  8.96777941e-01  8.96733107e-01 -1.51868859e-05 -5.58906870e-13  4.84787026e-12 
 1.08214816e-04  8.96662537e-01  8.96777940e-01  8.96733101e-01 -1.51281102e-05 -2.61638584e-13  3.18491761e-12 
 1.08314816e-04  8.96662329e-01  8.96777928e-01  8.96733094e-01 -1.51868814e-05 -5.58729712e-13  4.84748342e-12 
 1.08414816e-04  8.96662525e-01  8.96777927e-01  8.96733088e-01 -1.51281146e-05 -2.61814442e-13  3.18527371e-12 
 1.08514816e-04  8.96662317e-01  8.96777916e-01  8.96733082e-01 -1.51868770e-05 -5.58555155e-13  4.84713094e-12 
 1.08614816e-04  8.96662512e-01  8.96777915e-01  8.96733076e-01 -1.51281190e-05 -2.61990299e-13  3.18574556e-12 
 1.08714816e-04  8.96662304e-01  8.96777903e-01  8.96733070e-01 -1.51868726e-05 -5.58377997e-13  4.84676519e-12 
 1.08814816e-04  8.96662500e-01  8.96777902e-01  8.96733063e-01 -1.51281235e-05 -2.62165289e-13  3.18608903e-12 
 1.08914816e-04  8.96662292e-01  8.96777891e-01  8.96733057e-01 -1.51868682e-05 -5.58202356e-13  4.84639369e-12 
 1.09014816e-04  8.96662487e-01  8.96777890e-01  8.96733051e-01 -1.51281279e-05 -2.62339846e-13  3.18648802e-12 
 1.09114816e-04  8.96662279e-01  8.96777878e-01  8.96733045e-01 -1.51868637e-05 -5.58029534e-13  4.84600939e-12 
 1.09214816e-04  8.96662475e-01  8.96777878e-01  8.96733038e-01 -1.51281323e-05 -2.62514836e-13  3.18681241e-12 
 1.09314816e-04  8.96662267e-01  8.96777866e-01  8.96733032e-01 -1.51868593e-05 -5.57854327e-13  4.84557202e-12 
 1.09414816e-04  8.96662462e-01  8.96777865e-01  8.96733026e-01 -1.51281367e-05 -2.62688742e-13  3.18725016e-12 
 1.09514816e-04  8.96662254e-01  8.96777853e-01  8.96733020e-01 -1.51868549e-05 -5.57680421e-13  4.84517672e-12 
 1.09614816e-04  8.96662450e-01  8.96777853e-01  8.96733013e-01 -1.51281412e-05 -2.62861781e-13  3.18758420e-12 
 1.09714816e-04  8.96662242e-01  8.96777841e-01  8.96733007e-01 -1.51868505e-05 -5.57506298e-13  4.84481205e-12 
 1.09814816e-04  8.96662438e-01  8.96777840e-01  8.96733001e-01 -1.51281456e-05 -2.63034603e-13  3.18803642e-12 
 1.09914816e-04  8.96662230e-01  8.96777829e-01  8.96732995e-01 -1.51868461e-05 -5.57332609e-13  4.84449904e-12 
 1.10014816e-04  8.96662425e-01  8.96777828e-01  8.96732988e-01 -1.51281500e-05 -2.63210244e-13  3.18840484e-12 
 1.10114816e-04  8.96662217e-01  8.96777816e-01  8.96732982e-01 -1.51868417e-05 -5.57161305e-13  4.84405918e-12 
 1.10214816e-04  8.96662413e-01  8.96777815e-01  8.96732976e-01 -1.51281544e-05 -2.63380897e-13  3.18881775e-12 
 1.10314816e-04  8.96662205e-01  8.96777804e-01  8.96732970e-01 -1.51868372e-05 -5.56990218e-13  4.84369673e-12 
 1.10414816e-04  8.96662400e-01  8.96777803e-01  8.96732963e-01 -1.51281589e-05 -2.63552635e-13  3.18913851e-12 
 1.10514816e-04  8.96662192e-01  8.96777791e-01  8.96732957e-01 -1.51868328e-05 -5.56818914e-13  4.84334214e-12 
 1.10614816e-04  8.96662388e-01  8.96777790e-01  8.96732951e-01 -1.51281633e-05 -2.63722637e-13  3.18956038e-12 
 1.10714816e-04  8.96662180e-01  8.96777779e-01  8.96732945e-01 -1.51868284e-05 -5.56647610e-13  4.84285214e-12 
 1.10814816e-04  8.96662375e-01  8.96777778e-01  8.96732939e-01 -1.51281677e-05 -2.63893725e-13  3.18990477e-12 
 1.10914816e-04  8.96662167e-01  8.96777766e-01  8.96732932e-01 -1.51868240e-05 -5.56477390e-13  4.84252384e-12 
 1.11014816e-04  8.96662363e-01  8.96777765e-01  8.96732926e-01 -1.51281721e-05 -2.64066113e-13  3.19031281e-12 
 1.11114816e-04  8.96662155e-01  8.96777754e-01  8.96732920e-01 -1.51868196e-05 -5.56307170e-13  4.84212751e-12 
 1.11214816e-04  8.96662350e-01  8.96777753e-01  8.96732914e-01 -1.51281765e-05 -2.64235248e-13  3.19066420e-12 
 1.11314816e-04  8.96662142e-01  8.96777741e-01  8.96732907e-01 -1.51868152e-05 -5.56138469e-13  4.84175438e-12 
 1.11414816e-04  8.96662338e-01  8.96777740e-01  8.96732901e-01 -1.51281809e-05 -2.64404167e-13  3.19109463e-12 
 1.11514816e-04  8.96662130e-01  8.96777729e-01  8.96732895e-01 -1.51868108e-05 -5.55968899e-13  4.84143042e-12 
 1.11614816e-04  8.96662325e-01  8.96777728e-01  8.96732889e-01 -1.51281854e-05 -2.64573736e-13  3.19146852e-12 
 1.11714816e-04  8.96662117e-01  8.96777716e-01  8.96732882e-01 -1.51868063e-05 -5.55798029e-13  4.84096064e-12 
 1.11814816e-04  8.96662313e-01  8.96777715e-01  8.96732876e-01 -1.51281898e-05 -2.64741788e-13  3.19183493e-12 
 1.11914816e-04  8.96662105e-01  8.96777704e-01  8.96732870e-01 -1.51868019e-05 -5.55629978e-13  4.84059326e-12 
 1.12014816e-04  8.96662300e-01  8.96777703e-01  8.96732864e-01 -1.51281942e-05 -2.64909839e-13  3.19223093e-12 
 1.12114816e-04  8.96662092e-01  8.96777691e-01  8.96732858e-01 -1.51867975e-05 -5.55463444e-13  4.84022241e-12 
 1.12214816e-04  8.96662288e-01  8.96777690e-01  8.96732851e-01 -1.51281986e-05 -2.65078974e-13  3.19263078e-12 
 1.12314816e-04  8.96662080e-01  8.96777679e-01  8.96732845e-01 -1.51867931e-05 -5.55295827e-13  4.83986142e-12 
 1.12414816e-04  8.96662275e-01  8.96777678e-01  8.96732839e-01 -1.51282030e-05 -2.65245725e-13  3.19294547e-12 
 1.12514816e-04  8.96662068e-01  8.96777666e-01  8.96732833e-01 -1.51867887e-05 -5.55128426e-13  4.83942026e-12 
 1.12614816e-04  8.96662263e-01  8.96777665e-01  8.96732826e-01 -1.51282074e-05 -2.65411174e-13  3.19341417e-12 
 1.12714816e-04  8.96662055e-01  8.96777654e-01  8.96732820e-01 -1.51867843e-05 -5.54961459e-13  4.83904919e-12 
 1.12814816e-04  8.96662250e-01  8.96777653e-01  8.96732814e-01 -1.51282119e-05 -2.65579442e-13  3.19376491e-12 
 1.12914816e-04  8.96662043e-01  8.96777641e-01  8.96732808e-01 -1.51867799e-05 -5.54794708e-13  4.83872399e-12 
 1.13014816e-04  8.96662238e-01  8.96777640e-01  8.96732801e-01 -1.51282163e-05 -2.65745759e-13  3.19416108e-12 
 1.13114816e-04  8.96662030e-01  8.96777629e-01  8.96732795e-01 -1.51867755e-05 -5.54630560e-13  4.83830153e-12 
 1.13214816e-04  8.96662225e-01  8.96777628e-01  8.96732789e-01 -1.51282207e-05 -2.65910341e-13  3.19446395e-12 
 1.13314816e-04  8.96662018e-01  8.96777617e-01  8.96732783e-01 -1.51867711e-05 -5.54464460e-13  4.83793957e-12 
 1.13414816e-04  8.96662213e-01  8.96777615e-01  8.96732776e-01 -1.51282251e-05 -2.66074706e-13  3.19495857e-12 
 1.13514816e-04  8.96662005e-01  8.96777604e-01  8.96732770e-01 -1.51867667e-05 -5.54299445e-13  4.83755831e-12 
 1.13614816e-04  8.96662200e-01  8.96777603e-01  8.96732764e-01 -1.51282295e-05 -2.66238637e-13  3.19530893e-12 
 1.13714816e-04  8.96661993e-01  8.96777592e-01  8.96732758e-01 -1.51867623e-05 -5.54135080e-13  4.83715173e-12 
 1.13814816e-04  8.96662188e-01  8.96777591e-01  8.96732751e-01 -1.51282339e-05 -2.66406255e-13  3.19572407e-12 
 1.13914816e-04  8.96661980e-01  8.96777579e-01  8.96732745e-01 -1.51867579e-05 -5.53970281e-13  4.83679514e-12 
 1.14014816e-04  8.96662175e-01  8.96777578e-01  8.96732739e-01 -1.51282383e-05 -2.66569752e-13  3.19606510e-12 
 1.14114816e-04  8.96661968e-01  8.96777567e-01  8.96732733e-01 -1.51867535e-05 -5.53807000e-13  4.83636617e-12 
 1.14214816e-04  8.96662163e-01  8.96777566e-01  8.96732726e-01 -1.51282427e-05 -2.66731515e-13  3.19643796e-12 
 1.14314816e-04  8.96661955e-01  8.96777554e-01  8.96732720e-01 -1.51867491e-05 -5.53644804e-13  4.83600947e-12 
 1.14414816e-04  8.96662150e-01  8.96777553e-01  8.96732714e-01 -1.51282471e-05 -2.66894796e-13  3.19682594e-12 
 1.14514816e-04  8.96661943e-01  8.96777542e-01  8.96732708e-01 -1.51867447e-05 -5.53482173e-13  4.83559704e-12 
 1.14614816e-04  8.96662138e-01  8.96777541e-01  8.96732702e-01 -1.51282515e-05 -2.67057427e-13  3.19721235e-12 
 1.14714816e-04  8.96661930e-01  8.96777529e-01  8.96732695e-01 -1.51867403e-05 -5.53317158e-13  4.83520944e-12 
 1.14814816e-04  8.96662125e-01  8.96777528e-01  8.96732689e-01 -1.51282559e-05 -2.67219840e-13  3.19755680e-12 
 1.14914816e-04  8.96661918e-01  8.96777517e-01  8.96732683e-01 -1.51867359e-05 -5.53155612e-13  4.83491990e-12 
 1.15014816e-04  8.96662113e-01  8.96777516e-01  8.96732677e-01 -1.51282603e-05 -2.67381820e-13  3.19802480e-12 
 1.15114816e-04  8.96661906e-01  8.96777504e-01  8.96732670e-01 -1.51867315e-05 -5.52995583e-13  4.83444795e-12 
 1.15214816e-04  8.96662100e-01  8.96777503e-01  8.96732664e-01 -1.51282647e-05 -2.67542282e-13  3.19840649e-12 
 1.15314816e-04  8.96661893e-01  8.96777492e-01  8.96732658e-01 -1.51867271e-05 -5.52834254e-13  4.83409298e-12 
 1.15414816e-04  8.96662088e-01  8.96777491e-01  8.96732652e-01 -1.51282691e-05 -2.67703394e-13  3.19874232e-12 
 1.15514816e-04  8.96661881e-01  8.96777479e-01  8.96732645e-01 -1.51867227e-05 -5.52673575e-13  4.83372749e-12 
 1.15614816e-04  8.96662075e-01  8.96777478e-01  8.96732639e-01 -1.51282735e-05 -2.67863422e-13  3.19911486e-12 
 1.15714816e-04  8.96661868e-01  8.96777467e-01  8.96732633e-01 -1.51867183e-05 -5.52511812e-13  4.83333854e-12 
 1.15814816e-04  8.96662063e-01  8.96777466e-01  8.96732627e-01 -1.51282780e-05 -2.68025619e-13  3.19951726e-12 
 1.15914816e-04  8.96661856e-01  8.96777454e-01  8.96732621e-01 -1.51867139e-05 -5.52352435e-13  4.83291792e-12 
 1.16014816e-04  8.96662050e-01  8.96777453e-01  8.96732614e-01 -1.51282823e-05 -2.68186081e-13  3.19993283e-12 
 1.16114816e-04  8.96661843e-01  8.96777442e-01  8.96732608e-01 -1.51867095e-05 -5.52193057e-13  4.83260497e-12 
 1.16214816e-04  8.96662038e-01  8.96777441e-01  8.96732602e-01 -1.51282867e-05 -2.68344591e-13  3.20024969e-12 
 1.16314816e-04  8.96661831e-01  8.96777430e-01  8.96732596e-01 -1.51867051e-05 -5.52034763e-13  4.83215231e-12 
 1.16414816e-04  8.96662025e-01  8.96777428e-01  8.96732589e-01 -1.51282911e-05 -2.68503752e-13  3.20067307e-12 
 1.16514816e-04  8.96661818e-01  8.96777417e-01  8.96732583e-01 -1.51867007e-05 -5.51875603e-13  4.83176482e-12 
 1.16614816e-04  8.96662013e-01  8.96777416e-01  8.96732577e-01 -1.51282955e-05 -2.68661395e-13  3.20107564e-12 
 1.16714816e-04  8.96661806e-01  8.96777405e-01  8.96732571e-01 -1.51866963e-05 -5.51717526e-13  4.83142774e-12 
 1.16814816e-04  8.96662000e-01  8.96777403e-01  8.96732564e-01 -1.51282999e-05 -2.68819906e-13  3.20148655e-12 
 1.16914816e-04  8.96661793e-01  8.96777392e-01  8.96732558e-01 -1.51866919e-05 -5.51559232e-13  4.83100918e-12 
 1.17014816e-04  8.96661988e-01  8.96777391e-01  8.96732552e-01 -1.51283043e-05 -2.68977332e-13  3.20181739e-12 
 1.17114816e-04  8.96661781e-01  8.96777380e-01  8.96732546e-01 -1.51866875e-05 -5.51400939e-13  4.83070360e-12 
 1.17214816e-04  8.96661975e-01  8.96777378e-01  8.96732539e-01 -1.51283087e-05 -2.69134107e-13  3.20220971e-12 
 1.17314816e-04  8.96661768e-01  8.96777367e-01  8.96732533e-01 -1.51866832e-05 -5.51244814e-13  4.83023262e-12 
 1.17414816e-04  8.96661963e-01  8.96777366e-01  8.96732527e-01 -1.51283131e-05 -2.69291317e-13  3.20254131e-12 
 1.17514816e-04  8.96661756e-01  8.96777355e-01  8.96732521e-01 -1.51866788e-05 -5.51085436e-13  4.82987451e-12 
 1.17614816e-04  8.96661950e-01  8.96777353e-01  8.96732514e-01 -1.51283175e-05 -2.69448092e-13  3.20296686e-12 
 1.17714816e-04  8.96661744e-01  8.96777342e-01  8.96732508e-01 -1.51866744e-05 -5.50928660e-13  4.82947867e-12 
 1.17814816e-04  8.96661938e-01  8.96777341e-01  8.96732502e-01 -1.51283219e-05 -2.69604217e-13  3.20336010e-12 
 1.17914816e-04  8.96661731e-01  8.96777330e-01  8.96732496e-01 -1.51866700e-05 -5.50772535e-13  4.82909920e-12 
 1.18014816e-04  8.96661925e-01  8.96777328e-01  8.96732490e-01 -1.51283263e-05 -2.69760776e-13  3.20372841e-12 
 1.18114816e-04  8.96661719e-01  8.96777317e-01  8.96732483e-01 -1.51866656e-05 -5.50617928e-13  4.82872477e-12 
 1.18214816e-04  8.96661913e-01  8.96777316e-01  8.96732477e-01 -1.51283307e-05 -2.69916034e-13  3.20413124e-12 
 1.18314816e-04  8.96661706e-01  8.96777305e-01  8.96732471e-01 -1.51866612e-05 -5.50463104e-13  4.82834741e-12 
 1.18414816e-04  8.96661901e-01  8.96777304e-01  8.96732465e-01 -1.51283351e-05 -2.70070858e-13  3.20452264e-12 
 1.18514816e-04  8.96661694e-01  8.96777292e-01  8.96732458e-01 -1.51866568e-05 -5.50307629e-13  4.82795292e-12 
 1.18614816e-04  8.96661888e-01  8.96777291e-01  8.96732452e-01 -1.51283395e-05 -2.70225032e-13  3.20487484e-12 
 1.18714816e-04  8.96661681e-01  8.96777280e-01  8.96732446e-01 -1.51866525e-05 -5.50154106e-13  4.82758625e-12 
 1.18814816e-04  8.96661876e-01  8.96777279e-01  8.96732440e-01 -1.51283439e-05 -2.70381807e-13  3.20529128e-12 
 1.18914816e-04  8.96661669e-01  8.96777267e-01  8.96732433e-01 -1.51866481e-05 -5.49999933e-13  4.82720857e-12 
 1.19014816e-04  8.96661863e-01  8.96777266e-01  8.96732427e-01 -1.51283483e-05 -2.70534246e-13  3.20566268e-12 
 1.19114816e-04  8.96661656e-01  8.96777255e-01  8.96732421e-01 -1.51866437e-05 -5.49846627e-13  4.82680362e-12 
 1.19214816e-04  8.96661851e-01  8.96777254e-01  8.96732415e-01 -1.51283527e-05 -2.70688420e-13  3.20604020e-12 
 1.19314816e-04  8.96661644e-01  8.96777242e-01  8.96732408e-01 -1.51866393e-05 -5.49692887e-13  4.82640495e-12 
 1.19414816e-04  8.96661838e-01  8.96777241e-01  8.96732402e-01 -1.51283570e-05 -2.70842159e-13  3.20642211e-12 
 1.19514816e-04  8.96661631e-01  8.96777230e-01  8.96732396e-01 -1.51866349e-05 -5.49538713e-13  4.82604847e-12 
 1.19614816e-04  8.96661826e-01  8.96777229e-01  8.96732390e-01 -1.51283614e-05 -2.70994815e-13  3.20679979e-12 
 1.19714816e-04  8.96661619e-01  8.96777218e-01  8.96732384e-01 -1.51866305e-05 -5.49385841e-13  4.82571264e-12 
 1.19814816e-04  8.96661813e-01  8.96777216e-01  8.96732377e-01 -1.51283658e-05 -2.71148772e-13  3.20722404e-12 
 1.19914816e-04  8.96661606e-01  8.96777205e-01  8.96732371e-01 -1.51866262e-05 -5.49234486e-13  4.82524285e-12 
 1.20014816e-04  8.96661801e-01  8.96777204e-01  8.96732365e-01 -1.51283702e-05 -2.71299910e-13  3.20761690e-12 
 1.20114816e-04  8.96661594e-01  8.96777193e-01  8.96732359e-01 -1.51866218e-05 -5.49082047e-13  4.82492112e-12 
 1.20214816e-04  8.96661788e-01  8.96777191e-01  8.96732352e-01 -1.51283746e-05 -2.71451698e-13  3.20795549e-12 
 1.20314816e-04  8.96661582e-01  8.96777180e-01  8.96732346e-01 -1.51866174e-05 -5.48930476e-13  4.82449719e-12 
 1.20414816e-04  8.96661776e-01  8.96777179e-01  8.96732340e-01 -1.51283790e-05 -2.71603053e-13  3.20830943e-12 
 1.20514816e-04  8.96661569e-01  8.96777168e-01  8.96732334e-01 -1.51866130e-05 -5.48777170e-13  4.82411030e-12 
 1.20614816e-04  8.96661763e-01  8.96777166e-01  8.96732327e-01 -1.51283834e-05 -2.71754190e-13  3.20872327e-12 
 1.20714816e-04  8.96661557e-01  8.96777155e-01  8.96732321e-01 -1.51866087e-05 -5.48625598e-13  4.82376715e-12 
 1.20814816e-04  8.96661751e-01  8.96777154e-01  8.96732315e-01 -1.51283877e-05 -2.71906195e-13  3.20913142e-12 
 1.20914816e-04  8.96661544e-01  8.96777143e-01  8.96732309e-01 -1.51866043e-05 -5.48475544e-13  4.82341001e-12 
 1.21014816e-04  8.96661738e-01  8.96777141e-01  8.96732302e-01 -1.51283921e-05 -2.72055815e-13  3.20949924e-12 
 1.21114816e-04  8.96661532e-01  8.96777130e-01  8.96732296e-01 -1.51865999e-05 -5.48326575e-13  4.82300446e-12 
 1.21214816e-04  8.96661726e-01  8.96777129e-01  8.96732290e-01 -1.51283965e-05 -2.72205652e-13  3.20991606e-12 
 1.21314816e-04  8.96661519e-01  8.96777118e-01  8.96732284e-01 -1.51865955e-05 -5.48176305e-13  4.82253668e-12 
 1.21414816e-04  8.96661713e-01  8.96777116e-01  8.96732277e-01 -1.51284009e-05 -2.72355055e-13  3.21025471e-12 
 1.21514816e-04  8.96661507e-01  8.96777105e-01  8.96732271e-01 -1.51865912e-05 -5.48024733e-13  4.82220974e-12 
 1.21614816e-04  8.96661701e-01  8.96777104e-01  8.96732265e-01 -1.51284053e-05 -2.72504241e-13  3.21060035e-12 
 1.21714816e-04  8.96661494e-01  8.96777093e-01  8.96732259e-01 -1.51865868e-05 -5.47876848e-13  4.82189429e-12 
 1.21814816e-04  8.96661688e-01  8.96777091e-01  8.96732253e-01 -1.51284096e-05 -2.72655379e-13  3.21109556e-12 
 1.21914816e-04  8.96661482e-01  8.96777080e-01  8.96732246e-01 -1.51865824e-05 -5.47728312e-13  4.82150843e-12 
 1.22014816e-04  8.96661676e-01  8.96777079e-01  8.96732240e-01 -1.51284140e-05 -2.72804782e-13  3.21142462e-12 
 1.22114816e-04  8.96661469e-01  8.96777068e-01  8.96732234e-01 -1.51865780e-05 -5.47580427e-13  4.82104601e-12 
 1.22214816e-04  8.96661663e-01  8.96777066e-01  8.96732228e-01 -1.51284184e-05 -2.72952667e-13  3.21181206e-12 
 1.22314816e-04  8.96661457e-01  8.96777055e-01  8.96732221e-01 -1.51865737e-05 -5.47431241e-13  4.82069338e-12 
 1.22414816e-04  8.96661651e-01  8.96777054e-01  8.96732215e-01 -1.51284228e-05 -2.73099902e-13  3.21216025e-12 
 1.22514816e-04  8.96661444e-01  8.96777043e-01  8.96732209e-01 -1.51865693e-05 -5.47283789e-13  4.82028480e-12 
 1.22614816e-04  8.96661638e-01  8.96777041e-01  8.96732203e-01 -1.51284271e-05 -2.73246703e-13  3.21256352e-12 
 1.22714816e-04  8.96661432e-01  8.96777030e-01  8.96732196e-01 -1.51865649e-05 -5.47136555e-13  4.81998783e-12 
 1.22814816e-04  8.96661626e-01  8.96777029e-01  8.96732190e-01 -1.51284315e-05 -2.73395239e-13  3.21294532e-12 
 1.22914816e-04  8.96661420e-01  8.96777018e-01  8.96732184e-01 -1.51865606e-05 -5.46988236e-13  4.81958109e-12 
 1.23014816e-04  8.96661613e-01  8.96777017e-01  8.96732178e-01 -1.51284359e-05 -2.73542257e-13  3.21337428e-12 
 1.23114816e-04  8.96661407e-01  8.96777006e-01  8.96732171e-01 -1.51865562e-05 -5.46842736e-13  4.81916991e-12 
 1.23214816e-04  8.96661601e-01  8.96777004e-01  8.96732165e-01 -1.51284403e-05 -2.73688624e-13  3.21371776e-12 
 1.23314816e-04  8.96661395e-01  8.96776993e-01  8.96732159e-01 -1.51865518e-05 -5.46696369e-13  4.81876648e-12 
 1.23414816e-04  8.96661588e-01  8.96776992e-01  8.96732153e-01 -1.51284446e-05 -2.73834341e-13  3.21410254e-12 
 1.23514816e-04  8.96661382e-01  8.96776981e-01  8.96732147e-01 -1.51865475e-05 -5.46547399e-13  4.81837985e-12 
 1.23614816e-04  8.96661576e-01  8.96776979e-01  8.96732140e-01 -1.51284490e-05 -2.73980491e-13  3.21448684e-12 
 1.23714816e-04  8.96661370e-01  8.96776968e-01  8.96732134e-01 -1.51865431e-05 -5.46401466e-13  4.81800488e-12 
 1.23814816e-04  8.96661563e-01  8.96776967e-01  8.96732128e-01 -1.51284534e-05 -2.74126642e-13  3.21484386e-12 
 1.23914816e-04  8.96661357e-01  8.96776956e-01  8.96732122e-01 -1.51865387e-05 -5.46255966e-13  4.81763560e-12 
 1.24014816e-04  8.96661551e-01  8.96776954e-01  8.96732115e-01 -1.51284578e-05 -2.74271708e-13  3.21527820e-12 
 1.24114816e-04  8.96661345e-01  8.96776943e-01  8.96732109e-01 -1.51865344e-05 -5.46112417e-13  4.81729468e-12 
 1.24214816e-04  8.96661538e-01  8.96776942e-01  8.96732103e-01 -1.51284621e-05 -2.74417425e-13  3.21569214e-12 
 1.24314816e-04  8.96661332e-01  8.96776931e-01  8.96732097e-01 -1.51865300e-05 -5.45967134e-13  4.81692746e-12 
 1.24414816e-04  8.96661526e-01  8.96776929e-01  8.96732090e-01 -1.51284665e-05 -2.74560973e-13  3.21602597e-12 
 1.24514816e-04  8.96661320e-01  8.96776918e-01  8.96732084e-01 -1.51865256e-05 -5.45820550e-13  4.81647860e-12 
 1.24614816e-04  8.96661513e-01  8.96776917e-01  8.96732078e-01 -1.51284709e-05 -2.74708208e-13  3.21640512e-12 
 1.24714816e-04  8.96661307e-01  8.96776906e-01  8.96732072e-01 -1.51865213e-05 -5.45678737e-13  4.81607657e-12 
 1.24814816e-04  8.96661501e-01  8.96776904e-01  8.96732065e-01 -1.51284752e-05 -2.74851756e-13  3.21678085e-12 
 1.24914816e-04  8.96661295e-01  8.96776893e-01  8.96732059e-01 -1.51865169e-05 -5.45534321e-13  4.81574963e-12 
 1.25014816e-04  8.96661488e-01  8.96776892e-01  8.96732053e-01 -1.51284796e-05 -2.74995955e-13  3.21715246e-12 
 1.25114816e-04  8.96661282e-01  8.96776881e-01  8.96732047e-01 -1.51865126e-05 -5.45390339e-13  4.81536984e-12 
 1.25214816e-04  8.96661476e-01  8.96776879e-01  8.96732040e-01 -1.51284840e-05 -2.75139286e-13  3.21751599e-12 
 1.25314816e-04  8.96661270e-01  8.96776868e-01  8.96732034e-01 -1.51865082e-05 -5.45248091e-13  4.81494553e-12 
 1.25414816e-04  8.96661463e-01  8.96776867e-01  8.96732028e-01 -1.51284883e-05 -2.75281317e-13  3.21794121e-12 
 1.25514816e-04  8.96661258e-01  8.96776856e-01  8.96732022e-01 -1.51865038e-05 -5.45103893e-13  4.81456899e-12 
 1.25614816e-04  8.96661451e-01  8.96776854e-01  8.96732016e-01 -1.51284927e-05 -2.75425516e-13  3.21832166e-12 
 1.25714816e-04  8.96661245e-01  8.96776843e-01  8.96732009e-01 -1.51864995e-05 -5.44961428e-13  4.81417618e-12 
 1.25814816e-04  8.96661438e-01  8.96776842e-01  8.96732003e-01 -1.51284971e-05 -2.75567980e-13  3.21867251e-12 
 1.25914816e-04  8.96661233e-01  8.96776831e-01  8.96731997e-01 -1.51864951e-05 -5.44819398e-13  4.81382507e-12 
 1.26014816e-04  8.96661426e-01  8.96776829e-01  8.96731991e-01 -1.51285014e-05 -2.75708926e-13  3.21909161e-12 
 1.26114816e-04  8.96661220e-01  8.96776819e-01  8.96731984e-01 -1.51864908e-05 -5.44677367e-13  4.81342543e-12 
 1.26214816e-04  8.96661413e-01  8.96776817e-01  8.96731978e-01 -1.51285058e-05 -2.75850523e-13  3.21947097e-12 
 1.26314816e-04  8.96661208e-01  8.96776806e-01  8.96731972e-01 -1.51864864e-05 -5.44535771e-13  4.81305908e-12 
 1.26414816e-04  8.96661401e-01  8.96776804e-01  8.96731966e-01 -1.51285101e-05 -2.75992770e-13  3.21990075e-12 
 1.26514816e-04  8.96661195e-01  8.96776794e-01  8.96731959e-01 -1.51864821e-05 -5.44391572e-13  4.81267961e-12 
 1.26614816e-04  8.96661388e-01  8.96776792e-01  8.96731953e-01 -1.51285145e-05 -2.76135885e-13  3.22024829e-12 
 1.26714816e-04  8.96661183e-01  8.96776781e-01  8.96731947e-01 -1.51864777e-05 -5.44250625e-13  4.81226983e-12 
 1.26814816e-04  8.96661376e-01  8.96776779e-01  8.96731941e-01 -1.51285189e-05 -2.76275530e-13  3.22058851e-12 
 1.26914816e-04  8.96661170e-01  8.96776769e-01  8.96731934e-01 -1.51864733e-05 -5.44109896e-13  4.81190429e-12 
 1.27014816e-04  8.96661364e-01  8.96776767e-01  8.96731928e-01 -1.51285232e-05 -2.76415826e-13  3.22099834e-12 
 1.27114816e-04  8.96661158e-01  8.96776756e-01  8.96731922e-01 -1.51864690e-05 -5.43970251e-13  4.81148465e-12 
 1.27214816e-04  8.96661351e-01  8.96776754e-01  8.96731916e-01 -1.51285276e-05 -2.76556122e-13  3.22135374e-12 
 1.27314816e-04  8.96661145e-01  8.96776744e-01  8.96731910e-01 -1.51864646e-05 -5.43829738e-13  4.81114682e-12 
 1.27414816e-04  8.96661339e-01  8.96776742e-01  8.96731903e-01 -1.51285319e-05 -2.76695984e-13  3.22172806e-12 
 1.27514816e-04  8.96661133e-01  8.96776731e-01  8.96731897e-01 -1.51864603e-05 -5.43690093e-13  4.81075146e-12 
 1.27614816e-04  8.96661326e-01  8.96776730e-01  8.96731891e-01 -1.51285363e-05 -2.76838231e-13  3.22211604e-12 
 1.27714816e-04  8.96661120e-01  8.96776719e-01  8.96731885e-01 -1.51864559e-05 -5.43551098e-13  4.81032244e-12 
 1.27814816e-04  8.96661314e-01  8.96776717e-01  8.96731878e-01 -1.51285407e-05 -2.76977226e-13  3.22250831e-12 
 1.27914816e-04  8.96661108e-01  8.96776706e-01  8.96731872e-01 -1.51864516e-05 -5.43411236e-13  4.80999957e-12 
 1.28014816e-04  8.96661301e-01  8.96776705e-01  8.96731866e-01 -1.51285450e-05 -2.77116004e-13  3.22284061e-12 
 1.28114816e-04  8.96661096e-01  8.96776694e-01  8.96731860e-01 -1.51864472e-05 -5.43272025e-13  4.80964834e-12 
 1.28214816e-04  8.96661289e-01  8.96776692e-01  8.96731853e-01 -1.51285494e-05 -2.77255215e-13  3.22332422e-12 
 1.28314816e-04  8.96661083e-01  8.96776681e-01  8.96731847e-01 -1.51864429e-05 -5.43134548e-13  4.80916273e-12 
 1.28414816e-04  8.96661276e-01  8.96776680e-01  8.96731841e-01 -1.51285537e-05 -2.77393560e-13  3.22363073e-12 
 1.28514816e-04  8.96661071e-01  8.96776669e-01  8.96731835e-01 -1.51864385e-05 -5.42993601e-13  4.80884543e-12 
 1.28614816e-04  8.96661264e-01  8.96776667e-01  8.96731828e-01 -1.51285581e-05 -2.77533205e-13  3.22408674e-12 
 1.28714816e-04  8.96661058e-01  8.96776656e-01  8.96731822e-01 -1.51864342e-05 -5.42854607e-13  4.80844731e-12 
 1.28814816e-04  8.96661251e-01  8.96776655e-01  8.96731816e-01 -1.51285624e-05 -2.77670248e-13  3.22441244e-12 
 1.28914816e-04  8.96661046e-01  8.96776644e-01  8.96731810e-01 -1.51864298e-05 -5.42717997e-13  4.80809419e-12 
 1.29014816e-04  8.96661239e-01  8.96776642e-01  8.96731803e-01 -1.51285668e-05 -2.77807942e-13  3.22484183e-12 
 1.29114816e-04  8.96661033e-01  8.96776631e-01  8.96731797e-01 -1.51864255e-05 -5.42580304e-13  4.80773152e-12 
 1.29214816e-04  8.96661226e-01  8.96776630e-01  8.96731791e-01 -1.51285711e-05 -2.77946069e-13  3.22523713e-12 
 1.29314816e-04  8.96661021e-01  8.96776619e-01  8.96731785e-01 -1.51864212e-05 -5.42442827e-13  4.80733254e-12 
 1.29414816e-04  8.96661214e-01  8.96776617e-01  8.96731779e-01 -1.51285755e-05 -2.78082245e-13  3.22556261e-12 
 1.29514816e-04  8.96661008e-01  8.96776607e-01  8.96731772e-01 -1.51864168e-05 -5.42304699e-13  4.80691376e-12 
 1.29614816e-04  8.96661201e-01  8.96776605e-01  8.96731766e-01 -1.51285798e-05 -2.78220372e-13  3.22599949e-12 
 1.29714816e-04  8.96660996e-01  8.96776594e-01  8.96731760e-01 -1.51864125e-05 -5.42168307e-13  4.80659539e-12 
 1.29814816e-04  8.96661189e-01  8.96776592e-01  8.96731754e-01 -1.51285842e-05 -2.78356331e-13  3.22638812e-12 
 1.29914816e-04  8.96660983e-01  8.96776582e-01  8.96731747e-01 -1.51864081e-05 -5.42032782e-13  4.80620844e-12 
 1.30014816e-04  8.96661176e-01  8.96776580e-01  8.96731741e-01 -1.51285885e-05 -2.78492507e-13  3.22671962e-12 
 1.30114816e-04  8.96660971e-01  8.96776569e-01  8.96731735e-01 -1.51864038e-05 -5.41895088e-13  4.80579275e-12 
 1.30214816e-04  8.96661164e-01  8.96776567e-01  8.96731729e-01 -1.51285929e-05 -2.78628249e-13  3.22712056e-12 
 1.30314816e-04  8.96660958e-01  8.96776557e-01  8.96731722e-01 -1.51863994e-05 -5.41759779e-13  4.80540418e-12 
 1.30414816e-04  8.96661151e-01  8.96776555e-01  8.96731716e-01 -1.51285972e-05 -2.78764425e-13  3.22747802e-12 
 1.30514816e-04  8.96660946e-01  8.96776544e-01  8.96731710e-01 -1.51863951e-05 -5.41622736e-13  4.80505875e-12 
 1.30614816e-04  8.96661139e-01  8.96776542e-01  8.96731704e-01 -1.51286016e-05 -2.78903636e-13  3.22785120e-12 
 1.30714816e-04  8.96660934e-01  8.96776532e-01  8.96731698e-01 -1.51863908e-05 -5.41488946e-13  4.80464941e-12 
 1.30814816e-04  8.96661126e-01  8.96776530e-01  8.96731691e-01 -1.51286059e-05 -2.79036776e-13  3.22829437e-12 
 1.30914816e-04  8.96660921e-01  8.96776519e-01  8.96731685e-01 -1.51863864e-05 -5.41352987e-13  4.80425237e-12 
 1.31014816e-04  8.96661114e-01  8.96776517e-01  8.96731679e-01 -1.51286103e-05 -2.79171651e-13  3.22861139e-12 
 1.31114816e-04  8.96660909e-01  8.96776507e-01  8.96731673e-01 -1.51863821e-05 -5.41218979e-13  4.80388673e-12 
 1.31214816e-04  8.96661101e-01  8.96776505e-01  8.96731666e-01 -1.51286146e-05 -2.79306743e-13  3.22901650e-12 
 1.31314816e-04  8.96660896e-01  8.96776494e-01  8.96731660e-01 -1.51863777e-05 -5.41085189e-13  4.80349408e-12 
 1.31414816e-04  8.96661089e-01  8.96776492e-01  8.96731654e-01 -1.51286189e-05 -2.79440750e-13  3.22943029e-12 
 1.31514816e-04  8.96660884e-01  8.96776482e-01  8.96731648e-01 -1.51863734e-05 -5.40949230e-13  4.80315944e-12 
 1.31614816e-04  8.96661076e-01  8.96776480e-01  8.96731641e-01 -1.51286233e-05 -2.79575625e-13  3.22981382e-12 
 1.31714816e-04  8.96660871e-01  8.96776469e-01  8.96731635e-01 -1.51863691e-05 -5.40815439e-13  4.80272213e-12 
 1.31814816e-04  8.96661064e-01  8.96776467e-01  8.96731629e-01 -1.51286276e-05 -2.79708548e-13  3.23017307e-12 
 1.31914816e-04  8.96660859e-01  8.96776457e-01  8.96731623e-01 -1.51863647e-05 -5.40682516e-13  4.80233594e-12 
 1.32014816e-04  8.96661051e-01  8.96776455e-01  8.96731616e-01 -1.51286320e-05 -2.79842339e-13  3.23047470e-12 
 1.32114816e-04  8.96660846e-01  8.96776444e-01  8.96731610e-01 -1.51863604e-05 -5.40548942e-13  4.80199593e-12 
 1.32214816e-04  8.96661039e-01  8.96776443e-01  8.96731604e-01 -1.51286363e-05 -2.79976780e-13  3.23094698e-12 
 1.32314816e-04  8.96660834e-01  8.96776432e-01  8.96731598e-01 -1.51863561e-05 -5.40414935e-13  4.80162958e-12 
 1.32414816e-04  8.96661026e-01  8.96776430e-01  8.96731591e-01 -1.51286407e-05 -2.80109486e-13  3.23133219e-12 
 1.32514816e-04  8.96660821e-01  8.96776420e-01  8.96731585e-01 -1.51863517e-05 -5.40279627e-13  4.80119471e-12 
 1.32614816e-04  8.96661014e-01  8.96776418e-01  8.96731579e-01 -1.51286450e-05 -2.80241759e-13  3.23171692e-12 
 1.32714816e-04  8.96660809e-01  8.96776407e-01  8.96731573e-01 -1.51863474e-05 -5.40146703e-13  4.80083529e-12 
 1.32814816e-04  8.96661001e-01  8.96776405e-01  8.96731566e-01 -1.51286493e-05 -2.80375115e-13  3.23204934e-12 
 1.32914816e-04  8.96660796e-01  8.96776395e-01  8.96731560e-01 -1.51863431e-05 -5.40015081e-13  4.80045832e-12 
 1.33014816e-04  8.96660989e-01  8.96776393e-01  8.96731554e-01 -1.51286537e-05 -2.80505870e-13  3.23243981e-12 
 1.33114816e-04  8.96660784e-01  8.96776382e-01  8.96731548e-01 -1.51863387e-05 -5.39883676e-13  4.80003900e-12 
 1.33214816e-04  8.96660976e-01  8.96776380e-01  8.96731542e-01 -1.51286580e-05 -2.80638143e-13  3.23280855e-12 
 1.33314816e-04  8.96660772e-01  8.96776370e-01  8.96731535e-01 -1.51863344e-05 -5.39750970e-13  4.79966484e-12 
 1.33414816e-04  8.96660964e-01  8.96776368e-01  8.96731529e-01 -1.51286623e-05 -2.80771283e-13  3.23321887e-12 
 1.33514816e-04  8.96660759e-01  8.96776357e-01  8.96731523e-01 -1.51863301e-05 -5.39618914e-13  4.79929112e-12 
 1.33614816e-04  8.96660951e-01  8.96776355e-01  8.96731517e-01 -1.51286667e-05 -2.80903122e-13  3.23359850e-12 
 1.33714816e-04  8.96660747e-01  8.96776345e-01  8.96731510e-01 -1.51863257e-05 -5.39487075e-13  4.79895973e-12 
 1.33814816e-04  8.96660939e-01  8.96776343e-01  8.96731504e-01 -1.51286710e-05 -2.81034527e-13  3.23396231e-12 
 1.33914816e-04  8.96660734e-01  8.96776332e-01  8.96731498e-01 -1.51863214e-05 -5.39356103e-13  4.79854703e-12 
 1.34014816e-04  8.96660926e-01  8.96776330e-01  8.96731492e-01 -1.51286753e-05 -2.81165716e-13  3.23438140e-12 
 1.34114816e-04  8.96660722e-01  8.96776320e-01  8.96731485e-01 -1.51863171e-05 -5.39225999e-13  4.79813384e-12 
 1.34214816e-04  8.96660914e-01  8.96776318e-01  8.96731479e-01 -1.51286797e-05 -2.81295820e-13  3.23473247e-12 
 1.34314816e-04  8.96660709e-01  8.96776307e-01  8.96731473e-01 -1.51863128e-05 -5.39094594e-13  4.79777047e-12 
 1.34414816e-04  8.96660901e-01  8.96776305e-01  8.96731467e-01 -1.51286840e-05 -2.81425924e-13  3.23512262e-12 
 1.34514816e-04  8.96660697e-01  8.96776295e-01  8.96731461e-01 -1.51863084e-05 -5.38964489e-13  4.79743437e-12 
 1.34614816e-04  8.96660889e-01  8.96776293e-01  8.96731454e-01 -1.51286883e-05 -2.81558414e-13  3.23550063e-12 
 1.34714816e-04  8.96660684e-01  8.96776282e-01  8.96731448e-01 -1.51863041e-05 -5.38834819e-13  4.79699028e-12 
 1.34814816e-04  8.96660876e-01  8.96776280e-01  8.96731442e-01 -1.51286927e-05 -2.81688952e-13  3.23588367e-12 
 1.34914816e-04  8.96660672e-01  8.96776270e-01  8.96731436e-01 -1.51862998e-05 -5.38704715e-13  4.79663564e-12 
 1.35014816e-04  8.96660864e-01  8.96776268e-01  8.96731429e-01 -1.51286970e-05 -2.81818189e-13  3.23624255e-12 
 1.35114816e-04  8.96660659e-01  8.96776257e-01  8.96731423e-01 -1.51862955e-05 -5.38575044e-13  4.79625167e-12 
 1.35214816e-04  8.96660851e-01  8.96776255e-01  8.96731417e-01 -1.51287013e-05 -2.81947425e-13  3.23667563e-12 
 1.35314816e-04  8.96660647e-01  8.96776245e-01  8.96731411e-01 -1.51862911e-05 -5.38446024e-13  4.79591003e-12 
 1.35414816e-04  8.96660839e-01  8.96776243e-01  8.96731404e-01 -1.51287057e-05 -2.82077747e-13  3.23703325e-12 
 1.35514816e-04  8.96660634e-01  8.96776232e-01  8.96731398e-01 -1.51862868e-05 -5.38314402e-13  4.79550541e-12 
 1.35614816e-04  8.96660827e-01  8.96776230e-01  8.96731392e-01 -1.51287100e-05 -2.82205899e-13  3.23740508e-12 
 1.35714816e-04  8.96660622e-01  8.96776220e-01  8.96731386e-01 -1.51862825e-05 -5.38185165e-13  4.79507200e-12 
 1.35814816e-04  8.96660814e-01  8.96776218e-01  8.96731379e-01 -1.51287143e-05 -2.82334702e-13  3.23779312e-12 
 1.35914816e-04  8.96660610e-01  8.96776208e-01  8.96731373e-01 -1.51862782e-05 -5.38057012e-13  4.79474381e-12 
 1.36014816e-04  8.96660802e-01  8.96776205e-01  8.96731367e-01 -1.51287187e-05 -2.82463289e-13  3.23817156e-12 
 1.36114816e-04  8.96660597e-01  8.96776195e-01  8.96731361e-01 -1.51862739e-05 -5.37929293e-13  4.79432851e-12 
 1.36214816e-04  8.96660789e-01  8.96776193e-01  8.96731354e-01 -1.51287230e-05 -2.82591658e-13  3.23852718e-12 
 1.36314816e-04  8.96660585e-01  8.96776183e-01  8.96731348e-01 -1.51862695e-05 -5.37799623e-13  4.79401864e-12 
 1.36414816e-04  8.96660777e-01  8.96776180e-01  8.96731342e-01 -1.51287273e-05 -2.82720462e-13  3.23892887e-12 
 1.36514816e-04  8.96660572e-01  8.96776170e-01  8.96731336e-01 -1.51862652e-05 -5.37671687e-13  4.79359114e-12 
 1.36614816e-04  8.96660764e-01  8.96776168e-01  8.96731330e-01 -1.51287316e-05 -2.82849265e-13  3.23934027e-12 
 1.36714816e-04  8.96660560e-01  8.96776158e-01  8.96731323e-01 -1.51862609e-05 -5.37544835e-13  4.79324263e-12 
 1.36814816e-04  8.96660752e-01  8.96776156e-01  8.96731317e-01 -1.51287360e-05 -2.82976116e-13  3.23968662e-12 
 1.36914816e-04  8.96660547e-01  8.96776145e-01  8.96731311e-01 -1.51862566e-05 -5.37417333e-13  4.79284125e-12 
 1.37014816e-04  8.96660739e-01  8.96776143e-01  8.96731305e-01 -1.51287403e-05 -2.83103619e-13  3.24011320e-12 
 1.37114816e-04  8.96660535e-01  8.96776133e-01  8.96731298e-01 -1.51862523e-05 -5.37289397e-13  4.79246872e-12 
 1.37214816e-04  8.96660727e-01  8.96776131e-01  8.96731292e-01 -1.51287446e-05 -2.83230253e-13  3.24048281e-12 
 1.37314816e-04  8.96660522e-01  8.96776120e-01  8.96731286e-01 -1.51862479e-05 -5.37162762e-13  4.79208741e-12 
 1.37414816e-04  8.96660714e-01  8.96776118e-01  8.96731280e-01 -1.51287489e-05 -2.83356671e-13  3.24083626e-12 
 1.37514816e-04  8.96660510e-01  8.96776108e-01  8.96731273e-01 -1.51862436e-05 -5.37033959e-13  4.79170425e-12 
 1.37614816e-04  8.96660702e-01  8.96776106e-01  8.96731267e-01 -1.51287532e-05 -2.83486125e-13  3.24125199e-12 
 1.37714816e-04  8.96660497e-01  8.96776095e-01  8.96731261e-01 -1.51862393e-05 -5.36907107e-13  4.79133795e-12 
 1.37814816e-04  8.96660689e-01  8.96776093e-01  8.96731255e-01 -1.51287576e-05 -2.83612977e-13  3.24160149e-12 
 1.37914816e-04  8.96660485e-01  8.96776083e-01  8.96731248e-01 -1.51862350e-05 -5.36781557e-13  4.79095458e-12 
 1.38014816e-04  8.96660677e-01  8.96776081e-01  8.96731242e-01 -1.51287619e-05 -2.83738311e-13  3.24204774e-12 
 1.38114816e-04  8.96660472e-01  8.96776070e-01  8.96731236e-01 -1.51862307e-05 -5.36656223e-13  4.79055771e-12 
 1.38214816e-04  8.96660664e-01  8.96776068e-01  8.96731230e-01 -1.51287662e-05 -2.83864512e-13  3.24234893e-12 
 1.38314816e-04  8.96660460e-01  8.96776058e-01  8.96731224e-01 -1.51862264e-05 -5.36529805e-13  4.79021683e-12 
 1.38414816e-04  8.96660652e-01  8.96776056e-01  8.96731217e-01 -1.51287705e-05 -2.83989629e-13  3.24276348e-12 
 1.38514816e-04  8.96660448e-01  8.96776045e-01  8.96731211e-01 -1.51862221e-05 -5.36403170e-13  4.78974971e-12 
 1.38614816e-04  8.96660639e-01  8.96776043e-01  8.96731205e-01 -1.51287748e-05 -2.84116047e-13  3.24312002e-12 
 1.38714816e-04  8.96660435e-01  8.96776033e-01  8.96731199e-01 -1.51862178e-05 -5.36277836e-13  4.78941805e-12 
 1.38814816e-04  8.96660627e-01  8.96776031e-01  8.96731192e-01 -1.51287792e-05 -2.84241380e-13  3.24346648e-12 
 1.38914816e-04  8.96660423e-01  8.96776020e-01  8.96731186e-01 -1.51862134e-05 -5.36153804e-13  4.78905040e-12 
 1.39014816e-04  8.96660614e-01  8.96776018e-01  8.96731180e-01 -1.51287835e-05 -2.84366714e-13  3.24392775e-12 
 1.39114816e-04  8.96660410e-01  8.96776008e-01  8.96731174e-01 -1.51862091e-05 -5.36028036e-13  4.78864339e-12 
 1.39214816e-04  8.96660602e-01  8.96776006e-01  8.96731167e-01 -1.51287878e-05 -2.84490313e-13  3.24424938e-12 
 1.39314816e-04  8.96660398e-01  8.96775996e-01  8.96731161e-01 -1.51862048e-05 -5.35903353e-13  4.78831943e-12 
 1.39414816e-04  8.96660589e-01  8.96775993e-01  8.96731155e-01 -1.51287921e-05 -2.84614563e-13  3.24467829e-12 
 1.39514816e-04  8.96660385e-01  8.96775983e-01  8.96731149e-01 -1.51862005e-05 -5.35778453e-13  4.78788873e-12 
 1.39614816e-04  8.96660577e-01  8.96775981e-01  8.96731142e-01 -1.51287964e-05 -2.84741198e-13  3.24502773e-12 
 1.39714816e-04  8.96660373e-01  8.96775971e-01  8.96731136e-01 -1.51861962e-05 -5.35653119e-13  4.78754205e-12 
 1.39814816e-04  8.96660564e-01  8.96775968e-01  8.96731130e-01 -1.51288007e-05 -2.84866531e-13  3.24539787e-12 
 1.39914816e-04  8.96660360e-01  8.96775958e-01  8.96731124e-01 -1.51861919e-05 -5.35530171e-13  4.78713147e-12 
 1.40014816e-04  8.96660552e-01  8.96775956e-01  8.96731117e-01 -1.51288050e-05 -2.84988179e-13  3.24581101e-12 
 1.40114816e-04  8.96660348e-01  8.96775946e-01  8.96731111e-01 -1.51861876e-05 -5.35406788e-13  4.78677455e-12 
 1.40214816e-04  8.96660539e-01  8.96775943e-01  8.96731105e-01 -1.51288094e-05 -2.85113079e-13  3.24616164e-12 
 1.40314816e-04  8.96660335e-01  8.96775933e-01  8.96731099e-01 -1.51861833e-05 -5.35282539e-13  4.78639741e-12 
 1.40414816e-04  8.96660527e-01  8.96775931e-01  8.96731093e-01 -1.51288137e-05 -2.85236461e-13  3.24658659e-12 
 1.40514816e-04  8.96660323e-01  8.96775921e-01  8.96731086e-01 -1.51861790e-05 -5.35157422e-13  4.78600845e-12 
 1.40614816e-04  8.96660514e-01  8.96775918e-01  8.96731080e-01 -1.51288180e-05 -2.85360928e-13  3.24694649e-12 
 1.40714816e-04  8.96660310e-01  8.96775908e-01  8.96731074e-01 -1.51861747e-05 -5.35035774e-13  4.78561391e-12 
 1.40814816e-04  8.96660502e-01  8.96775906e-01  8.96731068e-01 -1.51288223e-05 -2.85484093e-13  3.24733811e-12 
 1.40914816e-04  8.96660298e-01  8.96775896e-01  8.96731061e-01 -1.51861704e-05 -5.34911958e-13  4.78526707e-12 
 1.41014816e-04  8.96660489e-01  8.96775893e-01  8.96731055e-01 -1.51288266e-05 -2.85607041e-13  3.24767161e-12 
 1.41114816e-04  8.96660286e-01  8.96775883e-01  8.96731049e-01 -1.51861661e-05 -5.34789010e-13  4.78483345e-12 
 1.41214816e-04  8.96660477e-01  8.96775881e-01  8.96731043e-01 -1.51288309e-05 -2.85729339e-13  3.24808361e-12 
 1.41314816e-04  8.96660273e-01  8.96775871e-01  8.96731036e-01 -1.51861618e-05 -5.34666929e-13  4.78443543e-12 
 1.41414816e-04  8.96660464e-01  8.96775869e-01  8.96731030e-01 -1.51288352e-05 -2.85851421e-13  3.24842264e-12 
 1.41514816e-04  8.96660261e-01  8.96775858e-01  8.96731024e-01 -1.51861575e-05 -5.34542462e-13  4.78412579e-12 
 1.41614816e-04  8.96660452e-01  8.96775856e-01  8.96731018e-01 -1.51288395e-05 -2.85975670e-13  3.24885474e-12 
 1.41714816e-04  8.96660248e-01  8.96775846e-01  8.96731011e-01 -1.51861532e-05 -5.34421032e-13  4.78376919e-12 
 1.41814816e-04  8.96660439e-01  8.96775844e-01  8.96731005e-01 -1.51288438e-05 -2.86097535e-13  3.24920613e-12 
 1.41914816e-04  8.96660236e-01  8.96775833e-01  8.96730999e-01 -1.51861489e-05 -5.34298734e-13  4.78336273e-12 
 1.42014816e-04  8.96660427e-01  8.96775831e-01  8.96730993e-01 -1.51288481e-05 -2.86218965e-13  3.24960740e-12 
 1.42114816e-04  8.96660223e-01  8.96775821e-01  8.96730987e-01 -1.51861446e-05 -5.34176869e-13  4.78291712e-12 
 1.42214816e-04  8.96660414e-01  8.96775819e-01  8.96730980e-01 -1.51288524e-05 -2.86341263e-13  3.25000926e-12 
 1.42314816e-04  8.96660211e-01  8.96775809e-01  8.96730974e-01 -1.51861403e-05 -5.34055872e-13  4.78262644e-12 
 1.42414816e-04  8.96660402e-01  8.96775806e-01  8.96730968e-01 -1.51288567e-05 -2.86462477e-13  3.25033072e-12 
 1.42514816e-04  8.96660198e-01  8.96775796e-01  8.96730962e-01 -1.51861360e-05 -5.33933791e-13  4.78222437e-12 
 1.42614816e-04  8.96660389e-01  8.96775794e-01  8.96730955e-01 -1.51288610e-05 -2.86583908e-13  3.25076088e-12 
 1.42714816e-04  8.96660186e-01  8.96775784e-01  8.96730949e-01 -1.51861317e-05 -5.33813011e-13  4.78182885e-12 
 1.42814816e-04  8.96660377e-01  8.96775781e-01  8.96730943e-01 -1.51288653e-05 -2.86705338e-13  3.25112051e-12 
 1.42914816e-04  8.96660173e-01  8.96775771e-01  8.96730937e-01 -1.51861274e-05 -5.33691797e-13  4.78144862e-12 
 1.43014816e-04  8.96660364e-01  8.96775769e-01  8.96730930e-01 -1.51288696e-05 -2.86825902e-13  3.25144425e-12 
 1.43114816e-04  8.96660161e-01  8.96775759e-01  8.96730924e-01 -1.51861231e-05 -5.33570584e-13  4.78106503e-12 
 1.43214816e-04  8.96660352e-01  8.96775756e-01  8.96730918e-01 -1.51288739e-05 -2.86946031e-13  3.25184980e-12 
 1.43314816e-04  8.96660148e-01  8.96775746e-01  8.96730912e-01 -1.51861188e-05 -5.33450888e-13  4.78069093e-12 
 1.43414816e-04  8.96660339e-01  8.96775744e-01  8.96730905e-01 -1.51288782e-05 -2.87066811e-13  3.25225529e-12 
 1.43514816e-04  8.96660136e-01  8.96775734e-01  8.96730899e-01 -1.51861145e-05 -5.33328156e-13  4.78031915e-12 
 1.43614816e-04  8.96660327e-01  8.96775731e-01  8.96730893e-01 -1.51288825e-05 -2.87188459e-13  3.25268762e-12 
 1.43714816e-04  8.96660124e-01  8.96775721e-01  8.96730887e-01 -1.51861102e-05 -5.33208894e-13  4.77994483e-12 
 1.43814816e-04  8.96660314e-01  8.96775719e-01  8.96730880e-01 -1.51288868e-05 -2.87307721e-13  3.25302361e-12 
 1.43914816e-04  8.96660111e-01  8.96775709e-01  8.96730874e-01 -1.51861059e-05 -5.33088547e-13  4.77954720e-12 
 1.44014816e-04  8.96660302e-01  8.96775706e-01  8.96730868e-01 -1.51288911e-05 -2.87427200e-13  3.25339083e-12 
 1.44114816e-04  8.96660099e-01  8.96775696e-01  8.96730862e-01 -1.51861016e-05 -5.32968418e-13  4.77923490e-12 
 1.44214816e-04  8.96660290e-01  8.96775694e-01  8.96730856e-01 -1.51288954e-05 -2.87546679e-13  3.25379692e-12 
 1.44314816e-04  8.96660086e-01  8.96775684e-01  8.96730849e-01 -1.51860973e-05 -5.32850023e-13  4.77878083e-12 
 1.44414816e-04  8.96660277e-01  8.96775681e-01  8.96730843e-01 -1.51288997e-05 -2.87666158e-13  3.25418354e-12 
 1.44514816e-04  8.96660074e-01  8.96775671e-01  8.96730837e-01 -1.51860930e-05 -5.32728592e-13  4.77841822e-12 
 1.44614816e-04  8.96660265e-01  8.96775669e-01  8.96730831e-01 -1.51289040e-05 -2.87788023e-13  3.25447487e-12 
 1.44714816e-04  8.96660061e-01  8.96775659e-01  8.96730824e-01 -1.51860888e-05 -5.32609764e-13  4.77802796e-12 
 1.44814816e-04  8.96660252e-01  8.96775656e-01  8.96730818e-01 -1.51289083e-05 -2.87907068e-13  3.25493625e-12 
 1.44914816e-04  8.96660049e-01  8.96775646e-01  8.96730812e-01 -1.51860845e-05 -5.32492453e-13  4.77763451e-12 
 1.45014816e-04  8.96660240e-01  8.96775644e-01  8.96730806e-01 -1.51289126e-05 -2.88025680e-13  3.25528612e-12 
 1.45114816e-04  8.96660036e-01  8.96775634e-01  8.96730799e-01 -1.51860802e-05 -5.32372974e-13  4.77728951e-12 
 1.45214816e-04  8.96660227e-01  8.96775631e-01  8.96730793e-01 -1.51289169e-05 -2.88144075e-13  3.25565155e-12 
 1.45314816e-04  8.96660024e-01  8.96775621e-01  8.96730787e-01 -1.51860759e-05 -5.32254579e-13  4.77692593e-12 
 1.45414816e-04  8.96660215e-01  8.96775619e-01  8.96730781e-01 -1.51289212e-05 -2.88263120e-13  3.25608789e-12 
 1.45514816e-04  8.96660011e-01  8.96775609e-01  8.96730775e-01 -1.51860716e-05 -5.32135100e-13  4.77650927e-12 
 1.45614816e-04  8.96660202e-01  8.96775606e-01  8.96730768e-01 -1.51289255e-05 -2.88382165e-13  3.25641239e-12 
 1.45714816e-04  8.96659999e-01  8.96775597e-01  8.96730762e-01 -1.51860673e-05 -5.32016271e-13  4.77614470e-12 
 1.45814816e-04  8.96660190e-01  8.96775594e-01  8.96730756e-01 -1.51289298e-05 -2.88499042e-13  3.25679924e-12 
 1.45914816e-04  8.96659986e-01  8.96775584e-01  8.96730750e-01 -1.51860630e-05 -5.31899828e-13  4.77578594e-12 
 1.46014816e-04  8.96660177e-01  8.96775582e-01  8.96730743e-01 -1.51289341e-05 -2.88617220e-13  3.25716261e-12 
 1.46114816e-04  8.96659974e-01  8.96775572e-01  8.96730737e-01 -1.51860587e-05 -5.31781650e-13  4.77537801e-12 
 1.46214816e-04  8.96660165e-01  8.96775569e-01  8.96730731e-01 -1.51289384e-05 -2.88735398e-13  3.25757195e-12 
 1.46314816e-04  8.96659962e-01  8.96775559e-01  8.96730725e-01 -1.51860545e-05 -5.31662605e-13  4.77505909e-12 
 1.46414816e-04  8.96660152e-01  8.96775557e-01  8.96730718e-01 -1.51289427e-05 -2.88852492e-13  3.25799001e-12 
 1.46514816e-04  8.96659949e-01  8.96775547e-01  8.96730712e-01 -1.51860502e-05 -5.31542909e-13  4.77464184e-12 
 1.46614816e-04  8.96660140e-01  8.96775544e-01  8.96730706e-01 -1.51289470e-05 -2.88971538e-13  3.25830064e-12 
 1.46714816e-04  8.96659937e-01  8.96775534e-01  8.96730700e-01 -1.51860459e-05 -5.31426248e-13  4.77423781e-12 
 1.46807408e-04  8.96660128e-01  8.96775532e-01  8.96730694e-01 -1.51289514e-05 -2.89076705e-13  3.25837052e-12 
 1.46900000e-04  8.96659925e-01  8.96775523e-01  8.96730688e-01 -1.51860413e-05 -5.31294193e-13  4.77359547e-12 
