 time            v(XDUT.HOLD)    v(out)          v(pad)          i(VDD)          i(VHI)          i(VLO)         
 2.50000000e-10  1.64950543e-07  2.42957548e-06  2.20869494e-07 -5.83380443e-08  5.90856874e-11  4.74033761e-11 
 5.00000000e-10  3.27555224e-07  3.72032599e-06  5.38999453e-07 -5.99405004e-08  1.13132217e-10  9.06199111e-11 
 1.00000000e-09  6.52751239e-07  5.28311911e-06  1.25948639e-06 -6.05380305e-08  2.11019591e-10  1.68595922e-10 
 2.00000000e-09  1.30106821e-06  6.74822659e-06  2.84484767e-06 -6.04879596e-08  3.57433213e-10  2.84629171e-10 
 4.00000000e-09  2.58978917e-06  1.00703470e-05  6.02440046e-06 -6.11066850e-08  5.25753150e-10  4.17752291e-10 
 8.00000000e-09  5.13734630e-06  1.66107630e-05  1.25272367e-05 -6.16775218e-08  6.37974866e-10  5.05422456e-10 
 1.60000000e-08  1.01178317e-05  3.01300431e-05  2.58714907e-05 -6.32869906e-08  6.51013923e-10  5.12717591e-10 
 2.50000000e-08  1.55493643e-05  4.54861197e-05  4.12163795e-05 -6.45478491e-08  6.39953750e-10  5.00582554e-10 
 2.66000000e-08  1.64941778e-05  4.82575342e-05  4.39632894e-05 -6.48816156e-08  6.39236304e-10  4.99445329e-10 
 2.98000000e-08  1.83734017e-05  5.37653632e-05  4.94624688e-05 -6.53586516e-08  6.37482213e-10  4.96938069e-10 
 3.62000000e-08  2.20714001e-05  6.47639239e-05  6.04653337e-05 -6.62708978e-08  6.33415903e-10  4.91572612e-10 
 4.90000000e-08  2.92404782e-05  8.66579498e-05  8.23864581e-05 -6.79476392e-08  6.25673514e-10  4.81507447e-10 
 7.40000000e-08  4.24679058e-05  1.28723423e-04  1.24551549e-04 -7.07280571e-08  6.12801671e-10  4.64731299e-10 
 9.90000000e-08  5.48050933e-05  1.69777755e-04  1.65704521e-04 -7.29430488e-08  6.02244533e-10  4.50926196e-10 
 1.24000000e-07  6.64056001e-05  2.09879602e-04  2.05895967e-04 -7.46999870e-08  5.93507687e-10  4.39484584e-10 
 1.49000000e-07  7.73956980e-05  2.49182401e-04  2.45268893e-04 -7.60740006e-08  5.86253474e-10  4.29951304e-10 
 1.74000000e-07  8.78800460e-05  2.87806412e-04  2.83956031e-04 -7.71395460e-08  5.80231264e-10  4.22016389e-10 
 1.99000000e-07  9.79454260e-05  3.25869448e-04  3.22067278e-04 -7.79458350e-08  5.75233364e-10  4.15397618e-10 
 2.24000000e-07  1.07663819e-04  3.63452427e-04  3.59694970e-04 -7.85464866e-08  5.71088999e-10  4.09874524e-10 
 2.49000000e-07  1.17094913e-04  4.00638444e-04  3.96914221e-04 -7.89730119e-08  5.67662666e-10  4.05260542e-10 
 2.74000000e-07  1.26288182e-04  4.37480576e-04  4.33788424e-04 -7.92645509e-08  5.64836658e-10  4.01398098e-10 
 2.99000000e-07  1.35284598e-04  4.74037971e-04  4.70368833e-04 -7.94402366e-08  5.62522849e-10  3.98162736e-10 
 3.24000000e-07  1.44118065e-04  5.10344765e-04  5.06699013e-04 -7.95291892e-08  5.60640700e-10  3.95442103e-10 
 3.49000000e-07  1.52816605e-04  5.46443537e-04  5.42813847e-04 -7.95419248e-08  5.59134328e-10  3.93153349e-10 
 3.74000000e-07  1.61403353e-04  5.82355523e-04  5.78743255e-04 -7.95006820e-08  5.57949539e-10  3.91216465e-10 
 3.99000000e-07  1.69897383e-04  6.18111784e-04  6.14510868e-04 -7.94100053e-08  5.57052800e-10  3.89576901e-10 
 4.24000000e-07  1.78314401e-04  6.53724796e-04  6.50137211e-04 -7.92874495e-08  5.56408785e-10  3.88177672e-10 
 4.49000000e-07  1.86667318e-04  6.89217595e-04  6.85638194e-04 -7.91334384e-08  5.55999732e-10  3.86983620e-10 
 4.74000000e-07  1.94966737e-04  7.24596764e-04  7.21027892e-04 -7.89623737e-08  5.55804048e-10  3.85954084e-10 
 4.99000000e-07  2.03221349e-04  7.59879742e-04  7.56316938e-04 -7.87718481e-08  5.55815348e-10  3.85067226e-10 
 5.24000000e-07  2.11438271e-04  7.95069194e-04  7.91514995e-04 -7.85741685e-08  5.56022269e-10  3.84293922e-10 
 5.49000000e-07  2.19623320e-04  8.30178649e-04  8.26629116e-04 -7.83649897e-08  5.56426875e-10  3.83621465e-10 
 5.74000000e-07  2.27781248e-04  8.65208218e-04  8.61665966e-04 -7.81552517e-08  5.57025661e-10  3.83028881e-10 
 5.99000000e-07  2.35915931e-04  9.00168692e-04  8.96630186e-04 -7.79392856e-08  5.57827189e-10  3.82509697e-10 
 6.24000000e-07  2.44030527e-04  9.35058563e-04  9.31526416e-04 -7.77271611e-08  5.58834226e-10  3.82048701e-10 
 6.49000000e-07  2.52127609e-04  9.69886694e-04  9.66357692e-04 -7.75123068e-08  5.60060562e-10  3.81643660e-10 
 6.74000000e-07  2.60209276e-04  1.00465059e-03  1.00112730e-03 -7.73042575e-08  5.61514195e-10  3.81283452e-10 
 6.99000000e-07  2.68277233e-04  1.03935776e-03  1.03583722e-03 -7.70958272e-08  5.63213340e-10  3.80968714e-10 
 7.24000000e-07  2.76332879e-04  1.07400515e-03  1.07048985e-03 -7.68962415e-08  5.65170578e-10  3.80691258e-10 
 7.49000000e-07  2.84377354e-04  1.10859928e-03  1.10508648e-03 -7.66978953e-08  5.67408067e-10  3.80453653e-10 
 7.74000000e-07  2.92411601e-04  1.14313684e-03  1.13962892e-03 -7.65098548e-08  5.69942602e-10  3.80249852e-10 
 7.99000000e-07  3.00436394e-04  1.17762365e-03  1.17411806e-03 -7.63242285e-08  5.72800043e-10  3.80083731e-10 
 8.24000000e-07  3.08452386e-04  1.21205633e-03  1.20855533e-03 -7.61500237e-08  5.76001222e-10  3.79950837e-10 
 8.49000000e-07  3.16460125e-04  1.24644016e-03  1.24294137e-03 -7.59791526e-08  5.79575632e-10  3.79855936e-10 
 8.74000000e-07  3.24460082e-04  1.28077182e-03  1.27727740e-03 -7.58206287e-08  5.83548123e-10  3.79795806e-10 
 8.99000000e-07  3.32452669e-04  1.31505622e-03  1.31156390e-03 -7.56662308e-08  5.87951887e-10  3.79775833e-10 
 9.24000000e-07  3.40438255e-04  1.34929015e-03  1.34580198e-03 -7.55250208e-08  5.92815896e-10  3.79793786e-10 
 9.49000000e-07  3.48417174e-04  1.38347824e-03  1.37999210e-03 -7.53886878e-08  5.98177221e-10  3.79855505e-10 
 9.74000000e-07  3.56389744e-04  1.41761748e-03  1.41413528e-03 -7.52663708e-08  6.04069170e-10  3.79959592e-10 
 9.99000000e-07  3.64356265e-04  1.45171225e-03  1.44823199e-03 -7.51497004e-08  6.10532974e-10  3.80112247e-10 
 1.02400000e-06  3.72317035e-04  1.48575978e-03  1.48228327e-03 -7.50479114e-08  6.17606595e-10  3.80312813e-10 
 1.04900000e-06  3.80272349e-04  1.51976429e-03  1.51628961e-03 -7.49525995e-08  6.25335815e-10  3.80567803e-10 
 1.07400000e-06  3.88222510e-04  1.55372325e-03  1.55025210e-03 -7.48731090e-08  6.33763667e-10  3.80877255e-10 
 1.09900000e-06  3.96167827e-04  1.58764074e-03  1.58417132e-03 -7.48010194e-08  6.42940975e-10  3.81247986e-10 
 1.12400000e-06  4.04108627e-04  1.62151450e-03  1.61804839e-03 -7.47457949e-08  6.52916374e-10  3.81680708e-10 
 1.14900000e-06  4.12045246e-04  1.65534852e-03  1.65188401e-03 -7.46990153e-08  6.63746327e-10  3.82182563e-10 
 1.17400000e-06  4.19978045e-04  1.68914082e-03  1.68567938e-03 -7.46702725e-08  6.75485706e-10  3.82754948e-10 
 1.19900000e-06  4.27907403e-04  1.72289533e-03  1.71943533e-03 -7.46511621e-08  6.88197326e-10  3.83405366e-10 
 1.22400000e-06  4.35833724e-04  1.75661035e-03  1.75315316e-03 -7.46514121e-08  7.01943046e-10  3.84135924e-10 
 1.24900000e-06  4.43757436e-04  1.79028978e-03  1.78683384e-03 -7.46626475e-08  7.16792849e-10  3.84954544e-10 
 1.27400000e-06  4.51678998e-04  1.82393221e-03  1.82047880e-03 -7.46947415e-08  7.32816441e-10  3.85864084e-10 
 1.29900000e-06  4.59598895e-04  1.85754156e-03  1.85408917e-03 -7.47393626e-08  7.50091904e-10  3.86872951e-10 
 1.32400000e-06  4.67517649e-04  1.89111671e-03  1.88766654e-03 -7.48065381e-08  7.68697761e-10  3.87984813e-10 
 1.34900000e-06  4.75435810e-04  1.92466161e-03  1.92121220e-03 -7.48879951e-08  7.88721222e-10  3.89208637e-10 
 1.37400000e-06  4.83353971e-04  1.95817546e-03  1.95472793e-03 -7.49939244e-08  8.10250698e-10  3.90548966e-10 
 1.39900000e-06  4.91272758e-04  1.99166228e-03  1.98821521e-03 -7.51161272e-08  8.33383658e-10  3.92015412e-10 
 1.42400000e-06  4.99192841e-04  2.02512161e-03  2.02167602e-03 -7.52649678e-08  8.58219561e-10  3.93613466e-10 
 1.44900000e-06  5.07114928e-04  2.05855754e-03  2.05511208e-03 -7.54323374e-08  8.84867345e-10  3.95353479e-10 
 1.47400000e-06  5.15039781e-04  2.09196998e-03  2.08852556e-03 -7.56287851e-08  9.13438755e-10  3.97241969e-10 
 1.49900000e-06  5.22968200e-04  2.12536314e-03  2.12191845e-03 -7.58463078e-08  9.44055477e-10  3.99290119e-10 
 1.52400000e-06  5.30901043e-04  2.15873730e-03  2.15529318e-03 -7.60956512e-08  9.76842832e-10  4.01505555e-10 
 1.54900000e-06  5.38839216e-04  2.19209685e-03  2.18865201e-03 -7.63689335e-08  1.01193658e-09  4.03900393e-10 
 1.57400000e-06  5.46783685e-04  2.22544246e-03  2.22199764e-03 -7.66771092e-08  1.04947693e-09  4.06483448e-10 
 1.59900000e-06  5.54735471e-04  2.25877871e-03  2.25533266e-03 -7.70124336e-08  1.08961504e-09  4.09267860e-10 
 1.62400000e-06  5.62695661e-04  2.29210671e-03  2.28866008e-03 -7.73860804e-08  1.13250733e-09  4.12263716e-10 
 1.64900000e-06  5.70665402e-04  2.32543128e-03  2.32198283e-03 -7.77904578e-08  1.17832165e-09  4.15485268e-10 
 1.67400000e-06  5.78645917e-04  2.35875398e-03  2.35530428e-03 -7.82369685e-08  1.22723188e-09  4.18943947e-10 
 1.69900000e-06  5.86638492e-04  2.39207992e-03  2.38862773e-03 -7.87181864e-08  1.27942374e-09  4.22655193e-10 
 1.72400000e-06  5.94644495e-04  2.42541114e-03  2.42195695e-03 -7.92457523e-08  1.33508968e-09  4.26631839e-10 
 1.74900000e-06  6.02665368e-04  2.45875308e-03  2.45529567e-03 -7.98124160e-08  1.39443438e-09  4.30890575e-10 
 1.77400000e-06  6.10702639e-04  2.49210832e-03  2.48864806e-03 -8.04300621e-08  1.45766975e-09  4.35445670e-10 
 1.79900000e-06  6.18757919e-04  2.52548265e-03  2.52201832e-03 -8.10916224e-08  1.52502014e-09  4.40315101e-10 
 1.82400000e-06  6.26832911e-04  2.55887921e-03  2.55541111e-03 -8.18092268e-08  1.59671754e-09  4.45514581e-10 
 1.84900000e-06  6.34929408e-04  2.59230423e-03  2.58883112e-03 -8.25759912e-08  1.67300635e-09  4.51063369e-10 
 1.87400000e-06  6.43049303e-04  2.62576143e-03  2.62228350e-03 -8.34042844e-08  1.75413872e-09  4.56978593e-10 
 1.89900000e-06  6.51194586e-04  2.65925749e-03  2.65577350e-03 -8.42874011e-08  1.84037897e-09  4.63280743e-10 
 1.92400000e-06  6.59367355e-04  2.69279677e-03  2.68930683e-03 -8.52379367e-08  1.93199888e-09  4.69988276e-10 
 1.94900000e-06  6.67569810e-04  2.72638646e-03  2.72288930e-03 -8.62493479e-08  2.02928174e-09  4.77122804e-10 
 1.97400000e-06  6.75804264e-04  2.76003158e-03  2.75652719e-03 -8.73344337e-08  2.13251763e-09  4.84703955e-10 
 1.99900000e-06  6.84073141e-04  2.79373984e-03  2.79022694e-03 -8.84867865e-08  2.24200695e-09  4.92754275e-10 
 2.02400000e-06  6.92378982e-04  2.82751696e-03  2.82399545e-03 -8.97193695e-08  2.35805561e-09  5.01294322e-10 
 2.04900000e-06  7.00724442e-04  2.86137122e-03  2.85783977e-03 -9.10258688e-08  2.48097806e-09  5.10347289e-10 
 2.07400000e-06  7.09112300e-04  2.89530902e-03  2.89176745e-03 -9.24193596e-08  2.61109223e-09  5.19934315e-10 
 2.09900000e-06  7.17545448e-04  2.92933924e-03  2.92578618e-03 -9.38935595e-08  2.74872201e-09  5.30078841e-10 
 2.12400000e-06  7.26026905e-04  2.96346898e-03  2.95990415e-03 -9.54615816e-08  2.89419190e-09  5.40802108e-10 
 2.14900000e-06  7.34559803e-04  2.99770770e-03  2.99412971e-03 -9.71170924e-08  3.04782883e-09  5.52127261e-10 
 2.17400000e-06  7.43147400e-04  3.03206320e-03  3.02847167e-03 -9.88731469e-08  3.20995643e-09  5.64075024e-10 
 2.19900000e-06  7.51793063e-04  3.06654550e-03  3.06293899e-03 -1.00723253e-07  3.38089612e-09  5.76667541e-10 
 2.22400000e-06  7.60500279e-04  3.10116304e-03  3.09754110e-03 -1.02680282e-07  3.56096094e-09  5.89924219e-10 
 2.24900000e-06  7.69272637e-04  3.13592637e-03  3.13228753e-03 -1.04737448e-07  3.75045580e-09  6.03865319e-10 
 2.27400000e-06  7.78113835e-04  3.17084453e-03  3.16718825e-03 -1.06907287e-07  3.94967086e-09  6.18507939e-10 
 2.29900000e-06  7.87027662e-04  3.20592849e-03  3.20225329e-03 -1.09182552e-07  4.15888087e-09  6.33869370e-10 
 2.32400000e-06  7.96017996e-04  3.24118779e-03  3.23749306e-03 -1.11575259e-07  4.37833797e-09  6.49963200e-10 
 2.34900000e-06  8.05088789e-04  3.27663375e-03  3.27291798e-03 -1.14077501e-07  4.60827020e-09  6.66802437e-10 
 2.37400000e-06  8.14244060e-04  3.31227622e-03  3.30853876e-03 -1.16700558e-07  4.84887361e-09  6.84395725e-10 
 2.39900000e-06  8.23487870e-04  3.34812671e-03  3.34436606e-03 -1.19435631e-07  5.10030995e-09  7.02750241e-10 
 2.42400000e-06  8.32824318e-04  3.38419522e-03  3.38041070e-03 -1.22293009e-07  5.36269807e-09  7.21867995e-10 
 2.44900000e-06  8.42257512e-04  3.42049323e-03  3.41668336e-03 -1.25262734e-07  5.63611073e-09  7.41748505e-10 
 2.47400000e-06  8.51791551e-04  3.45703065e-03  3.45319475e-03 -1.28353812e-07  5.92056530e-09  7.62385162e-10 
 2.49900000e-06  8.61430498e-04  3.49381865e-03  3.48995529e-03 -1.31554809e-07  6.21601950e-09  7.83767646e-10 
 2.52400000e-06  8.71178356e-04  3.53086674e-03  3.52697526e-03 -1.34873102e-07  6.52236119e-09  8.05878303e-10 
 2.54900000e-06  8.81039028e-04  3.56818544e-03  3.56426451e-03 -1.38295384e-07  6.83940268e-09  8.28694234e-10 
 2.57400000e-06  8.91016294e-04  3.60578346e-03  3.60183249e-03 -1.41826944e-07  7.16686869e-09  8.52183507e-10 
 2.59900000e-06  9.01113754e-04  3.64367022e-03  3.63968801e-03 -1.45452043e-07  7.50438780e-09  8.76306654e-10 
 2.62400000e-06  9.11334794e-04  3.68185315e-03  3.67783924e-03 -1.49173136e-07  7.85147622e-09  9.01012245e-10 
 2.64900000e-06  9.21682513e-04  3.72033993e-03  3.71629332e-03 -1.52971015e-07  8.20752169e-09  9.26236917e-10 
 2.67400000e-06  9.32159664e-04  3.75913593e-03  3.75505637e-03 -1.56843733e-07  8.57175445e-09  9.51898657e-10 
 2.69900000e-06  9.42768534e-04  3.79824616e-03  3.79413295e-03 -1.60766039e-07  8.94320774e-09  9.77892179e-10 
 2.72400000e-06  9.53510814e-04  3.83767252e-03  3.83352578e-03 -1.64727069e-07  9.32064444e-09  1.00407338e-09 
 2.74900000e-06  9.64387345e-04  3.87741521e-03  3.87323481e-03 -1.68687032e-07  9.70242863e-09  1.03023608e-09 
 2.77400000e-06  9.75397706e-04  3.91746912e-03  3.91325597e-03 -1.72608922e-07  1.00862636e-08  1.05605554e-09 
 2.79900000e-06  9.86539360e-04  3.95782292e-03  3.95357827e-03 -1.76400829e-07  1.04686345e-08  1.08096834e-09 
 2.82400000e-06  9.97805839e-04  3.99845058e-03  3.99417791e-03 -1.79911336e-07  1.08435038e-08  1.10387235e-09 
 2.84900000e-06  1.00918243e-03  4.03929779e-03  4.03500382e-03 -1.82777482e-07  1.11991155e-08  1.12237375e-09 
 2.87400000e-06  1.02063601e-03  4.08024345e-03  4.07594387e-03 -1.84204121e-07  1.15104733e-08  1.13098629e-09 
 2.89900000e-06  1.03209525e-03  4.12103191e-03  4.11675886e-03 -1.82579820e-07  1.17271060e-08  1.11835150e-09 
 2.92400000e-06  1.04343312e-03  4.16121647e-03  4.15702301e-03 -1.76017806e-07  1.17761071e-08  1.06910529e-09 
 2.94900000e-06  1.05449328e-03  4.20026889e-03  4.19620775e-03 -1.64601429e-07  1.16139517e-08  9.79727087e-10 
 2.97400000e-06  1.06516595e-03  4.23784629e-03  4.23393956e-03 -1.51308901e-07  1.12580191e-08  8.71205746e-10 
 2.99900000e-06  1.07542756e-03  4.27392930e-03  4.27016561e-03 -1.39002207e-07  1.06926179e-08  7.71091944e-10 
 3.02400000e-06  1.08529662e-03  4.30868750e-03  4.30504629e-03 -1.28222623e-07  9.79969117e-09  6.90876637e-10 
 3.04900000e-06  1.09478235e-03  4.34230046e-03  4.33876561e-03 -1.18392704e-07  8.51782300e-09  6.28929453e-10 
 3.07400000e-06  1.10389489e-03  4.37492251e-03  4.37147914e-03 -1.09721293e-07  7.03517725e-09  5.82796390e-10 
 3.09900000e-06  1.11267975e-03  4.40673146e-03  4.40335993e-03 -1.02955363e-07  5.67750383e-09  5.51931895e-10 
 3.12400000e-06  1.12121722e-03  4.43793027e-03  4.43460991e-03 -9.83915721e-08  4.65250687e-09  5.34249397e-10 
 3.14900000e-06  1.12959285e-03  4.46870600e-03  4.46541946e-03 -9.56534861e-08  3.98206437e-09  5.25714633e-10 
 3.17400000e-06  1.13787387e-03  4.49919559e-03  4.49593163e-03 -9.41434187e-08  3.58556078e-09  5.22252098e-10 
 3.19900000e-06  1.14610353e-03  4.52948416e-03  4.52623611e-03 -9.33328221e-08  3.36638759e-09  5.21040291e-10 
 3.22400000e-06  1.15430601e-03  4.55961741e-03  4.55638212e-03 -9.28965436e-08  3.24991018e-09  5.20573723e-10 
 3.24900000e-06  1.16249351e-03  4.58961869e-03  4.58639439e-03 -9.26389755e-08  3.18868159e-09  5.20228405e-10 
 3.27400000e-06  1.17067165e-03  4.61949885e-03  4.61628492e-03 -9.24754584e-08  3.15537917e-09  5.19812070e-10 
 3.29900000e-06  1.17884284e-03  4.64926418e-03  4.64605999e-03 -9.23532890e-08  3.13586098e-09  5.19318858e-10 
 3.32400000e-06  1.18700802e-03  4.67891844e-03  4.67572378e-03 -9.22618652e-08  3.12302872e-09  5.18782112e-10 
 3.34900000e-06  1.19516751e-03  4.70846568e-03  4.70528004e-03 -9.21818545e-08  3.11333313e-09  5.18230810e-10 
 3.37400000e-06  1.20332142e-03  4.73790982e-03  4.73473289e-03 -9.21196631e-08  3.10531147e-09  5.17687969e-10 
 3.39900000e-06  1.21146981e-03  4.76725617e-03  4.76408728e-03 -9.20633256e-08  3.09822415e-09  5.17163064e-10 
 3.42400000e-06  1.21961278e-03  4.79651056e-03  4.79334920e-03 -9.20224864e-08  3.09180783e-09  5.16661501e-10 
 3.44900000e-06  1.22775045e-03  4.82568061e-03  4.82252585e-03 -9.19866313e-08  3.08589857e-09  5.16184301e-10 
 3.47400000e-06  1.23588300e-03  4.85477479e-03  4.85162584e-03 -9.19661185e-08  3.08043850e-09  5.15731824e-10 
 3.49900000e-06  1.24401063e-03  4.88380370e-03  4.88065934e-03 -9.19508295e-08  3.07536955e-09  5.15303732e-10 
 3.52400000e-06  1.25213359e-03  4.91277918e-03  4.90963825e-03 -9.19514067e-08  3.07066233e-09  5.14899589e-10 
 3.54900000e-06  1.26025216e-03  4.94171557e-03  4.93857645e-03 -9.19579640e-08  3.06628220e-09  5.14519245e-10 
 3.57400000e-06  1.26836661e-03  4.97062891e-03  4.96749001e-03 -9.19813692e-08  3.06220554e-09  5.14162320e-10 
 3.59900000e-06  1.27647729e-03  4.99953822e-03  4.99639744e-03 -9.20119495e-08  3.05840728e-09  5.13829011e-10 
 3.62400000e-06  1.28458454e-03  5.02846480e-03  5.02531999e-03 -9.20607989e-08  3.05486761e-09  5.13519173e-10 
 3.64900000e-06  1.29268873e-03  5.05743349e-03  5.05428193e-03 -9.21184702e-08  3.05156744e-09  5.13233341e-10 
 3.67400000e-06  1.30079026e-03  5.08647206e-03  5.08331094e-03 -9.21962979e-08  3.04849034e-09  5.12971657e-10 
 3.69900000e-06  1.30888954e-03  5.11561254e-03  5.11243839e-03 -9.22850759e-08  3.04562142e-09  5.12734980e-10 
 3.72400000e-06  1.31698704e-03  5.14489065e-03  5.14169981e-03 -9.23964036e-08  3.04294721e-09  5.12523792e-10 
 3.74900000e-06  1.32508322e-03  5.17434717e-03  5.17113528e-03 -9.25213437e-08  3.04045595e-09  5.12339289e-10 
 3.77400000e-06  1.33317860e-03  5.20402749e-03  5.20078987e-03 -9.26717828e-08  3.03813665e-09  5.12182285e-10 
 3.79900000e-06  1.34127372e-03  5.23398296e-03  5.23071415e-03 -9.28390795e-08  3.03598005e-09  5.12054322e-10 
 3.82400000e-06  1.34936915e-03  5.26427059e-03  5.26096471e-03 -9.30354375e-08  3.03397725e-09  5.11956571e-10 
 3.84900000e-06  1.35746550e-03  5.29495441e-03  5.29160467e-03 -9.32525419e-08  3.03212099e-09  5.11890933e-10 
 3.87400000e-06  1.36556342e-03  5.32610525e-03  5.32270434e-03 -9.35029437e-08  3.03040414e-09  5.11858953e-10 
 3.89900000e-06  1.37366361e-03  5.35780215e-03  5.35434173e-03 -9.37786875e-08  3.02882114e-09  5.11862906e-10 
 3.92400000e-06  1.38176680e-03  5.39013224e-03  5.38660330e-03 -9.40927035e-08  3.02736640e-09  5.11904730e-10 
 3.94900000e-06  1.38987377e-03  5.42319218e-03  5.41958456e-03 -9.44374276e-08  3.02603577e-09  5.11987090e-10 
 3.97400000e-06  1.39798536e-03  5.45708813e-03  5.45339085e-03 -9.48262015e-08  3.02482500e-09  5.12112336e-10 
 3.99900000e-06  1.40610243e-03  5.49193724e-03  5.48813802e-03 -9.52518866e-08  3.02373120e-09  5.12283548e-10 
 4.02400000e-06  1.41422593e-03  5.52786769e-03  5.52395326e-03 -9.57282709e-08  3.02275132e-09  5.12503514e-10 
 4.04900000e-06  1.42235685e-03  5.56502023e-03  5.56097589e-03 -9.62486756e-08  3.02188358e-09  5.12775754e-10 
 4.07400000e-06  1.43049625e-03  5.60354832e-03  5.59935818e-03 -9.68273692e-08  3.02112598e-09  5.13103522e-10 
 4.09900000e-06  1.43864523e-03  5.64361970e-03  5.63926628e-03 -9.74581705e-08  3.02047781e-09  5.13490813e-10 
 4.12400000e-06  1.44680500e-03  5.68541662e-03  5.68088107e-03 -9.81558685e-08  3.01993804e-09  5.13941386e-10 
 4.14900000e-06  1.45497679e-03  5.72913748e-03  5.72439915e-03 -9.89148204e-08  3.01950693e-09  5.14459751e-10 
 4.17400000e-06  1.46316195e-03  5.77499713e-03  5.77003381e-03 -9.97503775e-08  3.01918438e-09  5.15050217e-10 
 4.19900000e-06  1.47136188e-03  5.82322858e-03  5.81801605e-03 -1.00657485e-07  3.01897157e-09  5.15717863e-10 
 4.22400000e-06  1.47957807e-03  5.87408340e-03  5.86859568e-03 -1.01652107e-07  3.01886934e-09  5.16467605e-10 
 4.24900000e-06  1.48781212e-03  5.92783352e-03  5.92204238e-03 -1.02729829e-07  3.01887977e-09  5.17305151e-10 
 4.27400000e-06  1.49606569e-03  5.98477173e-03  5.97864693e-03 -1.03907292e-07  3.01900461e-09  5.18236093e-10 
 4.29900000e-06  1.50434057e-03  6.04521356e-03  6.03872240e-03 -1.05180788e-07  3.01924686e-09  5.19266844e-10 
 4.32400000e-06  1.51263864e-03  6.10949795e-03  6.10260544e-03 -1.06567700e-07  3.01960920e-09  5.20403753e-10 
 4.34900000e-06  1.52096189e-03  6.17798923e-03  6.17065764e-03 -1.08065111e-07  3.02009557e-09  5.21654025e-10 
 4.37400000e-06  1.52931245e-03  6.25107792e-03  6.24326695e-03 -1.09691231e-07  3.02070962e-09  5.23024860e-10 
 4.39900000e-06  1.53769256e-03  6.32918288e-03  6.32084919e-03 -1.11444019e-07  3.02145630e-09  5.24524355e-10 
 4.42400000e-06  1.54610461e-03  6.41275226e-03  6.40384962e-03 -1.13342616e-07  3.02234026e-09  5.26160667e-10 
 4.44900000e-06  1.55455111e-03  6.50226583e-03  6.49274463e-03 -1.15385960e-07  3.02336750e-09  5.27942899e-10 
 4.47400000e-06  1.56303476e-03  6.59823615e-03  6.58804353e-03 -1.17594231e-07  3.02454377e-09  5.29880279e-10 
 4.49900000e-06  1.57155841e-03  6.70121104e-03  6.69029037e-03 -1.19967470e-07  3.02587620e-09  5.31983039e-10 
 4.52400000e-06  1.58012506e-03  6.81177498e-03  6.80006600e-03 -1.22527020e-07  3.02737169e-09  5.34261606e-10 
 4.54900000e-06  1.58873794e-03  6.93055183e-03  6.91799009e-03 -1.25274151e-07  3.02903858e-09  5.36727469e-10 
 4.57400000e-06  1.59740045e-03  7.05820643e-03  7.04472337e-03 -1.28231501e-07  3.03088504e-09  5.39392383e-10 
 4.59900000e-06  1.60611621e-03  7.19544750e-03  7.18096995e-03 -1.31401708e-07  3.03292070e-09  5.42269226e-10 
 4.62400000e-06  1.61488907e-03  7.34302959e-03  7.32747975e-03 -1.34808843e-07  3.03515505e-09  5.45371213e-10 
 4.64900000e-06  1.62372310e-03  7.50175611e-03  7.48505106e-03 -1.38457051e-07  3.03759914e-09  5.48712739e-10 
 4.67400000e-06  1.63262266e-03  7.67248154e-03  7.65453319e-03 -1.42371979e-07  3.04026387e-09  5.52308602e-10 
 4.69900000e-06  1.64159233e-03  7.85611474e-03  7.83682930e-03 -1.46559407e-07  3.04316176e-09  5.56174829e-10 
 4.72400000e-06  1.65063702e-03  8.05362127e-03  8.03289924e-03 -1.51046684e-07  3.04630520e-09  5.60327905e-10 
 4.74900000e-06  1.65976191e-03  8.26602700e-03  8.24376254e-03 -1.55841353e-07  3.04970825e-09  5.64785583e-10 
 4.77400000e-06  1.66897251e-03  8.49442054e-03  8.47050149e-03 -1.60972572e-07  3.05338485e-09  5.69566109e-10 
 4.79900000e-06  1.67827467e-03  8.73995703e-03  8.71426428e-03 -1.66449737e-07  3.05735060e-09  5.74689011e-10 
 4.82400000e-06  1.68767459e-03  9.00386071e-03  8.97626816e-03 -1.72303890e-07  3.06162102e-09  5.80174324e-10 
 4.84900000e-06  1.69717885e-03  9.28742875e-03  9.25780269e-03 -1.78546337e-07  3.06621325e-09  5.86043343e-10 
 4.87400000e-06  1.70679441e-03  9.59203386e-03  9.56023296e-03 -1.85210027e-07  3.07114431e-09  5.92317840e-10 
 4.89900000e-06  1.71652867e-03  9.91912810e-03  9.88500277e-03 -1.92308161e-07  3.07643279e-09  5.99020785e-10 
 4.92400000e-06  1.72638945e-03  1.02702454e-02  1.02336378e-02 -1.99875552e-07  3.08209709e-09  6.06175537e-10 
 4.94900000e-06  1.73638504e-03  1.06470054e-02  1.06077487e-02 -2.07927210e-07  3.08815706e-09  6.13806524e-10 
 4.97400000e-06  1.74652421e-03  1.10511153e-02  1.10090340e-02 -2.16499669e-07  3.09463221e-09  6.21938400e-10 
 4.99900000e-06  1.75681624e-03  1.14843736e-02  1.14392827e-02 -2.25609556e-07  3.10154329e-09  6.30596662e-10 
 5.02400000e-06  1.76727099e-03  1.19486719e-02  1.19003770e-02 -2.35294874e-07  3.10891047e-09  6.39806763e-10 
 5.04900000e-06  1.77789886e-03  1.24459979e-02  1.23942946e-02 -2.45573548e-07  3.11675486e-09  6.49594643e-10 
 5.07400000e-06  1.78871091e-03  1.29784362e-02  1.29231104e-02 -2.56484668e-07  3.12509653e-09  6.59985752e-10 
 5.09900000e-06  1.79971885e-03  1.35481712e-02  1.34889987e-02 -2.68047012e-07  3.13395593e-09  6.71005456e-10 
 5.12400000e-06  1.81093515e-03  1.41574876e-02  1.40942339e-02 -2.80300239e-07  3.14335174e-09  6.82677891e-10 
 5.14900000e-06  1.82237306e-03  1.48087722e-02  1.47411924e-02 -2.93263404e-07  3.15330200e-09  6.95026112e-10 
 5.17400000e-06  1.83404678e-03  1.55045141e-02  1.54323531e-02 -3.06976127e-07  3.16382149e-09  7.08070590e-10 
 5.19900000e-06  1.84597147e-03  1.62473072e-02  1.61702990e-02 -3.21457114e-07  3.17492215e-09  7.21828771e-10 
 5.22400000e-06  1.85816348e-03  1.70398513e-02  1.69577191e-02 -3.36745360e-07  3.18660936e-09  7.36312641e-10 
 5.24900000e-06  1.87064044e-03  1.78849568e-02  1.77974125e-02 -3.52858762e-07  3.19888043e-09  7.51526756e-10 
 5.27400000e-06  1.88342146e-03  1.87855519e-02  1.86922951e-02 -3.69835487e-07  3.21171766e-09  7.67463276e-10 
 5.29900000e-06  1.89652717e-03  1.97446974e-02  1.96454136e-02 -3.87692932e-07  3.22508166e-09  7.84095818e-10 
 5.32400000e-06  1.90997972e-03  2.07656121e-02  2.06599695e-02 -4.06469634e-07  3.23889579e-09  8.01367716e-10 
 5.34900000e-06  1.92380232e-03  2.18517191e-02  2.17393630e-02 -4.26185136e-07  3.25302635e-09  8.19175371e-10 
 5.37400000e-06  1.93801790e-03  2.30067213e-02  2.28872655e-02 -4.46883174e-07  3.26724868e-09  8.37341649e-10 
 5.39900000e-06  1.95264614e-03  2.42347226e-02  2.41077347e-02 -4.68593058e-07  3.28120712e-09  8.55582076e-10 
 5.42400000e-06  1.96769755e-03  2.55403991e-02  2.54053818e-02 -4.91373610e-07  3.29437297e-09  8.73468625e-10 
 5.44900000e-06  1.98316332e-03  2.69292056e-02  2.67855747e-02 -5.15272259e-07  3.30604244e-09  8.90419078e-10 
 5.47400000e-06  1.99900133e-03  2.84075403e-02  2.82546117e-02 -5.40359730e-07  3.31543297e-09  9.05759205e-10 
 5.49900000e-06  2.01512318e-03  2.99827178e-02  2.98197208e-02 -5.66670850e-07  3.32194884e-09  9.18916478e-10 
 5.52400000e-06  2.03139442e-03  3.16625691e-02  3.14887041e-02 -5.94219697e-07  3.32556717e-09  9.29730933e-10 
 5.54900000e-06  2.04766221e-03  3.34546637e-02  3.32691931e-02 -6.22945495e-07  3.32705774e-09  9.38688854e-10 
 5.57400000e-06  2.06380174e-03  3.53653297e-02  3.51676810e-02 -6.52754746e-07  3.32799681e-09  9.46994178e-10 
 5.59900000e-06  2.07975915e-03  3.73990512e-02  3.71888486e-02 -6.83538759e-07  3.33003720e-09  9.56115191e-10 
 5.62400000e-06  2.09556148e-03  3.95586181e-02  3.93356368e-02 -7.15244649e-07  3.33424510e-09  9.67156982e-10 
 5.64900000e-06  2.11128809e-03  4.18458013e-02  4.16098856e-02 -7.47841440e-07  3.34099203e-09  9.80626255e-10 
 5.67400000e-06  2.12703384e-03  4.42621907e-02  4.40131686e-02 -7.81356961e-07  3.34992751e-09  9.96382008e-10 
 5.69900000e-06  2.14288253e-03  4.68097294e-02  4.65473810e-02 -8.15794614e-07  3.36055061e-09  1.01398969e-09 
 5.72400000e-06  2.15889609e-03  4.94908758e-02  4.92149270e-02 -8.51180486e-07  3.37236136e-09  1.03299630e-09 
 5.74900000e-06  2.17511513e-03  5.23085950e-02  5.20187229e-02 -8.87511383e-07  3.38489562e-09  1.05296711e-09 
 5.77400000e-06  2.19156374e-03  5.52662449e-02  5.49620937e-02 -9.24796061e-07  3.39785410e-09  1.07358330e-09 
 5.79900000e-06  2.20825500e-03  5.83674307e-02  5.80486251e-02 -9.63015893e-07  3.41103002e-09  1.09463367e-09 
 5.82400000e-06  2.22519517e-03  6.16158838e-02  6.12820400e-02 -1.00216822e-06  3.42430866e-09  1.11598638e-09 
 5.84900000e-06  2.24238661e-03  6.50153779e-02  6.46661103e-02 -1.04222671e-06  3.43761738e-09  1.13756220e-09 
 5.87400000e-06  2.25982946e-03  6.85696729e-02  6.82045992e-02 -1.08318367e-06  3.45091930e-09  1.15931348e-09 
 5.89900000e-06  2.27752268e-03  7.22824813e-02  7.19012246e-02 -1.12500946e-06  3.46419255e-09  1.18121212e-09 
 5.92400000e-06  2.29546452e-03  7.61574447e-02  7.57596360e-02 -1.16769421e-06  3.47742825e-09  1.20324108e-09 
 5.94900000e-06  2.31365286e-03  8.01981191e-02  7.97833982e-02 -1.21120680e-06  3.49062387e-09  1.22539103e-09 
 5.97400000e-06  2.33208535e-03  8.44079636e-02  8.39759802e-02 -1.25553626e-06  3.50378261e-09  1.24765732e-09 
 5.99900000e-06  2.35075947e-03  8.87903312e-02  8.83407457e-02 -1.30065070e-06  3.51691189e-09  1.27003960e-09 
 6.02400000e-06  2.36967264e-03  9.33484610e-02  9.28809455e-02 -1.34653862e-06  3.53002240e-09  1.29254023e-09 
 6.04900000e-06  2.38882222e-03  9.80854714e-02  9.75997100e-02 -1.39316777e-06  3.54312832e-09  1.31516471e-09 
 6.07400000e-06  2.40820558e-03  1.03004353e-01  1.02500043e-01 -1.44052643e-06  3.55624575e-09  1.33792025e-09 
 6.09900000e-06  2.42782011e-03  1.08107965e-01  1.07584816e-01 -1.48858234e-06  3.56939344e-09  1.36081621e-09 
 6.12400000e-06  2.44766327e-03  1.13399025e-01  1.12856762e-01 -1.53732389e-06  3.58259080e-09  1.38386271e-09 
 6.14900000e-06  2.46773262e-03  1.18880110e-01  1.18318472e-01 -1.58671907e-06  3.59585884e-09  1.40707093e-09 
 6.17400000e-06  2.48802583e-03  1.24553649e-01  1.23972389e-01 -1.63675672e-06  3.60921792e-09  1.43045168e-09 
 6.19900000e-06  2.50854073e-03  1.30421915e-01  1.29820802e-01 -1.68740542e-06  3.62268873e-09  1.45401557e-09 
 6.22400000e-06  2.52927529e-03  1.36487024e-01  1.35865844e-01 -1.73865477e-06  3.63628996e-09  1.47777150e-09 
 6.24900000e-06  2.55022769e-03  1.42750924e-01  1.42109478e-01 -1.79047429e-06  3.65003925e-09  1.50172675e-09 
 6.27400000e-06  2.57139629e-03  1.49215385e-01  1.48553494e-01 -1.84285466e-06  3.66395078e-09  1.52588528e-09 
 6.29900000e-06  2.59277964e-03  1.55881987e-01  1.55199491e-01 -1.89576671e-06  3.67803618e-09  1.55024760e-09 
 6.32400000e-06  2.61437651e-03  1.62752091e-01  1.62048852e-01 -1.94920260e-06  3.69230187e-09  1.57480866e-09 
 6.34900000e-06  2.63618589e-03  1.69826810e-01  1.69102718e-01 -2.00313480e-06  3.70674970e-09  1.59955717e-09 
 6.37400000e-06  2.65820697e-03  1.77106955e-01  1.76361931e-01 -2.05755734e-06  3.72137383e-09  1.62447256e-09 
 6.39900000e-06  2.68043917e-03  1.84592957e-01  1.83826965e-01 -2.11244485e-06  3.73616052e-09  1.64952284e-09 
 6.42400000e-06  2.70288207e-03  1.92284752e-01  1.91497809e-01 -2.16779378e-06  3.75108370e-09  1.67465931e-09 
 6.44900000e-06  2.72553546e-03  2.00181607e-01  1.99373807e-01 -2.22358159e-06  3.76610272e-09  1.69981101e-09 
 6.47400000e-06  2.74839926e-03  2.08281858e-01  2.07453399e-01 -2.27980815e-06  3.78115476e-09  1.72487421e-09 
 6.49900000e-06  2.77147348e-03  2.16582527e-01  2.15733755e-01 -2.33645513e-06  3.79614783e-09  1.74969903e-09 
 6.52400000e-06  2.79475810e-03  2.25078743e-01  2.24210224e-01 -2.39352784e-06  3.81094594e-09  1.77406729e-09 
 6.54900000e-06  2.81825293e-03  2.33762899e-01  2.32875507e-01 -2.45101521e-06  3.82535157e-09  1.79766203e-09 
 6.57400000e-06  2.84195733e-03  2.42623391e-01  2.41718462e-01 -2.50893244e-06  3.83907557e-09  1.82002087e-09 
 6.59900000e-06  2.86586975e-03  2.51642798e-01  2.50722331e-01 -2.56728237e-06  3.85169812e-09  1.84047090e-09 
 6.62400000e-06  2.88998712e-03  2.60795231e-01  2.59862196e-01 -2.62609981e-06  3.86260921e-09  1.85803514e-09 
 6.64900000e-06  2.91430375e-03  2.70042583e-01  2.69101341e-01 -2.68541534e-06  3.87093182e-09  1.87130709e-09 
 6.67400000e-06  2.93880977e-03  2.79329305e-01  2.78386200e-01 -2.74530268e-06  3.87541778e-09  1.87828647e-09 
 6.69900000e-06  2.96348871e-03  2.88575433e-01  2.87639563e-01 -2.80584579e-06  3.87432756e-09  1.87618591e-09 
 6.72400000e-06  2.98831396e-03  2.97667756e-01  2.96751933e-01 -2.86718896e-06  3.86530474e-09  1.86123546e-09 
 6.74900000e-06  3.01324366e-03  3.06449675e-01  3.05571475e-01 -2.92950399e-06  3.84530062e-09  1.82856637e-09 
 6.77400000e-06  3.03821363e-03  3.14711567e-01  3.13894241e-01 -2.99303333e-06  3.81063965e-09  1.77232891e-09 
 6.79900000e-06  3.06312829e-03  3.22185674e-01  3.21458401e-01 -3.05803683e-06  3.75739454e-09  1.68630476e-09 
 6.82400000e-06  3.08785125e-03  3.28552207e-01  3.27948909e-01 -3.12479402e-06  3.68224984e-09  1.56530105e-09 
 6.84900000e-06  3.11219991e-03  3.33463616e-01  3.33019706e-01 -3.19349393e-06  3.58381258e-09  1.40723369e-09 
 6.87400000e-06  3.13595043e-03  3.36594717e-01  3.36340916e-01 -3.26416599e-06  3.46453083e-09  1.21615813e-09 
 6.89900000e-06  3.15886472e-03  3.37707690e-01  3.37663312e-01 -3.33656706e-06  3.33125289e-09  1.00309087e-09 
 6.92400000e-06  3.18073784e-03  3.36711080e-01  3.36878662e-01 -3.41019525e-06  3.19460250e-09  7.84935840e-10 
 6.94900000e-06  3.20145200e-03  3.33686423e-01  3.34050856e-01 -3.48434964e-06  3.06627918e-09  5.80204278e-10 
 6.97400000e-06  3.22101101e-03  3.28865988e-01  3.29398795e-01 -3.55832938e-06  2.95566362e-09  4.03655017e-10 
 6.99900000e-06  3.23953499e-03  3.22572113e-01  3.23238695e-01 -3.63157025e-06  2.86761003e-09  2.62880327e-10 
 7.02400000e-06  3.25721959e-03  3.15145849e-01  3.15912540e-01 -3.70377012e-06  2.80224637e-09  1.58015613e-10 
 7.04900000e-06  3.27428235e-03  3.06891574e-01  3.07730174e-01 -3.77485759e-06  2.75643466e-09  8.40562119e-11 
 7.07400000e-06  3.29091976e-03  2.98049016e-01  2.98938432e-01 -3.84495795e-06  2.72565128e-09  3.38062939e-11 
 7.09900000e-06  3.30728503e-03  2.88789886e-01  2.89715604e-01 -3.91427295e-06  2.70552098e-09  2.94061148e-13 
 7.12400000e-06  3.32348555e-03  2.79227555e-01  2.80180387e-01 -3.98304578e-06  2.69242991e-09 -2.22688673e-11 
 7.14900000e-06  3.33958909e-03  2.69433405e-01  2.70407602e-01 -4.05146892e-06  2.68399442e-09 -3.77388526e-11 
 7.17400000e-06  3.35563496e-03  2.59451753e-01  2.60443779e-01 -4.11970631e-06  2.67871687e-09 -4.85854954e-11 
 7.19900000e-06  3.37164424e-03  2.49310816e-01  2.50318340e-01 -4.18784871e-06  2.67582898e-09 -5.61443542e-11 
 7.22400000e-06  3.38762693e-03  2.39030775e-01  2.40052000e-01 -4.25595949e-06  2.67506424e-09 -6.09631635e-11 
 7.24900000e-06  3.40358715e-03  2.28629020e-01  2.29662257e-01 -4.32404313e-06  2.67649280e-09 -6.30795138e-11 
 7.27400000e-06  3.41952632e-03  2.18123437e-01  2.19166842e-01 -4.39209540e-06  2.68039044e-09 -6.22114939e-11 
 7.29900000e-06  3.43544507e-03  2.07534441e-01  2.08585848e-01 -4.46007100e-06  2.68716056e-09 -5.78869581e-11 
 7.32400000e-06  3.45134435e-03  1.96886286e-01  1.97943102e-01 -4.52793156e-06  2.69726625e-09 -4.95303499e-11 
 7.34900000e-06  3.46722603e-03  1.86208013e-01  1.87267131e-01 -4.59561184e-06  2.71117758e-09 -3.65334308e-11 
 7.37400000e-06  3.48309320e-03  1.75534247e-01  1.76591968e-01 -4.66306832e-06  2.72930063e-09 -1.83288733e-11 
 7.39900000e-06  3.49895000e-03  1.64906063e-01  1.65958006e-01 -4.73024863e-06  2.75189093e-09  5.51834100e-12 
 7.42400000e-06  3.51480084e-03  1.54372182e-01  1.55413143e-01 -4.79714674e-06  2.77892175e-09  3.51846933e-11 
 7.44900000e-06  3.53064836e-03  1.43990980e-01  1.45014689e-01 -4.86378340e-06  2.80990447e-09  7.04166211e-11 
 7.47400000e-06  3.54648946e-03  1.33834064e-01  1.34832751e-01 -4.93027749e-06  2.84363263e-09  1.10300591e-10 
 7.49900000e-06  3.56230881e-03  1.23992360e-01  1.24956029e-01 -4.99684686e-06  2.87787847e-09  1.53003336e-10 
 7.52400000e-06  3.57807186e-03  1.14584595e-01  1.15500091e-01 -5.06389093e-06  2.90919264e-09  1.95645174e-10 
 7.54900000e-06  3.59372641e-03  1.05763602e-01  1.06614182e-01 -5.13194717e-06  2.93338210e-09  2.34849286e-10 
 7.57400000e-06  3.60923225e-03  9.77064754e-02  9.84737312e-02 -5.20158382e-06  2.94759749e-09  2.68774376e-10 
 7.59900000e-06  3.62462223e-03  9.05718141e-02  9.12415156e-02 -5.27303703e-06  2.95327812e-09  2.99484994e-10 
 7.62400000e-06  3.64005563e-03  8.44263269e-02  8.49967638e-02 -5.34592627e-06  2.95706447e-09  3.32686775e-10 
 7.64900000e-06  3.65575622e-03  7.91932423e-02  7.96782703e-02 -5.41940390e-06  2.96442537e-09  3.70043653e-10 
 7.67400000e-06  3.67186183e-03  7.46802718e-02  7.51026323e-02 -5.49274287e-06  2.97463360e-09  4.05765671e-10 
 7.69900000e-06  3.68835419e-03  7.06699372e-02  7.10506629e-02 -5.56563885e-06  2.98428969e-09  4.33822857e-10 
 7.72400000e-06  3.70511969e-03  6.70001439e-02  6.73521922e-02 -5.63814875e-06  2.99206068e-09  4.53845890e-10 
 7.74900000e-06  3.72204975e-03  6.35891483e-02  6.39174791e-02 -5.71040646e-06  2.99918545e-09  4.69850062e-10 
 7.77400000e-06  3.73908648e-03  6.04145586e-02  6.07195764e-02 -5.78254898e-06  3.00689095e-09  4.85322755e-10 
 7.79900000e-06  3.75621711e-03  5.74800551e-02  5.77608571e-02 -5.85464253e-06  3.01579235e-09  5.02030552e-10 
 7.82400000e-06  3.77345005e-03  5.47908325e-02  5.50471346e-02 -5.92676287e-06  3.02550412e-09  5.19713636e-10 
 7.84900000e-06  3.79079413e-03  5.23433818e-02  5.25759378e-02 -5.99895716e-06  3.03531182e-09  5.37366275e-10 
 7.87400000e-06  3.80825171e-03  5.01252507e-02  5.03356138e-02 -6.07128688e-06  3.04469877e-09  5.54182038e-10 
 7.89900000e-06  3.82581819e-03  4.81183397e-02  4.83084726e-02 -6.14377785e-06  3.05329096e-09  5.69571423e-10 
 7.92400000e-06  3.84348453e-03  4.63024627e-02  4.64744043e-02 -6.21646476e-06  3.06097017e-09  5.83349868e-10 
 7.94900000e-06  3.86123980e-03  4.46577163e-02  4.48134094e-02 -6.28934779e-06  3.06771582e-09  5.95498577e-10 
 7.97400000e-06  3.87907298e-03  4.31656892e-02  4.33068933e-02 -6.36244099e-06  3.07360041e-09  6.06148844e-10 
 7.99900000e-06  3.89697386e-03  4.18098383e-02  4.19381255e-02 -6.43573070e-06  3.07870291e-09  6.15442596e-10 
 8.02400000e-06  3.91493328e-03  4.05755073e-02  4.06922615e-02 -6.50922279e-06  3.08311897e-09  6.23547109e-10 
 8.04900000e-06  3.93294319e-03  3.94497552e-02  3.95562008e-02 -6.58289972e-06  3.08692829e-09  6.30601156e-10 
 8.07400000e-06  3.95099657e-03  3.84211862e-02  3.85183975e-02 -6.65676583e-06  3.09021059e-09  6.36742852e-10 
 8.09900000e-06  3.96908731e-03  3.74797507e-02  3.75686788e-02 -6.73080353e-06  3.09303052e-09  6.42083172e-10 
 8.12400000e-06  3.98721011e-03  3.66165972e-02  3.66980763e-02 -6.80501764e-06  3.09545052e-09  6.46729765e-10 
 8.14900000e-06  4.00536036e-03  3.58239083e-02  3.58986788e-02 -6.87939147e-06  3.09752081e-09  6.50768064e-10 
 8.17400000e-06  4.02353411e-03  3.50947849e-02  3.51634975e-02 -6.95393068e-06  3.09928947e-09  6.54280788e-10 
 8.19900000e-06  4.04172792e-03  3.44231152e-02  3.44863497e-02 -7.02861953e-06  3.10079456e-09  6.57332342e-10 
 8.22400000e-06  4.05993885e-03  3.38034871e-02  3.38617543e-02 -7.10346448e-06  3.10207275e-09  6.59985769e-10 
 8.24900000e-06  4.07816435e-03  3.32310853e-02  3.32848430e-02 -7.17845063e-06  3.10315245e-09  6.62288992e-10 
 8.27400000e-06  4.09640223e-03  3.27016283e-02  3.27512811e-02 -7.25358511e-06  3.10406152e-09  6.64290002e-10 
 8.29900000e-06  4.11465063e-03  3.22112882e-02  3.22572010e-02 -7.32885371e-06  3.10482106e-09  6.66024247e-10 
 8.32400000e-06  4.13290792e-03  3.17566468e-02  3.17991429e-02 -7.40426406e-06  3.10545227e-09  6.67528429e-10 
 8.34900000e-06  4.15117273e-03  3.13346331e-02  3.13740058e-02 -7.47980252e-06  3.10597077e-09  6.68828708e-10 
 8.37400000e-06  4.16944388e-03  3.09424930e-02  3.09790032e-02 -7.55547711e-06  3.10639280e-09  6.69953353e-10 
 8.39900000e-06  4.18772035e-03  3.05777408e-02  3.06116264e-02 -7.63127464e-06  3.10672988e-09  6.70921647e-10 
 8.42400000e-06  4.20600128e-03  3.02381383e-02  3.02696116e-02 -7.70720341e-06  3.10699456e-09  6.71755552e-10 
 8.44900000e-06  4.22428594e-03  2.99216566e-02  2.99509122e-02 -7.78325057e-06  3.10719530e-09  6.72469250e-10 
 8.47400000e-06  4.24257372e-03  2.96264622e-02  2.96536740e-02 -7.85942468e-06  3.10734185e-09  6.73079955e-10 
 8.49900000e-06  4.26086408e-03  2.93508859e-02  2.93762145e-02 -7.93571315e-06  3.10744043e-09  6.73598060e-10 
 8.52400000e-06  4.27915659e-03  2.90934147e-02  2.91170036e-02 -8.01212470e-06  3.10749865e-09  6.74037178e-10 
 8.54900000e-06  4.29745087e-03  2.88526660e-02  2.88746485e-02 -8.08864701e-06  3.10752103e-09  6.74404874e-10 
 8.57400000e-06  4.31574662e-03  2.86273827e-02  2.86478781e-02 -8.16528889e-06  3.10751358e-09  6.74712009e-10 
 8.59900000e-06  4.33404358e-03  2.84164120e-02  2.84355317e-02 -8.24203823e-06  3.10747957e-09  6.74964033e-10 
 8.62400000e-06  4.35234155e-03  2.82187034e-02  2.82365470e-02 -8.31890395e-06  3.10742372e-09  6.75169687e-10 
 8.64900000e-06  4.37064035e-03  2.80332902e-02  2.80499513e-02 -8.39587408e-06  3.10734837e-09  6.75332833e-10 
 8.67400000e-06  4.38893985e-03  2.78592897e-02  2.78748521e-02 -8.47295763e-06  3.10725730e-09  6.75460565e-10 
 8.69900000e-06  4.40723994e-03  2.76958871e-02  2.77104298e-02 -8.55014277e-06  3.10715212e-09  6.75555551e-10 
 8.72400000e-06  4.42554055e-03  2.75423371e-02  2.75559308e-02 -8.62743856e-06  3.10703585e-09  6.75623600e-10 
 8.74900000e-06  4.44384159e-03  2.73979498e-02  2.74106616e-02 -8.70483331e-06  3.10690958e-09  6.75666480e-10 
 8.77400000e-06  4.46214304e-03  2.72620933e-02  2.72739830e-02 -8.78233611e-06  3.10677574e-09  6.75688987e-10 
 8.79900000e-06  4.48044486e-03  2.71341809e-02  2.71453056e-02 -8.85993538e-06  3.10663502e-09  6.75692216e-10 
 8.82400000e-06  4.49874703e-03  2.70136746e-02  2.70240854e-02 -8.93764025e-06  3.10648938e-09  6.75680155e-10 
 8.84900000e-06  4.51704955e-03  2.69000741e-02  2.69098197e-02 -9.01543924e-06  3.10633923e-09  6.75653398e-10 
 8.87400000e-06  4.53535241e-03  2.67929198e-02  2.68020437e-02 -9.09334150e-06  3.10618616e-09  6.75615289e-10 
 8.89900000e-06  4.55365562e-03  2.66917832e-02  2.67003274e-02 -9.17133563e-06  3.10603034e-09  6.75566048e-10 
 8.92400000e-06  4.57195920e-03  2.65962708e-02  2.66042724e-02 -9.24943083e-06  3.10587310e-09  6.75508499e-10 
 8.94900000e-06  4.59026315e-03  2.65060147e-02  2.65135097e-02 -9.32761575e-06  3.10571444e-09  6.75442589e-10 
 8.97400000e-06  4.60856750e-03  2.64206767e-02  2.64276971e-02 -9.40589961e-06  3.10555544e-09  6.75370723e-10 
 8.99900000e-06  4.62687227e-03  2.63399404e-02  2.63465172e-02 -9.48427115e-06  3.10539601e-09  6.75292646e-10 
 9.02400000e-06  4.64517748e-03  2.62635145e-02  2.62696753e-02 -9.56273960e-06  3.10523702e-09  6.75210421e-10 
 9.04900000e-06  4.66348315e-03  2.61911261e-02  2.61968976e-02 -9.64129377e-06  3.10507832e-09  6.75123650e-10 
 9.07400000e-06  4.68178931e-03  2.61225238e-02  2.61279297e-02 -9.71994288e-06  3.10492063e-09  6.75034117e-10 
 9.09900000e-06  4.70009598e-03  2.60574718e-02  2.60625353e-02 -9.79867581e-06  3.10476373e-09  6.74941326e-10 
 9.12400000e-06  4.71840318e-03  2.59957527e-02  2.60004942e-02 -9.87750180e-06  3.10460822e-09  6.74846826e-10 
 9.14900000e-06  4.73671093e-03  2.59371622e-02  2.59416020e-02 -9.95640979e-06  3.10445386e-09  6.74750058e-10 
 9.17400000e-06  4.75501927e-03  2.58815122e-02  2.58856679e-02 -1.00354090e-05  3.10430114e-09  6.74652378e-10 
 9.19900000e-06  4.77332819e-03  2.58286256e-02  2.58325147e-02 -1.01144885e-05  3.10414980e-09  6.74553187e-10 
 9.22400000e-06  4.79163773e-03  2.57783391e-02  2.57819769e-02 -1.01936574e-05  3.10400025e-09  6.74453679e-10 
 9.24900000e-06  4.80994791e-03  2.57304988e-02  2.57339005e-02 -1.02729049e-05  3.10385223e-09  6.74353237e-10 
 9.27400000e-06  4.82825872e-03  2.56849631e-02  2.56881420e-02 -1.03522402e-05  3.10370607e-09  6.74252916e-10 
 9.29900000e-06  4.84657020e-03  2.56415979e-02  2.56445673e-02 -1.04316523e-05  3.10356152e-09  6.74152094e-10 
 9.32400000e-06  4.86488235e-03  2.56002801e-02  2.56030515e-02 -1.05111506e-05  3.10341885e-09  6.74051710e-10 
 9.34900000e-06  4.88319519e-03  2.55608931e-02  2.55634781e-02 -1.05907241e-05  3.10327781e-09  6.73951150e-10 
 9.37400000e-06  4.90150871e-03  2.55233296e-02  2.55257381e-02 -1.06703822e-05  3.10313864e-09  6.73851249e-10 
 9.39900000e-06  4.91982293e-03  2.54874878e-02  2.54897301e-02 -1.07501140e-05  3.10300109e-09  6.73751410e-10 
 9.42400000e-06  4.93813786e-03  2.54532743e-02  2.54553590e-02 -1.08299288e-05  3.10286535e-09  6.73652381e-10 
 9.44900000e-06  4.95645350e-03  2.54206001e-02  2.54225361e-02 -1.09098158e-05  3.10273120e-09  6.73553584e-10 
 9.47400000e-06  4.97476984e-03  2.53893839e-02  2.53911787e-02 -1.09897843e-05  3.10259879e-09  6.73455692e-10 
 9.49900000e-06  4.99308690e-03  2.53595478e-02  2.53612092e-02 -1.10698236e-05  3.10246793e-09  6.73358152e-10 
 9.52400000e-06  5.01140467e-03  2.53310206e-02  2.53325552e-02 -1.11499429e-05  3.10233872e-09  6.73261569e-10 
 9.54900000e-06  5.02972315e-03  2.53037343e-02  2.53051490e-02 -1.12301315e-05  3.10221099e-09  6.73165419e-10 
 9.57400000e-06  5.04804233e-03  2.52776267e-02  2.52789272e-02 -1.13103987e-05  3.10208483e-09  6.73070247e-10 
 9.59900000e-06  5.06636221e-03  2.52526381e-02  2.52538304e-02 -1.13907339e-05  3.10196007e-09  6.72975559e-10 
 9.62400000e-06  5.08468279e-03  2.52287140e-02  2.52298030e-02 -1.14711463e-05  3.10183679e-09  6.72881847e-10 
 9.64900000e-06  5.10300406e-03  2.52058021e-02  2.52067932e-02 -1.15516253e-05  3.10171485e-09  6.72788646e-10 
 9.67400000e-06  5.12132601e-03  2.51838547e-02  2.51847522e-02 -1.16321802e-05  3.10159428e-09  6.72696402e-10 
 9.69900000e-06  5.13964864e-03  2.51628256e-02  2.51636343e-02 -1.17128005e-05  3.10147498e-09  6.72604682e-10 
 9.72400000e-06  5.15797192e-03  2.51426732e-02  2.51433967e-02 -1.17934952e-05  3.10135696e-09  6.72513887e-10 
 9.74900000e-06  5.17629586e-03  2.51233568e-02  2.51239993e-02 -1.18742541e-05  3.10124014e-09  6.72423615e-10 
 9.77400000e-06  5.19462044e-03  2.51048396e-02  2.51054046e-02 -1.19550862e-05  3.10112450e-09  6.72334228e-10 
 9.79900000e-06  5.21294564e-03  2.50870862e-02  2.50875771e-02 -1.20359811e-05  3.10100999e-09  6.72245355e-10 
 9.82400000e-06  5.23127146e-03  2.50700639e-02  2.50704837e-02 -1.21169481e-05  3.10089658e-09  6.72157324e-10 
 9.84900000e-06  5.24959788e-03  2.50537414e-02  2.50540934e-02 -1.21979767e-05  3.10078423e-09  6.72069791e-10 
 9.87400000e-06  5.26792490e-03  2.50380902e-02  2.50383769e-02 -1.22790762e-05  3.10067290e-09  6.71983050e-10 
 9.89900000e-06  5.28625248e-03  2.50230824e-02  2.50233067e-02 -1.23602360e-05  3.10056256e-09  6.71896791e-10 
 9.92400000e-06  5.30458062e-03  2.50086929e-02  2.50088570e-02 -1.24414656e-05  3.10045316e-09  6.71811275e-10 
 9.94900000e-06  5.32290930e-03  2.49948970e-02  2.49950035e-02 -1.25227544e-05  3.10034470e-09  6.71726218e-10 
 9.97400000e-06  5.34123851e-03  2.49816726e-02  2.49817233e-02 -1.26041118e-05  3.10023710e-09  6.71641856e-10 
 9.98700000e-06  5.35076990e-03  2.49750148e-02  2.49750377e-02 -1.26464389e-05  3.10018151e-09  6.71598107e-10 
 1.00000000e-05  5.36030142e-03  2.49685030e-02  2.49684982e-02 -1.26887878e-05  3.10012611e-09  6.71554609e-10 
 1.00000195e-05  5.36030242e-03  2.49682418e-02  2.49684865e-02 -1.26375718e-05 -3.88462396e-09 -8.82257280e-10 
 1.00000586e-05  5.36030921e-03  2.49678174e-02  2.49684601e-02 -1.26242933e-05 -1.77527056e-08 -3.96677357e-09 
 1.00001367e-05  5.36032288e-03  2.49673697e-02  2.49683950e-02 -1.26179034e-05 -4.48806933e-08 -9.99632568e-09 
 1.00002930e-05  5.36034287e-03  2.49668294e-02  2.49682408e-02 -1.26077586e-05 -9.67552147e-08 -2.15136762e-08 
 1.00006055e-05  5.36038268e-03  2.49658048e-02  2.49678676e-02 -1.26069879e-05 -1.91558019e-07 -4.25312427e-08 
 1.00012306e-05  5.36045878e-03  2.49636571e-02  2.49668930e-02 -1.26016985e-05 -3.50102905e-07 -7.76005545e-08 
 1.00020847e-05  5.36056200e-03  2.49603761e-02  2.49651059e-02 -1.26000781e-05 -5.12863854e-07 -1.13477135e-07 
 1.00029097e-05  5.36065758e-03  2.49568363e-02  2.49629112e-02 -1.25942626e-05 -6.25485543e-07 -1.38197496e-07 
 1.00038575e-05  5.36076521e-03  2.49523795e-02  2.49598673e-02 -1.25928051e-05 -7.16904206e-07 -1.58177243e-07 
 1.00048423e-05  5.36087179e-03  2.49473593e-02  2.49561660e-02 -1.25868753e-05 -7.81703873e-07 -1.72270968e-07 
 1.00060249e-05  5.36099599e-03  2.49408771e-02  2.49510797e-02 -1.25850558e-05 -8.32643763e-07 -1.83291758e-07 
 1.00073070e-05  5.36112343e-03  2.49333864e-02  2.49448776e-02 -1.25787024e-05 -8.66522674e-07 -1.90575920e-07 
 1.00088646e-05  5.36127206e-03  2.49237536e-02  2.49365383e-02 -1.25763090e-05 -8.90112927e-07 -1.95612641e-07 
 1.00106304e-05  5.36143041e-03  2.49123001e-02  2.49262250e-02 -1.25693123e-05 -9.03902189e-07 -1.98531979e-07 
 1.00128587e-05  5.36161998e-03  2.48972716e-02  2.49122385e-02 -1.25660411e-05 -9.11813169e-07 -2.00190666e-07 
 1.00155670e-05  5.36183447e-03  2.48785036e-02  2.48942523e-02 -1.25579936e-05 -9.15346389e-07 -2.00922618e-07 
 1.00195599e-05  5.36212888e-03  2.48505020e-02  2.48667297e-02 -1.25528145e-05 -9.16717100e-07 -2.01203003e-07 
 1.00256380e-05  5.36253602e-03  2.48085490e-02  2.48245416e-02 -1.25418731e-05 -9.16926859e-07 -2.01245931e-07 
 1.00370467e-05  5.36322001e-03  2.47355590e-02  2.47498306e-02 -1.25330634e-05 -9.16904333e-07 -2.01243785e-07 
 1.00598642e-05  5.36442998e-03  2.46153256e-02  2.46257706e-02 -1.25207113e-05 -9.16913512e-07 -2.01245770e-07 
 1.00848642e-05  5.36566044e-03  2.45139876e-02  2.45218662e-02 -1.25197539e-05 -9.16905555e-07 -2.01244160e-07 
 1.01098642e-05  5.36686327e-03  2.44300209e-02  2.44367230e-02 -1.25168334e-05 -9.16909524e-07 -2.01245110e-07 
 1.01348642e-05  5.36805600e-03  2.43548279e-02  2.43608587e-02 -1.25188156e-05 -9.16906453e-07 -2.01244576e-07 
 1.01598642e-05  5.36923884e-03  2.42856609e-02  2.42911410e-02 -1.25166447e-05 -9.16908359e-07 -2.01245357e-07 
 1.01848642e-05  5.37041510e-03  2.42217211e-02  2.42267027e-02 -1.25188163e-05 -9.16907096e-07 -2.01245352e-07 
 1.02098642e-05  5.37158322e-03  2.41625985e-02  2.41671147e-02 -1.25166945e-05 -9.16907935e-07 -2.01245823e-07 
 1.02348642e-05  5.37274604e-03  2.41078995e-02  2.41119935e-02 -1.25188725e-05 -9.16907410e-07 -2.01245976e-07 
 1.02598642e-05  5.37390170e-03  2.40572882e-02  2.40609868e-02 -1.25167523e-05 -9.16907766e-07 -2.01246290e-07 
 1.02848642e-05  5.37505288e-03  2.40104362e-02  2.40137760e-02 -1.25189249e-05 -9.16907553e-07 -2.01246498e-07 
 1.03098642e-05  5.37619766e-03  2.39670687e-02  2.39700707e-02 -1.25168038e-05 -9.16907685e-07 -2.01246727e-07 
 1.03348642e-05  5.37733867e-03  2.39269086e-02  2.39296048e-02 -1.25189707e-05 -9.16907598e-07 -2.01246944e-07 
 1.03598642e-05  5.37847394e-03  2.38897261e-02  2.38921332e-02 -1.25168488e-05 -9.16907623e-07 -2.01247122e-07 
 1.03848642e-05  5.37960608e-03  2.38552845e-02  2.38574305e-02 -1.25190104e-05 -9.16907582e-07 -2.01247329e-07 
 1.04098642e-05  5.38073308e-03  2.38233907e-02  2.38252889e-02 -1.25168880e-05 -9.16907551e-07 -2.01247471e-07 
 1.04348642e-05  5.38185749e-03  2.37938417e-02  2.37955169e-02 -1.25190447e-05 -9.16907522e-07 -2.01247662e-07 
 1.04598642e-05  5.38297728e-03  2.37664756e-02  2.37679380e-02 -1.25169222e-05 -9.16907459e-07 -2.01247777e-07 
 1.04848642e-05  5.38409497e-03  2.37411175e-02  2.37423893e-02 -1.25190742e-05 -9.16907428e-07 -2.01247951e-07 
 1.05098642e-05  5.38520850e-03  2.37176314e-02  2.37187204e-02 -1.25169521e-05 -9.16907345e-07 -2.01248043e-07 
 1.05348642e-05  5.38632035e-03  2.36958665e-02  2.36967924e-02 -1.25190997e-05 -9.16907308e-07 -2.01248200e-07 
 1.05598642e-05  5.38742844e-03  2.36757087e-02  2.36764772e-02 -1.25169780e-05 -9.16907210e-07 -2.01248274e-07 
 1.05848642e-05  5.38853523e-03  2.36570271e-02  2.36576561e-02 -1.25191215e-05 -9.16907165e-07 -2.01248414e-07 
 1.06098642e-05  5.38963860e-03  2.36397262e-02  2.36402196e-02 -1.25170006e-05 -9.16907056e-07 -2.01248472e-07 
 1.06348642e-05  5.39074099e-03  2.36236923e-02  2.36240664e-02 -1.25191403e-05 -9.16907004e-07 -2.01248598e-07 
 1.06598642e-05  5.39184028e-03  2.36088455e-02  2.36091026e-02 -1.25170203e-05 -9.16906887e-07 -2.01248642e-07 
 1.06848642e-05  5.39293886e-03  2.35950866e-02  2.35952415e-02 -1.25191563e-05 -9.16906829e-07 -2.01248756e-07 
 1.07098642e-05  5.39403461e-03  2.35823491e-02  2.35824029e-02 -1.25170375e-05 -9.16906705e-07 -2.01248788e-07 
 1.07348642e-05  5.39512990e-03  2.35705459e-02  2.35705125e-02 -1.25191700e-05 -9.16906642e-07 -2.01248890e-07 
 1.07598642e-05  5.39622258e-03  2.35596222e-02  2.35595013e-02 -1.25170525e-05 -9.16906512e-07 -2.01248911e-07 
 1.07848642e-05  5.39731502e-03  2.35495012e-02  2.35493057e-02 -1.25191816e-05 -9.16906445e-07 -2.01249004e-07 
 1.08098642e-05  5.39840505e-03  2.35401378e-02  2.35398666e-02 -1.25170655e-05 -9.16906311e-07 -2.01249016e-07 
 1.08348642e-05  5.39949502e-03  2.35314642e-02  2.35311293e-02 -1.25191914e-05 -9.16906241e-07 -2.01249100e-07 
 1.08598642e-05  5.40058276e-03  2.35234437e-02  2.35230431e-02 -1.25170769e-05 -9.16906104e-07 -2.01249104e-07 
 1.08848642e-05  5.40167059e-03  2.35160160e-02  2.35155611e-02 -1.25191997e-05 -9.16906032e-07 -2.01249181e-07 
 1.09098642e-05  5.40275635e-03  2.35091515e-02  2.35086395e-02 -1.25170869e-05 -9.16905893e-07 -2.01249178e-07 
 1.09348642e-05  5.40384234e-03  2.35027965e-02  2.35022382e-02 -1.25192067e-05 -9.16905819e-07 -2.01249248e-07 
 1.09598642e-05  5.40492639e-03  2.34969274e-02  2.34963195e-02 -1.25170956e-05 -9.16905679e-07 -2.01249240e-07 
 1.09848642e-05  5.40601079e-03  2.34914963e-02  2.34908489e-02 -1.25192125e-05 -9.16905605e-07 -2.01249304e-07 
 1.10098642e-05  5.40709335e-03  2.34864846e-02  2.34857941e-02 -1.25171033e-05 -9.16905464e-07 -2.01249290e-07 
 1.10348642e-05  5.40817637e-03  2.34818492e-02  2.34811252e-02 -1.25192173e-05 -9.16905390e-07 -2.01249350e-07 
 1.10598642e-05  5.40925766e-03  2.34775763e-02  2.34768145e-02 -1.25171100e-05 -9.16905248e-07 -2.01249332e-07 
 1.10848642e-05  5.41033949e-03  2.34736265e-02  2.34728364e-02 -1.25192213e-05 -9.16905175e-07 -2.01249387e-07 
 1.11098642e-05  5.41141967e-03  2.34699900e-02  2.34691670e-02 -1.25171160e-05 -9.16905034e-07 -2.01249365e-07 
 1.11348642e-05  5.41250048e-03  2.34666311e-02  2.34657841e-02 -1.25192245e-05 -9.16904961e-07 -2.01249417e-07 
 1.11598642e-05  5.41357971e-03  2.34635432e-02  2.34626672e-02 -1.25171212e-05 -9.16904821e-07 -2.01249391e-07 
 1.11848642e-05  5.41465963e-03  2.34606935e-02  2.34597973e-02 -1.25192271e-05 -9.16904749e-07 -2.01249440e-07 
 1.12098642e-05  5.41573804e-03  2.34580783e-02  2.34571567e-02 -1.25171258e-05 -9.16904610e-07 -2.01249412e-07 
 1.12348642e-05  5.41681719e-03  2.34556675e-02  2.34547290e-02 -1.25192291e-05 -9.16904540e-07 -2.01249457e-07 
 1.12598642e-05  5.41789489e-03  2.34534598e-02  2.34524990e-02 -1.25171299e-05 -9.16904403e-07 -2.01249427e-07 
 1.12848642e-05  5.41897338e-03  2.34514274e-02  2.34504524e-02 -1.25192306e-05 -9.16904335e-07 -2.01249470e-07 
 1.13098642e-05  5.42005047e-03  2.34495711e-02  2.34485763e-02 -1.25171336e-05 -9.16904199e-07 -2.01249438e-07 
 1.13348642e-05  5.42112839e-03  2.34478649e-02  2.34468584e-02 -1.25192317e-05 -9.16904133e-07 -2.01249479e-07 
 1.13598642e-05  5.42220495e-03  2.34463115e-02  2.34452875e-02 -1.25171369e-05 -9.16903999e-07 -2.01249445e-07 
 1.13848642e-05  5.42328238e-03  2.34448865e-02  2.34438529e-02 -1.25192325e-05 -9.16903935e-07 -2.01249484e-07 
 1.14098642e-05  5.42435848e-03  2.34435943e-02  2.34425451e-02 -1.25171398e-05 -9.16903803e-07 -2.01249448e-07 
 1.14348642e-05  5.42543548e-03  2.34424119e-02  2.34413549e-02 -1.25192329e-05 -9.16903742e-07 -2.01249486e-07 
 1.14598642e-05  5.42651119e-03  2.34413448e-02  2.34402739e-02 -1.25171425e-05 -9.16903612e-07 -2.01249449e-07 
 1.14848642e-05  5.42758783e-03  2.34403715e-02  2.34392944e-02 -1.25192331e-05 -9.16903553e-07 -2.01249486e-07 
 1.15098642e-05  5.42866320e-03  2.34394987e-02  2.34384091e-02 -1.25171449e-05 -9.16903426e-07 -2.01249447e-07 
 1.15348642e-05  5.42973952e-03  2.34387058e-02  2.34376112e-02 -1.25192331e-05 -9.16903370e-07 -2.01249483e-07 
 1.15598642e-05  5.43081459e-03  2.34380005e-02  2.34368946e-02 -1.25171471e-05 -9.16903245e-07 -2.01249444e-07 
 1.15848642e-05  5.43189064e-03  2.34373630e-02  2.34362535e-02 -1.25192328e-05 -9.16903192e-07 -2.01249479e-07 
 1.16098642e-05  5.43296546e-03  2.34368022e-02  2.34356824e-02 -1.25171491e-05 -9.16903069e-07 -2.01249438e-07 
 1.16348642e-05  5.43404127e-03  2.34362989e-02  2.34351764e-02 -1.25192324e-05 -9.16903019e-07 -2.01249473e-07 
 1.16598642e-05  5.43511588e-03  2.34358626e-02  2.34347308e-02 -1.25171510e-05 -9.16902899e-07 -2.01249432e-07 
 1.16848642e-05  5.43619149e-03  2.34354750e-02  2.34343413e-02 -1.25192319e-05 -9.16902851e-07 -2.01249465e-07 
 1.17098642e-05  5.43726591e-03  2.34351462e-02  2.34340040e-02 -1.25171527e-05 -9.16902734e-07 -2.01249423e-07 
 1.17348642e-05  5.43834134e-03  2.34348584e-02  2.34337151e-02 -1.25192312e-05 -9.16902689e-07 -2.01249456e-07 
 1.17598642e-05  5.43941559e-03  2.34346223e-02  2.34334711e-02 -1.25171543e-05 -9.16902575e-07 -2.01249414e-07 
 1.17848642e-05  5.44049087e-03  2.34344206e-02  2.34332689e-02 -1.25192304e-05 -9.16902533e-07 -2.01249446e-07 
 1.18098642e-05  5.44156499e-03  2.34342644e-02  2.34331055e-02 -1.25171557e-05 -9.16902421e-07 -2.01249404e-07 
 1.18348642e-05  5.44264014e-03  2.34341369e-02  2.34329780e-02 -1.25192295e-05 -9.16902382e-07 -2.01249436e-07 
 1.18598642e-05  5.44371414e-03  2.34340497e-02  2.34328841e-02 -1.25171571e-05 -9.16902273e-07 -2.01249393e-07 
 1.18848642e-05  5.44478917e-03  2.34339862e-02  2.34328212e-02 -1.25192285e-05 -9.16902237e-07 -2.01249425e-07 
 1.19098642e-05  5.44586307e-03  2.34339585e-02  2.34327871e-02 -1.25171584e-05 -9.16902131e-07 -2.01249382e-07 
 1.19348642e-05  5.44693800e-03  2.34339503e-02  2.34327799e-02 -1.25192275e-05 -9.16902098e-07 -2.01249413e-07 
 1.19598642e-05  5.44801181e-03  2.34339739e-02  2.34327975e-02 -1.25171597e-05 -9.16901995e-07 -2.01249370e-07 
 1.19848642e-05  5.44908666e-03  2.34340133e-02  2.34328383e-02 -1.25192263e-05 -9.16901965e-07 -2.01249401e-07 
 1.20098642e-05  5.45016039e-03  2.34340812e-02  2.34329005e-02 -1.25171609e-05 -9.16901864e-07 -2.01249357e-07 
 1.20348642e-05  5.45123517e-03  2.34341617e-02  2.34329827e-02 -1.25192252e-05 -9.16901837e-07 -2.01249388e-07 
 1.20598642e-05  5.45230883e-03  2.34342678e-02  2.34330834e-02 -1.25171620e-05 -9.16901739e-07 -2.01249344e-07 
 1.20848642e-05  5.45338355e-03  2.34343838e-02  2.34332013e-02 -1.25192240e-05 -9.16901715e-07 -2.01249375e-07 
 1.21098642e-05  5.45445715e-03  2.34345228e-02  2.34333352e-02 -1.25171631e-05 -9.16901620e-07 -2.01249331e-07 
 1.21348642e-05  5.45553182e-03  2.34346694e-02  2.34334839e-02 -1.25192227e-05 -9.16901598e-07 -2.01249361e-07 
 1.21598642e-05  5.45660537e-03  2.34348368e-02  2.34336464e-02 -1.25171641e-05 -9.16901506e-07 -2.01249318e-07 
 1.21848642e-05  5.45767999e-03  2.34350098e-02  2.34338218e-02 -1.25192214e-05 -9.16901488e-07 -2.01249348e-07 
 1.22098642e-05  5.45875350e-03  2.34352018e-02  2.34340090e-02 -1.25171652e-05 -9.16901398e-07 -2.01249304e-07 
 1.22348642e-05  5.45982808e-03  2.34353975e-02  2.34342073e-02 -1.25192201e-05 -9.16901383e-07 -2.01249334e-07 
 1.22598642e-05  5.46090155e-03  2.34356107e-02  2.34344158e-02 -1.25171662e-05 -9.16901296e-07 -2.01249290e-07 
 1.22848642e-05  5.46197609e-03  2.34358261e-02  2.34346339e-02 -1.25192188e-05 -9.16901283e-07 -2.01249320e-07 
 1.23098642e-05  5.46304954e-03  2.34360575e-02  2.34348608e-02 -1.25171671e-05 -9.16901199e-07 -2.01249276e-07 
 1.23348642e-05  5.46412405e-03  2.34362898e-02  2.34350959e-02 -1.25192174e-05 -9.16901189e-07 -2.01249306e-07 
 1.23598642e-05  5.46519747e-03  2.34365369e-02  2.34353387e-02 -1.25171680e-05 -9.16901108e-07 -2.01249263e-07 
 1.23848642e-05  5.46627195e-03  2.34367839e-02  2.34355886e-02 -1.25192161e-05 -9.16901101e-07 -2.01249292e-07 
 1.24098642e-05  5.46734535e-03  2.34370447e-02  2.34358451e-02 -1.25171690e-05 -9.16901022e-07 -2.01249249e-07 
 1.24348642e-05  5.46841981e-03  2.34373043e-02  2.34361077e-02 -1.25192147e-05 -9.16901018e-07 -2.01249278e-07 
 1.24598642e-05  5.46949318e-03  2.34375767e-02  2.34363760e-02 -1.25171699e-05 -9.16900942e-07 -2.01249235e-07 
 1.24848642e-05  5.47056762e-03  2.34378472e-02  2.34366496e-02 -1.25192133e-05 -9.16900940e-07 -2.01249264e-07 
 1.25098642e-05  5.47164098e-03  2.34381298e-02  2.34369281e-02 -1.25171707e-05 -9.16900867e-07 -2.01249221e-07 
 1.25348642e-05  5.47271541e-03  2.34384097e-02  2.34372111e-02 -1.25192119e-05 -9.16900868e-07 -2.01249250e-07 
 1.25598642e-05  5.47378875e-03  2.34387011e-02  2.34374984e-02 -1.25171716e-05 -9.16900797e-07 -2.01249207e-07 
 1.25848642e-05  5.47486316e-03  2.34389891e-02  2.34377897e-02 -1.25192104e-05 -9.16900802e-07 -2.01249236e-07 
 1.26098642e-05  5.47593649e-03  2.34392880e-02  2.34380846e-02 -1.25171725e-05 -9.16900733e-07 -2.01249193e-07 
 1.26348642e-05  5.47701089e-03  2.34395830e-02  2.34383829e-02 -1.25192090e-05 -9.16900740e-07 -2.01249222e-07 
 1.26598642e-05  5.47808421e-03  2.34398884e-02  2.34386843e-02 -1.25171733e-05 -9.16900675e-07 -2.01249179e-07 
 1.26848642e-05  5.47915859e-03  2.34401894e-02  2.34389887e-02 -1.25192075e-05 -9.16900684e-07 -2.01249209e-07 
 1.27098642e-05  5.48023191e-03  2.34405004e-02  2.34392958e-02 -1.25171742e-05 -9.16900621e-07 -2.01249165e-07 
 1.27348642e-05  5.48130628e-03  2.34408067e-02  2.34396054e-02 -1.25192061e-05 -9.16900633e-07 -2.01249195e-07 
 1.27598642e-05  5.48237959e-03  2.34411226e-02  2.34399174e-02 -1.25171750e-05 -9.16900573e-07 -2.01249151e-07 
 1.27848642e-05  5.48345395e-03  2.34414333e-02  2.34402316e-02 -1.25192046e-05 -9.16900588e-07 -2.01249181e-07 
 1.28098642e-05  5.48452725e-03  2.34417534e-02  2.34405478e-02 -1.25171758e-05 -9.16900530e-07 -2.01249137e-07 
 1.28348642e-05  5.48560161e-03  2.34420681e-02  2.34408659e-02 -1.25192032e-05 -9.16900547e-07 -2.01249167e-07 
 1.28598642e-05  5.48667490e-03  2.34423918e-02  2.34411858e-02 -1.25171766e-05 -9.16900492e-07 -2.01249124e-07 
 1.28848642e-05  5.48774925e-03  2.34427098e-02  2.34415073e-02 -1.25192017e-05 -9.16900512e-07 -2.01249153e-07 
 1.29098642e-05  5.48882254e-03  2.34430366e-02  2.34418303e-02 -1.25171774e-05 -9.16900459e-07 -2.01249110e-07 
 1.29348642e-05  5.48989689e-03  2.34433575e-02  2.34421547e-02 -1.25192002e-05 -9.16900482e-07 -2.01249140e-07 
 1.29598642e-05  5.49097017e-03  2.34436870e-02  2.34424805e-02 -1.25171782e-05 -9.16900431e-07 -2.01249097e-07 
 1.29848642e-05  5.49204451e-03  2.34440105e-02  2.34428074e-02 -1.25191987e-05 -9.16900457e-07 -2.01249126e-07 
 1.30098642e-05  5.49311780e-03  2.34443423e-02  2.34431355e-02 -1.25171790e-05 -9.16900409e-07 -2.01249083e-07 
 1.30348642e-05  5.49419213e-03  2.34446679e-02  2.34434646e-02 -1.25191973e-05 -9.16900436e-07 -2.01249113e-07 
 1.30598642e-05  5.49526541e-03  2.34450018e-02  2.34437947e-02 -1.25171798e-05 -9.16900391e-07 -2.01249070e-07 
 1.30848642e-05  5.49633974e-03  2.34453293e-02  2.34441257e-02 -1.25191958e-05 -9.16900421e-07 -2.01249100e-07 
 1.31098642e-05  5.49741302e-03  2.34456649e-02  2.34444576e-02 -1.25171806e-05 -9.16900378e-07 -2.01249057e-07 
 1.31348642e-05  5.49848735e-03  2.34459940e-02  2.34447903e-02 -1.25191943e-05 -9.16900411e-07 -2.01249086e-07 
 1.31598642e-05  5.49956062e-03  2.34463311e-02  2.34451237e-02 -1.25171813e-05 -9.16900370e-07 -2.01249043e-07 
 1.31848642e-05  5.50063495e-03  2.34466616e-02  2.34454577e-02 -1.25191928e-05 -9.16900406e-07 -2.01249073e-07 
 1.32098642e-05  5.50170822e-03  2.34470001e-02  2.34457924e-02 -1.25171821e-05 -9.16900368e-07 -2.01249030e-07 
 1.32348642e-05  5.50278255e-03  2.34473318e-02  2.34461277e-02 -1.25191913e-05 -9.16900405e-07 -2.01249060e-07 
 1.32598642e-05  5.50385582e-03  2.34476714e-02  2.34464636e-02 -1.25171829e-05 -9.16900370e-07 -2.01249017e-07 
 1.32848642e-05  5.50493014e-03  2.34480041e-02  2.34467999e-02 -1.25191898e-05 -9.16900410e-07 -2.01249047e-07 
 1.33098642e-05  5.50600341e-03  2.34483447e-02  2.34471368e-02 -1.25171836e-05 -9.16900376e-07 -2.01249005e-07 
 1.33348642e-05  5.50707773e-03  2.34486783e-02  2.34474740e-02 -1.25191883e-05 -9.16900419e-07 -2.01249035e-07 
 1.33598642e-05  5.50815100e-03  2.34490198e-02  2.34478117e-02 -1.25171844e-05 -9.16900388e-07 -2.01248992e-07 
 1.33848642e-05  5.50922531e-03  2.34493542e-02  2.34481498e-02 -1.25191868e-05 -9.16900433e-07 -2.01249022e-07 
 1.34098642e-05  5.51029858e-03  2.34496964e-02  2.34484882e-02 -1.25171851e-05 -9.16900405e-07 -2.01248979e-07 
 1.34348642e-05  5.51137290e-03  2.34500315e-02  2.34488270e-02 -1.25191853e-05 -9.16900452e-07 -2.01249009e-07 
 1.34598642e-05  5.51244617e-03  2.34503743e-02  2.34491661e-02 -1.25171859e-05 -9.16900426e-07 -2.01248967e-07 
 1.34848642e-05  5.51352048e-03  2.34507100e-02  2.34495054e-02 -1.25191838e-05 -9.16900476e-07 -2.01248997e-07 
 1.35098642e-05  5.51459375e-03  2.34510534e-02  2.34498451e-02 -1.25171866e-05 -9.16900452e-07 -2.01248954e-07 
 1.35348642e-05  5.51566806e-03  2.34513896e-02  2.34501850e-02 -1.25191823e-05 -9.16900504e-07 -2.01248984e-07 
 1.35598642e-05  5.51674133e-03  2.34517335e-02  2.34505251e-02 -1.25171874e-05 -9.16900482e-07 -2.01248942e-07 
 1.35848642e-05  5.51781564e-03  2.34520702e-02  2.34508654e-02 -1.25191808e-05 -9.16900537e-07 -2.01248972e-07 
 1.36098642e-05  5.51888891e-03  2.34524144e-02  2.34512060e-02 -1.25171881e-05 -9.16900518e-07 -2.01248930e-07 
 1.36348642e-05  5.51996322e-03  2.34527515e-02  2.34515467e-02 -1.25191793e-05 -9.16900575e-07 -2.01248960e-07 
 1.36598642e-05  5.52103649e-03  2.34530962e-02  2.34518876e-02 -1.25171888e-05 -9.16900558e-07 -2.01248917e-07 
 1.36848642e-05  5.52211080e-03  2.34534336e-02  2.34522287e-02 -1.25191778e-05 -9.16900617e-07 -2.01248948e-07 
 1.37098642e-05  5.52318407e-03  2.34537786e-02  2.34525699e-02 -1.25171896e-05 -9.16900602e-07 -2.01248905e-07 
 1.37348642e-05  5.52425837e-03  2.34541163e-02  2.34529113e-02 -1.25191763e-05 -9.16900664e-07 -2.01248936e-07 
 1.37598642e-05  5.52533164e-03  2.34544615e-02  2.34532529e-02 -1.25171903e-05 -9.16900652e-07 -2.01248893e-07 
 1.37848642e-05  5.52640595e-03  2.34547995e-02  2.34535945e-02 -1.25191748e-05 -9.16900716e-07 -2.01248924e-07 
 1.38098642e-05  5.52747922e-03  2.34551450e-02  2.34539363e-02 -1.25171910e-05 -9.16900705e-07 -2.01248882e-07 
 1.38348642e-05  5.52855352e-03  2.34554832e-02  2.34542782e-02 -1.25191733e-05 -9.16900772e-07 -2.01248912e-07 
 1.38598642e-05  5.52962679e-03  2.34558289e-02  2.34546202e-02 -1.25171917e-05 -9.16900764e-07 -2.01248870e-07 
 1.38848642e-05  5.53070110e-03  2.34561673e-02  2.34549622e-02 -1.25191718e-05 -9.16900832e-07 -2.01248900e-07 
 1.39098642e-05  5.53177437e-03  2.34565133e-02  2.34553044e-02 -1.25171924e-05 -9.16900827e-07 -2.01248858e-07 
 1.39348642e-05  5.53284867e-03  2.34568519e-02  2.34556467e-02 -1.25191703e-05 -9.16900898e-07 -2.01248888e-07 
 1.39598642e-05  5.53392194e-03  2.34571979e-02  2.34559891e-02 -1.25171932e-05 -9.16900894e-07 -2.01248847e-07 
 1.39848642e-05  5.53499624e-03  2.34575367e-02  2.34563315e-02 -1.25191688e-05 -9.16900968e-07 -2.01248877e-07 
 1.40098642e-05  5.53606952e-03  2.34578829e-02  2.34566740e-02 -1.25171939e-05 -9.16900967e-07 -2.01248835e-07 
 1.40348642e-05  5.53714382e-03  2.34582218e-02  2.34570166e-02 -1.25191673e-05 -9.16901042e-07 -2.01248865e-07 
 1.40598642e-05  5.53821709e-03  2.34585682e-02  2.34573592e-02 -1.25171946e-05 -9.16901043e-07 -2.01248824e-07 
 1.40848642e-05  5.53929139e-03  2.34589072e-02  2.34577019e-02 -1.25191658e-05 -9.16901121e-07 -2.01248854e-07 
 1.41098642e-05  5.54036466e-03  2.34592537e-02  2.34580447e-02 -1.25171953e-05 -9.16901124e-07 -2.01248813e-07 
 1.41348642e-05  5.54143896e-03  2.34595928e-02  2.34583875e-02 -1.25191643e-05 -9.16901204e-07 -2.01248843e-07 
 1.41598642e-05  5.54251224e-03  2.34599394e-02  2.34587304e-02 -1.25171960e-05 -9.16901210e-07 -2.01248801e-07 
 1.41848642e-05  5.54358653e-03  2.34602787e-02  2.34590733e-02 -1.25191628e-05 -9.16901292e-07 -2.01248832e-07 
 1.42098642e-05  5.54465981e-03  2.34606254e-02  2.34594162e-02 -1.25171966e-05 -9.16901300e-07 -2.01248790e-07 
 1.42348642e-05  5.54573410e-03  2.34609647e-02  2.34597593e-02 -1.25191613e-05 -9.16901385e-07 -2.01248821e-07 
 1.42598642e-05  5.54680738e-03  2.34613115e-02  2.34601023e-02 -1.25171973e-05 -9.16901395e-07 -2.01248779e-07 
 1.42848642e-05  5.54788168e-03  2.34616509e-02  2.34604454e-02 -1.25191598e-05 -9.16901482e-07 -2.01248810e-07 
 1.43098642e-05  5.54895495e-03  2.34619978e-02  2.34607885e-02 -1.25171980e-05 -9.16901494e-07 -2.01248769e-07 
 1.43348642e-05  5.55002925e-03  2.34623372e-02  2.34611317e-02 -1.25191582e-05 -9.16901583e-07 -2.01248799e-07 
 1.43598642e-05  5.55110253e-03  2.34626842e-02  2.34614749e-02 -1.25171987e-05 -9.16901598e-07 -2.01248758e-07 
 1.43848642e-05  5.55217682e-03  2.34630237e-02  2.34618182e-02 -1.25191567e-05 -9.16901689e-07 -2.01248788e-07 
 1.44098642e-05  5.55325010e-03  2.34633707e-02  2.34621614e-02 -1.25171994e-05 -9.16901706e-07 -2.01248747e-07 
 1.44348642e-05  5.55432439e-03  2.34637103e-02  2.34625048e-02 -1.25191552e-05 -9.16901799e-07 -2.01248778e-07 
 1.44598642e-05  5.55539767e-03  2.34640574e-02  2.34628481e-02 -1.25172000e-05 -9.16901819e-07 -2.01248737e-07 
 1.44848642e-05  5.55647196e-03  2.34643971e-02  2.34631915e-02 -1.25191537e-05 -9.16901914e-07 -2.01248767e-07 
 1.45098642e-05  5.55754524e-03  2.34647442e-02  2.34635349e-02 -1.25172007e-05 -9.16901936e-07 -2.01248726e-07 
 1.45348642e-05  5.55861953e-03  2.34650840e-02  2.34638783e-02 -1.25191522e-05 -9.16902034e-07 -2.01248756e-07 
 1.45598642e-05  5.55969281e-03  2.34654311e-02  2.34642217e-02 -1.25172014e-05 -9.16902057e-07 -2.01248716e-07 
 1.45848642e-05  5.56076711e-03  2.34657709e-02  2.34645652e-02 -1.25191507e-05 -9.16902157e-07 -2.01248746e-07 
 1.46098642e-05  5.56184039e-03  2.34661182e-02  2.34649087e-02 -1.25172020e-05 -9.16902183e-07 -2.01248705e-07 
 1.46348642e-05  5.56291468e-03  2.34664580e-02  2.34652522e-02 -1.25191491e-05 -9.16902286e-07 -2.01248736e-07 
 1.46598642e-05  5.56398796e-03  2.34668053e-02  2.34655958e-02 -1.25172027e-05 -9.16902314e-07 -2.01248695e-07 
 1.46848642e-05  5.56506225e-03  2.34671451e-02  2.34659394e-02 -1.25191476e-05 -9.16902418e-07 -2.01248726e-07 
 1.47098642e-05  5.56613553e-03  2.34674925e-02  2.34662830e-02 -1.25172033e-05 -9.16902448e-07 -2.01248685e-07 
 1.47348642e-05  5.56720982e-03  2.34678324e-02  2.34666266e-02 -1.25191461e-05 -9.16902555e-07 -2.01248716e-07 
 1.47598642e-05  5.56828310e-03  2.34681798e-02  2.34669702e-02 -1.25172040e-05 -9.16902588e-07 -2.01248675e-07 
 1.47848642e-05  5.56935739e-03  2.34685197e-02  2.34673139e-02 -1.25191446e-05 -9.16902697e-07 -2.01248706e-07 
 1.48098642e-05  5.57043068e-03  2.34688672e-02  2.34676575e-02 -1.25172046e-05 -9.16902732e-07 -2.01248665e-07 
 1.48348642e-05  5.57150496e-03  2.34692072e-02  2.34680012e-02 -1.25191431e-05 -9.16902843e-07 -2.01248696e-07 
 1.48598642e-05  5.57257825e-03  2.34695546e-02  2.34683450e-02 -1.25172053e-05 -9.16902880e-07 -2.01248655e-07 
 1.48848642e-05  5.57365253e-03  2.34698947e-02  2.34686887e-02 -1.25191415e-05 -9.16902994e-07 -2.01248686e-07 
 1.49098642e-05  5.57472582e-03  2.34702422e-02  2.34690325e-02 -1.25172059e-05 -9.16903033e-07 -2.01248646e-07 
 1.49348642e-05  5.57580011e-03  2.34705822e-02  2.34693762e-02 -1.25191400e-05 -9.16903149e-07 -2.01248676e-07 
 1.49598642e-05  5.57687339e-03  2.34709298e-02  2.34697200e-02 -1.25172065e-05 -9.16903190e-07 -2.01248636e-07 
 1.49799321e-05  5.57773584e-03  2.34712020e-02  2.34699960e-02 -1.25191384e-05 -9.16903292e-07 -2.01248667e-07 
 1.50000000e-05  5.57859728e-03  2.34714818e-02  2.34702720e-02 -1.25172075e-05 -9.16903320e-07 -2.01248628e-07 
 1.50025000e-05  5.57864889e-03  2.34714312e-02  2.34702648e-02 -1.25197393e-05 -4.62725568e-07 -1.00933629e-07 
 1.50075000e-05  5.57869868e-03  2.34714301e-02  2.34702571e-02 -1.25215364e-05 -4.31568257e-09 -3.05680672e-10 
 1.50175000e-05  5.57869534e-03  2.34718077e-02  2.34705081e-02 -1.25218741e-05  1.40132983e-09  1.06264221e-10 
 1.50375000e-05  5.57869673e-03  2.34727416e-02  2.34714569e-02 -1.25221701e-05 -8.32325072e-10 -6.22645382e-11 
 1.50582935e-05  5.57870108e-03  2.34733945e-02  2.34721624e-02 -1.25222907e-05  5.04480843e-10  4.07535312e-11 
 1.50832935e-05  5.57870705e-03  2.34738816e-02  2.34726658e-02 -1.25223208e-05 -3.33773791e-10 -2.50956222e-11 
 1.51082935e-05  5.57871334e-03  2.34742438e-02  2.34730379e-02 -1.25223409e-05  2.20536307e-10  1.91322995e-11 
 1.51332935e-05  5.57871972e-03  2.34745558e-02  2.34733516e-02 -1.25223344e-05 -1.45997399e-10 -1.05718151e-11 
 1.51582935e-05  5.57872616e-03  2.34748386e-02  2.34736381e-02 -1.25223433e-05  9.63562151e-11  9.37435839e-12 
 1.51832935e-05  5.57873264e-03  2.34751017e-02  2.34739020e-02 -1.25223354e-05 -6.38692018e-11 -4.01180689e-12 
 1.52082935e-05  5.57873914e-03  2.34753444e-02  2.34741476e-02 -1.25223428e-05  4.20478238e-11  4.97420540e-12 
 1.52332935e-05  5.57874568e-03  2.34755715e-02  2.34743753e-02 -1.25223355e-05 -2.79495678e-11 -1.05211716e-12 
 1.52582935e-05  5.57875225e-03  2.34757810e-02  2.34745873e-02 -1.25223423e-05  1.82982774e-11  2.99239431e-12 
 1.52832935e-05  5.57875885e-03  2.34759772e-02  2.34747841e-02 -1.25223355e-05 -1.22401885e-11  2.82528504e-13 
 1.53082935e-05  5.57876546e-03  2.34761583e-02  2.34749673e-02 -1.25223418e-05  7.91390651e-12  2.10116424e-12 
 1.53332935e-05  5.57877210e-03  2.34763279e-02  2.34751374e-02 -1.25223355e-05 -5.37021599e-12  8.84371461e-13 
 1.53582935e-05  5.57877876e-03  2.34764843e-02  2.34752957e-02 -1.25223414e-05  3.37482126e-12  1.70121030e-12 
 1.53832935e-05  5.57878544e-03  2.34766311e-02  2.34754428e-02 -1.25223355e-05 -2.36639115e-12  1.15599289e-12 
 1.54082935e-05  5.57879214e-03  2.34767663e-02  2.34755797e-02 -1.25223410e-05  1.39208501e-12  1.52230154e-12 
 1.54332935e-05  5.57879885e-03  2.34768933e-02  2.34757069e-02 -1.25223356e-05 -1.05354917e-12  1.27887051e-12 
 1.54582935e-05  5.57880558e-03  2.34770101e-02  2.34758253e-02 -1.25223407e-05  5.27236241e-13  1.44270755e-12 
 1.54832935e-05  5.57881233e-03  2.34771201e-02  2.34759353e-02 -1.25223356e-05 -4.80317392e-13  1.33475024e-12 
 1.55082935e-05  5.57881908e-03  2.34772211e-02  2.34760378e-02 -1.25223404e-05  1.51140602e-13  1.40765085e-12 
 1.55332935e-05  5.57882585e-03  2.34773163e-02  2.34761330e-02 -1.25223356e-05 -2.30579444e-13  1.36042761e-12 
 1.55582935e-05  5.57883263e-03  2.34774038e-02  2.34762217e-02 -1.25223402e-05 -1.13414052e-14  1.39250720e-12 
 1.55832935e-05  5.57883942e-03  2.34774863e-02  2.34763042e-02 -1.25223357e-05 -1.22331832e-13  1.37246090e-12 
 1.56082935e-05  5.57884622e-03  2.34775620e-02  2.34763811e-02 -1.25223399e-05 -8.05438615e-14  1.38622355e-12 
 1.56332935e-05  5.57885303e-03  2.34776335e-02  2.34764525e-02 -1.25223357e-05 -7.59589874e-14  1.37829792e-12 
 1.56582935e-05  5.57885985e-03  2.34776991e-02  2.34765191e-02 -1.25223397e-05 -1.09078762e-13  1.38384670e-12 
 1.56832935e-05  5.57886668e-03  2.34777611e-02  2.34765811e-02 -1.25223358e-05 -5.66322163e-14  1.38129563e-12 
 1.57082935e-05  5.57887351e-03  2.34778180e-02  2.34766388e-02 -1.25223395e-05 -1.19950924e-13  1.38316192e-12 
 1.57332935e-05  5.57888035e-03  2.34778719e-02  2.34766926e-02 -1.25223359e-05 -4.91184784e-14  1.38296579e-12 
 1.57582935e-05  5.57888720e-03  2.34779212e-02  2.34767427e-02 -1.25223393e-05 -1.23206350e-13  1.38318475e-12 
 1.57832935e-05  5.57889406e-03  2.34779680e-02  2.34767894e-02 -1.25223359e-05 -4.67475451e-14  1.38399584e-12 
 1.58082935e-05  5.57890091e-03  2.34780108e-02  2.34768330e-02 -1.25223391e-05 -1.23230853e-13  1.38348052e-12 
 1.58332935e-05  5.57890778e-03  2.34780515e-02  2.34768736e-02 -1.25223360e-05 -4.66042135e-14  1.38469889e-12 
 1.58582935e-05  5.57891464e-03  2.34780887e-02  2.34769115e-02 -1.25223390e-05 -1.21938700e-13  1.38386058e-12 
 1.58832935e-05  5.57892152e-03  2.34781242e-02  2.34769468e-02 -1.25223361e-05 -4.74080410e-14  1.38522028e-12 
 1.59082935e-05  5.57892839e-03  2.34781566e-02  2.34769798e-02 -1.25223388e-05 -1.20152369e-13  1.38424612e-12 
 1.59332935e-05  5.57893528e-03  2.34781876e-02  2.34770105e-02 -1.25223362e-05 -4.86008803e-14  1.38563168e-12 
 1.59582935e-05  5.57894216e-03  2.34782157e-02  2.34770393e-02 -1.25223387e-05 -1.18231596e-13  1.38460554e-12 
 1.59832935e-05  5.57894905e-03  2.34782428e-02  2.34770662e-02 -1.25223362e-05 -4.99320637e-14  1.38596730e-12 
 1.60082935e-05  5.57895594e-03  2.34782674e-02  2.34770913e-02 -1.25223385e-05 -1.16324268e-13  1.38492879e-12 
 1.60332935e-05  5.57896283e-03  2.34782911e-02  2.34771148e-02 -1.25223363e-05 -5.12959900e-14  1.38624713e-12 
 1.60582935e-05  5.57896973e-03  2.34783126e-02  2.34771368e-02 -1.25223384e-05 -1.14484160e-13  1.38521443e-12 
 1.60832935e-05  5.57897663e-03  2.34783333e-02  2.34771573e-02 -1.25223364e-05 -5.26466891e-14  1.38648397e-12 
 1.61082935e-05  5.57898352e-03  2.34783521e-02  2.34771766e-02 -1.25223383e-05 -1.12739245e-13  1.38546596e-12 
 1.61332935e-05  5.57899043e-03  2.34783704e-02  2.34771946e-02 -1.25223365e-05 -5.39609590e-14  1.38668379e-12 
 1.61582935e-05  5.57899733e-03  2.34783869e-02  2.34772115e-02 -1.25223382e-05 -1.11090174e-13  1.38568611e-12 
 1.61832935e-05  5.57900424e-03  2.34784030e-02  2.34772274e-02 -1.25223365e-05 -5.52316439e-14  1.38685374e-12 
 1.62082935e-05  5.57901115e-03  2.34784175e-02  2.34772423e-02 -1.25223381e-05 -1.09536945e-13  1.38587845e-12 
 1.62332935e-05  5.57901806e-03  2.34784317e-02  2.34772563e-02 -1.25223366e-05 -5.64528892e-14  1.38699794e-12 
 1.62582935e-05  5.57902497e-03  2.34784445e-02  2.34772695e-02 -1.25223380e-05 -1.08074357e-13  1.38604628e-12 
 1.62832935e-05  5.57903188e-03  2.34784571e-02  2.34772819e-02 -1.25223367e-05 -5.76294654e-14  1.38712072e-12 
 1.63082935e-05  5.57903879e-03  2.34784684e-02  2.34772935e-02 -1.25223379e-05 -1.06696119e-13  1.38619330e-12 
 1.63332935e-05  5.57904571e-03  2.34784796e-02  2.34773045e-02 -1.25223367e-05 -5.87524820e-14  1.38722410e-12 
 1.63582935e-05  5.57905262e-03  2.34784896e-02  2.34773149e-02 -1.25223378e-05 -1.05399847e-13  1.38632237e-12 
 1.63832935e-05  5.57905954e-03  2.34784996e-02  2.34773247e-02 -1.25223368e-05 -5.98299622e-14  1.38731133e-12 
 1.64082935e-05  5.57906646e-03  2.34785086e-02  2.34773339e-02 -1.25223377e-05 -1.04175349e-13  1.38643535e-12 
 1.64332935e-05  5.57907338e-03  2.34785175e-02  2.34773427e-02 -1.25223369e-05 -6.08625563e-14  1.38738554e-12 
 1.64582935e-05  5.57908030e-03  2.34785255e-02  2.34773510e-02 -1.25223376e-05 -1.03019156e-13  1.38653455e-12 
 1.64832935e-05  5.57908722e-03  2.34785335e-02  2.34773588e-02 -1.25223369e-05 -6.18472287e-14  1.38744707e-12 
 1.65082935e-05  5.57909414e-03  2.34785407e-02  2.34773663e-02 -1.25223376e-05 -1.01928231e-13  1.38662215e-12 
 1.65332935e-05  5.57910106e-03  2.34785480e-02  2.34773733e-02 -1.25223370e-05 -6.27894004e-14  1.38749868e-12 
 1.65582935e-05  5.57910798e-03  2.34785545e-02  2.34773801e-02 -1.25223375e-05 -1.00899540e-13  1.38669886e-12 
 1.65832935e-05  5.57911491e-03  2.34785611e-02  2.34773865e-02 -1.25223370e-05 -6.36875535e-14  1.38754183e-12 
 1.66082935e-05  5.57912183e-03  2.34785670e-02  2.34773926e-02 -1.25223374e-05 -9.99263606e-14  1.38676760e-12 
 1.66332935e-05  5.57912876e-03  2.34785730e-02  2.34773984e-02 -1.25223371e-05 -6.45453743e-14  1.38757712e-12 
 1.66582935e-05  5.57913568e-03  2.34785783e-02  2.34774040e-02 -1.25223374e-05 -9.90060898e-14  1.38682853e-12 
 1.66832935e-05  5.57914260e-03  2.34785838e-02  2.34774094e-02 -1.25223371e-05 -6.53667658e-14  1.38760553e-12 
 1.67082935e-05  5.57914953e-03  2.34785888e-02  2.34774145e-02 -1.25223373e-05 -9.81385112e-14  1.38688117e-12 
 1.67332935e-05  5.57915646e-03  2.34785938e-02  2.34774194e-02 -1.25223372e-05 -6.61463072e-14  1.38762938e-12 
 1.67582935e-05  5.57916338e-03  2.34785984e-02  2.34774241e-02 -1.25223373e-05 -9.73156018e-14  1.38692904e-12 
 1.67832935e-05  5.57917031e-03  2.34786031e-02  2.34774287e-02 -1.25223372e-05 -6.68902867e-14  1.38764846e-12 
 1.68082935e-05  5.57917723e-03  2.34786073e-02  2.34774330e-02 -1.25223372e-05 -9.65356267e-14  1.38697110e-12 
 1.68332935e-05  5.57918416e-03  2.34786116e-02  2.34774373e-02 -1.25223373e-05 -6.75991381e-14  1.38766266e-12 
 1.68582935e-05  5.57919109e-03  2.34786155e-02  2.34774413e-02 -1.25223372e-05 -9.57979356e-14  1.38700959e-12 
 1.68832935e-05  5.57919801e-03  2.34786196e-02  2.34774453e-02 -1.25223373e-05 -6.82748129e-14  1.38767459e-12 
 1.69082935e-05  5.57920494e-03  2.34786233e-02  2.34774491e-02 -1.25223371e-05 -9.50979746e-14  1.38704380e-12 
 1.69332935e-05  5.57921187e-03  2.34786271e-02  2.34774528e-02 -1.25223374e-05 -6.89192627e-14  1.38768343e-12 
 1.69582935e-05  5.57921880e-03  2.34786306e-02  2.34774564e-02 -1.25223371e-05 -9.44385629e-14  1.38707443e-12 
 1.69832935e-05  5.57922572e-03  2.34786342e-02  2.34774599e-02 -1.25223374e-05 -6.95320537e-14  1.38768950e-12 
 1.70082935e-05  5.57923265e-03  2.34786375e-02  2.34774634e-02 -1.25223370e-05 -9.38095088e-14  1.38710251e-12 
 1.70332935e-05  5.57923958e-03  2.34786410e-02  2.34774667e-02 -1.25223374e-05 -7.01147040e-14  1.38769373e-12 
 1.70582935e-05  5.57924651e-03  2.34786441e-02  2.34774699e-02 -1.25223370e-05 -9.32155828e-14  1.38712766e-12 
 1.70832935e-05  5.57925344e-03  2.34786474e-02  2.34774731e-02 -1.25223375e-05 -7.06715502e-14  1.38769589e-12 
 1.71082935e-05  5.57926036e-03  2.34786504e-02  2.34774762e-02 -1.25223369e-05 -9.26515809e-14  1.38715049e-12 
 1.71332935e-05  5.57926729e-03  2.34786535e-02  2.34774793e-02 -1.25223375e-05 -7.12010746e-14  1.38769654e-12 
 1.71582935e-05  5.57927422e-03  2.34786564e-02  2.34774823e-02 -1.25223369e-05 -9.21170692e-14  1.38717146e-12 
 1.71832935e-05  5.57928115e-03  2.34786594e-02  2.34774852e-02 -1.25223376e-05 -7.17039275e-14  1.38769692e-12 
 1.72082935e-05  5.57928808e-03  2.34786622e-02  2.34774881e-02 -1.25223369e-05 -9.16079278e-14  1.38719071e-12 
 1.72332935e-05  5.57929501e-03  2.34786651e-02  2.34774909e-02 -1.25223376e-05 -7.21818438e-14  1.38769557e-12 
 1.72582935e-05  5.57930194e-03  2.34786678e-02  2.34774937e-02 -1.25223368e-05 -9.11254579e-14  1.38720779e-12 
 1.72832935e-05  5.57930887e-03  2.34786707e-02  2.34774965e-02 -1.25223376e-05 -7.26398108e-14  1.38769280e-12 
 1.73082935e-05  5.57931580e-03  2.34786733e-02  2.34774992e-02 -1.25223368e-05 -9.06687919e-14  1.38722421e-12 
 1.73332935e-05  5.57932273e-03  2.34786760e-02  2.34775019e-02 -1.25223377e-05 -7.30756601e-14  1.38769036e-12 
 1.73582935e-05  5.57932966e-03  2.34786786e-02  2.34775045e-02 -1.25223368e-05 -9.02390142e-14  1.38723917e-12 
 1.73832935e-05  5.57933659e-03  2.34786813e-02  2.34775071e-02 -1.25223377e-05 -7.34872233e-14  1.38768711e-12 
 1.74082935e-05  5.57934351e-03  2.34786838e-02  2.34775097e-02 -1.25223367e-05 -8.98250658e-14  1.38725289e-12 
 1.74332935e-05  5.57935044e-03  2.34786864e-02  2.34775123e-02 -1.25223377e-05 -7.38814392e-14  1.38768321e-12 
 1.74582935e-05  5.57935737e-03  2.34786889e-02  2.34775148e-02 -1.25223367e-05 -8.94332351e-14  1.38726579e-12 
 1.74832935e-05  5.57936430e-03  2.34786915e-02  2.34775173e-02 -1.25223377e-05 -7.42552721e-14  1.38767931e-12 
 1.75082935e-05  5.57937123e-03  2.34786939e-02  2.34775198e-02 -1.25223367e-05 -8.90620043e-14  1.38727777e-12 
 1.75332935e-05  5.57937816e-03  2.34786965e-02  2.34775223e-02 -1.25223378e-05 -7.46117577e-14  1.38767426e-12 
 1.75582935e-05  5.57938509e-03  2.34786988e-02  2.34775248e-02 -1.25223366e-05 -8.87066028e-14  1.38728905e-12 
 1.75832935e-05  5.57939202e-03  2.34787013e-02  2.34775272e-02 -1.25223378e-05 -7.49498120e-14  1.38766982e-12 
 1.76082935e-05  5.57939895e-03  2.34787037e-02  2.34775296e-02 -1.25223366e-05 -8.83711507e-14  1.38729924e-12 
 1.76332935e-05  5.57940588e-03  2.34787062e-02  2.34775320e-02 -1.25223378e-05 -7.52722537e-14  1.38766521e-12 
 1.76582935e-05  5.57941281e-03  2.34787085e-02  2.34775344e-02 -1.25223366e-05 -8.80519616e-14  1.38730910e-12 
 1.76832935e-05  5.57941974e-03  2.34787110e-02  2.34775368e-02 -1.25223378e-05 -7.55784324e-14  1.38766001e-12 
 1.77082935e-05  5.57942667e-03  2.34787133e-02  2.34775392e-02 -1.25223366e-05 -8.77477344e-14  1.38731821e-12 
 1.77332935e-05  5.57943360e-03  2.34787157e-02  2.34775415e-02 -1.25223379e-05 -7.58718175e-14  1.38765502e-12 
 1.77582935e-05  5.57944053e-03  2.34787180e-02  2.34775439e-02 -1.25223365e-05 -8.74625893e-14  1.38732710e-12 
 1.77832935e-05  5.57944746e-03  2.34787204e-02  2.34775462e-02 -1.25223379e-05 -7.61495901e-14  1.38765019e-12 
 1.78082935e-05  5.57945439e-03  2.34787227e-02  2.34775486e-02 -1.25223365e-05 -8.71893703e-14  1.38733496e-12 
 1.78332935e-05  5.57946132e-03  2.34787250e-02  2.34775509e-02 -1.25223379e-05 -7.64137018e-14  1.38764510e-12 
 1.78582935e-05  5.57946825e-03  2.34787273e-02  2.34775532e-02 -1.25223365e-05 -8.69280776e-14  1.38734255e-12 
 1.78832935e-05  5.57947518e-03  2.34787297e-02  2.34775555e-02 -1.25223379e-05 -7.66632851e-14  1.38763957e-12 
 1.79082935e-05  5.57948211e-03  2.34787319e-02  2.34775578e-02 -1.25223365e-05 -8.66795784e-14  1.38735020e-12 
 1.79332935e-05  5.57948904e-03  2.34787343e-02  2.34775601e-02 -1.25223379e-05 -7.69035443e-14  1.38763518e-12 
 1.79582935e-05  5.57949597e-03  2.34787365e-02  2.34775624e-02 -1.25223365e-05 -8.64445234e-14  1.38735697e-12 
 1.79832935e-05  5.57950290e-03  2.34787388e-02  2.34775647e-02 -1.25223379e-05 -7.71307931e-14  1.38762987e-12 
 1.80082935e-05  5.57950983e-03  2.34787411e-02  2.34775670e-02 -1.25223365e-05 -8.62203104e-14  1.38736369e-12 
 1.80332935e-05  5.57951676e-03  2.34787434e-02  2.34775693e-02 -1.25223380e-05 -7.73474167e-14  1.38762520e-12 
 1.80582935e-05  5.57952369e-03  2.34787456e-02  2.34775716e-02 -1.25223364e-05 -8.60069394e-14  1.38737014e-12 
 1.80832935e-05  5.57953062e-03  2.34787479e-02  2.34775738e-02 -1.25223380e-05 -7.75527646e-14  1.38762070e-12 
 1.81082935e-05  5.57953755e-03  2.34787502e-02  2.34775761e-02 -1.25223364e-05 -8.58039768e-14  1.38737605e-12 
 1.81332935e-05  5.57954448e-03  2.34787525e-02  2.34775784e-02 -1.25223380e-05 -7.77511736e-14  1.38761599e-12 
 1.81582935e-05  5.57955141e-03  2.34787547e-02  2.34775806e-02 -1.25223364e-05 -8.56140246e-14  1.38738147e-12 
 1.81832935e-05  5.57955834e-03  2.34787570e-02  2.34775829e-02 -1.25223380e-05 -7.79372226e-14  1.38761154e-12 
 1.82082935e-05  5.57956527e-03  2.34787592e-02  2.34775851e-02 -1.25223364e-05 -8.54290597e-14  1.38738728e-12 
 1.82332935e-05  5.57957220e-03  2.34787615e-02  2.34775874e-02 -1.25223380e-05 -7.81137308e-14  1.38760748e-12 
 1.82582935e-05  5.57957913e-03  2.34787637e-02  2.34775896e-02 -1.25223364e-05 -8.52545031e-14  1.38739232e-12 
 1.82832935e-05  5.57958606e-03  2.34787660e-02  2.34775919e-02 -1.25223380e-05 -7.82841673e-14  1.38760303e-12 
 1.83082935e-05  5.57959299e-03  2.34787682e-02  2.34775941e-02 -1.25223364e-05 -8.50877528e-14  1.38739779e-12 
 1.83332935e-05  5.57959992e-03  2.34787705e-02  2.34775964e-02 -1.25223380e-05 -7.84450629e-14  1.38759864e-12 
 1.83582935e-05  5.57960685e-03  2.34787727e-02  2.34775986e-02 -1.25223364e-05 -8.49303267e-14  1.38740251e-12 
 1.83832935e-05  5.57961378e-03  2.34787750e-02  2.34776009e-02 -1.25223381e-05 -7.85979355e-14  1.38759485e-12 
 1.84082935e-05  5.57962071e-03  2.34787772e-02  2.34776031e-02 -1.25223363e-05 -8.47800562e-14  1.38740712e-12 
 1.84332935e-05  5.57962764e-03  2.34787795e-02  2.34776053e-02 -1.25223381e-05 -7.87430017e-14  1.38759111e-12 
 1.84582935e-05  5.57963457e-03  2.34787817e-02  2.34776076e-02 -1.25223363e-05 -8.46354237e-14  1.38741167e-12 
 1.84832935e-05  5.57964150e-03  2.34787839e-02  2.34776098e-02 -1.25223381e-05 -7.88804785e-14  1.38758682e-12 
 1.85082935e-05  5.57964843e-03  2.34787861e-02  2.34776121e-02 -1.25223363e-05 -8.44985974e-14  1.38741546e-12 
 1.85332935e-05  5.57965536e-03  2.34787884e-02  2.34776143e-02 -1.25223381e-05 -7.90157870e-14  1.38758357e-12 
 1.85582935e-05  5.57966229e-03  2.34787906e-02  2.34776165e-02 -1.25223363e-05 -8.43710952e-14  1.38741996e-12 
 1.85832935e-05  5.57966922e-03  2.34787929e-02  2.34776187e-02 -1.25223381e-05 -7.91409039e-14  1.38757956e-12 
 1.86082935e-05  5.57967615e-03  2.34787951e-02  2.34776210e-02 -1.25223363e-05 -8.42468456e-14  1.38742370e-12 
 1.86332935e-05  5.57968308e-03  2.34787973e-02  2.34776232e-02 -1.25223381e-05 -7.92610335e-14  1.38757609e-12 
 1.86582935e-05  5.57969001e-03  2.34787995e-02  2.34776254e-02 -1.25223363e-05 -8.41301855e-14  1.38742739e-12 
 1.86832935e-05  5.57969694e-03  2.34788018e-02  2.34776277e-02 -1.25223381e-05 -7.93766095e-14  1.38757273e-12 
 1.87082935e-05  5.57970387e-03  2.34788040e-02  2.34776299e-02 -1.25223363e-05 -8.40178621e-14  1.38743086e-12 
 1.87332935e-05  5.57971080e-03  2.34788062e-02  2.34776321e-02 -1.25223381e-05 -7.94843791e-14  1.38757013e-12 
 1.87582935e-05  5.57971773e-03  2.34788085e-02  2.34776344e-02 -1.25223363e-05 -8.39103093e-14  1.38743466e-12 
 1.87832935e-05  5.57972466e-03  2.34788107e-02  2.34776366e-02 -1.25223381e-05 -7.95880289e-14  1.38756655e-12 
 1.88082935e-05  5.57973159e-03  2.34788129e-02  2.34776388e-02 -1.25223363e-05 -8.38088279e-14  1.38743753e-12 
 1.88332935e-05  5.57973852e-03  2.34788152e-02  2.34776410e-02 -1.25223381e-05 -7.96853902e-14  1.38756346e-12 
 1.88582935e-05  5.57974545e-03  2.34788174e-02  2.34776433e-02 -1.25223362e-05 -8.37108161e-14  1.38744105e-12 
 1.88832935e-05  5.57975238e-03  2.34788196e-02  2.34776455e-02 -1.25223381e-05 -7.97790653e-14  1.38756075e-12 
 1.89082935e-05  5.57975931e-03  2.34788218e-02  2.34776477e-02 -1.25223362e-05 -8.36206104e-14  1.38744430e-12 
 1.89332935e-05  5.57976624e-03  2.34788241e-02  2.34776499e-02 -1.25223382e-05 -7.98727404e-14  1.38755733e-12 
 1.89582935e-05  5.57977317e-03  2.34788263e-02  2.34776522e-02 -1.25223362e-05 -8.35332237e-14  1.38744664e-12 
 1.89832935e-05  5.57978010e-03  2.34788285e-02  2.34776544e-02 -1.25223382e-05 -7.99579587e-14  1.38755489e-12 
 1.90082935e-05  5.57978703e-03  2.34788307e-02  2.34776566e-02 -1.25223362e-05 -8.34486560e-14  1.38744951e-12 
 1.90332935e-05  5.57979396e-03  2.34788330e-02  2.34776588e-02 -1.25223382e-05 -8.00381896e-14  1.38755213e-12 
 1.90582935e-05  5.57980089e-03  2.34788352e-02  2.34776611e-02 -1.25223362e-05 -8.33697261e-14  1.38745233e-12 
 1.90832935e-05  5.57980782e-03  2.34788374e-02  2.34776633e-02 -1.25223382e-05 -8.01158185e-14  1.38754980e-12 
 1.91082935e-05  5.57981475e-03  2.34788396e-02  2.34776655e-02 -1.25223362e-05 -8.32927477e-14  1.38745531e-12 
 1.91332935e-05  5.57982168e-03  2.34788419e-02  2.34776677e-02 -1.25223382e-05 -8.01891106e-14  1.38754741e-12 
 1.91582935e-05  5.57982861e-03  2.34788441e-02  2.34776700e-02 -1.25223362e-05 -8.32205398e-14  1.38745748e-12 
 1.91832935e-05  5.57983554e-03  2.34788463e-02  2.34776722e-02 -1.25223382e-05 -8.02595837e-14  1.38754486e-12 
 1.92082935e-05  5.57984247e-03  2.34788485e-02  2.34776744e-02 -1.25223362e-05 -8.31518014e-14  1.38745997e-12 
 1.92332935e-05  5.57984940e-03  2.34788507e-02  2.34776766e-02 -1.25223382e-05 -8.03246358e-14  1.38754280e-12 
 1.92582935e-05  5.57985633e-03  2.34788530e-02  2.34776789e-02 -1.25223362e-05 -8.30845809e-14  1.38746246e-12 
 1.92832935e-05  5.57986326e-03  2.34788552e-02  2.34776811e-02 -1.25223382e-05 -8.03886038e-14  1.38754064e-12 
 1.93082935e-05  5.57987019e-03  2.34788574e-02  2.34776833e-02 -1.25223362e-05 -8.30240824e-14  1.38746447e-12 
 1.93332935e-05  5.57987713e-03  2.34788596e-02  2.34776855e-02 -1.25223382e-05 -8.04523548e-14  1.38753836e-12 
 1.93582935e-05  5.57988405e-03  2.34788618e-02  2.34776877e-02 -1.25223362e-05 -8.29640176e-14  1.38746718e-12 
 1.93832935e-05  5.57989099e-03  2.34788641e-02  2.34776900e-02 -1.25223382e-05 -8.05100344e-14  1.38753624e-12 
 1.94082935e-05  5.57989791e-03  2.34788663e-02  2.34776922e-02 -1.25223362e-05 -8.29065549e-14  1.38746881e-12 
 1.94332935e-05  5.57990485e-03  2.34788685e-02  2.34776944e-02 -1.25223382e-05 -8.05644614e-14  1.38753451e-12 
 1.94582935e-05  5.57991177e-03  2.34788707e-02  2.34776966e-02 -1.25223362e-05 -8.28506101e-14  1.38747070e-12 
 1.94832935e-05  5.57991871e-03  2.34788730e-02  2.34776989e-02 -1.25223382e-05 -8.06160694e-14  1.38753256e-12 
 1.95082935e-05  5.57992563e-03  2.34788752e-02  2.34777011e-02 -1.25223362e-05 -8.27990020e-14  1.38747276e-12 
 1.95332935e-05  5.57993257e-03  2.34788774e-02  2.34777033e-02 -1.25223382e-05 -8.06655090e-14  1.38753082e-12 
 1.95582935e-05  5.57993950e-03  2.34788796e-02  2.34777055e-02 -1.25223362e-05 -8.27510803e-14  1.38747477e-12 
 1.95832935e-05  5.57994643e-03  2.34788819e-02  2.34777077e-02 -1.25223382e-05 -8.07160328e-14  1.38752893e-12 
 1.96082935e-05  5.57995336e-03  2.34788841e-02  2.34777100e-02 -1.25223362e-05 -8.27038091e-14  1.38747640e-12 
 1.96332935e-05  5.57996029e-03  2.34788863e-02  2.34777122e-02 -1.25223382e-05 -8.07617861e-14  1.38752708e-12 
 1.96582935e-05  5.57996722e-03  2.34788885e-02  2.34777144e-02 -1.25223362e-05 -8.26576221e-14  1.38747846e-12 
 1.96832935e-05  5.57997415e-03  2.34788907e-02  2.34777166e-02 -1.25223382e-05 -8.08055879e-14  1.38752562e-12 
 1.97082935e-05  5.57998108e-03  2.34788930e-02  2.34777189e-02 -1.25223362e-05 -8.26166392e-14  1.38748003e-12 
 1.97332935e-05  5.57998801e-03  2.34788952e-02  2.34777211e-02 -1.25223382e-05 -8.08476550e-14  1.38752432e-12 
 1.97582935e-05  5.57999494e-03  2.34788974e-02  2.34777233e-02 -1.25223362e-05 -8.25756564e-14  1.38748171e-12 
 1.97832935e-05  5.58000187e-03  2.34788996e-02  2.34777255e-02 -1.25223382e-05 -8.08864694e-14  1.38752264e-12 
 1.98082935e-05  5.58000880e-03  2.34789018e-02  2.34777277e-02 -1.25223361e-05 -8.25346735e-14  1.38748317e-12 
 1.98332935e-05  5.58001573e-03  2.34789041e-02  2.34777300e-02 -1.25223382e-05 -8.09241996e-14  1.38752090e-12 
 1.98582935e-05  5.58002266e-03  2.34789063e-02  2.34777322e-02 -1.25223361e-05 -8.24988949e-14  1.38748437e-12 
 1.98832935e-05  5.58002959e-03  2.34789085e-02  2.34777344e-02 -1.25223382e-05 -8.09599783e-14  1.38751976e-12 
 1.99082935e-05  5.58003652e-03  2.34789107e-02  2.34777366e-02 -1.25223361e-05 -8.24622488e-14  1.38748599e-12 
 1.99332935e-05  5.58004345e-03  2.34789130e-02  2.34777388e-02 -1.25223382e-05 -8.09938054e-14  1.38751803e-12 
 1.99582935e-05  5.58005038e-03  2.34789152e-02  2.34777411e-02 -1.25223361e-05 -8.24286386e-14  1.38748751e-12 
 1.99791468e-05  5.58005616e-03  2.34789170e-02  2.34777429e-02 -1.25223382e-05 -8.10306683e-14  1.38751586e-12 
 2.00000000e-05  5.58006194e-03  2.34789189e-02  2.34777448e-02 -1.25223361e-05 -8.23898241e-14  1.38748735e-12 
 2.00025000e-05  5.58006263e-03  2.34789191e-02  2.34777450e-02 -1.25223372e-05 -8.17525301e-14  1.38749971e-12 
 2.00075000e-05  5.58006402e-03  2.34789196e-02  2.34777454e-02 -1.25223372e-05 -8.16840085e-14  1.38750263e-12 
 2.00175000e-05  5.58006679e-03  2.34789204e-02  2.34777463e-02 -1.25223372e-05 -8.17486270e-14  1.38749933e-12 
 2.00375000e-05  5.58007233e-03  2.34789222e-02  2.34777481e-02 -1.25223372e-05 -8.16846590e-14  1.38750171e-12 
 2.00625000e-05  5.58007926e-03  2.34789244e-02  2.34777503e-02 -1.25223372e-05 -8.17499280e-14  1.38750063e-12 
 2.00812500e-05  5.58008446e-03  2.34789261e-02  2.34777520e-02 -1.25223372e-05 -8.16872611e-14  1.38750215e-12 
 2.01000000e-05  5.58008966e-03  2.34789278e-02  2.34777537e-02 -1.25223372e-05 -8.17440733e-14  1.38749884e-12 
 2.01000130e-05  5.58390806e-03  2.35061894e-02  2.34778949e-02 -9.66409534e-06  2.55487634e-09  2.57881942e-09 
 2.01000391e-05  5.58708286e-03  2.35487039e-02  2.34783962e-02 -8.58395324e-06  7.46868894e-09  7.76481166e-09 
 2.01000911e-05  5.59159141e-03  2.36015310e-02  2.34803660e-02 -7.77685879e-06  1.58040915e-08  1.78598879e-08 
 2.01001664e-05  5.59908991e-03  2.36539979e-02  2.34847030e-02 -6.72005900e-06  2.53754841e-08  3.18521886e-08 
 2.01003169e-05  5.61268781e-03  2.37108711e-02  2.34961924e-02 -6.24093000e-06  4.01836752e-08  5.83361915e-08 
 2.01005767e-05  5.63708346e-03  2.37480223e-02  2.35191178e-02 -5.90164799e-06  6.02120314e-08  1.00292446e-07 
 2.01009258e-05  5.66922316e-03  2.37678975e-02  2.35501388e-02 -6.10018617e-06  8.32624679e-08  1.50698577e-07 
 2.01014767e-05  5.72295880e-03  2.37920639e-02  2.35955227e-02 -6.17561595e-06  1.14015989e-07  2.17260055e-07 
 2.01015896e-05  5.73441764e-03  2.37963005e-02  2.36042453e-02 -6.52257347e-06  1.18850772e-07  2.28291469e-07 
 2.01018154e-05  5.76042474e-03  2.38013436e-02  2.36209606e-02 -7.88912278e-06  1.17111845e-07  2.31833857e-07 
 2.01019393e-05  5.77664249e-03  2.37998721e-02  2.36295935e-02 -1.00278416e-05  1.02317033e-07  2.09984716e-07 
 2.01020466e-05  5.79328048e-03  2.37931031e-02  2.36365532e-02 -1.28430939e-05  7.12299481e-08  1.56072115e-07 
 2.01021519e-05  5.81131918e-03  2.37786022e-02  2.36426624e-02 -1.71227887e-05  1.40055205e-08  4.43760616e-08 
 2.01022583e-05  5.83230789e-03  2.37531526e-02  2.36477485e-02 -2.23606116e-05 -8.28354984e-08 -1.66245613e-07 
 2.01023628e-05  5.85427727e-03  2.37137417e-02  2.36512094e-02 -2.80858389e-05 -2.30020580e-07 -5.16053337e-07 
 2.01024615e-05  5.87632461e-03  2.36588173e-02  2.36525208e-02 -3.24971569e-05 -4.31383785e-07 -1.02213965e-06 
 2.01025550e-05  5.89676036e-03  2.35857108e-02  2.36513667e-02 -3.48383414e-05 -6.93885850e-07 -1.69658509e-06 
 2.01026588e-05  5.91913894e-03  2.34792756e-02  2.36464794e-02 -3.57615993e-05 -1.08178401e-06 -2.70200973e-06 
 2.01027631e-05  5.94058523e-03  2.33538577e-02  2.36370349e-02 -3.72725213e-05 -1.57499388e-06 -4.00243798e-06 
 2.01029320e-05  5.97712731e-03  2.31374563e-02  2.36113826e-02 -4.07436724e-05 -2.57387550e-06 -6.73125720e-06 
 2.01030688e-05  6.01104285e-03  2.29630001e-02  2.35814335e-02 -4.41045019e-05 -3.54282734e-06 -9.47627576e-06 
 2.01031892e-05  6.04854445e-03  2.28175004e-02  2.35488838e-02 -4.70077395e-05 -4.49192083e-06 -1.22414736e-05 
 2.01032973e-05  6.09062388e-03  2.26972409e-02  2.35153370e-02 -4.94202786e-05 -5.40325882e-06 -1.49645622e-05 
 2.01033700e-05  6.12433502e-03  2.26245564e-02  2.34908055e-02 -5.06867962e-05 -6.03702904e-06 -1.69067669e-05 
 2.01034063e-05  6.14216908e-03  2.25921236e-02  2.34780604e-02 -5.11386528e-05 -6.35562368e-06 -1.79058818e-05 
 2.01034409e-05  6.15913114e-03  2.25653307e-02  2.34656761e-02 -5.12390488e-05 -6.65617068e-06 -1.88742196e-05 
 2.01034646e-05  6.16931577e-03  2.25507290e-02  2.34571040e-02 -5.09934826e-05 -6.85687893e-06 -1.95451499e-05 
 2.01034868e-05  6.17660345e-03  2.25416374e-02  2.34490559e-02 -5.03087556e-05 -7.03665972e-06 -2.01780482e-05 
 2.01035096e-05  6.18070307e-03  2.25396263e-02  2.34407873e-02 -4.89945252e-05 -7.20823200e-06 -2.08349827e-05 
 2.01035362e-05  6.18240237e-03  2.25511091e-02  2.34312848e-02 -4.66795588e-05 -7.38299896e-06 -2.16067776e-05 
 2.01035644e-05  6.18357473e-03  2.25835247e-02  2.34215839e-02 -4.35355244e-05 -7.53177637e-06 -2.24289411e-05 
 2.01035986e-05  6.18852246e-03  2.26514009e-02  2.34106651e-02 -3.92182780e-05 -7.65914377e-06 -2.34307182e-05 
 2.01036368e-05  6.20218231e-03  2.27579292e-02  2.33999234e-02 -3.42248548e-05 -7.73777038e-06 -2.45615661e-05 
 2.01036682e-05  6.22120774e-03  2.28612328e-02  2.33925352e-02 -3.03314816e-05 -7.75884612e-06 -2.54958889e-05 
 2.01037000e-05  6.24744865e-03  2.29715849e-02  2.33865091e-02 -2.67420167e-05 -7.74884125e-06 -2.64453457e-05 
 2.01037366e-05  6.28569812e-03  2.30977792e-02  2.33813736e-02 -2.31475859e-05 -7.70798490e-06 -2.75463294e-05 
 2.01037727e-05  6.33053717e-03  2.32145515e-02  2.33781362e-02 -2.01774314e-05 -7.64580317e-06 -2.86341305e-05 
 2.01038137e-05  6.38910612e-03  2.33340492e-02  2.33764252e-02 -1.74444064e-05 -7.55740634e-06 -2.98809329e-05 
 2.01038564e-05  6.45702349e-03  2.34405673e-02  2.33765895e-02 -1.52254261e-05 -7.45332931e-06 -3.11813807e-05 
 2.01039069e-05  6.54563593e-03  2.35440566e-02  2.33788823e-02 -1.32748239e-05 -7.32126244e-06 -3.27287663e-05 
 2.01039628e-05  6.65272292e-03  2.36330482e-02  2.33834902e-02 -1.17508838e-05 -7.17043105e-06 -3.44442488e-05 
 2.01040320e-05  6.79773579e-03  2.37138966e-02  2.33913735e-02 -1.05246503e-05 -6.98250320e-06 -3.65717216e-05 
 2.01041141e-05  6.98703290e-03  2.37794366e-02  2.34028156e-02 -9.66258429e-06 -6.76241751e-06 -3.90939594e-05 
 2.01042236e-05  7.26851581e-03  2.38347045e-02  2.34200932e-02 -9.06398471e-06 -6.47762844e-06 -4.24392859e-05 
 2.01043697e-05  7.69641099e-03  2.38778919e-02  2.34447935e-02 -8.73948282e-06 -6.11517988e-06 -4.68398577e-05 
 2.01045988e-05  8.49061688e-03  2.39173652e-02  2.34843820e-02 -8.57861063e-06 -5.58579680e-06 -5.35161712e-05 
 2.01047994e-05  9.30970943e-03  2.39414306e-02  2.35186189e-02 -8.53682061e-06 -5.15913719e-06 -5.90644122e-05 
 2.01050000e-05  1.02429910e-02  2.39626587e-02  2.35519616e-02 -8.50057234e-06 -4.76378166e-06 -6.42782631e-05 
 2.01050042e-05  1.02607023e-02  2.39525256e-02  2.35526315e-02 -1.07257072e-05 -4.75660620e-06 -6.43843944e-05 
 2.01050126e-05  1.02992248e-02  2.39348420e-02  2.35539393e-02 -1.13305327e-05 -4.74223789e-06 -6.45962199e-05 
 2.01050294e-05  1.03803216e-02  2.39092481e-02  2.35563968e-02 -1.12953434e-05 -4.71331989e-06 -6.50159636e-05 
 2.01050630e-05  1.05425602e-02  2.38731405e-02  2.35608507e-02 -1.16926862e-05 -4.65514550e-06 -6.58384161e-05 
 2.01051192e-05  1.08198886e-02  2.38305559e-02  2.35672892e-02 -1.18712162e-05 -4.55807529e-06 -6.71643590e-05 
 2.01052274e-05  1.13686260e-02  2.37813217e-02  2.35773564e-02 -1.22907284e-05 -4.37466969e-06 -6.95561831e-05 
 2.01053485e-05  1.20042216e-02  2.37565274e-02  2.35863564e-02 -1.23242270e-05 -4.17735134e-06 -7.19885931e-05 
 2.01055669e-05  1.32000722e-02  2.37431534e-02  2.35999439e-02 -1.24887283e-05 -3.84234097e-06 -7.58000648e-05 
 2.01059962e-05  1.57017720e-02  2.37476331e-02  2.36227583e-02 -1.23842969e-05 -3.25635367e-06 -8.14784445e-05 
 2.01064605e-05  1.85759177e-02  2.37570712e-02  2.36445810e-02 -1.24550363e-05 -2.71888719e-06 -8.54629180e-05 
 2.01070130e-05  2.21411138e-02  2.37649141e-02  2.36675123e-02 -1.23403091e-05 -2.18926510e-06 -8.81182106e-05 
 2.01075798e-05  2.58892480e-02  2.37712969e-02  2.36877549e-02 -1.24090606e-05 -1.74926162e-06 -8.91985138e-05 
 2.01082752e-05  3.05329061e-02  2.37775199e-02  2.37086256e-02 -1.22935051e-05 -1.32359633e-06 -8.90640451e-05 
 2.01090367e-05  3.56024743e-02  2.37837133e-02  2.37273429e-02 -1.23570959e-05 -9.70758420e-07 -8.77778693e-05 
 2.01099855e-05  4.18191242e-02  2.37922398e-02  2.37463061e-02 -1.22396573e-05 -6.53667237e-07 -8.52872855e-05 
 2.01110742e-05  4.87488552e-02  2.38057060e-02  2.37647154e-02 -1.22982114e-05 -4.08721044e-07 -8.18749268e-05 
 2.01124741e-05  5.72828606e-02  2.38327986e-02  2.37880545e-02 -1.21786633e-05 -2.14374652e-07 -7.72602152e-05 
 2.01141842e-05  6.70991746e-02  2.38872576e-02  2.38241333e-02 -1.22338100e-05 -8.63511823e-08 -7.17502007e-05 
 2.01164866e-05  7.92796743e-02  2.40092131e-02  2.39016370e-02 -1.21155445e-05 -9.47569545e-09 -6.48768592e-05 
 2.01194242e-05  9.32129726e-02  2.42643645e-02  2.40748012e-02 -1.21768160e-05  2.15882685e-08 -5.70801548e-05 
 2.01232597e-05  1.08999671e-01  2.47925419e-02  2.44676135e-02 -1.20774154e-05  2.73187998e-08 -4.83553935e-05 
 2.01275444e-05  1.23862813e-01  2.56654888e-02  2.51692069e-02 -1.21671358e-05  2.38468043e-08 -4.02360362e-05 
 2.01320878e-05  1.36953781e-01  2.69229451e-02  2.62391656e-02 -1.20985878e-05  1.95870549e-08 -3.31556771e-05 
 2.01370362e-05  1.48644641e-01  2.86649508e-02  2.77845383e-02 -1.22118962e-05  1.58033921e-08 -2.68873865e-05 
 2.01424296e-05  1.58919307e-01  3.09673130e-02  2.98915501e-02 -1.21605141e-05  1.25843753e-08 -2.14227402e-05 
 2.01483813e-05  1.67880681e-01  3.39362799e-02  3.26725679e-02 -1.22840603e-05  9.88083851e-09 -1.66902055e-05 
 2.01549034e-05  1.75469335e-01  3.76263391e-02  3.61900338e-02 -1.22369719e-05  7.65862823e-09 -1.27084116e-05 
 2.01621179e-05  1.81793393e-01  4.21427914e-02  4.05521338e-02 -1.23585878e-05  5.86669866e-09 -9.40769668e-06 
 2.01700871e-05  1.86905157e-01  4.75495229e-02  4.58265742e-02 -1.23053346e-05  4.45030960e-09 -6.75228147e-06 
 2.01789868e-05  1.90942006e-01  5.39759196e-02  5.21444632e-02 -1.24171375e-05  3.36515531e-09 -4.66256184e-06 
 2.01889605e-05  1.94013890e-01  6.15135805e-02  5.96012513e-02 -1.23525912e-05  2.55165619e-09 -3.07739057e-06 
 2.02002894e-05  1.96267805e-01  7.03236759e-02  6.83627328e-02 -1.24523888e-05  1.97079214e-09 -1.91648124e-06 
 2.02132806e-05  1.97837595e-01  8.05235476e-02  7.85545526e-02 -1.23770308e-05  1.56065041e-09 -1.10960113e-06 
 2.02280523e-05  1.98844391e-01  9.19590336e-02  9.00339834e-02 -1.24678868e-05  1.28931137e-09 -5.92336514e-07 
 2.02436217e-05  1.99407143e-01  1.03504300e-01  1.01679787e-01 -1.23869642e-05  1.10062995e-09 -3.03741707e-07 
 2.02607878e-05  1.99719921e-01  1.15258342e-01  1.13600067e-01 -1.24764489e-05  9.45678797e-10 -1.43135079e-07 
 2.02788347e-05  1.99876011e-01  1.26162482e-01  1.24726257e-01 -1.23982513e-05  7.85696695e-10 -6.33273140e-08 
 2.02981710e-05  1.99950530e-01  1.35951252e-01  1.34775861e-01 -1.24924816e-05  6.20929712e-10 -2.50083288e-08 
 2.03185202e-05  1.99983456e-01  1.44164343e-01  1.43244903e-01 -1.24189753e-05  4.53524816e-10 -8.37587075e-09 
 2.03418636e-05  1.99996798e-01  1.51417791e-01  1.50721169e-01 -1.25158708e-05  3.11910161e-10 -1.42471826e-09 
 2.03668636e-05  2.00001150e-01  1.57454836e-01  1.56900258e-01 -1.24408929e-05  2.17037233e-10  5.96594900e-10 
 2.03897411e-05  2.00001584e-01  1.62081540e-01  1.61594287e-01 -1.25310294e-05  1.82279648e-10  9.73027350e-10 
 2.04147411e-05  2.00001942e-01  1.66590930e-01  1.66150544e-01 -1.24495108e-05  1.59902550e-10  9.78551897e-10 
 2.04397411e-05  2.00001570e-01  1.70650232e-01  1.70253255e-01 -1.25358676e-05  1.48807501e-10  9.49450797e-10 
 2.04647411e-05  2.00001738e-01  1.74257505e-01  1.73906604e-01 -1.24525528e-05  1.28414524e-10  8.60021688e-10 
 2.04897411e-05  2.00001280e-01  1.77411642e-01  1.77105261e-01 -1.25384330e-05  1.13700550e-10  7.85231499e-10 
 2.05147411e-05  2.00001387e-01  1.80152977e-01  1.79885467e-01 -1.24550904e-05  9.41130123e-11  6.66986273e-10 
 2.05397411e-05  2.00000923e-01  1.82544353e-01  1.82309039e-01 -1.25407151e-05  8.43845113e-11  5.90370931e-10 
 2.05647411e-05  2.00001070e-01  1.84643512e-01  1.84435247e-01 -1.24570776e-05  7.05458472e-11  4.95117367e-10 
 2.05897411e-05  2.00000660e-01  1.86492971e-01  1.86308123e-01 -1.25423035e-05  6.51334249e-11  4.47685209e-10 
 2.06147411e-05  2.00000853e-01  1.88122814e-01  1.87958811e-01 -1.24584459e-05  5.40356815e-11  3.77537323e-10 
 2.06397411e-05  2.00000475e-01  1.89557789e-01  1.89412238e-01 -1.25434311e-05  5.05340947e-11  3.47252147e-10 
 2.06647411e-05  2.00000691e-01  1.90820429e-01  1.90691185e-01 -1.24594783e-05  4.11193536e-11  2.89872019e-10 
 2.06897411e-05  2.00000333e-01  1.91931943e-01  1.91816915e-01 -1.25442881e-05  3.92360129e-11  2.69996430e-10 
 2.07147411e-05  2.00000567e-01  1.92911016e-01  1.92808496e-01 -1.24602711e-05  3.13083825e-11  2.22444884e-10 
 2.07397411e-05  2.00000225e-01  1.93773991e-01  1.93682405e-01 -1.25449298e-05  3.07025800e-11  2.11271971e-10 
 2.07647411e-05  2.00000473e-01  1.94534682e-01  1.94452786e-01 -1.24608760e-05  2.38476894e-11  1.71435059e-10 
 2.07897411e-05  2.00000144e-01  1.95205339e-01  1.95131927e-01 -1.25454113e-05  2.41523724e-11  1.66671160e-10 
 2.08147411e-05  2.00000401e-01  1.95796540e-01  1.95730661e-01 -1.24613444e-05  1.80922246e-11  1.32400575e-10 
 2.08397411e-05  2.00000081e-01  1.96317860e-01  1.96258559e-01 -1.25457751e-05  1.90963664e-11  1.32375075e-10 
 2.08647411e-05  2.00000346e-01  1.96777521e-01  1.96724070e-01 -1.24617101e-05  1.36528887e-11  1.02331678e-10 
 2.08897411e-05  2.00000032e-01  1.97182962e-01  1.97134612e-01 -1.25460491e-05  1.51954152e-11  1.05953800e-10 
 2.09147411e-05  2.00000303e-01  1.97540505e-01  1.97496705e-01 -1.24619974e-05  1.02230279e-11  7.91536606e-11 
 2.09397411e-05  1.99999995e-01  1.97855922e-01  1.97816081e-01 -1.25462548e-05  1.21766844e-11  8.55619673e-11 
 2.09647411e-05  2.00000270e-01  1.98134092e-01  1.98097795e-01 -1.24622250e-05  7.56602420e-12  6.12385941e-11 
 2.09897411e-05  1.99999966e-01  1.98379521e-01  1.98346296e-01 -1.25464081e-05  9.83674383e-12  6.97809056e-11 
 2.10147411e-05  2.00000245e-01  1.98595976e-01  1.98565512e-01 -1.24624066e-05  5.50574972e-12  4.73649581e-11 
 2.10397411e-05  1.99999944e-01  1.98786979e-01  1.98758899e-01 -1.25465213e-05  8.02149428e-12  5.75515665e-11 
 2.10647411e-05  2.00000225e-01  1.98955435e-01  1.98929508e-01 -1.24625530e-05  3.90676380e-12  3.66101284e-11 
 2.10897411e-05  1.99999927e-01  1.99104101e-01  1.99080024e-01 -1.25466034e-05  6.61197269e-12  4.80643733e-11 
 2.11147411e-05  2.00000209e-01  1.99235214e-01  1.99212817e-01 -1.24626721e-05  2.66477899e-12  2.82649611e-11 
 2.11397411e-05  1.99999913e-01  1.99350938e-01  1.99329975e-01 -1.25466616e-05  5.51676413e-12  4.06976770e-11 
 2.11647411e-05  2.00000198e-01  1.99452992e-01  1.99433343e-01 -1.24627701e-05  1.69958947e-12  2.17854716e-11 
 2.11897411e-05  1.99999903e-01  1.99543081e-01  1.99524543e-01 -1.25467012e-05  4.66538960e-12  3.49731021e-11 
 2.12147411e-05  2.00000188e-01  1.99622522e-01  1.99605010e-01 -1.24628517e-05  9.49199703e-13  1.67512190e-11 
 2.12397411e-05  1.99999895e-01  1.99692659e-01  1.99676007e-01 -1.25467265e-05  4.00330420e-12  3.05219058e-11 
 2.12647411e-05  2.00000181e-01  1.99754498e-01  1.99738651e-01 -1.24629207e-05  3.65616608e-13  1.28387283e-11 
 2.12897411e-05  1.99999888e-01  1.99809106e-01  1.99793922e-01 -1.25467407e-05  3.48826176e-12  2.70592701e-11 
 2.13147411e-05  2.00000175e-01  1.99857244e-01  1.99842692e-01 -1.24629798e-05 -8.83412267e-14  9.79739515e-12 
 2.13397411e-05  1.99999884e-01  1.99899763e-01  1.99885722e-01 -1.25467462e-05  3.08751549e-12  2.43645890e-11 
 2.13647411e-05  2.00000171e-01  1.99937236e-01  1.99923691e-01 -1.24630313e-05 -4.41535263e-13  7.43297692e-12 
 2.13897411e-05  1.99999880e-01  1.99970343e-01  1.99957193e-01 -1.25467449e-05  2.77564213e-12  2.22666443e-11 
 2.14147411e-05  2.00000167e-01  1.99999514e-01  1.99986754e-01 -1.24630769e-05 -7.16362299e-13  5.59475155e-12 
 2.14397411e-05  1.99999877e-01  2.00025295e-01  2.00012837e-01 -1.25467385e-05  2.53289208e-12  2.06327753e-11 
 2.14647411e-05  2.00000165e-01  2.00048001e-01  2.00035853e-01 -1.24631178e-05 -9.30228334e-13  4.16576468e-12 
 2.14897411e-05  1.99999875e-01  2.00068079e-01  2.00056161e-01 -1.25467280e-05  2.34392193e-12  1.93597263e-11 
 2.15147411e-05  2.00000163e-01  2.00085753e-01  2.00074081e-01 -1.24631552e-05 -1.09666833e-12  3.05505431e-12 
 2.15397411e-05  1.99999873e-01  2.00101390e-01  2.00089892e-01 -1.25467144e-05  2.19679548e-12  1.83674990e-11 
 2.15647411e-05  2.00000161e-01  2.00115146e-01  2.00103844e-01 -1.24631897e-05 -1.22620078e-12  2.19195755e-12 
 2.15897411e-05  1.99999872e-01  2.00127325e-01  2.00116155e-01 -1.25466983e-05  2.08223759e-12  1.75936068e-11 
 2.16147411e-05  2.00000159e-01  2.00138032e-01  2.00127018e-01 -1.24632220e-05 -1.32700947e-12  1.52158559e-12 
 2.16397411e-05  1.99999871e-01  2.00147519e-01  2.00136603e-01 -1.25466803e-05  1.99302922e-12  1.69897831e-11 
 2.16647411e-05  2.00000158e-01  2.00155850e-01  2.00145061e-01 -1.24632527e-05 -1.40546320e-12  1.00113743e-12 
 2.16897411e-05  1.99999870e-01  2.00163241e-01  2.00152523e-01 -1.25466608e-05  1.92354856e-12  1.65182368e-11 
 2.17147411e-05  2.00000158e-01  2.00169724e-01  2.00159109e-01 -1.24632820e-05 -1.46651224e-12  5.97459473e-13 
 2.17397411e-05  1.99999869e-01  2.00175483e-01  2.00164920e-01 -1.25466402e-05  1.86943364e-12  1.61496521e-11 
 2.17647411e-05  2.00000157e-01  2.00180526e-01  2.00170047e-01 -1.24633103e-05 -1.51401743e-12  2.84609088e-13 
 2.17897411e-05  1.99999869e-01  2.00185015e-01  2.00174571e-01 -1.25466187e-05  1.82727249e-12  1.58613053e-11 
 2.18147411e-05  2.00000156e-01  2.00188937e-01  2.00178564e-01 -1.24633378e-05 -1.55097658e-12  4.24735659e-14 
 2.18397411e-05  1.99999869e-01  2.00192436e-01  2.00182086e-01 -1.25465965e-05  1.79442485e-12  1.56352942e-11 
 2.18647411e-05  2.00000156e-01  2.00195485e-01  2.00185195e-01 -1.24633646e-05 -1.57972788e-12 -1.44610398e-13 
 2.18897411e-05  1.99999868e-01  2.00198214e-01  2.00187937e-01 -1.25465738e-05  1.76882228e-12  1.54579234e-11 
 2.19147411e-05  2.00000156e-01  2.00200584e-01  2.00190358e-01 -1.24633910e-05 -1.60208543e-12 -2.88811238e-13 
 2.19397411e-05  1.99999868e-01  2.00202713e-01  2.00192493e-01 -1.25465506e-05  1.74886538e-12  1.53183467e-11 
 2.19647411e-05  2.00000155e-01  2.00204554e-01  2.00194378e-01 -1.24634169e-05 -1.61947127e-12 -3.99651341e-13 
 2.19897411e-05  1.99999868e-01  2.00206216e-01  2.00196040e-01 -1.25465272e-05  1.73330100e-12  1.52082865e-11 
 2.20147411e-05  2.00000155e-01  2.00207645e-01  2.00197508e-01 -1.24634426e-05 -1.63297999e-12 -4.84507183e-13 
 2.20397411e-05  1.99999868e-01  2.00208944e-01  2.00198802e-01 -1.25465035e-05  1.72116054e-12  1.51211503e-11 
 2.20647411e-05  2.00000155e-01  2.00210052e-01  2.00199945e-01 -1.24634680e-05 -1.64348049e-12 -5.49154635e-13 
 2.20897411e-05  1.99999868e-01  2.00211067e-01  2.00200953e-01 -1.25464795e-05  1.71168223e-12  1.50518247e-11 
 2.21147411e-05  2.00000155e-01  2.00211926e-01  2.00201842e-01 -1.24634932e-05 -1.65162762e-12 -5.98091509e-13 
 2.21397411e-05  1.99999868e-01  2.00212721e-01  2.00202627e-01 -1.25464555e-05  1.70427908e-12  1.49963971e-11 
 2.21647411e-05  2.00000154e-01  2.00213385e-01  2.00203320e-01 -1.24635183e-05 -1.65794657e-12 -6.34776032e-13 
 2.21897411e-05  1.99999868e-01  2.00214008e-01  2.00203931e-01 -1.25464313e-05  1.69849291e-12  1.49517982e-11 
 2.22147411e-05  2.00000154e-01  2.00214521e-01  2.00204470e-01 -1.24635433e-05 -1.66284781e-12 -6.61901415e-13 
 2.22397411e-05  1.99999868e-01  2.00215011e-01  2.00204946e-01 -1.25464071e-05  1.69396463e-12  1.49156947e-11 
 2.22647411e-05  2.00000154e-01  2.00215406e-01  2.00205366e-01 -1.24635681e-05 -1.66663796e-12 -6.81575131e-13 
 2.22897411e-05  1.99999868e-01  2.00215791e-01  2.00205736e-01 -1.25463828e-05  1.69041452e-12  1.48861243e-11 
 2.23147411e-05  2.00000154e-01  2.00216095e-01  2.00206063e-01 -1.24635929e-05 -1.66956618e-12 -6.95483547e-13 
 2.23397411e-05  1.99999868e-01  2.00216399e-01  2.00206352e-01 -1.25463584e-05  1.68762877e-12  1.48616972e-11 
 2.23647411e-05  2.00000154e-01  2.00216631e-01  2.00206606e-01 -1.24636176e-05 -1.67182457e-12 -7.04871654e-13 
 2.23897411e-05  1.99999868e-01  2.00216872e-01  2.00206831e-01 -1.25463341e-05  1.68543868e-12  1.48412068e-11 
 2.24147411e-05  2.00000154e-01  2.00217049e-01  2.00207029e-01 -1.24636423e-05 -1.67355908e-12 -7.10826417e-13 
 2.24397411e-05  1.99999868e-01  2.00217240e-01  2.00207204e-01 -1.25463096e-05  1.68370613e-12  1.48238515e-11 
 2.24647411e-05  2.00000154e-01  2.00217374e-01  2.00207358e-01 -1.24636670e-05 -1.67488896e-12 -7.13980687e-13 
 2.24897411e-05  1.99999868e-01  2.00217527e-01  2.00207495e-01 -1.25462852e-05  1.68233851e-12  1.48089345e-11 
 2.25147411e-05  2.00000154e-01  2.00217627e-01  2.00207615e-01 -1.24636915e-05 -1.67590269e-12 -7.15052204e-13 
 2.25397411e-05  1.99999868e-01  2.00217750e-01  2.00207721e-01 -1.25462608e-05  1.68125041e-12  1.47958580e-11 
 2.25647411e-05  2.00000154e-01  2.00217824e-01  2.00207814e-01 -1.24637161e-05 -1.67666749e-12 -7.14503760e-13 
 2.25897411e-05  1.99999869e-01  2.00217924e-01  2.00207897e-01 -1.25462363e-05  1.68038066e-12  1.47842466e-11 
 2.26147411e-05  2.00000153e-01  2.00217978e-01  2.00207970e-01 -1.24637407e-05 -1.67724059e-12 -7.12646251e-13 
 2.26397411e-05  1.99999869e-01  2.00218060e-01  2.00208034e-01 -1.25462119e-05  1.67968243e-12  1.47737770e-11 
 2.26647411e-05  2.00000153e-01  2.00218097e-01  2.00208091e-01 -1.24637652e-05 -1.67766582e-12 -7.09816266e-13 
 2.26897411e-05  1.99999869e-01  2.00218165e-01  2.00208141e-01 -1.25461875e-05  1.67911475e-12  1.47642333e-11 
 2.27147411e-05  2.00000153e-01  2.00218190e-01  2.00208185e-01 -1.24637897e-05 -1.67797547e-12 -7.06179635e-13 
 2.27397411e-05  1.99999869e-01  2.00218247e-01  2.00208224e-01 -1.25461630e-05  1.67865309e-12  1.47553788e-11 
 2.27647411e-05  2.00000153e-01  2.00218263e-01  2.00208258e-01 -1.24638142e-05 -1.67819209e-12 -7.01947344e-13 
 2.27897411e-05  1.99999869e-01  2.00218311e-01  2.00208289e-01 -1.25461386e-05  1.67827037e-12  1.47470693e-11 
 2.28147411e-05  2.00000153e-01  2.00218319e-01  2.00208315e-01 -1.24638386e-05 -1.67833976e-12 -6.97245701e-13 
 2.28397411e-05  1.99999869e-01  2.00218361e-01  2.00208339e-01 -1.25461142e-05  1.67794901e-12  1.47391705e-11 
 2.28647411e-05  2.00000153e-01  2.00218363e-01  2.00208360e-01 -1.24638631e-05 -1.67843278e-12 -6.92191259e-13 
 2.28897411e-05  1.99999869e-01  2.00218400e-01  2.00208378e-01 -1.25460898e-05  1.67767861e-12  1.47316436e-11 
 2.29147411e-05  2.00000153e-01  2.00218397e-01  2.00208394e-01 -1.24638875e-05 -1.67848222e-12 -6.86804888e-13 
 2.29397411e-05  1.99999869e-01  2.00218430e-01  2.00208409e-01 -1.25460653e-05  1.67744399e-12  1.47243689e-11 
 2.29647411e-05  2.00000153e-01  2.00218424e-01  2.00208421e-01 -1.24639119e-05 -1.67849827e-12 -6.81258164e-13 
 2.29897411e-05  1.99999869e-01  2.00218453e-01  2.00208433e-01 -1.25460409e-05  1.67723973e-12  1.47172375e-11 
 2.30147411e-05  2.00000153e-01  2.00218444e-01  2.00208442e-01 -1.24639363e-05 -1.67848981e-12 -6.75584588e-13 
 2.30397411e-05  1.99999869e-01  2.00218472e-01  2.00208451e-01 -1.25460166e-05  1.67705802e-12  1.47102999e-11 
 2.30647411e-05  2.00000153e-01  2.00218461e-01  2.00208459e-01 -1.24639607e-05 -1.67845989e-12 -6.69716344e-13 
 2.30897411e-05  1.99999869e-01  2.00218486e-01  2.00208466e-01 -1.25459922e-05  1.67689430e-12  1.47035068e-11 
 2.31147411e-05  2.00000153e-01  2.00218473e-01  2.00208471e-01 -1.24639851e-05 -1.67841522e-12 -6.63764237e-13 
 2.31397411e-05  1.99999869e-01  2.00218497e-01  2.00208477e-01 -1.25459678e-05  1.67674446e-12  1.46967998e-11 
 2.31647411e-05  2.00000152e-01  2.00218483e-01  2.00208481e-01 -1.24640095e-05 -1.67835732e-12 -6.57714334e-13 
 2.31897411e-05  1.99999870e-01  2.00218506e-01  2.00208485e-01 -1.25459434e-05  1.67660655e-12  1.46901862e-11 
 2.32147411e-05  2.00000152e-01  2.00218491e-01  2.00208489e-01 -1.24640339e-05 -1.67828924e-12 -6.51647085e-13 
 2.32397411e-05  1.99999870e-01  2.00218512e-01  2.00208492e-01 -1.25459191e-05  1.67647515e-12  1.46835791e-11 
 2.32647411e-05  2.00000152e-01  2.00218497e-01  2.00208495e-01 -1.24640582e-05 -1.67821443e-12 -6.45514295e-13 
 2.32897411e-05  1.99999870e-01  2.00218517e-01  2.00208498e-01 -1.25458948e-05  1.67635003e-12  1.46771078e-11 
 2.33147411e-05  2.00000152e-01  2.00218501e-01  2.00208500e-01 -1.24640825e-05 -1.67813484e-12 -6.39347516e-13 
 2.33397411e-05  1.99999870e-01  2.00218522e-01  2.00208502e-01 -1.25458704e-05  1.67622882e-12  1.46706230e-11 
 2.33647411e-05  2.00000152e-01  2.00218505e-01  2.00208503e-01 -1.24641069e-05 -1.67804724e-12 -6.33154662e-13 
 2.33897411e-05  1.99999870e-01  2.00218525e-01  2.00208505e-01 -1.25458461e-05  1.67611454e-12  1.46642000e-11 
 2.34147411e-05  2.00000152e-01  2.00218508e-01  2.00208506e-01 -1.24641312e-05 -1.67795704e-12 -6.26953621e-13 
 2.34397411e-05  1.99999870e-01  2.00218527e-01  2.00208507e-01 -1.25458218e-05  1.67599962e-12  1.46577619e-11 
 2.34647411e-05  2.00000152e-01  2.00218510e-01  2.00208508e-01 -1.24641555e-05 -1.67786444e-12 -6.20730247e-13 
 2.34897411e-05  1.99999870e-01  2.00218529e-01  2.00208509e-01 -1.25457975e-05  1.67588773e-12  1.46513735e-11 
 2.35147411e-05  2.00000152e-01  2.00218511e-01  2.00208510e-01 -1.24641798e-05 -1.67776752e-12 -6.14486869e-13 
 2.35397411e-05  1.99999870e-01  2.00218531e-01  2.00208511e-01 -1.25457732e-05  1.67577909e-12  1.46450234e-11 
 2.35647411e-05  2.00000152e-01  2.00218513e-01  2.00208512e-01 -1.24642040e-05 -1.67767081e-12 -6.08235847e-13 
 2.35897411e-05  1.99999870e-01  2.00218532e-01  2.00208512e-01 -1.25457490e-05  1.67566850e-12  1.46386576e-11 
 2.36147411e-05  2.00000152e-01  2.00218514e-01  2.00208513e-01 -1.24642283e-05 -1.67757214e-12 -6.02012526e-13 
 2.36397411e-05  1.99999870e-01  2.00218533e-01  2.00208513e-01 -1.25457247e-05  1.67556095e-12  1.46323344e-11 
 2.36647411e-05  2.00000152e-01  2.00218515e-01  2.00208513e-01 -1.24642526e-05 -1.67746936e-12 -5.95750446e-13 
 2.36897411e-05  1.99999870e-01  2.00218533e-01  2.00208514e-01 -1.25457004e-05  1.67545361e-12  1.46260018e-11 
 2.37147411e-05  2.00000152e-01  2.00218515e-01  2.00208514e-01 -1.24642768e-05 -1.67736788e-12 -5.89521433e-13 
 2.37397411e-05  1.99999870e-01  2.00218534e-01  2.00208514e-01 -1.25456762e-05  1.67534606e-12  1.46196528e-11 
 2.37647411e-05  2.00000151e-01  2.00218516e-01  2.00208514e-01 -1.24643011e-05 -1.67726488e-12 -5.83311069e-13 
 2.37897411e-05  1.99999871e-01  2.00218534e-01  2.00208515e-01 -1.25456520e-05  1.67523807e-12  1.46133158e-11 
 2.38147411e-05  2.00000151e-01  2.00218516e-01  2.00208515e-01 -1.24643253e-05 -1.67715906e-12 -5.77059071e-13 
 2.38397411e-05  1.99999871e-01  2.00218535e-01  2.00208515e-01 -1.25456278e-05  1.67512922e-12  1.46070094e-11 
 2.38647411e-05  2.00000151e-01  2.00218516e-01  2.00208515e-01 -1.24643495e-05 -1.67705541e-12 -5.70861284e-13 
 2.38897411e-05  1.99999871e-01  2.00218535e-01  2.00208515e-01 -1.25456036e-05  1.67502253e-12  1.46007158e-11 
 2.39147411e-05  2.00000151e-01  2.00218517e-01  2.00208515e-01 -1.24643737e-05 -1.67694938e-12 -5.64624519e-13 
 2.39397411e-05  1.99999871e-01  2.00218535e-01  2.00208516e-01 -1.25455794e-05  1.67491411e-12  1.45944300e-11 
 2.39647411e-05  2.00000151e-01  2.00218517e-01  2.00208516e-01 -1.24643979e-05 -1.67684291e-12 -5.58343140e-13 
 2.39897411e-05  1.99999871e-01  2.00218535e-01  2.00208516e-01 -1.25455552e-05  1.67480548e-12  1.45881992e-11 
 2.40147411e-05  2.00000151e-01  2.00218517e-01  2.00208516e-01 -1.24644221e-05 -1.67673362e-12 -5.52107947e-13 
 2.40397411e-05  1.99999871e-01  2.00218536e-01  2.00208516e-01 -1.25455310e-05  1.67469662e-12  1.45818963e-11 
 2.40647411e-05  2.00000151e-01  2.00218517e-01  2.00208516e-01 -1.24644462e-05 -1.67662564e-12 -5.45921760e-13 
 2.40897411e-05  1.99999871e-01  2.00218536e-01  2.00208516e-01 -1.25455068e-05  1.67458647e-12  1.45756159e-11 
 2.41147411e-05  2.00000151e-01  2.00218517e-01  2.00208516e-01 -1.24644704e-05 -1.67651895e-12 -5.39689604e-13 
 2.41397411e-05  1.99999871e-01  2.00218536e-01  2.00208516e-01 -1.25454827e-05  1.67447566e-12  1.45693356e-11 
 2.41647411e-05  2.00000151e-01  2.00218517e-01  2.00208516e-01 -1.24644945e-05 -1.67640814e-12 -5.33511820e-13 
 2.41897411e-05  1.99999871e-01  2.00218536e-01  2.00208516e-01 -1.25454585e-05  1.67436681e-12  1.45630384e-11 
 2.42147411e-05  2.00000151e-01  2.00218517e-01  2.00208516e-01 -1.24645187e-05 -1.67629604e-12 -5.27321784e-13 
 2.42397411e-05  1.99999871e-01  2.00218536e-01  2.00208516e-01 -1.25454344e-05  1.67425492e-12  1.45567947e-11 
 2.42647411e-05  2.00000151e-01  2.00218517e-01  2.00208516e-01 -1.24645428e-05 -1.67618567e-12 -5.21100253e-13 
 2.42897411e-05  1.99999871e-01  2.00218536e-01  2.00208516e-01 -1.25454103e-05  1.67414260e-12  1.45505671e-11 
 2.43147411e-05  2.00000151e-01  2.00218517e-01  2.00208516e-01 -1.24645669e-05 -1.67607529e-12 -5.14919704e-13 
 2.43397411e-05  1.99999871e-01  2.00218536e-01  2.00208516e-01 -1.25453862e-05  1.67403092e-12  1.45442769e-11 
 2.43647411e-05  2.00000150e-01  2.00218517e-01  2.00208516e-01 -1.24645910e-05 -1.67596210e-12 -5.08724736e-13 
 2.43897411e-05  1.99999872e-01  2.00218536e-01  2.00208516e-01 -1.25453621e-05  1.67391860e-12  1.45380722e-11 
 2.44147411e-05  2.00000150e-01  2.00218517e-01  2.00208516e-01 -1.24646151e-05 -1.67584956e-12 -5.02527978e-13 
 2.44397411e-05  1.99999872e-01  2.00218536e-01  2.00208516e-01 -1.25453380e-05  1.67380497e-12  1.45318079e-11 
 2.44647411e-05  2.00000150e-01  2.00218517e-01  2.00208516e-01 -1.24646392e-05 -1.67573594e-12 -4.96334148e-13 
 2.44897411e-05  1.99999872e-01  2.00218536e-01  2.00208516e-01 -1.25453139e-05  1.67369092e-12  1.45255962e-11 
 2.45147411e-05  2.00000150e-01  2.00218517e-01  2.00208516e-01 -1.24646633e-05 -1.67562036e-12 -4.90185529e-13 
 2.45397411e-05  1.99999872e-01  2.00218536e-01  2.00208516e-01 -1.25452899e-05  1.67357599e-12  1.45193294e-11 
 2.45647411e-05  2.00000150e-01  2.00218517e-01  2.00208516e-01 -1.24646873e-05 -1.67550587e-12 -4.84010401e-13 
 2.45897411e-05  1.99999872e-01  2.00218536e-01  2.00208516e-01 -1.25452658e-05  1.67346020e-12  1.45131271e-11 
 2.46147411e-05  2.00000150e-01  2.00218517e-01  2.00208516e-01 -1.24647114e-05 -1.67539203e-12 -4.77854789e-13 
 2.46397411e-05  1.99999872e-01  2.00218536e-01  2.00208516e-01 -1.25452418e-05  1.67334441e-12  1.45069060e-11 
 2.46647411e-05  2.00000150e-01  2.00218517e-01  2.00208516e-01 -1.24647354e-05 -1.67527450e-12 -4.71632282e-13 
 2.46897411e-05  1.99999872e-01  2.00218536e-01  2.00208516e-01 -1.25452177e-05  1.67322905e-12  1.45007128e-11 
 2.47147411e-05  2.00000150e-01  2.00218517e-01  2.00208516e-01 -1.24647594e-05 -1.67515611e-12 -4.65508274e-13 
 2.47397411e-05  1.99999872e-01  2.00218536e-01  2.00208516e-01 -1.25451937e-05  1.67310978e-12  1.44944865e-11 
 2.47647411e-05  2.00000150e-01  2.00218517e-01  2.00208516e-01 -1.24647834e-05 -1.67504010e-12 -4.59367407e-13 
 2.47897411e-05  1.99999872e-01  2.00218536e-01  2.00208516e-01 -1.25451697e-05  1.67299356e-12  1.44882706e-11 
 2.48147411e-05  2.00000150e-01  2.00218517e-01  2.00208516e-01 -1.24648074e-05 -1.67492279e-12 -4.53195641e-13 
 2.48397411e-05  1.99999872e-01  2.00218536e-01  2.00208516e-01 -1.25451457e-05  1.67287581e-12  1.44820602e-11 
 2.48647411e-05  2.00000150e-01  2.00218517e-01  2.00208516e-01 -1.24648314e-05 -1.67480179e-12 -4.47092992e-13 
 2.48897411e-05  1.99999872e-01  2.00218536e-01  2.00208516e-01 -1.25451217e-05  1.67275590e-12  1.44758869e-11 
 2.49147411e-05  2.00000150e-01  2.00218517e-01  2.00208516e-01 -1.24648554e-05 -1.67468448e-12 -4.40911522e-13 
 2.49397411e-05  1.99999872e-01  2.00218536e-01  2.00208516e-01 -1.25450977e-05  1.67263555e-12  1.44697036e-11 
 2.49647411e-05  2.00000149e-01  2.00218517e-01  2.00208516e-01 -1.24648794e-05 -1.67456305e-12 -4.34735960e-13 
 2.49897411e-05  1.99999873e-01  2.00218536e-01  2.00208516e-01 -1.25450738e-05  1.67251694e-12  1.44635500e-11 
 2.50147411e-05  2.00000149e-01  2.00218517e-01  2.00208516e-01 -1.24649033e-05 -1.67444227e-12 -4.28606803e-13 
 2.50397411e-05  1.99999873e-01  2.00218536e-01  2.00208516e-01 -1.25450498e-05  1.67239551e-12  1.44573590e-11 
 2.50647411e-05  2.00000149e-01  2.00218517e-01  2.00208516e-01 -1.24649273e-05 -1.67432106e-12 -4.22500305e-13 
 2.50897411e-05  1.99999873e-01  2.00218536e-01  2.00208516e-01 -1.25450259e-05  1.67227408e-12  1.44511621e-11 
 2.51147411e-05  2.00000149e-01  2.00218517e-01  2.00208516e-01 -1.24649512e-05 -1.67419876e-12 -4.16387628e-13 
 2.51397411e-05  1.99999873e-01  2.00218536e-01  2.00208516e-01 -1.25450019e-05  1.67215113e-12  1.44449948e-11 
 2.51647411e-05  2.00000149e-01  2.00218517e-01  2.00208516e-01 -1.24649752e-05 -1.67407603e-12 -4.10239659e-13 
 2.51897411e-05  1.99999873e-01  2.00218536e-01  2.00208516e-01 -1.25449780e-05  1.67202905e-12  1.44388487e-11 
 2.52147411e-05  2.00000149e-01  2.00218517e-01  2.00208516e-01 -1.24649991e-05 -1.67395416e-12 -4.04141781e-13 
 2.52397411e-05  1.99999873e-01  2.00218536e-01  2.00208516e-01 -1.25449541e-05  1.67190415e-12  1.44326564e-11 
 2.52647411e-05  2.00000149e-01  2.00218517e-01  2.00208516e-01 -1.24650230e-05 -1.67382818e-12 -3.98043306e-13 
 2.52897411e-05  1.99999873e-01  2.00218536e-01  2.00208516e-01 -1.25449302e-05  1.67178034e-12  1.44264819e-11 
 2.53147411e-05  2.00000149e-01  2.00218517e-01  2.00208516e-01 -1.24650469e-05 -1.67370545e-12 -3.91948084e-13 
 2.53397411e-05  1.99999873e-01  2.00218536e-01  2.00208516e-01 -1.25449063e-05  1.67165522e-12  1.44203307e-11 
 2.53647411e-05  2.00000149e-01  2.00218517e-01  2.00208516e-01 -1.24650708e-05 -1.67358185e-12 -3.85849772e-13 
 2.53897411e-05  1.99999873e-01  2.00218536e-01  2.00208516e-01 -1.25448824e-05  1.67152988e-12  1.44141968e-11 
 2.54147411e-05  2.00000149e-01  2.00218517e-01  2.00208516e-01 -1.24650946e-05 -1.67345586e-12 -3.79722078e-13 
 2.54397411e-05  1.99999873e-01  2.00218536e-01  2.00208516e-01 -1.25448586e-05  1.67140498e-12  1.44080446e-11 
 2.54647411e-05  2.00000149e-01  2.00218517e-01  2.00208516e-01 -1.24651185e-05 -1.67332988e-12 -3.73641764e-13 
 2.54897411e-05  1.99999873e-01  2.00218536e-01  2.00208516e-01 -1.25448347e-05  1.67127748e-12  1.44018873e-11 
 2.55147411e-05  2.00000149e-01  2.00218517e-01  2.00208516e-01 -1.24651423e-05 -1.67320324e-12 -3.67571533e-13 
 2.55397411e-05  1.99999873e-01  2.00218536e-01  2.00208516e-01 -1.25448109e-05  1.67114998e-12  1.43957835e-11 
 2.55647411e-05  2.00000148e-01  2.00218517e-01  2.00208516e-01 -1.24651662e-05 -1.67307574e-12 -3.61461295e-13 
 2.55897411e-05  1.99999874e-01  2.00218536e-01  2.00208516e-01 -1.25447870e-05  1.67102313e-12  1.43896381e-11 
 2.56147411e-05  2.00000148e-01  2.00218517e-01  2.00208516e-01 -1.24651900e-05 -1.67294607e-12 -3.55395075e-13 
 2.56397411e-05  1.99999874e-01  2.00218536e-01  2.00208516e-01 -1.25447632e-05  1.67089736e-12  1.43835078e-11 
 2.56647411e-05  2.00000148e-01  2.00218517e-01  2.00208516e-01 -1.24652138e-05 -1.67281813e-12 -3.49298552e-13 
 2.56897411e-05  1.99999874e-01  2.00218536e-01  2.00208516e-01 -1.25447394e-05  1.67076552e-12  1.43774110e-11 
 2.57147411e-05  2.00000148e-01  2.00218517e-01  2.00208516e-01 -1.24652376e-05 -1.67268933e-12 -3.43206366e-13 
 2.57397411e-05  1.99999874e-01  2.00218537e-01  2.00208516e-01 -1.25447156e-05  1.67063715e-12  1.43712804e-11 
 2.57647411e-05  2.00000148e-01  2.00218517e-01  2.00208516e-01 -1.24652614e-05 -1.67255814e-12 -3.37189966e-13 
 2.57897411e-05  1.99999874e-01  2.00218537e-01  2.00208516e-01 -1.25446918e-05  1.67050705e-12  1.43651432e-11 
 2.58147411e-05  2.00000148e-01  2.00218517e-01  2.00208516e-01 -1.24652852e-05 -1.67242977e-12 -3.31105315e-13 
 2.58397411e-05  1.99999874e-01  2.00218537e-01  2.00208516e-01 -1.25446680e-05  1.67037543e-12  1.43590479e-11 
 2.58647411e-05  2.00000148e-01  2.00218517e-01  2.00208516e-01 -1.24653090e-05 -1.67229989e-12 -3.25060237e-13 
 2.58897411e-05  1.99999874e-01  2.00218537e-01  2.00208516e-01 -1.25446443e-05  1.67024511e-12  1.43529525e-11 
 2.59147411e-05  2.00000148e-01  2.00218517e-01  2.00208516e-01 -1.24653328e-05 -1.67216696e-12 -3.18971249e-13 
 2.59397411e-05  1.99999874e-01  2.00218537e-01  2.00208516e-01 -1.25446205e-05  1.67011413e-12  1.43468712e-11 
 2.59647411e-05  2.00000148e-01  2.00218517e-01  2.00208516e-01 -1.24653565e-05 -1.67203512e-12 -3.12923298e-13 
 2.59897411e-05  1.99999874e-01  2.00218537e-01  2.00208516e-01 -1.25445968e-05  1.66998186e-12  1.43407415e-11 
 2.60147411e-05  2.00000148e-01  2.00218517e-01  2.00208516e-01 -1.24653803e-05 -1.67190263e-12 -3.06906356e-13 
 2.60397411e-05  1.99999874e-01  2.00218537e-01  2.00208516e-01 -1.25445730e-05  1.66984850e-12  1.43346289e-11 
 2.60647411e-05  2.00000148e-01  2.00218517e-01  2.00208516e-01 -1.24654040e-05 -1.67176819e-12 -3.00866808e-13 
 2.60897411e-05  1.99999874e-01  2.00218537e-01  2.00208516e-01 -1.25445493e-05  1.66971558e-12  1.43285880e-11 
 2.61147411e-05  2.00000148e-01  2.00218517e-01  2.00208516e-01 -1.24654277e-05 -1.67163679e-12 -2.94820212e-13 
 2.61397411e-05  1.99999874e-01  2.00218537e-01  2.00208516e-01 -1.25445256e-05  1.66958049e-12  1.43224582e-11 
 2.61647411e-05  2.00000147e-01  2.00218517e-01  2.00208516e-01 -1.24654514e-05 -1.67150300e-12 -2.88807064e-13 
 2.61897411e-05  1.99999874e-01  2.00218537e-01  2.00208516e-01 -1.25445019e-05  1.66944627e-12  1.43164025e-11 
 2.62147411e-05  2.00000147e-01  2.00218517e-01  2.00208516e-01 -1.24654751e-05 -1.67136769e-12 -2.82752500e-13 
 2.62397411e-05  1.99999875e-01  2.00218537e-01  2.00208516e-01 -1.25444782e-05  1.66931378e-12  1.43103408e-11 
 2.62647411e-05  2.00000147e-01  2.00218517e-01  2.00208516e-01 -1.24654988e-05 -1.67123130e-12 -2.76726721e-13 
 2.62897411e-05  1.99999875e-01  2.00218537e-01  2.00208516e-01 -1.25444545e-05  1.66917673e-12  1.43042678e-11 
 2.63147411e-05  2.00000147e-01  2.00218517e-01  2.00208516e-01 -1.24655225e-05 -1.67109642e-12 -2.70689070e-13 
 2.63397411e-05  1.99999875e-01  2.00218537e-01  2.00208516e-01 -1.25444308e-05  1.66903947e-12  1.42982193e-11 
 2.63647411e-05  2.00000147e-01  2.00218517e-01  2.00208516e-01 -1.24655461e-05 -1.67096003e-12 -2.64701509e-13 
 2.63897411e-05  1.99999875e-01  2.00218537e-01  2.00208516e-01 -1.25444072e-05  1.66890525e-12  1.42921177e-11 
 2.64147411e-05  2.00000147e-01  2.00218517e-01  2.00208516e-01 -1.24655698e-05 -1.67082385e-12 -2.58687548e-13 
 2.64397411e-05  1.99999875e-01  2.00218537e-01  2.00208516e-01 -1.25443835e-05  1.66876755e-12  1.42860425e-11 
 2.64647411e-05  2.00000147e-01  2.00218517e-01  2.00208516e-01 -1.24655934e-05 -1.67068486e-12 -2.52714516e-13 
 2.64897411e-05  1.99999875e-01  2.00218537e-01  2.00208516e-01 -1.25443599e-05  1.66862813e-12  1.42800039e-11 
 2.65147411e-05  2.00000147e-01  2.00218517e-01  2.00208516e-01 -1.24656171e-05 -1.67054912e-12 -2.46655235e-13 
 2.65397411e-05  1.99999875e-01  2.00218537e-01  2.00208516e-01 -1.25443362e-05  1.66849195e-12  1.42739811e-11 
 2.65647411e-05  2.00000147e-01  2.00218517e-01  2.00208516e-01 -1.24656407e-05 -1.67040795e-12 -2.40667349e-13 
 2.65897411e-05  1.99999875e-01  2.00218537e-01  2.00208516e-01 -1.25443126e-05  1.66835339e-12  1.42679388e-11 
 2.66147411e-05  2.00000147e-01  2.00218517e-01  2.00208516e-01 -1.24656643e-05 -1.67027113e-12 -2.34695564e-13 
 2.66397411e-05  1.99999875e-01  2.00218537e-01  2.00208516e-01 -1.25442890e-05  1.66821331e-12  1.42618374e-11 
 2.66647411e-05  2.00000147e-01  2.00218517e-01  2.00208516e-01 -1.24656879e-05 -1.67013278e-12 -2.28746601e-13 
 2.66897411e-05  1.99999875e-01  2.00218537e-01  2.00208516e-01 -1.25442654e-05  1.66807453e-12  1.42558035e-11 
 2.67147411e-05  2.00000147e-01  2.00218516e-01  2.00208516e-01 -1.24657115e-05 -1.66999270e-12 -2.22713666e-13 
 2.67397411e-05  1.99999875e-01  2.00218537e-01  2.00208516e-01 -1.25442418e-05  1.66793532e-12  1.42498240e-11 
 2.67647411e-05  2.00000147e-01  2.00218516e-01  2.00208516e-01 -1.24657351e-05 -1.66985197e-12 -2.16695151e-13 
 2.67897411e-05  1.99999875e-01  2.00218537e-01  2.00208516e-01 -1.25442183e-05  1.66779394e-12  1.42437950e-11 
 2.68147411e-05  2.00000146e-01  2.00218516e-01  2.00208516e-01 -1.24657587e-05 -1.66971059e-12 -2.10760717e-13 
 2.68397411e-05  1.99999876e-01  2.00218537e-01  2.00208516e-01 -1.25441947e-05  1.66765386e-12  1.42377286e-11 
 2.68647411e-05  2.00000146e-01  2.00218516e-01  2.00208516e-01 -1.24657822e-05 -1.66956921e-12 -2.04817120e-13 
 2.68897411e-05  1.99999876e-01  2.00218537e-01  2.00208516e-01 -1.25441711e-05  1.66751292e-12  1.42317012e-11 
 2.69147411e-05  2.00000146e-01  2.00218516e-01  2.00208516e-01 -1.24658058e-05 -1.66942892e-12 -1.98828801e-13 
 2.69397411e-05  1.99999876e-01  2.00218537e-01  2.00208516e-01 -1.25441476e-05  1.66737067e-12  1.42257107e-11 
 2.69647411e-05  2.00000146e-01  2.00218516e-01  2.00208516e-01 -1.24658293e-05 -1.66928559e-12 -1.92847474e-13 
 2.69897411e-05  1.99999876e-01  2.00218537e-01  2.00208516e-01 -1.25441241e-05  1.66722690e-12  1.42196991e-11 
 2.70147411e-05  2.00000146e-01  2.00218516e-01  2.00208516e-01 -1.24658528e-05 -1.66914356e-12 -1.86861865e-13 
 2.70397411e-05  1.99999876e-01  2.00218537e-01  2.00208516e-01 -1.25441006e-05  1.66708661e-12  1.42137486e-11 
 2.70647411e-05  2.00000146e-01  2.00218516e-01  2.00208516e-01 -1.24658763e-05 -1.66899957e-12 -1.80877611e-13 
 2.70897411e-05  1.99999876e-01  2.00218537e-01  2.00208516e-01 -1.25440770e-05  1.66694198e-12  1.42077023e-11 
 2.71147411e-05  2.00000146e-01  2.00218516e-01  2.00208516e-01 -1.24658999e-05 -1.66885776e-12 -1.74989634e-13 
 2.71397411e-05  1.99999876e-01  2.00218537e-01  2.00208516e-01 -1.25440535e-05  1.66679734e-12  1.42017035e-11 
 2.71647411e-05  2.00000146e-01  2.00218516e-01  2.00208516e-01 -1.24659233e-05 -1.66871378e-12 -1.69039587e-13 
 2.71897411e-05  1.99999876e-01  2.00218537e-01  2.00208516e-01 -1.25440301e-05  1.66665314e-12  1.41956705e-11 
 2.72147411e-05  2.00000146e-01  2.00218516e-01  2.00208516e-01 -1.24659468e-05 -1.66856850e-12 -1.63118705e-13 
 2.72397411e-05  1.99999876e-01  2.00218537e-01  2.00208516e-01 -1.25440066e-05  1.66651046e-12  1.41896923e-11 
 2.72647411e-05  2.00000146e-01  2.00218516e-01  2.00208516e-01 -1.24659703e-05 -1.66842343e-12 -1.57161610e-13 
 2.72897411e-05  1.99999876e-01  2.00218537e-01  2.00208516e-01 -1.25439831e-05  1.66636366e-12  1.41837042e-11 
 2.73147411e-05  2.00000146e-01  2.00218516e-01  2.00208516e-01 -1.24659938e-05 -1.66827880e-12 -1.51207118e-13 
 2.73397411e-05  1.99999876e-01  2.00218537e-01  2.00208516e-01 -1.25439597e-05  1.66621946e-12  1.41777346e-11 
 2.73647411e-05  2.00000146e-01  2.00218516e-01  2.00208516e-01 -1.24660172e-05 -1.66813200e-12 -1.45306456e-13 
 2.73897411e-05  1.99999876e-01  2.00218537e-01  2.00208516e-01 -1.25439362e-05  1.66607418e-12  1.41717276e-11 
 2.74147411e-05  2.00000145e-01  2.00218516e-01  2.00208516e-01 -1.24660407e-05 -1.66798628e-12 -1.39351150e-13 
 2.74397411e-05  1.99999877e-01  2.00218537e-01  2.00208516e-01 -1.25439128e-05  1.66592673e-12  1.41657720e-11 
 2.74647411e-05  2.00000145e-01  2.00218516e-01  2.00208516e-01 -1.24660641e-05 -1.66784078e-12 -1.33478135e-13 
 2.74897411e-05  1.99999877e-01  2.00218537e-01  2.00208516e-01 -1.25438893e-05  1.66577906e-12  1.41597616e-11 
 2.75147411e-05  2.00000145e-01  2.00218516e-01  2.00208516e-01 -1.24660875e-05 -1.66769246e-12 -1.27567065e-13 
 2.75397411e-05  1.99999877e-01  2.00218537e-01  2.00208516e-01 -1.25438659e-05  1.66563161e-12  1.41538040e-11 
 2.75647411e-05  2.00000145e-01  2.00218516e-01  2.00208516e-01 -1.24661109e-05 -1.66754631e-12 -1.21648134e-13 
 2.75897411e-05  1.99999877e-01  2.00218537e-01  2.00208516e-01 -1.25438425e-05  1.66548502e-12  1.41478021e-11 
 2.76147411e-05  2.00000145e-01  2.00218516e-01  2.00208516e-01 -1.24661343e-05 -1.66739907e-12 -1.15796804e-13 
 2.76397411e-05  1.99999877e-01  2.00218537e-01  2.00208516e-01 -1.25438191e-05  1.66533801e-12  1.41418291e-11 
 2.76647411e-05  2.00000145e-01  2.00218516e-01  2.00208516e-01 -1.24661577e-05 -1.66724967e-12 -1.09848491e-13 
 2.76897411e-05  1.99999877e-01  2.00218537e-01  2.00208516e-01 -1.25437958e-05  1.66518925e-12  1.41359254e-11 
 2.77147411e-05  2.00000145e-01  2.00218516e-01  2.00208516e-01 -1.24661811e-05 -1.66710244e-12 -1.03927934e-13 
 2.77397411e-05  1.99999877e-01  2.00218537e-01  2.00208516e-01 -1.25437724e-05  1.66504028e-12  1.41299841e-11 
 2.77647411e-05  2.00000145e-01  2.00218516e-01  2.00208516e-01 -1.24662044e-05 -1.66695238e-12 -9.80439146e-14 
 2.77897411e-05  1.99999877e-01  2.00218537e-01  2.00208516e-01 -1.25437490e-05  1.66489001e-12  1.41240295e-11 
 2.78147411e-05  2.00000145e-01  2.00218516e-01  2.00208516e-01 -1.24662278e-05 -1.66680450e-12 -9.21306759e-14 
 2.78397411e-05  1.99999877e-01  2.00218537e-01  2.00208516e-01 -1.25437257e-05  1.66474300e-12  1.41180985e-11 
 2.78647411e-05  2.00000145e-01  2.00218516e-01  2.00208516e-01 -1.24662511e-05 -1.66665423e-12 -8.62584743e-14 
 2.78897411e-05  1.99999877e-01  2.00218537e-01  2.00208516e-01 -1.25437023e-05  1.66459142e-12  1.41121374e-11 
 2.79147411e-05  2.00000145e-01  2.00218516e-01  2.00208516e-01 -1.24662745e-05 -1.66650244e-12 -8.03529877e-14 
 2.79397411e-05  1.99999877e-01  2.00218537e-01  2.00208516e-01 -1.25436790e-05  1.66444202e-12  1.41062248e-11 
 2.79647411e-05  2.00000145e-01  2.00218516e-01  2.00208516e-01 -1.24662978e-05 -1.66635239e-12 -7.45067528e-14 
 2.79823706e-05  1.99999877e-01  2.00218537e-01  2.00208516e-01 -1.25436508e-05  1.66422366e-12  1.41107424e-11 
 2.80000000e-05  2.00000144e-01  2.00218516e-01  2.00208516e-01 -1.24663309e-05 -1.66606290e-12 -6.27182768e-14 
 2.80000254e-05  1.99993176e-01  2.00172824e-01  2.00208057e-01 -1.52300740e-05 -4.05656215e-09 -6.43659881e-09 
 2.80000761e-05  1.99985688e-01  2.00104384e-01  2.00206460e-01 -1.57964653e-05 -1.09784868e-08 -1.95521867e-08 
 2.80001777e-05  1.99973328e-01  2.00024995e-01  2.00200419e-01 -1.60736442e-05 -2.09841865e-08 -4.49787580e-08 
 2.80003215e-05  1.99955346e-01  1.99962951e-01  2.00188309e-01 -1.64584789e-05 -3.27016203e-08 -7.94619017e-08 
 2.80004532e-05  1.99939454e-01  1.99937469e-01  2.00175582e-01 -1.64027992e-05 -4.27399882e-08 -1.09774697e-07 
 2.80007164e-05  1.99906292e-01  1.99910261e-01  2.00149402e-01 -1.66011448e-05 -6.13141751e-08 -1.66831705e-07 
 2.80012429e-05  1.99840852e-01  1.99887431e-01  2.00099757e-01 -1.69818216e-05 -9.26338687e-08 -2.67301339e-07 
 2.80015094e-05  1.99808155e-01  1.99880129e-01  2.00076885e-01 -1.86118798e-05 -1.03211209e-07 -3.10780864e-07 
 2.80016792e-05  1.99789174e-01  1.99879947e-01  2.00063301e-01 -2.11498715e-05 -1.04126105e-07 -3.35437129e-07 
 2.80018307e-05  1.99773319e-01  1.99883638e-01  2.00052035e-01 -2.57744881e-05 -9.63734925e-08 -3.54902024e-07 
 2.80019755e-05  1.99760754e-01  1.99894238e-01  2.00042291e-01 -3.24581481e-05 -7.62058984e-08 -3.70896925e-07 
 2.80021133e-05  1.99750280e-01  1.99911609e-01  2.00034277e-01 -4.14771002e-05 -3.93990793e-08 -3.83209858e-07 
 2.80022351e-05  1.99743054e-01  1.99936163e-01  2.00028553e-01 -5.11939405e-05  1.40393352e-08 -3.91377039e-07 
 2.80023376e-05  1.99737313e-01  1.99965608e-01  2.00025031e-01 -6.07514161e-05  8.10262753e-08 -3.95808116e-07 
 2.80024246e-05  1.99733089e-01  2.00000276e-01  2.00023249e-01 -6.94044024e-05  1.60388451e-07 -3.97492049e-07 
 2.80025013e-05  1.99728761e-01  2.00040880e-01  2.00022866e-01 -7.74859692e-05  2.54325470e-07 -3.96939817e-07 
 2.80025730e-05  1.99724663e-01  2.00090643e-01  2.00023796e-01 -8.50003990e-05  3.69333234e-07 -3.94339587e-07 
 2.80026477e-05  1.99719810e-01  2.00157106e-01  2.00026446e-01 -9.28478553e-05  5.24817627e-07 -3.88976387e-07 
 2.80027291e-05  1.99716074e-01  2.00245852e-01  2.00031738e-01 -1.01234851e-04  7.41227978e-07 -3.79810741e-07 
 2.80028293e-05  1.99714509e-01  2.00368626e-01  2.00042167e-01 -1.11672048e-04  1.07194618e-06 -3.63962017e-07 
 2.80029215e-05  1.99716707e-01  2.00485710e-01  2.00055745e-01 -1.21275309e-04  1.43272791e-06 -3.45450419e-07 
 2.80030352e-05  1.99723015e-01  2.00626655e-01  2.00077557e-01 -1.33214435e-04  1.94131173e-06 -3.18178793e-07 
 2.80031587e-05  1.99734236e-01  2.00770713e-01  2.00107014e-01 -1.45858657e-04  2.56109933e-06 -2.83921840e-07 
 2.80033099e-05  1.99752511e-01  2.00930911e-01  2.00150079e-01 -1.60465867e-04  3.39703390e-06 -2.36701086e-07 
 2.80034691e-05  1.99776535e-01  2.01076692e-01  2.00202162e-01 -1.73535383e-04  4.34533049e-06 -1.82413649e-07 
 2.80035976e-05  1.99798154e-01  2.01171259e-01  2.00247865e-01 -1.80789145e-04  5.13880066e-06 -1.36709019e-07 
 2.80036805e-05  1.99812798e-01  2.01214608e-01  2.00278368e-01 -1.81649651e-04  5.64865388e-06 -1.07350028e-07 
 2.80037335e-05  1.99821771e-01  2.01228447e-01  2.00297933e-01 -1.77988041e-04  5.96298280e-06 -8.93195820e-08 
 2.80037783e-05  1.99828966e-01  2.01224639e-01  2.00314261e-01 -1.70457079e-04  6.21184344e-06 -7.51726326e-08 
 2.80038282e-05  1.99835797e-01  2.01196693e-01  2.00331761e-01 -1.57615176e-04  6.45827805e-06 -6.13653479e-08 
 2.80038902e-05  1.99842565e-01  2.01123663e-01  2.00351801e-01 -1.37290314e-04  6.70682803e-06 -4.78441631e-08 
 2.80039539e-05  1.99847070e-01  2.01009325e-01  2.00369534e-01 -1.14617525e-04  6.88809511e-06 -3.85446619e-08 
 2.80040429e-05  1.99849694e-01  2.00806718e-01  2.00388028e-01 -8.48963005e-05  7.01825904e-06 -3.30525126e-08 
 2.80041257e-05  1.99848666e-01  2.00601619e-01  2.00397997e-01 -6.28471407e-05  7.02776315e-06 -3.46010597e-08 
 2.80041974e-05  1.99845862e-01  2.00431540e-01  2.00401068e-01 -4.86820458e-05  6.96928397e-06 -3.98269967e-08 
 2.80042720e-05  1.99841472e-01  2.00274466e-01  2.00399360e-01 -3.82487218e-05  6.86227215e-06 -4.78640872e-08 
 2.80043549e-05  1.99835547e-01  2.00129055e-01  2.00392587e-01 -3.05313838e-05  6.70694305e-06 -5.87771277e-08 
 2.80044398e-05  1.99828622e-01  2.00011841e-01  2.00381501e-01 -2.56914418e-05  6.52417685e-06 -7.11665415e-08 
 2.80045354e-05  1.99820327e-01  1.99912837e-01  2.00365390e-01 -2.25080714e-05  6.30401002e-06 -8.57774367e-08 
 2.80046400e-05  1.99810815e-01  1.99835762e-01  2.00344851e-01 -2.07099038e-05  6.05763750e-06 -1.01894509e-07 
 2.80047650e-05  1.99799278e-01  1.99773134e-01  2.00318017e-01 -1.96794522e-05  5.76608785e-06 -1.20786002e-07 
 2.80048825e-05  1.99788269e-01  1.99733094e-01  2.00291613e-01 -1.93128223e-05  5.49965832e-06 -1.37937407e-07 
 2.80050000e-05  1.99777281e-01  1.99703759e-01  2.00264829e-01 -1.91326062e-05  5.24323836e-06 -1.54378317e-07 
 2.80050023e-05  1.99778904e-01  1.99709394e-01  2.00264312e-01 -1.70533230e-05  5.23879799e-06 -1.54257357e-07 
 2.80050069e-05  1.99780334e-01  1.99719760e-01  2.00263290e-01 -1.62783380e-05  5.22996200e-06 -1.53981726e-07 
 2.80050160e-05  1.99780127e-01  1.99736471e-01  2.00261299e-01 -1.59272705e-05  5.21235512e-06 -1.53374589e-07 
 2.80050343e-05  1.99780364e-01  1.99761828e-01  2.00257493e-01 -1.53964825e-05  5.17707115e-06 -1.52206832e-07 
 2.80050638e-05  1.99780301e-01  1.99793354e-01  2.00251748e-01 -1.46889961e-05  5.12016154e-06 -1.50396291e-07 
 2.80051228e-05  1.99780452e-01  1.99839307e-01  2.00241363e-01 -1.37451468e-05  5.00676603e-06 -1.46985487e-07 
 2.80052407e-05  1.99780260e-01  1.99889956e-01  2.00223537e-01 -1.28092843e-05  4.78412616e-06 -1.40707996e-07 
 2.80054766e-05  1.99779969e-01  1.99914133e-01  2.00193666e-01 -1.23954422e-05  4.36299660e-06 -1.29381285e-07 
 2.80057501e-05  1.99779376e-01  1.99900376e-01  2.00162917e-01 -1.23882017e-05  3.91874540e-06 -1.17537408e-07 
 2.80062036e-05  1.99778718e-01  1.99869158e-01  2.00114999e-01 -1.24013703e-05  3.27849631e-06 -1.00207782e-07 
 2.80069578e-05  1.99777567e-01  1.99821377e-01  2.00041663e-01 -1.23879980e-05  2.43321279e-06 -7.67487424e-08 
 2.80084664e-05  1.99776077e-01  1.99747229e-01  1.99917726e-01 -1.24081187e-05  1.32175278e-06 -4.45326505e-08 
 2.80114835e-05  1.99774139e-01  1.99663306e-01  1.99750296e-01 -1.24063250e-05  3.38651528e-07 -1.35971491e-08 
 2.80153706e-05  1.99773184e-01  1.99642387e-01  1.99656315e-01 -1.24395068e-05  4.54697631e-08 -2.55596646e-09 
 2.80205511e-05  1.99772565e-01  1.99694661e-01  1.99658581e-01 -1.24430916e-05 -4.43223703e-10 -1.52471117e-10 
 2.80280736e-05  1.99772446e-01  1.99825726e-01  1.99768665e-01 -1.24771691e-05  7.66803762e-11  2.65574215e-11 
 2.80382364e-05  1.99772357e-01  1.99991446e-01  1.99942832e-01 -1.24761309e-05  2.07945770e-12  4.08265268e-11 
 2.80501428e-05  1.99772521e-01  2.00107463e-01  2.00078925e-01 -1.25006494e-05  2.55953618e-11  3.07401300e-11 
 2.80681745e-05  1.99772479e-01  2.00140397e-01  2.00133728e-01 -1.24918834e-05 -3.25338844e-12  4.78560973e-12 
 2.80931745e-05  1.99772511e-01  2.00059701e-01  2.00060922e-01 -1.25111244e-05 -3.15727501e-12 -8.32713705e-12 
 2.81181745e-05  1.99772328e-01  1.99983309e-01  1.99978559e-01 -1.24965874e-05 -6.17513180e-12 -5.85293928e-12 
 2.81431745e-05  1.99772380e-01  1.99967982e-01  1.99957039e-01 -1.25122369e-05  1.01117855e-12  8.23149600e-13 
 2.81681745e-05  1.99772301e-01  1.99985810e-01  1.99973470e-01 -1.24965648e-05  6.89033899e-13  3.61044387e-12 
 2.81840872e-05  1.99772408e-01  1.99997364e-01  1.99985824e-01 -1.25121078e-05  1.27930370e-12  3.10900432e-12 
 2.82000000e-05  1.99772330e-01  2.00002649e-01  1.99992190e-01 -1.24965200e-05  6.19046047e-13  2.48375913e-12 
 2.82000125e-05  1.99773321e-01  2.00011365e-01  1.99992235e-01 -9.98274278e-06  1.81320699e-09  3.30281507e-10 
 2.82000375e-05  1.99773812e-01  2.00025525e-01  1.99992397e-01 -9.55898452e-06  5.50381981e-09  9.59712523e-10 
 2.82000875e-05  1.99774126e-01  2.00044792e-01  1.99993046e-01 -9.32910762e-06  1.26274007e-08  2.14381102e-09 
 2.82001610e-05  1.99774966e-01  2.00064793e-01  1.99994543e-01 -8.94114706e-06  2.24960980e-08  3.77991379e-09 
 2.82003078e-05  1.99776133e-01  2.00086671e-01  1.99998606e-01 -8.81713505e-06  4.10127747e-08  6.80795736e-09 
 2.82006015e-05  1.99778842e-01  2.00101746e-01  2.00008105e-01 -8.68249516e-06  7.45974702e-08  1.22692713e-08 
 2.82009528e-05  1.99781757e-01  2.00106203e-01  2.00019378e-01 -8.78434628e-06  1.10032054e-07  1.80019777e-08 
 2.82015226e-05  1.99786974e-01  2.00110256e-01  2.00035511e-01 -8.87118716e-06  1.58576017e-07  2.57652582e-08 
 2.82016117e-05  1.99787782e-01  2.00110336e-01  2.00037779e-01 -9.04711667e-06  1.65303388e-07  2.68072616e-08 
 2.82017898e-05  1.99790263e-01  2.00108222e-01  2.00042010e-01 -9.59337649e-06  1.77797823e-07  2.86601380e-08 
 2.82019030e-05  1.99792360e-01  2.00103852e-01  2.00044402e-01 -1.05473315e-05  1.84822763e-07  2.95943549e-08 
 2.82020213e-05  1.99795736e-01  2.00094375e-01  2.00046469e-01 -1.21553795e-05  1.90623287e-07  3.02102240e-08 
 2.82021336e-05  1.99799907e-01  2.00078225e-01  2.00047780e-01 -1.46513470e-05  1.93464352e-07  3.02690369e-08 
 2.82022421e-05  1.99805264e-01  2.00053658e-01  2.00048126e-01 -1.77845799e-05  1.91403039e-07  2.96342339e-08 
 2.82023475e-05  1.99811263e-01  2.00018941e-01  2.00047224e-01 -2.14072903e-05  1.80572673e-07  2.81383517e-08 
 2.82024475e-05  1.99817758e-01  1.99973797e-01  2.00044838e-01 -2.47095060e-05  1.54934169e-07  2.56861553e-08 
 2.82025418e-05  1.99824061e-01  1.99917674e-01  2.00040798e-01 -2.72180378e-05  1.05999215e-07  2.21993027e-08 
 2.82026472e-05  1.99831461e-01  1.99838764e-01  2.00033671e-01 -2.93156400e-05  1.70506410e-09  1.67300086e-08 
 2.82027488e-05  1.99838771e-01  1.99751429e-01  2.00023773e-01 -3.16850889e-05 -1.77551638e-07  9.90824485e-09 
 2.82029069e-05  1.99851516e-01  1.99609124e-01  2.00002099e-01 -3.59101512e-05 -7.18989517e-07 -3.31928428e-09 
 2.82030383e-05  1.99863484e-01  1.99493531e-01  1.99978516e-01 -3.96242546e-05 -1.51930454e-06 -1.63642044e-08 
 2.82031769e-05  1.99877563e-01  1.99380603e-01  1.99948751e-01 -4.33841684e-05 -2.84990110e-06 -3.17309366e-08 
 2.82032934e-05  1.99889660e-01  1.99296724e-01  1.99920530e-01 -4.62150662e-05 -4.43343655e-06 -4.55514943e-08 
 2.82033624e-05  1.99896673e-01  1.99254217e-01  1.99902685e-01 -4.75225845e-05 -5.60199580e-06 -5.39588370e-08 
 2.82033998e-05  1.99900338e-01  1.99235060e-01  1.99892768e-01 -4.79933340e-05 -6.31703464e-06 -5.84977510e-08 
 2.82034375e-05  1.99904190e-01  1.99220567e-01  1.99882664e-01 -4.81540813e-05 -7.11034716e-06 -6.29723026e-08 
 2.82034641e-05  1.99906519e-01  1.99215002e-01  1.99875532e-01 -4.79453203e-05 -7.72109937e-06 -6.59902362e-08 
 2.82034857e-05  1.99907776e-01  1.99214980e-01  1.99869759e-01 -4.74712749e-05 -8.25516676e-06 -6.82892596e-08 
 2.82035070e-05  1.99907759e-01  1.99220813e-01  1.99864140e-01 -4.66028550e-05 -8.81702544e-06 -7.03302523e-08 
 2.82035313e-05  1.99906317e-01  1.99236769e-01  1.99857904e-01 -4.51156193e-05 -9.50135673e-06 -7.22653975e-08 
 2.82035586e-05  1.99903597e-01  1.99268047e-01  1.99851206e-01 -4.28770512e-05 -1.03288408e-05 -7.38408882e-08 
 2.82035897e-05  1.99900330e-01  1.99319753e-01  1.99844196e-01 -3.98515962e-05 -1.13394174e-05 -7.48109224e-08 
 2.82036359e-05  1.99896841e-01  1.99419737e-01  1.99835334e-01 -3.49214366e-05 -1.29666461e-05 -7.48056000e-08 
 2.82036663e-05  1.99896091e-01  1.99494902e-01  1.99830644e-01 -3.16939395e-05 -1.41137274e-05 -7.40221441e-08 
 2.82036949e-05  1.99896576e-01  1.99567492e-01  1.99827116e-01 -2.87874339e-05 -1.52441484e-05 -7.28854151e-08 
 2.82037281e-05  1.99898457e-01  1.99649420e-01  1.99824107e-01 -2.57491685e-05 -1.66024801e-05 -7.12475400e-08 
 2.82037632e-05  1.99901792e-01  1.99730969e-01  1.99822098e-01 -2.29015249e-05 -1.81009219e-05 -6.92736331e-08 
 2.82038004e-05  1.99906481e-01  1.99808794e-01  1.99821179e-01 -2.03646624e-05 -1.97434234e-05 -6.70561748e-08 
 2.82038403e-05  1.99912529e-01  1.99881523e-01  1.99821401e-01 -1.81200478e-05 -2.15671607e-05 -6.46337994e-08 
 2.82038846e-05  1.99920062e-01  1.99949206e-01  1.99822875e-01 -1.61699459e-05 -2.36572817e-05 -6.19758498e-08 
 2.82039348e-05  1.99929347e-01  2.00011076e-01  1.99825804e-01 -1.44969107e-05 -2.61103024e-05 -5.90430406e-08 
 2.82039930e-05  1.99940680e-01  2.00066224e-01  1.99830468e-01 -1.31347075e-05 -2.90537451e-05 -5.57693405e-08 
 2.82040624e-05  1.99954743e-01  2.00114355e-01  1.99837311e-01 -1.20621471e-05 -3.27072117e-05 -5.20002271e-08 
 2.82041474e-05  1.99972396e-01  2.00155138e-01  1.99846924e-01 -1.12963026e-05 -3.73808333e-05 -4.75044340e-08 
 2.82042569e-05  1.99995561e-01  2.00189657e-01  1.99860435e-01 -1.07927702e-05 -4.37036219e-05 -4.17561031e-08 
 2.82044033e-05  2.00027012e-01  2.00219525e-01  1.99879456e-01 -1.05306297e-05 -5.26865603e-05 -3.38709960e-08 
 2.82046148e-05  2.00072965e-01  2.00249168e-01  1.99907448e-01 -1.04230629e-05 -6.66248579e-05 -2.17003899e-08 
 2.82048074e-05  2.00115007e-01  2.00271054e-01  1.99932867e-01 -1.04095056e-05 -8.02246045e-05 -9.55908286e-09 
 2.82050000e-05  2.00156977e-01  2.00291362e-01  1.99957966e-01 -1.03956003e-05 -9.45807246e-05  3.75921094e-09 
 2.82050042e-05  2.00156511e-01  2.00288394e-01  1.99958503e-01 -1.26462444e-05 -9.49018627e-05  3.94543084e-09 
 2.82050126e-05  2.00156114e-01  2.00283220e-01  1.99959567e-01 -1.28974302e-05 -9.55431600e-05  4.32547387e-09 
 2.82050294e-05  2.00156106e-01  2.00275703e-01  1.99961643e-01 -1.28211886e-05 -9.68173227e-05  5.12063750e-09 
 2.82050630e-05  2.00155859e-01  2.00264810e-01  1.99965630e-01 -1.29107356e-05 -9.93289399e-05  6.79817767e-09 
 2.82051302e-05  2.00155856e-01  2.00250170e-01  1.99973106e-01 -1.28591465e-05 -1.04209298e-04  1.04465942e-08 
 2.82052446e-05  2.00155977e-01  2.00238033e-01  1.99984778e-01 -1.28948698e-05 -1.12090653e-04  1.73936859e-08 
 2.82053850e-05  2.00156485e-01  2.00235403e-01  1.99997996e-01 -1.28033965e-05 -1.21071076e-04  2.69830806e-08 
 2.82056182e-05  2.00157486e-01  2.00242406e-01  2.00018579e-01 -1.27898732e-05 -1.34422781e-04  4.49537721e-08 
 2.82060847e-05  2.00160659e-01  2.00264979e-01  2.00056999e-01 -1.26278742e-05 -1.56022768e-04  8.59253545e-08 
 2.82068281e-05  2.00167624e-01  2.00297017e-01  2.00112393e-01 -1.25424421e-05 -1.79158249e-04  1.56632353e-07 
 2.82076683e-05  2.00177676e-01  2.00322879e-01  2.00166358e-01 -1.23902658e-05 -1.92983527e-04  2.33443052e-07 
 2.82085814e-05  2.00189913e-01  2.00340846e-01  2.00214382e-01 -1.23665168e-05 -1.98112025e-04  3.03935063e-07 
 2.82095788e-05  2.00204211e-01  2.00349747e-01  2.00254596e-01 -1.22714588e-05 -1.96349738e-04  3.61355844e-07 
 2.82107337e-05  2.00220893e-01  2.00348617e-01  2.00286334e-01 -1.22904785e-05 -1.88839555e-04  4.03143388e-07 
 2.82120699e-05  2.00239941e-01  2.00334840e-01  2.00305473e-01 -1.22301398e-05 -1.76576012e-04  4.24310309e-07 
 2.82136794e-05  2.00261611e-01  2.00304959e-01  2.00307622e-01 -1.22767741e-05 -1.60175536e-04  4.22604137e-07 
 2.82156519e-05  2.00286190e-01  2.00254576e-01  2.00286195e-01 -1.22389955e-05 -1.40557904e-04  3.97063459e-07 
 2.82182480e-05  2.00314797e-01  2.00175284e-01  2.00230639e-01 -1.23031004e-05 -1.17741207e-04  3.47710939e-07 
 2.82212399e-05  2.00343308e-01  2.00077153e-01  2.00144962e-01 -1.22766572e-05 -9.62529365e-05  2.88883493e-07 
 2.82246044e-05  2.00370338e-01  1.99969930e-01  2.00039233e-01 -1.23438396e-05 -7.74397247e-05  2.31969714e-07 
 2.82282474e-05  2.00395031e-01  1.99866362e-01  1.99928729e-01 -1.23167303e-05 -6.19925411e-05  1.83716034e-07 
 2.82323075e-05  2.00417883e-01  1.99772277e-01  1.99821714e-01 -1.23820412e-05 -4.91496770e-05  1.43578612e-07 
 2.82367822e-05  2.00438875e-01  1.99697040e-01  1.99730049e-01 -1.23538745e-05 -3.87569495e-05  1.11486828e-07 
 2.82418376e-05  2.00458224e-01  1.99647105e-01  1.99661713e-01 -1.24180107e-05 -3.02509335e-05  8.56819642e-08 
 2.82475131e-05  2.00475988e-01  1.99630486e-01  1.99626732e-01 -1.23888639e-05 -2.34257287e-05  6.53917300e-08 
 2.82540146e-05  2.00492146e-01  1.99653358e-01  1.99632621e-01 -1.24513122e-05 -1.78950169e-05  4.93071547e-08 
 2.82614466e-05  2.00506801e-01  1.99719258e-01  1.99684875e-01 -1.24202244e-05 -1.34725552e-05  3.67168959e-08 
 2.82700674e-05  2.00519742e-01  1.99827378e-01  1.99784187e-01 -1.24799529e-05 -9.91978934e-06  2.68028657e-08 
 2.82801686e-05  2.00531200e-01  1.99969039e-01  1.99923357e-01 -1.24459500e-05 -7.08477504e-06  1.90168385e-08 
 2.82920205e-05  2.00540736e-01  2.00124238e-01  2.00082699e-01 -1.25021819e-05 -4.86822391e-06  1.30080029e-08 
 2.83059947e-05  2.00548578e-01  2.00264964e-01  2.00232786e-01 -1.24645119e-05 -3.18227215e-06  8.47288942e-09 
 2.83224734e-05  2.00554415e-01  2.00364538e-01  2.00343189e-01 -1.25169243e-05 -1.95320035e-06  5.18702002e-09 
 2.83420979e-05  2.00558688e-01  2.00414589e-01  2.00401137e-01 -1.24756607e-05 -1.10261716e-06  2.91893626e-09 
 2.83656114e-05  2.00561333e-01  2.00434278e-01  2.00423033e-01 -1.25246643e-05 -5.56931171e-07  1.47229035e-09 
 2.83906114e-05  2.00562844e-01  2.00456037e-01  2.00443205e-01 -1.24802793e-05 -2.70699880e-07  7.15942869e-10 
 2.84156114e-05  2.00563484e-01  2.00492311e-01  2.00478115e-01 -1.25268546e-05 -1.31748609e-07  3.51972911e-10 
 2.84406114e-05  2.00563926e-01  2.00532769e-01  2.00518781e-01 -1.24812514e-05 -6.44653765e-08  1.73933376e-10 
 2.84656114e-05  2.00564046e-01  2.00567018e-01  2.00553923e-01 -1.25272958e-05 -3.13913086e-08  8.68373002e-11 
 2.84906114e-05  2.00564222e-01  2.00593094e-01  2.00580764e-01 -1.24815189e-05 -1.54264667e-08  4.34142058e-11 
 2.85156114e-05  2.00564203e-01  2.00614158e-01  2.00602152e-01 -1.25274359e-05 -7.47994686e-09  2.26021089e-11 
 2.85406114e-05  2.00564311e-01  2.00632952e-01  2.00621107e-01 -1.24816158e-05 -3.70565776e-09  1.21664674e-11 
 2.85656114e-05  2.00564260e-01  2.00650408e-01  2.00638677e-01 -1.25274642e-05 -1.77321793e-09  7.31707679e-12 
 2.85906114e-05  2.00564352e-01  2.00666163e-01  2.00654637e-01 -1.24816487e-05 -8.98337934e-10  4.68279685e-12 
 2.86156114e-05  2.00564293e-01  2.00680034e-01  2.00668684e-01 -1.25274651e-05 -4.12255470e-10  3.44089736e-12 
 2.86406114e-05  2.00564379e-01  2.00692051e-01  2.00680892e-01 -1.24816731e-05 -2.24672654e-10  2.69423286e-12 
 2.86656114e-05  2.00564316e-01  2.00702611e-01  2.00691566e-01 -1.25274626e-05 -8.86920513e-11  2.33736657e-12 
 2.86906114e-05  2.00564400e-01  2.00711905e-01  2.00700994e-01 -1.24816938e-05 -6.24943524e-11  2.11984770e-12 
 2.87156114e-05  2.00564336e-01  2.00720185e-01  2.00709354e-01 -1.25274562e-05 -1.21606733e-11  1.97756080e-12 
 2.87406114e-05  2.00564419e-01  2.00727470e-01  2.00716751e-01 -1.24817116e-05 -2.32193112e-11  1.90434083e-12 
 2.87656114e-05  2.00564354e-01  2.00733935e-01  2.00723277e-01 -1.25274482e-05  5.70835176e-12  1.80592200e-12 
 2.87906114e-05  2.00564436e-01  2.00739592e-01  2.00729028e-01 -1.24817283e-05 -1.36312908e-11  1.78231014e-12 
 2.88156114e-05  2.00564370e-01  2.00744621e-01  2.00734098e-01 -1.25274392e-05  9.85103167e-12  1.69907052e-12 
 2.88406114e-05  2.00564451e-01  2.00749020e-01  2.00738574e-01 -1.24817441e-05 -1.12759075e-11  1.70015125e-12 
 2.88656114e-05  2.00564385e-01  2.00752944e-01  2.00742526e-01 -1.25274294e-05  1.06295714e-11  1.62497094e-12 
 2.88906114e-05  2.00564466e-01  2.00756369e-01  2.00746015e-01 -1.24817592e-05 -1.06733424e-11  1.63884162e-12 
 2.89156114e-05  2.00564399e-01  2.00759430e-01  2.00749094e-01 -1.25274190e-05  1.07310944e-11  1.56900111e-12 
 2.89406114e-05  2.00564479e-01  2.00762093e-01  2.00751811e-01 -1.24817737e-05 -1.05173606e-11  1.59113917e-12 
 2.89656114e-05  2.00564412e-01  2.00764482e-01  2.00754209e-01 -1.25274081e-05  1.07012849e-11  1.52602128e-12 
 2.89906114e-05  2.00564492e-01  2.00766552e-01  2.00756326e-01 -1.24817878e-05 -1.04785952e-11  1.55399673e-12 
 2.90156114e-05  2.00564425e-01  2.00768418e-01  2.00758195e-01 -1.25273968e-05  1.06571748e-11  1.49288340e-12 
 2.90406114e-05  2.00564505e-01  2.00770026e-01  2.00759844e-01 -1.24818015e-05 -1.04707267e-11  1.52498744e-12 
 2.90656114e-05  2.00564438e-01  2.00771486e-01  2.00761300e-01 -1.25273852e-05  1.06191507e-11  1.46719610e-12 
 2.90906114e-05  2.00564517e-01  2.00772734e-01  2.00762586e-01 -1.24818151e-05 -1.04707922e-11  1.50230869e-12 
 2.91156114e-05  2.00564450e-01  2.00773876e-01  2.00763721e-01 -1.25273734e-05  1.05882794e-11  1.44727058e-12 
 2.91406114e-05  2.00564529e-01  2.00774845e-01  2.00764723e-01 -1.24818284e-05 -1.04715002e-11  1.48459570e-12 
 2.91656114e-05  2.00564461e-01  2.00775740e-01  2.00765608e-01 -1.25273614e-05  1.05632452e-11  1.43181181e-12 
 2.91906114e-05  2.00564540e-01  2.00776491e-01  2.00766390e-01 -1.24818416e-05 -1.04710734e-11  1.47075716e-12 
 2.92156114e-05  2.00564473e-01  2.00777194e-01  2.00767080e-01 -1.25273492e-05  1.05420692e-11  1.41981576e-12 
 2.92406114e-05  2.00564552e-01  2.00777775e-01  2.00767690e-01 -1.24818546e-05 -1.04690863e-11  1.45994279e-12 
 2.92656114e-05  2.00564484e-01  2.00778328e-01  2.00768229e-01 -1.25273369e-05  1.04238081e-11  1.41068640e-12 
 2.92906114e-05  2.00564563e-01  2.00778777e-01  2.00768705e-01 -1.24818676e-05 -1.04494939e-11  1.45153139e-12 
 2.93156114e-05  2.00564496e-01  2.00779214e-01  2.00769126e-01 -1.25273246e-05  1.04671820e-11  1.40329843e-12 
 2.93406114e-05  2.00564574e-01  2.00779560e-01  2.00769497e-01 -1.24818805e-05 -1.04513952e-11  1.44491851e-12 
 2.93656114e-05  2.00564507e-01  2.00779906e-01  2.00769826e-01 -1.25273122e-05  1.04739581e-11  1.39768817e-12 
 2.93906114e-05  2.00564585e-01  2.00780172e-01  2.00770117e-01 -1.24818933e-05 -1.05520057e-11  1.43989730e-12 
 2.94156114e-05  2.00564518e-01  2.00780447e-01  2.00770374e-01 -1.25272997e-05  1.04854281e-11  1.39342287e-12 
 2.94406114e-05  2.00564596e-01  2.00780651e-01  2.00770602e-01 -1.24819061e-05 -1.04898503e-11  1.43563514e-12 
 2.94656114e-05  2.00564529e-01  2.00780871e-01  2.00770803e-01 -1.25272872e-05  1.04701167e-11  1.39011160e-12 
 2.94906114e-05  2.00564607e-01  2.00781026e-01  2.00770982e-01 -1.24819189e-05 -1.04635263e-11  1.43239272e-12 
 2.95156114e-05  2.00564540e-01  2.00781204e-01  2.00771140e-01 -1.25272747e-05  1.04536711e-11  1.38755018e-12 
 2.95406114e-05  2.00564618e-01  2.00781321e-01  2.00771280e-01 -1.24819316e-05 -1.04483414e-11  1.42986621e-12 
 2.95656114e-05  2.00564551e-01  2.00781465e-01  2.00771404e-01 -1.25272621e-05  1.04395288e-11  1.38558089e-12 
 2.95906114e-05  2.00564629e-01  2.00781553e-01  2.00771514e-01 -1.24819443e-05 -1.04373207e-11  1.42787480e-12 
 2.96156114e-05  2.00564562e-01  2.00781671e-01  2.00771612e-01 -1.25272495e-05  1.04272012e-11  1.38407932e-12 
 2.96406114e-05  2.00564640e-01  2.00781736e-01  2.00771699e-01 -1.24819570e-05 -1.04277988e-11  1.42629279e-12 
 2.96656114e-05  2.00564573e-01  2.00781833e-01  2.00771777e-01 -1.25272369e-05  1.04161452e-11  1.38294340e-12 
 2.96906114e-05  2.00564651e-01  2.00781880e-01  2.00771846e-01 -1.24819697e-05 -1.04186891e-11  1.42502855e-12 
 2.97156114e-05  2.00564584e-01  2.00781962e-01  2.00771907e-01 -1.25272243e-05  1.04058574e-11  1.38209116e-12 
 2.97406114e-05  2.00564662e-01  2.00781995e-01  2.00771962e-01 -1.24819824e-05 -1.04099546e-11  1.42401005e-12 
 2.97656114e-05  2.00564594e-01  2.00782065e-01  2.00772011e-01 -1.25272117e-05  1.03958417e-11  1.38146054e-12 
 2.97906114e-05  2.00564672e-01  2.00782088e-01  2.00772055e-01 -1.24819951e-05 -1.04012758e-11  1.42318546e-12 
 2.98156114e-05  2.00564605e-01  2.00782148e-01  2.00772095e-01 -1.25271991e-05  1.03863259e-11  1.38100306e-12 
 2.98406114e-05  2.00564683e-01  2.00782162e-01  2.00772130e-01 -1.24820078e-05 -1.03924890e-11  1.42251000e-12 
 2.98656114e-05  2.00564616e-01  2.00782214e-01  2.00772162e-01 -1.25271864e-05  1.03770313e-11  1.38067948e-12 
 2.98906114e-05  2.00564694e-01  2.00782222e-01  2.00772191e-01 -1.24820204e-05 -1.03838570e-11  1.42195012e-12 
 2.99156114e-05  2.00564627e-01  2.00782269e-01  2.00772217e-01 -1.25271738e-05  1.03677032e-11  1.38046069e-12 
 2.99406114e-05  2.00564705e-01  2.00782271e-01  2.00772241e-01 -1.24820331e-05 -1.03751955e-11  1.42148316e-12 
 2.99656114e-05  2.00564638e-01  2.00782313e-01  2.00772262e-01 -1.25271611e-05  1.03586399e-11  1.38032207e-12 
 2.99906114e-05  2.00564716e-01  2.00782311e-01  2.00772282e-01 -1.24820457e-05 -1.03664750e-11  1.42108591e-12 
 3.00156114e-05  2.00564649e-01  2.00782350e-01  2.00772299e-01 -1.25271485e-05  1.03497556e-11  1.38024737e-12 
 3.00406114e-05  2.00564727e-01  2.00782346e-01  2.00772316e-01 -1.24820584e-05 -1.03577327e-11  1.42074422e-12 
 3.00656114e-05  2.00564660e-01  2.00782382e-01  2.00772331e-01 -1.25271359e-05  1.03409941e-11  1.38022222e-12 
 3.00906114e-05  2.00564737e-01  2.00782374e-01  2.00772345e-01 -1.24820710e-05 -1.03489944e-11  1.42044482e-12 
 3.01156114e-05  2.00564670e-01  2.00782408e-01  2.00772358e-01 -1.25271232e-05  1.03322273e-11  1.38023512e-12 
 3.01406114e-05  2.00564748e-01  2.00782399e-01  2.00772370e-01 -1.24820837e-05 -1.03403393e-11  1.42017951e-12 
 3.01656114e-05  2.00564681e-01  2.00782432e-01  2.00772381e-01 -1.25271106e-05  1.03235643e-11  1.38027832e-12 
 3.01828057e-05  2.00564757e-01  2.00782418e-01  2.00772389e-01 -1.24820992e-05 -1.03042609e-11  1.41986428e-12 
 3.02000000e-05  2.00564689e-01  2.00782446e-01  2.00772396e-01 -1.25270922e-05  1.03079839e-11  1.38040019e-12 
 3.02000248e-05  2.00563255e-01  2.00767961e-01  2.00772254e-01 -1.49151717e-05 -4.89086659e-09 -6.20465727e-10 
 3.02000743e-05  2.00562330e-01  2.00746014e-01  2.00771757e-01 -1.50307146e-05 -1.47518331e-08 -1.80144031e-09 
 3.02001734e-05  2.00561387e-01  2.00719929e-01  2.00769860e-01 -1.49879241e-05 -3.27829101e-08 -3.98339291e-09 
 3.02003026e-05  2.00560126e-01  2.00700535e-01  2.00766350e-01 -1.50498874e-05 -5.39323411e-08 -6.64322507e-09 
 3.02004513e-05  2.00558953e-01  2.00690322e-01  2.00761674e-01 -1.49970354e-05 -7.59313052e-08 -9.51609985e-09 
 3.02007316e-05  2.00556435e-01  2.00681588e-01  2.00752568e-01 -1.50693078e-05 -1.10977183e-07 -1.44716669e-08 
 3.02012923e-05  2.00551891e-01  2.00676358e-01  2.00735703e-01 -1.53340797e-05 -1.62798334e-07 -2.28123818e-08 
 3.02015225e-05  2.00550201e-01  2.00675854e-01  2.00729574e-01 -1.61145653e-05 -1.78796957e-07 -2.56603783e-08 
 3.02016892e-05  2.00549673e-01  2.00677554e-01  2.00725515e-01 -1.73935613e-05 -1.88268857e-07 -2.74669365e-08 
 3.02018256e-05  2.00549601e-01  2.00680655e-01  2.00722517e-01 -1.94221067e-05 -1.93898215e-07 -2.87336944e-08 
 3.02019594e-05  2.00550386e-01  2.00686574e-01  2.00719966e-01 -2.23228045e-05 -1.96866505e-07 -2.97229909e-08 
 3.02020921e-05  2.00551649e-01  2.00695690e-01  2.00717955e-01 -2.63558621e-05 -1.96158925e-07 -3.03853593e-08 
 3.02022119e-05  2.00553455e-01  2.00708050e-01  2.00716733e-01 -3.07973718e-05 -1.91355250e-07 -3.06171524e-08 
 3.02023144e-05  2.00555049e-01  2.00722754e-01  2.00716276e-01 -3.52310695e-05 -1.82787176e-07 -3.04450800e-08 
 3.02024019e-05  2.00556526e-01  2.00739829e-01  2.00716448e-01 -3.92640051e-05 -1.71110494e-07 -2.99253810e-08 
 3.02024790e-05  2.00557475e-01  2.00759561e-01  2.00717152e-01 -4.29915362e-05 -1.56281566e-07 -2.90855905e-08 
 3.02025496e-05  2.00558129e-01  2.00783026e-01  2.00718380e-01 -4.63473008e-05 -1.37927111e-07 -2.78964977e-08 
 3.02026189e-05  2.00558259e-01  2.00812354e-01  2.00720274e-01 -4.95747205e-05 -1.14376461e-07 -2.62334360e-08 
 3.02026980e-05  2.00558410e-01  2.00854026e-01  2.00723481e-01 -5.30414515e-05 -8.03356409e-08 -2.36349534e-08 
 3.02027773e-05  2.00558937e-01  2.00902494e-01  2.00727997e-01 -5.64208791e-05 -4.00476554e-08 -2.03000156e-08 
 3.02028867e-05  2.00560878e-01  2.00974745e-01  2.00736591e-01 -6.09444081e-05  1.85300719e-08 -1.46655216e-08 
 3.02029852e-05  2.00563395e-01  2.01041600e-01  2.00746697e-01 -6.48625108e-05  6.41013353e-08 -8.74482302e-09 
 3.02030938e-05  2.00567405e-01  2.01114073e-01  2.00760353e-01 -6.90613264e-05  9.77351224e-08 -1.46973703e-09 
 3.02032198e-05  2.00573508e-01  2.01192386e-01  2.00779164e-01 -7.39256731e-05  1.20017708e-07  7.72232963e-09 
 3.02033387e-05  2.00580632e-01  2.01258193e-01  2.00799430e-01 -7.83756380e-05  1.35353002e-07  1.69752475e-08 
 3.02034670e-05  2.00589030e-01  2.01319394e-01  2.00823402e-01 -8.25787818e-05  1.51812312e-07  2.73801574e-08 
 3.02035929e-05  2.00598022e-01  2.01367802e-01  2.00848463e-01 -8.55222359e-05  1.68870094e-07  3.77786016e-08 
 3.02036739e-05  2.00603819e-01  2.01390272e-01  2.00865059e-01 -8.59949670e-05  1.80084570e-07  4.43663548e-08 
 3.02037283e-05  2.00607750e-01  2.01398508e-01  2.00876249e-01 -8.46821234e-05  1.87177236e-07  4.85825958e-08 
 3.02037759e-05  2.00610871e-01  2.01397350e-01  2.00885893e-01 -8.14579844e-05  1.92619410e-07  5.19347161e-08 
 3.02038260e-05  2.00613912e-01  2.01383486e-01  2.00895712e-01 -7.58955708e-05  1.96874808e-07  5.49098400e-08 
 3.02038912e-05  2.00617072e-01  2.01343113e-01  2.00907485e-01 -6.64502001e-05  1.99615612e-07  5.76554320e-08 
 3.02039522e-05  2.00619373e-01  2.01284569e-01  2.00917037e-01 -5.68316839e-05  1.99149323e-07  5.89987552e-08 
 3.02040381e-05  2.00621407e-01  2.01179969e-01  2.00927342e-01 -4.41294161e-05  1.94225778e-07  5.90572431e-08 
 3.02041303e-05  2.00622486e-01  2.01057162e-01  2.00933905e-01 -3.34691340e-05  1.84679518e-07  5.72616380e-08 
 3.02042029e-05  2.00622663e-01  2.00964994e-01  2.00935826e-01 -2.75396700e-05  1.75175066e-07  5.49464080e-08 
 3.02042759e-05  2.00622537e-01  2.00883286e-01  2.00935201e-01 -2.34420950e-05  1.64569699e-07  5.21821972e-08 
 3.02043599e-05  2.00622058e-01  2.00805646e-01  2.00931871e-01 -2.03714331e-05  1.51670761e-07  4.87540483e-08 
 3.02044441e-05  2.00621437e-01  2.00744911e-01  2.00926352e-01 -1.85699000e-05  1.38295888e-07  4.52479270e-08 
 3.02045406e-05  2.00620561e-01  2.00693196e-01  2.00918124e-01 -1.73876735e-05  1.22752985e-07  4.12966749e-08 
 3.02046438e-05  2.00619586e-01  2.00654074e-01  2.00907824e-01 -1.67741870e-05  1.06036182e-07  3.72268050e-08 
 3.02047684e-05  2.00618329e-01  2.00622013e-01  2.00894216e-01 -1.64121405e-05  8.60225893e-08  3.25691869e-08 
 3.02048842e-05  2.00617175e-01  2.00601733e-01  2.00880980e-01 -1.62989748e-05  6.77313764e-08  2.84840872e-08 
 3.02050000e-05  2.00615991e-01  2.00586769e-01  2.00867545e-01 -1.62274723e-05  4.99037780e-08  2.46128005e-08 
 3.02050026e-05  2.00616533e-01  2.00588694e-01  2.00867246e-01 -1.40154410e-05  4.98577710e-08  2.46002306e-08 
 3.02050078e-05  2.00617013e-01  2.00592227e-01  2.00866650e-01 -1.36500298e-05  4.98176042e-08  2.45717124e-08 
 3.02050182e-05  2.00616917e-01  2.00597795e-01  2.00865482e-01 -1.35300821e-05  4.98182706e-08  2.45014331e-08 
 3.02050390e-05  2.00616989e-01  2.00606040e-01  2.00863218e-01 -1.33180959e-05  4.97472175e-08  2.43480653e-08 
 3.02050720e-05  2.00616937e-01  2.00616019e-01  2.00859770e-01 -1.30640664e-05  4.95307429e-08  2.40866692e-08 
 3.02051382e-05  2.00616938e-01  2.00629632e-01  2.00853318e-01 -1.27352914e-05  4.88167105e-08  2.35234393e-08 
 3.02052706e-05  2.00616768e-01  2.00641518e-01  2.00841570e-01 -1.24548542e-05  4.68717651e-08  2.23461278e-08 
 3.02055353e-05  2.00616497e-01  2.00639091e-01  2.00820321e-01 -1.23627618e-05  4.25202557e-08  2.00681704e-08 
 3.02058219e-05  2.00616139e-01  2.00625424e-01  2.00798838e-01 -1.23720777e-05  3.80168977e-08  1.78465220e-08 
 3.02062885e-05  2.00615695e-01  2.00602997e-01  2.00765607e-01 -1.23740978e-05  3.15835649e-08  1.47376481e-08 
 3.02069911e-05  2.00615038e-01  2.00572695e-01  2.00719329e-01 -1.23766048e-05  2.38180180e-08  1.10155526e-08 
 3.02083964e-05  2.00614098e-01  2.00524365e-01  2.00639983e-01 -1.23862854e-05  1.33590332e-08  6.02613922e-09 
 3.02112069e-05  2.00612830e-01  2.00466378e-01  2.00528692e-01 -1.23996278e-05  3.67113137e-09  1.47462478e-09 
 3.02161440e-05  2.00611848e-01  2.00446515e-01  2.00446944e-01 -1.24250516e-05 -8.02512640e-11 -1.71770296e-10 
 3.02217912e-05  2.00611382e-01  2.00491847e-01  2.00459901e-01 -1.24435860e-05 -4.43340735e-11 -5.81209907e-11 
 3.02314465e-05  2.00611148e-01  2.00611130e-01  2.00567371e-01 -1.24691286e-05  1.38172562e-11  2.35049689e-11 
 3.02427707e-05  2.00611046e-01  2.00733815e-01  2.00699273e-01 -1.24825764e-05  1.62734359e-11  2.80552736e-11 
 3.02587815e-05  2.00611069e-01  2.00825635e-01  2.00806589e-01 -1.24959219e-05  7.76383103e-12  1.46911835e-11 
 3.02826732e-05  2.00611019e-01  2.00840000e-01  2.00833361e-01 -1.25005536e-05 -7.84658579e-13  3.49402039e-13 
 3.03076732e-05  2.00611005e-01  2.00800507e-01  2.00794781e-01 -1.25047901e-05 -3.16381686e-12 -3.40540199e-12 
 3.03326732e-05  2.00610935e-01  2.00778513e-01  2.00769264e-01 -1.25031573e-05 -8.58368715e-13 -4.94278175e-13 
 3.03576732e-05  2.00610964e-01  2.00784047e-01  2.00772559e-01 -1.25053465e-05  1.91369273e-13  2.04730812e-12 
 3.03788366e-05  2.00610943e-01  2.00796475e-01  2.00784955e-01 -1.25031621e-05  1.16258652e-12  2.87163972e-12 
 3.04000000e-05  2.00610990e-01  2.00805423e-01  2.00794587e-01 -1.25053203e-05  1.37290786e-13  2.16066650e-12 
 3.04000147e-05  2.00613372e-01  2.00825697e-01  2.00794710e-01 -1.09661217e-05  1.86683032e-09  7.67857989e-10 
 3.04000440e-05  2.00615549e-01  2.00857720e-01  2.00795141e-01 -1.02976581e-05  5.43139054e-09  2.24068535e-09 
 3.04001026e-05  2.00618948e-01  2.00899306e-01  2.00796840e-01 -9.72106895e-06  1.12540623e-08  5.01807033e-09 
 3.04001855e-05  2.00624255e-01  2.00939367e-01  2.00800509e-01 -9.09558819e-06  1.74175803e-08  8.71531199e-09 
 3.04003514e-05  2.00634089e-01  2.00981327e-01  2.00810128e-01 -8.80754232e-06  2.62302354e-08  1.55646540e-08 
 3.04006617e-05  2.00652985e-01  2.01010232e-01  2.00830653e-01 -8.64080063e-06  3.79751633e-08  2.71021951e-08 
 3.04010320e-05  2.00675122e-01  2.01024513e-01  2.00855022e-01 -8.74706255e-06  4.95448324e-08  3.91384734e-08 
 3.04016331e-05  2.00712380e-01  2.01043611e-01  2.00891292e-01 -9.01807695e-06  6.21656893e-08  5.52833082e-08 
 3.04017261e-05  2.00718376e-01  2.01045533e-01  2.00896526e-01 -9.28515697e-06  6.20173617e-08  5.74048588e-08 
 3.04019122e-05  2.00732069e-01  2.01045341e-01  2.00906492e-01 -1.03306500e-05  4.71529968e-08  6.11180224e-08 
 3.04020376e-05  2.00742551e-01  2.01039756e-01  2.00912655e-01 -1.19671013e-05  1.73060702e-08  6.30384594e-08 
 3.04021453e-05  2.00753377e-01  2.01029192e-01  2.00917371e-01 -1.39573157e-05 -3.25334168e-08  6.40947911e-08 
 3.04022548e-05  2.00766236e-01  2.01010733e-01  2.00921338e-01 -1.67862112e-05 -1.17596747e-07  6.43740122e-08 
 3.04023661e-05  2.00783306e-01  2.00982464e-01  2.00924176e-01 -1.99184454e-05 -2.52571500e-07  6.35925754e-08 
 3.04024742e-05  2.00806389e-01  2.00943499e-01  2.00925393e-01 -2.28669296e-05 -4.45281245e-07  6.15086658e-08 
 3.04025777e-05  2.00840587e-01  2.00893554e-01  2.00924707e-01 -2.47224546e-05 -7.02232849e-07  5.79748067e-08 
 3.04026909e-05  2.00902743e-01  2.00824796e-01  2.00921360e-01 -2.62098103e-05 -1.07803881e-06  5.20945263e-08 
 3.04028056e-05  2.01012004e-01  2.00745704e-01  2.00914804e-01 -2.80242974e-05 -1.56110471e-06  4.39542328e-08 
 3.04029892e-05  2.01362518e-01  2.00615228e-01  2.00897500e-01 -3.17358090e-05 -2.52737231e-06  2.65550911e-08 
 3.04031427e-05  2.01901707e-01  2.00510272e-01  2.00876949e-01 -3.49784918e-05 -3.49628490e-06  7.98719910e-09 
 3.04032772e-05  2.02626485e-01  2.00425862e-01  2.00855014e-01 -3.78057151e-05 -4.44149958e-06 -1.11247831e-08 
 3.04033933e-05  2.03480460e-01  2.00361050e-01  2.00833596e-01 -3.99148068e-05 -5.31372711e-06 -2.96053247e-08 
 3.04034692e-05  2.04163097e-01  2.00325052e-01  2.00818642e-01 -4.10466308e-05 -5.89970208e-06 -4.24908195e-08 
 3.04035085e-05  2.04559194e-01  2.00309814e-01  2.00810665e-01 -4.13651791e-05 -6.20393705e-06 -4.93540806e-08 
 3.04035467e-05  2.04975841e-01  2.00299099e-01  2.00802823e-01 -4.14943121e-05 -6.49483435e-06 -5.60685545e-08 
 3.04035747e-05  2.05301665e-01  2.00295400e-01  2.00797093e-01 -4.12827916e-05 -6.69968834e-06 -6.09192338e-08 
 3.04035999e-05  2.05613745e-01  2.00296949e-01  2.00791959e-01 -4.08318090e-05 -6.87419695e-06 -6.51652821e-08 
 3.04036265e-05  2.05962806e-01  2.00306025e-01  2.00786664e-01 -3.99121376e-05 -7.04082375e-06 -6.93628238e-08 
 3.04036605e-05  2.06443897e-01  2.00332006e-01  2.00780210e-01 -3.81375123e-05 -7.21920754e-06 -7.41169296e-08 
 3.04036922e-05  2.06930672e-01  2.00371281e-01  2.00774688e-01 -3.59727926e-05 -7.34580268e-06 -7.78286678e-08 
 3.04037391e-05  2.07722560e-01  2.00450912e-01  2.00767737e-01 -3.22453737e-05 -7.46349153e-06 -8.21120186e-08 
 3.04037766e-05  2.08414495e-01  2.00526605e-01  2.00763433e-01 -2.91123729e-05 -7.50336145e-06 -8.46568323e-08 
 3.04038110e-05  2.09090719e-01  2.00599346e-01  2.00760562e-01 -2.63199442e-05 -7.50532773e-06 -8.65053032e-08 
 3.04038489e-05  2.09880867e-01  2.00678402e-01  2.00758580e-01 -2.34788839e-05 -7.47758724e-06 -8.82141335e-08 
 3.04038915e-05  2.10819877e-01  2.00761483e-01  2.00757757e-01 -2.06565857e-05 -7.41850174e-06 -8.99366941e-08 
 3.04039343e-05  2.11810741e-01  2.00835731e-01  2.00758280e-01 -1.82841082e-05 -7.33841861e-06 -9.16318083e-08 
 3.04039818e-05  2.12964257e-01  2.00906130e-01  2.00760211e-01 -1.61417137e-05 -7.23376909e-06 -9.36337276e-08 
 3.04040326e-05  2.14256612e-01  2.00967716e-01  2.00763564e-01 -1.43824857e-05 -7.11081474e-06 -9.60219793e-08 
 3.04040921e-05  2.15843024e-01  2.01023956e-01  2.00768793e-01 -1.28614786e-05 -6.95947531e-06 -9.92171290e-08 
 3.04041595e-05  2.17731108e-01  2.01070947e-01  2.00775938e-01 -1.16953558e-05 -6.78461027e-06 -1.03378552e-07 
 3.04042422e-05  2.20178791e-01  2.01111019e-01  2.00785866e-01 -1.07817805e-05 -6.57053789e-06 -1.09247014e-07 
 3.04043424e-05  2.23332902e-01  2.01142570e-01  2.00798868e-01 -1.01679614e-05 -6.31658258e-06 -1.17381360e-07 
 3.04044753e-05  2.27831104e-01  2.01168402e-01  2.00816810e-01 -9.75115703e-06 -5.99247097e-06 -1.29699308e-07 
 3.04046546e-05  2.34464729e-01  2.01189943e-01  2.00841201e-01 -9.51371974e-06 -5.57968067e-06 -1.48731858e-07 
 3.04048273e-05  2.41458916e-01  2.01204966e-01  2.00864321e-01 -9.38730860e-06 -5.20816590e-06 -1.69373381e-07 
 3.04050000e-05  2.49031287e-01  2.01218310e-01  2.00886845e-01 -9.30295718e-06 -4.86094810e-06 -1.91994560e-07 
 3.04050042e-05  2.49220615e-01  2.01211530e-01  2.00887372e-01 -1.04502360e-05 -4.85329231e-06 -1.92795326e-07 
 3.04050126e-05  2.49600875e-01  2.01199680e-01  2.00888406e-01 -1.08117404e-05 -4.83798057e-06 -1.94376178e-07 
 3.04050294e-05  2.50362335e-01  2.01182075e-01  2.00890365e-01 -1.08930793e-05 -4.80729835e-06 -1.97477677e-07 
 3.04050630e-05  2.51879544e-01  2.01155952e-01  2.00893951e-01 -1.12360535e-05 -4.74593665e-06 -2.03557267e-07 
 3.04051302e-05  2.54895836e-01  2.01118935e-01  2.00900143e-01 -1.15099679e-05 -4.62424988e-06 -2.15270526e-07 
 3.04052646e-05  2.60851433e-01  2.01077571e-01  2.00909988e-01 -1.18163873e-05 -4.38824715e-06 -2.37220771e-07 
 3.04054271e-05  2.67919585e-01  2.01058940e-01  2.00919321e-01 -1.17965696e-05 -4.11813802e-06 -2.61461114e-07 
 3.04057006e-05  2.79486228e-01  2.01055268e-01  2.00932569e-01 -1.18095375e-05 -3.70050632e-06 -2.97237658e-07 
 3.04061084e-05  2.96011836e-01  2.01072830e-01  2.00950884e-01 -1.16991807e-05 -3.15454380e-06 -3.40315361e-07 
 3.04067909e-05  3.21839555e-01  2.01130850e-01  2.00984729e-01 -1.16706603e-05 -2.41296571e-06 -3.89951430e-07 
 3.04081064e-05  3.65770917e-01  2.01327197e-01  2.01082313e-01 -1.15081931e-05 -1.42805706e-06 -4.29973718e-07 
 3.04096857e-05  4.09254975e-01  2.01703575e-01  2.01285399e-01 -1.14768297e-05 -7.57183467e-07 -4.17523126e-07 
 3.04116440e-05  4.50771349e-01  2.02380328e-01  2.01705562e-01 -1.13903031e-05 -3.41135662e-07 -3.58960910e-07 
 3.04136427e-05  4.81332116e-01  2.03306359e-01  2.02349649e-01 -1.14467551e-05 -1.52113644e-07 -2.83980249e-07 
 3.04155862e-05  5.02334617e-01  2.04419235e-01  2.03191041e-01 -1.14325539e-05 -7.03620447e-08 -2.15604995e-07 
 3.04174828e-05  5.16793615e-01  2.05685694e-01  2.04209257e-01 -1.15292577e-05 -3.37698376e-08 -1.60105972e-07 
 3.04195636e-05  5.27802730e-01  2.07251074e-01  2.05531011e-01 -1.15430925e-05 -1.53616760e-08 -1.12957329e-07 
 3.04218454e-05  5.35836937e-01  2.09144923e-01  2.07195962e-01 -1.16633330e-05 -6.65729404e-09 -7.55605323e-08 
 3.04244576e-05  5.41640546e-01  2.11497348e-01  2.09333655e-01 -1.16982508e-05 -2.60906630e-09 -4.67438966e-08 
 3.04274023e-05  5.45492345e-01  2.14335631e-01  2.11981848e-01 -1.18344781e-05 -8.27105753e-10 -2.65890713e-08 
 3.04308754e-05  5.47950993e-01  2.17876193e-01  2.15353962e-01 -1.18812237e-05  3.30350944e-11 -1.31461725e-08 
 3.04349839e-05  5.49347477e-01  2.22263311e-01  2.19598354e-01 -1.20241339e-05  5.13291796e-10 -5.16897260e-09 
 3.04401096e-05  5.50057814e-01  2.27948111e-01  2.25162824e-01 -1.20723300e-05  8.35754669e-10 -8.72393699e-10 
 3.04466570e-05  5.50342145e-01  2.35434437e-01  2.32553153e-01 -1.22096436e-05  1.07410983e-09  1.06016042e-09 
 3.04538473e-05  5.50412325e-01  2.43837829e-01  2.40894820e-01 -1.22293565e-05  1.22577690e-09  1.71638782e-09 
 3.04618262e-05  5.50427382e-01  2.53291720e-01  2.50310049e-01 -1.23238023e-05  1.33677855e-09  1.99928189e-09 
 3.04707552e-05  5.50431953e-01  2.63958613e-01  2.60954248e-01 -1.23075914e-05  1.41524360e-09  2.16985157e-09 
 3.04809326e-05  5.50435187e-01  2.76170720e-01  2.73154585e-01 -1.23731476e-05  1.47619362e-09  2.28839543e-09 
 3.04924050e-05  5.50439439e-01  2.89959902e-01  2.86939962e-01 -1.23349127e-05  1.51470242e-09  2.37213521e-09 
 3.05057044e-05  5.50444320e-01  3.05939756e-01  3.02921744e-01 -1.23845963e-05  1.54393375e-09  2.42822340e-09 
 3.05213928e-05  5.50450855e-01  3.24750903e-01  3.21740121e-01 -1.23361725e-05  1.56001462e-09  2.46865893e-09 
 3.05410911e-05  5.50459156e-01  3.48269105e-01  3.45273175e-01 -1.23793071e-05  1.57623331e-09  2.50090241e-09 
 3.05660911e-05  5.50470997e-01  3.77857086e-01  3.74893035e-01 -1.23265833e-05  1.58834486e-09  2.53832017e-09 
 3.05910911e-05  5.50483577e-01  4.06940913e-01  4.04037187e-01 -1.23680651e-05  1.59909132e-09  2.56898758e-09 
 3.06160911e-05  5.50497615e-01  4.35038915e-01  4.32256887e-01 -1.23169288e-05  1.58164323e-09  2.56675520e-09 
 3.06410911e-05  5.50511886e-01  4.61169326e-01  4.58631822e-01 -1.23642142e-05  1.49841288e-09  2.45158874e-09 
 3.06660911e-05  5.50525863e-01  4.83634298e-01  4.81542631e-01 -1.23271013e-05  1.27401574e-09  2.11351411e-09 
 3.06823848e-05  5.50533432e-01  4.95345749e-01  4.93667835e-01 -1.23876963e-05  1.03752167e-09  1.73536132e-09 
 3.06968936e-05  5.50539108e-01  5.03338965e-01  5.02071152e-01 -1.23574621e-05  7.78602231e-10  1.32448021e-09 
 3.07145598e-05  5.50543478e-01  5.10048692e-01  5.09237629e-01 -1.24274146e-05  4.73197955e-10  8.25147009e-10 
 3.07319567e-05  5.50546062e-01  5.14111034e-01  5.13613342e-01 -1.24015507e-05  2.41057741e-10  4.47703656e-10 
 3.07504830e-05  5.50546909e-01  5.16881351e-01  5.16538165e-01 -1.24650033e-05  1.13356774e-10  2.27423786e-10 
 3.07687467e-05  5.50547443e-01  5.19084310e-01  5.18765861e-01 -1.24274389e-05  7.82819861e-11  1.66386695e-10 
 3.07890292e-05  5.50547616e-01  5.21587693e-01  5.21243386e-01 -1.24783372e-05  9.62341589e-11  1.84711797e-10 
 3.08078653e-05  5.50548352e-01  5.24065438e-01  5.23704264e-01 -1.24320137e-05  1.15150546e-10  2.16644319e-10 
 3.08328653e-05  5.50549141e-01  5.27324891e-01  5.26978654e-01 -1.24784529e-05  1.24653152e-10  2.25756703e-10 
 3.08578653e-05  5.50550324e-01  5.30265961e-01  5.29962569e-01 -1.24318462e-05  1.08445197e-10  2.02247525e-10 
 3.08828653e-05  5.50550982e-01  5.32763338e-01  5.32505101e-01 -1.24796307e-05  9.00493016e-11  1.65979029e-10 
 3.09078653e-05  5.50551830e-01  5.34873522e-01  5.34649518e-01 -1.24340311e-05  7.16279397e-11  1.38089339e-10 
 3.09328653e-05  5.50552188e-01  5.36705397e-01  5.36504789e-01 -1.24817332e-05  6.38845112e-11  1.18920479e-10 
 3.09578653e-05  5.50552848e-01  5.38331444e-01  5.38149397e-01 -1.24356280e-05  5.50551885e-11  1.07084754e-10 
 3.09828653e-05  5.50553094e-01  5.39781044e-01  5.39615901e-01 -1.24828415e-05  5.14417302e-11  9.52583099e-11 
 3.10078653e-05  5.50553664e-01  5.41064036e-01  5.40915277e-01 -1.24365423e-05  4.33136114e-11  8.50795157e-11 
 3.10328653e-05  5.50553820e-01  5.42192614e-01  5.42058567e-01 -1.24836468e-05  3.99465942e-11  7.39683687e-11 
 3.10578653e-05  5.50554300e-01  5.43183736e-01  5.43062701e-01 -1.24373183e-05  3.27968891e-11  6.56357137e-11 
 3.10828653e-05  5.50554375e-01  5.44056510e-01  5.43946446e-01 -1.24843124e-05  3.09070883e-11  5.71415734e-11 
 3.11078653e-05  5.50554787e-01  5.44826520e-01  5.44726200e-01 -1.24379189e-05  2.51343525e-11  5.12939165e-11 
 3.11328653e-05  5.50554805e-01  5.45506719e-01  5.45414811e-01 -1.24848004e-05  2.42987887e-11  4.47200706e-11 
 3.11578653e-05  5.50555167e-01  5.46106963e-01  5.46022718e-01 -1.24383690e-05  1.92980404e-11  4.03362642e-11 
 3.11828653e-05  5.50555141e-01  5.46636693e-01  5.46559044e-01 -1.24851694e-05  1.91214958e-11  3.49881610e-11 
 3.12078653e-05  5.50555465e-01  5.47103823e-01  5.47032168e-01 -1.24387215e-05  1.47163976e-11  3.17334805e-11 
 3.12328653e-05  5.50555405e-01  5.47516183e-01  5.47449622e-01 -1.24854530e-05  1.51026990e-11  2.74178974e-11 
 3.12578653e-05  5.50555698e-01  5.47879984e-01  5.47818087e-01 -1.24389970e-05  1.11851086e-11  2.50869677e-11 
 3.12828653e-05  5.50555612e-01  5.48201293e-01  5.48143341e-01 -1.24856680e-05  1.20047498e-11  2.15675995e-11 
 3.13078653e-05  5.50555882e-01  5.48484774e-01  5.48430472e-01 -1.24392126e-05  8.44920401e-12  1.99316987e-11 
 3.13328653e-05  5.50555775e-01  5.48735170e-01  5.48683926e-01 -1.24858312e-05  9.59769243e-12  1.70161973e-11 
 3.13578653e-05  5.50556027e-01  5.48956058e-01  5.48907673e-01 -1.24393829e-05  6.32057406e-12  1.59188227e-11 
 3.13828653e-05  5.50555904e-01  5.49151209e-01  5.49105190e-01 -1.24859547e-05  7.72745951e-12  1.34751072e-11 
 3.14078653e-05  5.50556142e-01  5.49323354e-01  5.49279577e-01 -1.24395181e-05  4.66606463e-12  1.27984070e-11 
 3.14328653e-05  5.50556008e-01  5.49475481e-01  5.49433532e-01 -1.24860474e-05  6.27459239e-12  1.07205942e-11 
 3.14578653e-05  5.50556234e-01  5.49609656e-01  5.49569468e-01 -1.24396262e-05  3.37857628e-12  1.03700855e-11 
 3.14828653e-05  5.50556090e-01  5.49728257e-01  5.49689480e-01 -1.24861163e-05  5.14463689e-12  8.57571392e-12 
 3.15078653e-05  5.50556308e-01  5.49832841e-01  5.49795450e-01 -1.24397134e-05  2.37569968e-12  8.47909069e-12 
 3.15328653e-05  5.50556157e-01  5.49925313e-01  5.49889009e-01 -1.24861669e-05  4.26562800e-12  6.90503497e-12 
 3.15578653e-05  5.50556369e-01  5.50006836e-01  5.49971625e-01 -1.24397843e-05  1.59420849e-12  7.00633182e-12 
 3.15828653e-05  5.50556212e-01  5.50078943e-01  5.50044566e-01 -1.24862031e-05  3.58177138e-12  5.60344420e-12 
 3.16078653e-05  5.50556418e-01  5.50142492e-01  5.50108979e-01 -1.24398425e-05  9.84868220e-13  5.85901629e-12 
 3.16328653e-05  5.50556256e-01  5.50198723e-01  5.50165848e-01 -1.24862283e-05  3.04969027e-12  4.58911338e-12 
 3.16578653e-05  5.50556459e-01  5.50248260e-01  5.50216071e-01 -1.24398909e-05  5.09493923e-13  4.96505436e-12 
 3.16828653e-05  5.50556294e-01  5.50292115e-01  5.50260412e-01 -1.24862448e-05  2.63574427e-12  3.79850285e-12 
 3.17078653e-05  5.50556493e-01  5.50330729e-01  5.50299572e-01 -1.24399316e-05  1.38432885e-13  4.26842340e-12 
 3.17328653e-05  5.50556325e-01  5.50364935e-01  5.50334146e-01 -1.24862546e-05  2.31378220e-12  3.18218271e-12 
 3.17578653e-05  5.50556522e-01  5.50395033e-01  5.50364681e-01 -1.24399664e-05 -1.51381295e-13  3.72551561e-12 
 3.17828653e-05  5.50556352e-01  5.50421716e-01  5.50391639e-01 -1.24862593e-05  2.06346030e-12  2.70166832e-12 
 3.18078653e-05  5.50556547e-01  5.50445176e-01  5.50415450e-01 -1.24399965e-05 -3.77887175e-13  3.30238067e-12 
 3.18328653e-05  5.50556376e-01  5.50465992e-01  5.50436471e-01 -1.24862599e-05  1.86894272e-12  2.32699699e-12 
 3.18578653e-05  5.50556568e-01  5.50484276e-01  5.50455039e-01 -1.24400230e-05 -5.55056652e-13  2.97258279e-12 
 3.18828653e-05  5.50556396e-01  5.50500518e-01  5.50471431e-01 -1.24862573e-05  1.71790707e-12  2.03482966e-12 
 3.19078653e-05  5.50556588e-01  5.50514767e-01  5.50485911e-01 -1.24400467e-05 -6.93769478e-13  2.71552686e-12 
 3.19328653e-05  5.50556415e-01  5.50527442e-01  5.50498693e-01 -1.24862523e-05  1.60074558e-12  1.80698083e-12 
 3.19578653e-05  5.50556605e-01  5.50538545e-01  5.50509985e-01 -1.24400682e-05 -8.02496741e-13  2.51516635e-12 
 3.19828653e-05  5.50556431e-01  5.50548439e-01  5.50519953e-01 -1.24862454e-05  1.50998181e-12  1.62928086e-12 
 3.20078653e-05  5.50556621e-01  5.50557088e-01  5.50528760e-01 -1.24400879e-05 -8.87840799e-13  2.35899587e-12 
 3.20328653e-05  5.50556447e-01  5.50564813e-01  5.50536533e-01 -1.24862370e-05  1.43978622e-12  1.49068290e-12 
 3.20578653e-05  5.50556636e-01  5.50571550e-01  5.50543402e-01 -1.24401063e-05 -9.54950962e-13  2.23726934e-12 
 3.20828653e-05  5.50556461e-01  5.50577583e-01  5.50549464e-01 -1.24862274e-05  1.38561515e-12  1.38257862e-12 
 3.21078653e-05  5.50556650e-01  5.50582830e-01  5.50554822e-01 -1.24401237e-05 -1.00783249e-12  2.14238886e-12 
 3.21328653e-05  5.50556475e-01  5.50587543e-01  5.50559550e-01 -1.24862170e-05  1.34393386e-12  1.29825718e-12 
 3.21578653e-05  5.50556663e-01  5.50591627e-01  5.50563729e-01 -1.24401402e-05 -1.04961092e-12  2.06843516e-12 
 3.21828653e-05  5.50556488e-01  5.50595312e-01  5.50567416e-01 -1.24862059e-05  1.31197093e-12  1.23248444e-12 
 3.22078653e-05  5.50556676e-01  5.50598490e-01  5.50570677e-01 -1.24401560e-05 -1.08272744e-12  2.01079062e-12 
 3.22328653e-05  5.50556501e-01  5.50601372e-01  5.50573553e-01 -1.24861942e-05  1.28758679e-12  1.18118097e-12 
 3.22578653e-05  5.50556688e-01  5.50603844e-01  5.50576097e-01 -1.24401714e-05 -1.10907724e-12  1.96585668e-12 
 3.22828653e-05  5.50556513e-01  5.50606100e-01  5.50578341e-01 -1.24861821e-05  1.26909529e-12  1.14116480e-12 
 3.23078653e-05  5.50556700e-01  5.50608022e-01  5.50580326e-01 -1.24401863e-05 -1.13014350e-12  1.93082778e-12 
 3.23328653e-05  5.50556525e-01  5.50609789e-01  5.50582076e-01 -1.24861697e-05  1.25519040e-12  1.10995555e-12 
 3.23578653e-05  5.50556712e-01  5.50611281e-01  5.50583626e-01 -1.24402010e-05 -1.14708221e-12  1.90351657e-12 
 3.23789326e-05  5.50556536e-01  5.50612466e-01  5.50584787e-01 -1.24861557e-05  1.24596644e-12  1.08731340e-12 
 3.24000000e-05  5.50556721e-01  5.50613466e-01  5.50585836e-01 -1.24402178e-05 -1.15959976e-12  1.88527649e-12 
 3.24000302e-05  5.50551783e-01  5.50578562e-01  5.50585421e-01 -1.40343631e-05 -2.93329897e-09 -1.51741861e-09 
 3.24000906e-05  5.50545793e-01  5.50527396e-01  5.50583990e-01 -1.45780718e-05 -7.71443743e-09 -4.40965049e-09 
 3.24002114e-05  5.50535191e-01  5.50471901e-01  5.50578713e-01 -1.49086129e-05 -1.38143064e-08 -9.73558565e-09 
 3.24003848e-05  5.50519845e-01  5.50432631e-01  5.50568388e-01 -1.51022673e-05 -2.04759195e-08 -1.67913290e-08 
 3.24005712e-05  5.50503889e-01  5.50416060e-01  5.50556057e-01 -1.50567705e-05 -2.70910029e-08 -2.38118579e-08 
 3.24009439e-05  5.50472083e-01  5.50396823e-01  5.50531479e-01 -1.51696143e-05 -3.89714947e-08 -3.64132483e-08 
 3.24014598e-05  5.50432002e-01  5.50381222e-01  5.50499684e-01 -1.58380156e-05 -5.00737101e-08 -5.10070702e-08 
 3.24016362e-05  5.50419795e-01  5.50376838e-01  5.50489585e-01 -1.69888181e-05 -4.93394753e-08 -5.52504053e-08 
 3.24018142e-05  5.50409451e-01  5.50376404e-01  5.50479924e-01 -1.92747938e-05 -3.95893195e-08 -5.90488547e-08 
 3.24019675e-05  5.50401863e-01  5.50378687e-01  5.50472194e-01 -2.27261275e-05 -1.86218937e-08 -6.18510893e-08 
 3.24021083e-05  5.50396655e-01  5.50385340e-01  5.50465750e-01 -2.70822623e-05  1.70038833e-08 -6.39284003e-08 
 3.24022368e-05  5.50392805e-01  5.50395510e-01  5.50460593e-01 -3.21668219e-05  6.97429973e-08 -6.53024809e-08 
 3.24023475e-05  5.50390497e-01  5.50409409e-01  5.50456885e-01 -3.71457861e-05  1.37351390e-07 -6.59505902e-08 
 3.24024421e-05  5.50388640e-01  5.50426163e-01  5.50454411e-01 -4.18316375e-05  2.18394624e-07 -6.59828650e-08 
 3.24025261e-05  5.50387287e-01  5.50446722e-01  5.50452908e-01 -4.60856399e-05  3.15323556e-07 -6.54653314e-08 
 3.24026056e-05  5.50385703e-01  5.50472455e-01  5.50452255e-01 -5.01708092e-05  4.36172100e-07 -6.43595458e-08 
 3.24026915e-05  5.50384324e-01  5.50508369e-01  5.50452614e-01 -5.44423880e-05  6.06413943e-07 -6.23397318e-08 
 3.24027822e-05  5.50383609e-01  5.50553531e-01  5.50454424e-01 -5.89399916e-05  8.34004626e-07 -5.92516895e-08 
 3.24029101e-05  5.50385110e-01  5.50622438e-01  5.50459712e-01 -6.53370734e-05  1.23257823e-06 -5.34507949e-08 
 3.24030236e-05  5.50388412e-01  5.50683417e-01  5.50467072e-01 -7.11914419e-05  1.65323494e-06 -4.71345258e-08 
 3.24031732e-05  5.50395637e-01  5.50759444e-01  5.50480249e-01 -7.89410438e-05  2.28715174e-06 -3.74887614e-08 
 3.24033179e-05  5.50405080e-01  5.50827281e-01  5.50496319e-01 -8.62647170e-05  2.97358063e-06 -2.69753408e-08 
 3.24034814e-05  5.50418546e-01  5.50896149e-01  5.50517711e-01 -9.37727701e-05  3.81646756e-06 -1.40454714e-08 
 3.24036281e-05  5.50432439e-01  5.50948791e-01  5.50539222e-01 -9.91899599e-05  4.61555913e-06 -1.83750194e-09 
 3.24037353e-05  5.50443488e-01  5.50978865e-01  5.50555887e-01 -1.01476201e-04  5.20930693e-06  7.14039050e-09 
 3.24038042e-05  5.50450584e-01  5.50991608e-01  5.50566814e-01 -1.01167011e-04  5.58538022e-06  1.27291049e-08 
 3.24038560e-05  5.50455822e-01  5.50994752e-01  5.50574985e-01 -9.88242919e-05  5.85594565e-06  1.66420183e-08 
 3.24039066e-05  5.50460435e-01  5.50988956e-01  5.50582789e-01 -9.42367311e-05  6.10078970e-06  2.00163974e-08 
 3.24039661e-05  5.50465153e-01  5.50967615e-01  5.50591447e-01 -8.63557666e-05  6.35122250e-06  2.31559252e-08 
 3.24040332e-05  5.50469111e-01  5.50924419e-01  5.50600100e-01 -7.56209510e-05  6.57340105e-06  2.54202557e-08 
 3.24041100e-05  5.50471962e-01  5.50854648e-01  5.50608031e-01 -6.27208311e-05  6.74398761e-06  2.63223928e-08 
 3.24042094e-05  5.50472947e-01  5.50746730e-01  5.50614467e-01 -4.77152522e-05  6.83853625e-06  2.51313698e-08 
 3.24042919e-05  5.50471927e-01  5.50654116e-01  5.50616364e-01 -3.79421066e-05  6.82508088e-06  2.25681132e-08 
 3.24043701e-05  5.50469705e-01  5.50572681e-01  5.50615425e-01 -3.10444101e-05  6.75428691e-06  1.92688695e-08 
 3.24044546e-05  5.50466416e-01  5.50496299e-01  5.50611817e-01 -2.57636236e-05  6.63276482e-06  1.51356660e-08 
 3.24045468e-05  5.50462016e-01  5.50428479e-01  5.50605412e-01 -2.19926562e-05  6.46539714e-06  1.02983729e-08 
 3.24046420e-05  5.50456982e-01  5.50374287e-01  5.50596760e-01 -1.95907056e-05  6.27009485e-06  5.19596436e-09 
 3.24047477e-05  5.50450964e-01  5.50329657e-01  5.50585484e-01 -1.80530219e-05  6.04055325e-06 -4.02526646e-10 
 3.24048644e-05  5.50444103e-01  5.50294491e-01  5.50571751e-01 -1.71478997e-05  5.78292981e-06 -6.37679599e-09 
 3.24050000e-05  5.50435922e-01  5.50266008e-01  5.50554908e-01 -1.66530462e-05  5.48781360e-06 -1.29685461e-08 
 3.24050037e-05  5.50437051e-01  5.50271792e-01  5.50554445e-01 -1.54715342e-05  5.48027645e-06 -1.29396301e-08 
 3.24050112e-05  5.50437791e-01  5.50281979e-01  5.50553535e-01 -1.49917712e-05  5.46525847e-06 -1.28949105e-08 
 3.24050261e-05  5.50437538e-01  5.50297203e-01  5.50551800e-01 -1.47485432e-05  5.43527294e-06 -1.28369584e-08 
 3.24050556e-05  5.50437827e-01  5.50319260e-01  5.50548624e-01 -1.41917076e-05  5.37605995e-06 -1.27522112e-08 
 3.24051019e-05  5.50437704e-01  5.50344660e-01  5.50544140e-01 -1.36454654e-05  5.28318069e-06 -1.26802231e-08 
 3.24051946e-05  5.50437895e-01  5.50376462e-01  5.50536457e-01 -1.29432570e-05  5.09959556e-06 -1.26534521e-08 
 3.24053799e-05  5.50437622e-01  5.50399947e-01  5.50523892e-01 -1.25115095e-05  4.74616552e-06 -1.27516801e-08 
 3.24056461e-05  5.50437514e-01  5.50399218e-01  5.50508544e-01 -1.24010765e-05  4.27657562e-06 -1.28610125e-08 
 3.24059966e-05  5.50437016e-01  5.50387714e-01  5.50489862e-01 -1.24235425e-05  3.72655160e-06 -1.27860653e-08 
 3.24064470e-05  5.50436763e-01  5.50372769e-01  5.50467194e-01 -1.23944358e-05  3.12138655e-06 -1.24151029e-08 
 3.24072275e-05  5.50436024e-01  5.50350327e-01  5.50431233e-01 -1.24210014e-05  2.29237713e-06 -1.13383380e-08 
 3.24087885e-05  5.50435298e-01  5.50316474e-01  5.50371586e-01 -1.23953697e-05  1.21742509e-06 -8.60026979e-09 
 3.24119104e-05  5.50434153e-01  5.50283522e-01  5.50295397e-01 -1.24277711e-05  2.92478944e-07 -3.93492898e-09 
 3.24171328e-05  5.50433655e-01  5.50293797e-01  5.50260400e-01 -1.24130189e-05 -3.62478236e-09 -4.99873837e-10 
 3.24235000e-05  5.50433311e-01  5.50358645e-01  5.50303314e-01 -1.24504647e-05  3.82538327e-10  3.40408521e-11 
 3.24341815e-05  5.50433426e-01  5.50482703e-01  5.50425707e-01 -1.24352755e-05 -1.23967542e-10  1.33997099e-11 
 3.24472203e-05  5.50433344e-01  5.50586202e-01  5.50543124e-01 -1.24683796e-05  7.63844005e-11  3.08834719e-11 
 3.24658909e-05  5.50433542e-01  5.50625140e-01  5.50598366e-01 -1.24466520e-05 -3.50633706e-11  1.55117293e-12 
 3.24908909e-05  5.50433368e-01  5.50575550e-01  5.50555782e-01 -1.24753247e-05  2.14878772e-11 -2.12664240e-12 
 3.25158909e-05  5.50433451e-01  5.50517826e-01  5.50494748e-01 -1.24497667e-05 -2.10212624e-11 -5.92330866e-12 
 3.25408909e-05  5.50433272e-01  5.50500040e-01  5.50472516e-01 -1.24760831e-05  1.21272146e-11  1.52452557e-12 
 3.25658909e-05  5.50433420e-01  5.50508481e-01  5.50479551e-01 -1.24497737e-05 -8.43215536e-12  1.88204823e-12 
 3.25829455e-05  5.50433285e-01  5.50516174e-01  5.50487674e-01 -1.24759593e-05  6.91331844e-12  2.92159477e-12 
 3.26000000e-05  5.50433439e-01  5.50519504e-01  5.50491758e-01 -1.24497567e-05 -4.20143824e-12  1.86056579e-12 
 3.26000134e-05  5.50434341e-01  5.50528732e-01  5.50491808e-01 -9.92406532e-06  1.93931888e-09  3.51616268e-10 
 3.26000401e-05  5.50434815e-01  5.50543673e-01  5.50491988e-01 -9.49830831e-06  5.88007249e-09  1.02270482e-09 
 3.26000936e-05  5.50435187e-01  5.50563863e-01  5.50492713e-01 -9.25226464e-06  1.34615622e-08  2.28302115e-09 
 3.26001711e-05  5.50436041e-01  5.50584107e-01  5.50494354e-01 -8.87509604e-06  2.38151220e-08  3.99827473e-09 
 3.26003262e-05  5.50437298e-01  5.50605397e-01  5.50498737e-01 -8.76312783e-06  4.32081832e-08  7.16917921e-09 
 3.26006227e-05  5.50440012e-01  5.50618943e-01  5.50508355e-01 -8.64452262e-06  7.67935559e-08  1.26354215e-08 
 3.26009879e-05  5.50443067e-01  5.50623226e-01  5.50519955e-01 -8.74223937e-06  1.13118770e-07  1.85309081e-08 
 3.26015749e-05  5.50448485e-01  5.50626891e-01  5.50536257e-01 -8.91259500e-06  1.61596563e-07  2.63729483e-08 
 3.26016630e-05  5.50449366e-01  5.50626718e-01  5.50538440e-01 -9.12511293e-06  1.67869081e-07  2.73702866e-08 
 3.26018392e-05  5.50452101e-01  5.50623207e-01  5.50542456e-01 -9.88790123e-06  1.79211103e-07  2.90870699e-08 
 3.26019561e-05  5.50454644e-01  5.50616706e-01  5.50544739e-01 -1.11562468e-05  1.85583288e-07  2.99112345e-08 
 3.26020621e-05  5.50458056e-01  5.50605618e-01  5.50546354e-01 -1.28953171e-05  1.90081361e-07  3.02850128e-08 
 3.26021686e-05  5.50462321e-01  5.50587227e-01  5.50547295e-01 -1.55565676e-05  1.92926328e-07  3.01267607e-08 
 3.26022757e-05  5.50467743e-01  5.50559357e-01  5.50547230e-01 -1.88495813e-05  1.93526648e-07  2.92334946e-08 
 3.26023800e-05  5.50473528e-01  5.50520839e-01  5.50545814e-01 -2.24899652e-05  1.91367443e-07  2.74297060e-08 
 3.26024779e-05  5.50479268e-01  5.50472027e-01  5.50542860e-01 -2.55586437e-05  1.86219382e-07  2.46607366e-08 
 3.26025721e-05  5.50484343e-01  5.50411000e-01  5.50538094e-01 -2.78048056e-05  1.77795392e-07  2.07641943e-08 
 3.26026754e-05  5.50489246e-01  5.50329291e-01  5.50530180e-01 -2.98783952e-05  1.64308277e-07  1.49588164e-08 
 3.26027859e-05  5.50493152e-01  5.50231656e-01  5.50518187e-01 -3.25916859e-05  1.45342744e-07  7.07483465e-09 
 3.26029796e-05  5.50496585e-01  5.50057228e-01  5.50488260e-01 -3.79023043e-05  1.02550481e-07 -1.01578976e-08 
 3.26031388e-05  5.50495517e-01  5.49921962e-01  5.50455782e-01 -4.23184586e-05  5.93954002e-08 -2.69668597e-08 
 3.26032659e-05  5.50492026e-01  5.49825611e-01  5.50425562e-01 -4.55088973e-05  1.94730389e-08 -4.15917688e-08 
 3.26033461e-05  5.50488188e-01  5.49773033e-01  5.50404919e-01 -4.71685376e-05 -1.22620830e-08 -5.11469221e-08 
 3.26033894e-05  5.50485562e-01  5.49749103e-01  5.50393393e-01 -4.77718929e-05 -3.75510326e-08 -5.63156929e-08 
 3.26034280e-05  5.50482881e-01  5.49732502e-01  5.50382975e-01 -4.80301572e-05 -7.51131940e-08 -6.08420418e-08 
 3.26034551e-05  5.50480666e-01  5.49725096e-01  5.50375613e-01 -4.79094406e-05 -1.17363081e-07 -6.39138302e-08 
 3.26034784e-05  5.50478089e-01  5.49723265e-01  5.50369338e-01 -4.75249146e-05 -1.69252518e-07 -6.63955140e-08 
 3.26034998e-05  5.50474567e-01  5.49727053e-01  5.50363613e-01 -4.67918349e-05 -2.32780091e-07 -6.84834693e-08 
 3.26035228e-05  5.50469231e-01  5.49739286e-01  5.50357564e-01 -4.55372078e-05 -3.19865859e-07 -7.04126113e-08 
 3.26035507e-05  5.50461327e-01  5.49767346e-01  5.50350552e-01 -4.34208368e-05 -4.50837031e-07 -7.21647363e-08 
 3.26035790e-05  5.50452773e-01  5.49810473e-01  5.50343928e-01 -4.07858459e-05 -6.10589606e-07 -7.32280389e-08 
 3.26036192e-05  5.50441320e-01  5.49892063e-01  5.50335629e-01 -3.65717703e-05 -8.78423782e-07 -7.35690266e-08 
 3.26036472e-05  5.50434525e-01  5.49958545e-01  5.50330760e-01 -3.35589748e-05 -1.08859043e-06 -7.31013635e-08 
 3.26036742e-05  5.50429089e-01  5.50026262e-01  5.50326822e-01 -3.07060755e-05 -1.30677366e-06 -7.22296558e-08 
 3.26037055e-05  5.50424168e-01  5.50104891e-01  5.50323230e-01 -2.76300603e-05 -1.57374236e-06 -7.08485901e-08 
 3.26037413e-05  5.50420222e-01  5.50191200e-01  5.50320349e-01 -2.44668264e-05 -1.89429571e-06 -6.89488448e-08 
 3.26037763e-05  5.50417793e-01  5.50268848e-01  5.50318713e-01 -2.18011813e-05 -2.21988273e-06 -6.69103071e-08 
 3.26038150e-05  5.50416433e-01  5.50345304e-01  5.50318110e-01 -1.93173966e-05 -2.59296495e-06 -6.45720196e-08 
 3.26038554e-05  5.50416119e-01  5.50413475e-01  5.50318651e-01 -1.72276495e-05 -2.99310748e-06 -6.21474056e-08 
 3.26039026e-05  5.50416857e-01  5.50479104e-01  5.50320524e-01 -1.53281198e-05 -3.47572300e-06 -5.94012708e-08 
 3.26039544e-05  5.50418662e-01  5.50535847e-01  5.50323792e-01 -1.37935456e-05 -4.02537514e-06 -5.65372833e-08 
 3.26040173e-05  5.50421994e-01  5.50587565e-01  5.50329020e-01 -1.25036726e-05 -4.72736564e-06 -5.32730463e-08 
 3.26040903e-05  5.50427123e-01  5.50630070e-01  5.50336279e-01 -1.15568429e-05 -5.60085348e-06 -4.97467357e-08 
 3.26041844e-05  5.50435555e-01  5.50666703e-01  5.50346795e-01 -1.08696991e-05 -6.84876379e-06 -4.55215539e-08 
 3.26043029e-05  5.50448694e-01  5.50695999e-01  5.50361012e-01 -1.04650491e-05 -8.66836983e-06 -4.05732927e-08 
 3.26044714e-05  5.50471382e-01  5.50722648e-01  5.50381924e-01 -1.02648896e-05 -1.18505336e-05 -3.40040584e-08 
 3.26047105e-05  5.50509041e-01  5.50749590e-01  5.50411747e-01 -1.02168681e-05 -1.77662537e-05 -2.52073957e-08 
 3.26050000e-05  5.50558739e-01  5.50777498e-01  5.50447242e-01 -1.02284427e-05 -2.72234483e-05 -1.47747358e-08 
 3.26050072e-05  5.50558099e-01  5.50772728e-01  5.50448103e-01 -1.25409639e-05 -2.74923782e-05 -1.47110158e-08 
 3.26050217e-05  5.50557705e-01  5.50764836e-01  5.50449796e-01 -1.27499147e-05 -2.80288409e-05 -1.45675295e-08 
 3.26050507e-05  5.50557725e-01  5.50754111e-01  5.50453047e-01 -1.26642011e-05 -2.90899218e-05 -1.42222706e-08 
 3.26051086e-05  5.50557500e-01  5.50739308e-01  5.50459143e-01 -1.27753528e-05 -3.11626843e-05 -1.33891302e-08 
 3.26052167e-05  5.50557774e-01  5.50724455e-01  5.50469523e-01 -1.26967314e-05 -3.48610740e-05 -1.14359736e-08 
 3.26053420e-05  5.50557987e-01  5.50719470e-01  5.50480518e-01 -1.27581249e-05 -3.88817336e-05 -8.66068252e-09 
 3.26055492e-05  5.50558760e-01  5.50723187e-01  5.50497494e-01 -1.26586324e-05 -4.49512646e-05 -3.09897320e-09 
 3.26059173e-05  5.50560129e-01  5.50739942e-01  5.50525817e-01 -1.26841658e-05 -5.41335650e-05  9.01055920e-09 
 3.26066534e-05  5.50564073e-01  5.50774205e-01  5.50578107e-01 -1.25443378e-05 -6.75173181e-05  3.78167505e-08 
 3.26078468e-05  5.50571833e-01  5.50816694e-01  5.50651254e-01 -1.25379719e-05 -7.91642091e-05  8.59338201e-08 
 3.26089539e-05  5.50580253e-01  5.50843708e-01  5.50706153e-01 -1.24285248e-05 -8.27450588e-05  1.23694019e-07 
 3.26103729e-05  5.50591230e-01  5.50863605e-01  5.50759192e-01 -1.24663918e-05 -8.20568599e-05  1.56991861e-07 
 3.26118403e-05  5.50602690e-01  5.50870008e-01  5.50795529e-01 -1.23825729e-05 -7.82025017e-05  1.75086302e-07 
 3.26138821e-05  5.50617572e-01  5.50860685e-01  5.50820046e-01 -1.24393244e-05 -7.10409659e-05  1.80903275e-07 
 3.26162252e-05  5.50633410e-01  5.50831443e-01  5.50819074e-01 -1.23676398e-05 -6.25614922e-05  1.71785096e-07 
 3.26197429e-05  5.50654029e-01  5.50766243e-01  5.50779616e-01 -1.24329433e-05 -5.14253643e-05  1.47490863e-07 
 3.26243469e-05  5.50676785e-01  5.50665885e-01  5.50692283e-01 -1.23672423e-05 -4.01778370e-05  1.15660357e-07 
 3.26292885e-05  5.50696488e-01  5.50560728e-01  5.50586400e-01 -1.24369909e-05 -3.14417595e-05  8.92808906e-08 
 3.26349751e-05  5.50715052e-01  5.50459404e-01  5.50475867e-01 -1.23749501e-05 -2.42568186e-05  6.78303147e-08 
 3.26412225e-05  5.50731147e-01  5.50379677e-01  5.50382720e-01 -1.24472697e-05 -1.86702253e-05  5.15169928e-08 
 3.26486119e-05  5.50746343e-01  5.50328049e-01  5.50315473e-01 -1.23875243e-05 -1.40312993e-05  3.82634444e-08 
 3.26569340e-05  5.50759294e-01  5.50316933e-01  5.50289864e-01 -1.24610607e-05 -1.04115813e-05  2.81340737e-08 
 3.26669244e-05  5.50771147e-01  5.50350710e-01  5.50311780e-01 -1.24019352e-05 -7.44101772e-06  1.99641024e-08 
 3.26783774e-05  5.50780747e-01  5.50424311e-01  5.50378903e-01 -1.24750489e-05 -5.16630121e-06  1.37946240e-08 
 3.26921508e-05  5.50788942e-01  5.50524202e-01  5.50478435e-01 -1.24148421e-05 -3.38997728e-06  9.02230285e-09 
 3.27080948e-05  5.50794936e-01  5.50619545e-01  5.50578788e-01 -1.24861958e-05 -2.11123943e-06  5.60741355e-09 
 3.27273687e-05  5.50799539e-01  5.50686421e-01  5.50652892e-01 -1.24239706e-05 -1.20254561e-06  3.18775612e-09 
 3.27500912e-05  5.50802338e-01  5.50712527e-01  5.50684118e-01 -1.24931049e-05 -6.21918146e-07  1.64493221e-09 
 3.27750912e-05  5.50804060e-01  5.50716176e-01  5.50688616e-01 -1.24285490e-05 -3.01944312e-07  7.97570596e-10 
 3.28000912e-05  5.50804723e-01  5.50723662e-01  5.50694896e-01 -1.24955490e-05 -1.46961447e-07  3.89265133e-10 
 3.28250912e-05  5.50805225e-01  5.50740867e-01  5.50711285e-01 -1.24296905e-05 -7.18592839e-08  1.92314572e-10 
 3.28500912e-05  5.50805311e-01  5.50760375e-01  5.50730952e-01 -1.24960240e-05 -3.50077389e-08  9.50584841e-11 
 3.28750912e-05  5.50805529e-01  5.50776198e-01  5.50747281e-01 -1.24299503e-05 -1.71977970e-08  4.79984683e-11 
 3.29000912e-05  5.50805469e-01  5.50787606e-01  5.50759087e-01 -1.24961442e-05 -8.33444267e-09  2.38732937e-11 
 3.29250912e-05  5.50805612e-01  5.50796654e-01  5.50768262e-01 -1.24300528e-05 -4.14025262e-09  1.30800111e-11 
 3.29500912e-05  5.50805515e-01  5.50804875e-01  5.50776535e-01 -1.24961695e-05 -1.96571024e-09  6.84390961e-12 
 3.29750912e-05  5.50805641e-01  5.50812688e-01  5.50784380e-01 -1.24300919e-05 -1.01536762e-09  4.85269122e-12 
 3.30000912e-05  5.50805536e-01  5.50819774e-01  5.50791566e-01 -1.24961598e-05 -4.45336493e-10  2.75163968e-12 
 3.30250912e-05  5.50805657e-01  5.50825996e-01  5.50797866e-01 -1.24301171e-05 -2.66461685e-10  2.79624517e-12 
 3.30500912e-05  5.50805549e-01  5.50831346e-01  5.50803308e-01 -1.24961466e-05 -8.27689106e-11  1.65436507e-12 
 3.30750912e-05  5.50805669e-01  5.50836050e-01  5.50808058e-01 -1.24301404e-05 -8.67864736e-11  2.23427592e-12 
 3.31000912e-05  5.50805560e-01  5.50840190e-01  5.50812261e-01 -1.24961318e-05  3.41720879e-12  1.34110632e-12 
 3.31250912e-05  5.50805678e-01  5.50843899e-01  5.50815999e-01 -1.24301615e-05 -4.35397352e-11  2.06638038e-12 
 3.31500912e-05  5.50805569e-01  5.50847157e-01  5.50819313e-01 -1.24961157e-05  2.37722604e-11  1.22721608e-12 
 3.31750912e-05  5.50805687e-01  5.50850059e-01  5.50822237e-01 -1.24301818e-05 -3.30648722e-11  1.99062094e-12 
 3.32000912e-05  5.50805577e-01  5.50852589e-01  5.50824814e-01 -1.24960992e-05  2.84951036e-11  1.16534489e-12 
 3.32250912e-05  5.50805694e-01  5.50854848e-01  5.50827087e-01 -1.24302017e-05 -3.04989870e-11  1.94432724e-12 
 3.32500912e-05  5.50805584e-01  5.50856818e-01  5.50829095e-01 -1.24960822e-05  2.95371481e-11  1.12582724e-12 
 3.32750912e-05  5.50805702e-01  5.50858585e-01  5.50830870e-01 -1.24302212e-05 -2.98530903e-11  1.91203010e-12 
 3.33000912e-05  5.50805592e-01  5.50860119e-01  5.50832438e-01 -1.24960650e-05  2.97291228e-11  1.09732503e-12 
 3.33250912e-05  5.50805709e-01  5.50861501e-01  5.50833823e-01 -1.24302405e-05 -2.96790793e-11  1.88713758e-12 
 3.33500912e-05  5.50805598e-01  5.50862695e-01  5.50835046e-01 -1.24960475e-05  2.97328234e-11  1.07559344e-12 
 3.33750912e-05  5.50805715e-01  5.50863776e-01  5.50836126e-01 -1.24302595e-05 -2.96228838e-11  1.86765799e-12 
 3.34000912e-05  5.50805605e-01  5.50864705e-01  5.50837080e-01 -1.24960298e-05  2.96999166e-11  1.05898206e-12 
 3.34250912e-05  5.50805721e-01  5.50865551e-01  5.50837923e-01 -1.24302784e-05 -2.95961461e-11  1.85238836e-12 
 3.34500912e-05  5.50805611e-01  5.50866273e-01  5.50838668e-01 -1.24960120e-05  2.96632137e-11  1.04620978e-12 
 3.34750912e-05  5.50805727e-01  5.50866937e-01  5.50839326e-01 -1.24302972e-05 -2.95764210e-11  1.84034499e-12 
 3.35000912e-05  5.50805617e-01  5.50867497e-01  5.50839908e-01 -1.24959941e-05  2.96284544e-11  1.03637427e-12 
 3.35250912e-05  5.50805733e-01  5.50868018e-01  5.50840421e-01 -1.24303158e-05 -2.95579290e-11  1.83083458e-12 
 3.35500912e-05  5.50805623e-01  5.50868453e-01  5.50840875e-01 -1.24959761e-05  2.95962445e-11  1.02882492e-12 
 3.35750912e-05  5.50805739e-01  5.50868863e-01  5.50841276e-01 -1.24303344e-05 -2.95388798e-11  1.82330805e-12 
 3.36000912e-05  5.50805629e-01  5.50869200e-01  5.50841631e-01 -1.24959580e-05  2.95660887e-11  1.02304856e-12 
 3.36250912e-05  5.50805745e-01  5.50869523e-01  5.50841945e-01 -1.24303530e-05 -2.95189806e-11  1.81733019e-12 
 3.36500912e-05  5.50805635e-01  5.50869783e-01  5.50842222e-01 -1.24959399e-05  2.95375766e-11  1.01865196e-12 
 3.36750912e-05  5.50805750e-01  5.50870039e-01  5.50842467e-01 -1.24303714e-05 -2.94983428e-11  1.81256036e-12 
 3.37000912e-05  5.50805640e-01  5.50870239e-01  5.50842683e-01 -1.24959217e-05  2.95099611e-11  1.01532948e-12 
 3.37250912e-05  5.50805756e-01  5.50870442e-01  5.50842875e-01 -1.24303899e-05 -2.94772141e-11  1.80873665e-12 
 3.37500912e-05  5.50805646e-01  5.50870596e-01  5.50843045e-01 -1.24959035e-05  2.94833468e-11  1.01284465e-12 
 3.37750912e-05  5.50805762e-01  5.50870758e-01  5.50843195e-01 -1.24304083e-05 -2.94553581e-11  1.80564992e-12 
 3.38000912e-05  5.50805651e-01  5.50870875e-01  5.50843327e-01 -1.24958853e-05  2.94574256e-11  1.01101001e-12 
 3.38250912e-05  5.50805767e-01  5.50871005e-01  5.50843445e-01 -1.24304267e-05 -2.94332653e-11  1.80313734e-12 
 3.38500912e-05  5.50805657e-01  5.50871095e-01  5.50843549e-01 -1.24958671e-05  2.94320254e-11  1.00968588e-12 
 3.38750912e-05  5.50805773e-01  5.50871199e-01  5.50843641e-01 -1.24304450e-05 -2.94108149e-11  1.80107323e-12 
 3.39000912e-05  5.50805662e-01  5.50871267e-01  5.50843723e-01 -1.24958488e-05  2.94071050e-11  1.00875780e-12 
 3.39250912e-05  5.50805778e-01  5.50871351e-01  5.50843796e-01 -1.24304634e-05 -2.93880081e-11  1.79935895e-12 
 3.39500912e-05  5.50805668e-01  5.50871402e-01  5.50843860e-01 -1.24958306e-05  2.93825853e-11  1.00813883e-12 
 3.39750912e-05  5.50805783e-01  5.50871472e-01  5.50843917e-01 -1.24304817e-05 -2.93650716e-11  1.79791766e-12 
 3.40000912e-05  5.50805673e-01  5.50871509e-01  5.50843968e-01 -1.24958123e-05  2.93582537e-11  1.00776072e-12 
 3.40250912e-05  5.50805789e-01  5.50871566e-01  5.50844013e-01 -1.24305000e-05 -2.93422214e-11  1.79668937e-12 
 3.40500912e-05  5.50805679e-01  5.50871593e-01  5.50844054e-01 -1.24957940e-05  2.93340779e-11  1.00757055e-12 
 3.40750912e-05  5.50805794e-01  5.50871642e-01  5.50844089e-01 -1.24305183e-05 -2.93192050e-11  1.79562620e-12 
 3.41000912e-05  5.50805684e-01  5.50871660e-01  5.50844122e-01 -1.24957758e-05  2.93101014e-11  1.00752626e-12 
 3.41250912e-05  5.50805800e-01  5.50871701e-01  5.50844150e-01 -1.24305366e-05 -2.92961766e-11  1.79469379e-12 
 3.41500912e-05  5.50805690e-01  5.50871714e-01  5.50844176e-01 -1.24957575e-05  2.92863093e-11  1.00759624e-12 
 3.41750912e-05  5.50805805e-01  5.50871749e-01  5.50844198e-01 -1.24305549e-05 -2.92730976e-11  1.79386242e-12 
 3.42000912e-05  5.50805695e-01  5.50871757e-01  5.50844219e-01 -1.24957393e-05  2.92627058e-11  1.00775459e-12 
 3.42250912e-05  5.50805810e-01  5.50871788e-01  5.50844237e-01 -1.24305732e-05 -2.92501125e-11  1.79310825e-12 
 3.42500912e-05  5.50805701e-01  5.50871791e-01  5.50844254e-01 -1.24957210e-05  2.92390491e-11  1.00798384e-12 
 3.42750912e-05  5.50805816e-01  5.50871819e-01  5.50844269e-01 -1.24305915e-05 -2.92270240e-11  1.79241686e-12 
 3.43000912e-05  5.50805706e-01  5.50871820e-01  5.50844282e-01 -1.24957028e-05  2.92157568e-11  1.00826677e-12 
 3.43250912e-05  5.50805821e-01  5.50871844e-01  5.50844295e-01 -1.24306097e-05 -2.92038184e-11  1.79177354e-12 
 3.43500912e-05  5.50805712e-01  5.50871843e-01  5.50844306e-01 -1.24956845e-05  2.91924735e-11  1.00859029e-12 
 3.43750912e-05  5.50805826e-01  5.50871865e-01  5.50844316e-01 -1.24306280e-05 -2.91808498e-11  1.79116661e-12 
 3.44000912e-05  5.50805717e-01  5.50871862e-01  5.50844325e-01 -1.24956663e-05  2.91690472e-11  1.00894727e-12 
 3.44250912e-05  5.50805832e-01  5.50871883e-01  5.50844334e-01 -1.24306462e-05 -2.91579645e-11  1.79059144e-12 
 3.44500912e-05  5.50805723e-01  5.50871878e-01  5.50844342e-01 -1.24956480e-05  2.91459211e-11  1.00932999e-12 
 3.44750912e-05  5.50805837e-01  5.50871898e-01  5.50844349e-01 -1.24306645e-05 -2.91347909e-11  1.79003839e-12 
 3.45000912e-05  5.50805728e-01  5.50871892e-01  5.50844355e-01 -1.24956298e-05  2.91229781e-11  1.00973185e-12 
 3.45250912e-05  5.50805843e-01  5.50871911e-01  5.50844362e-01 -1.24306827e-05 -2.91118457e-11  1.78950181e-12 
 3.45500912e-05  5.50805733e-01  5.50871904e-01  5.50844367e-01 -1.24956116e-05  2.90998605e-11  1.01014954e-12 
 3.45750912e-05  5.50805848e-01  5.50871922e-01  5.50844373e-01 -1.24307009e-05 -2.90888954e-11  1.78898058e-12 
 3.46000000e-05  5.50805739e-01  5.50871915e-01  5.50844378e-01 -1.24955933e-05  2.90760417e-11  1.01057026e-12 
 3.46000356e-05  5.50804139e-01  5.50852916e-01  5.50844111e-01 -1.48941863e-05 -7.02253255e-09 -8.74839514e-10 
 3.46001067e-05  5.50803028e-01  5.50825238e-01  5.50843197e-01 -1.49933933e-05 -2.08239498e-08 -2.53104038e-09 
 3.46002490e-05  5.50801753e-01  5.50796435e-01  5.50839882e-01 -1.49568546e-05 -4.54349365e-08 -5.55857368e-09 
 3.46004157e-05  5.50800230e-01  5.50780880e-01  5.50834800e-01 -1.50041453e-05 -7.08508666e-08 -8.84381731e-09 
 3.46005934e-05  5.50798780e-01  5.50774585e-01  5.50828991e-01 -1.49683638e-05 -9.46572506e-08 -1.20973479e-08 
 3.46009489e-05  5.50795658e-01  5.50768289e-01  5.50817695e-01 -1.50666469e-05 -1.33379767e-07 -1.79301093e-08 
 3.46013419e-05  5.50792551e-01  5.50765962e-01  5.50806311e-01 -1.53932513e-05 -1.66306155e-07 -2.34366219e-08 
 3.46015042e-05  5.50791373e-01  5.50765456e-01  5.50802026e-01 -1.59686803e-05 -1.77483445e-07 -2.54305186e-08 
 3.46017026e-05  5.50790699e-01  5.50767427e-01  5.50797209e-01 -1.75148032e-05 -1.88724415e-07 -2.75824995e-08 
 3.46018566e-05  5.50790776e-01  5.50771237e-01  5.50793897e-01 -1.99620001e-05 -1.94687171e-07 -2.89720969e-08 
 3.46019923e-05  5.50791697e-01  5.50777940e-01  5.50791421e-01 -2.31788660e-05 -1.96928354e-07 -2.99069543e-08 
 3.46021223e-05  5.50793106e-01  5.50787752e-01  5.50789590e-01 -2.73608983e-05 -1.95251059e-07 -3.04684059e-08 
 3.46022380e-05  5.50794900e-01  5.50800707e-01  5.50788555e-01 -3.18355733e-05 -1.89494029e-07 -3.05987201e-08 
 3.46023365e-05  5.50796466e-01  5.50815921e-01  5.50788254e-01 -3.61877234e-05 -1.80156292e-07 -3.03396204e-08 
 3.46024211e-05  5.50797829e-01  5.50833591e-01  5.50788552e-01 -4.01401327e-05 -1.67751360e-07 -2.97436903e-08 
 3.46024962e-05  5.50798700e-01  5.50854138e-01  5.50789374e-01 -4.37754406e-05 -1.52155754e-07 -2.88260974e-08 
 3.46025659e-05  5.50799226e-01  5.50878816e-01  5.50790737e-01 -4.70769787e-05 -1.32787428e-07 -2.75423562e-08 
 3.46026362e-05  5.50799307e-01  5.50910364e-01  5.50792852e-01 -5.03042525e-05 -1.07475605e-07 -2.57211106e-08 
 3.46027142e-05  5.50799494e-01  5.50953251e-01  5.50796275e-01 -5.36931544e-05 -7.24344731e-08 -2.30031094e-08 
 3.46027992e-05  5.50800254e-01  5.51006530e-01  5.50801494e-01 -5.72938971e-05 -2.81779256e-08 -1.92511480e-08 
 3.46028924e-05  5.50802007e-01  5.51068602e-01  5.50809123e-01 -6.11191665e-05  2.15793627e-08 -1.43322325e-08 
 3.46029883e-05  5.50804544e-01  5.51133597e-01  5.50819080e-01 -6.49400999e-05  6.53980497e-08 -8.53548429e-09 
 3.46030969e-05  5.50808547e-01  5.51205764e-01  5.50832814e-01 -6.91285675e-05  9.85397502e-08 -1.24571266e-09 
 3.46032291e-05  5.50815074e-01  5.51287256e-01  5.50852708e-01 -7.42394016e-05  1.21381270e-07  8.43699061e-09 
 3.46033505e-05  5.50822403e-01  5.51353342e-01  5.50873569e-01 -7.87464809e-05  1.36911792e-07  1.79206709e-08 
 3.46034789e-05  5.50830916e-01  5.51413280e-01  5.50897715e-01 -8.28789566e-05  1.53457455e-07  2.83685559e-08 
 3.46036001e-05  5.50839589e-01  5.51458583e-01  5.50921893e-01 -8.55821158e-05  1.69954336e-07  3.83822842e-08 
 3.46036776e-05  5.50845164e-01  5.51479289e-01  5.50937753e-01 -8.59208059e-05  1.80658564e-07  4.46722589e-08 
 3.46037308e-05  5.50848980e-01  5.51486760e-01  5.50948652e-01 -8.45196497e-05  1.87559369e-07  4.87742950e-08 
 3.46037784e-05  5.50852111e-01  5.51484950e-01  5.50958256e-01 -8.11898973e-05  1.92932779e-07  5.21032945e-08 
 3.46038291e-05  5.50855153e-01  5.51469969e-01  5.50968125e-01 -7.54552805e-05  1.97144046e-07  5.50729611e-08 
 3.46038937e-05  5.50858282e-01  5.51428586e-01  5.50979710e-01 -6.60143309e-05  1.99713683e-07  5.77410866e-08 
 3.46039556e-05  5.50860579e-01  5.51368059e-01  5.50989270e-01 -5.62510267e-05  1.99106495e-07  5.90455779e-08 
 3.46040421e-05  5.50862601e-01  5.51261447e-01  5.50999407e-01 -4.35462358e-05  1.93939832e-07  5.90189735e-08 
 3.46041318e-05  5.50863617e-01  5.51141662e-01  5.51005555e-01 -3.32938854e-05  1.84553903e-07  5.72240452e-08 
 3.46042038e-05  5.50863799e-01  5.51050260e-01  5.51007340e-01 -2.74485630e-05  1.75102157e-07  5.49192154e-08 
 3.46042772e-05  5.50863664e-01  5.50968312e-01  5.51006599e-01 -2.33458300e-05  1.64435949e-07  5.21377281e-08 
 3.46043610e-05  5.50863192e-01  5.50891111e-01  5.51003153e-01 -2.03044640e-05  1.51540728e-07  4.87124490e-08 
 3.46044455e-05  5.50862561e-01  5.50830566e-01  5.50997507e-01 -1.85048901e-05  1.38113718e-07  4.51940693e-08 
 3.46045419e-05  5.50861689e-01  5.50779376e-01  5.50989182e-01 -1.73391624e-05  1.22577426e-07  4.12482984e-08 
 3.46046456e-05  5.50860703e-01  5.50740563e-01  5.50978753e-01 -1.67246306e-05  1.05798089e-07  3.71660327e-08 
 3.46047703e-05  5.50859449e-01  5.50708926e-01  5.50965052e-01 -1.63715615e-05  8.57718625e-08  3.25098119e-08 
 3.46048851e-05  5.50858298e-01  5.50689068e-01  5.50951865e-01 -1.62559532e-05  6.76311717e-08  2.84600198e-08 
 3.46050000e-05  5.50857125e-01  5.50674361e-01  5.50938493e-01 -1.61898627e-05  4.99441468e-08  2.46204322e-08 
 3.46050026e-05  5.50857664e-01  5.50676263e-01  5.50938197e-01 -1.39784216e-05  4.98987859e-08  2.46080492e-08 
 3.46050077e-05  5.50858143e-01  5.50679759e-01  5.50937608e-01 -1.36133540e-05  4.98590091e-08  2.45799800e-08 
 3.46050179e-05  5.50858050e-01  5.50685302e-01  5.50936452e-01 -1.34918235e-05  4.98595635e-08  2.45107823e-08 
 3.46050384e-05  5.50858119e-01  5.50693580e-01  5.50934210e-01 -1.32820605e-05  4.97905712e-08  2.43596932e-08 
 3.46050711e-05  5.50858070e-01  5.50703638e-01  5.50930789e-01 -1.30292681e-05  4.95785247e-08  2.41016733e-08 
 3.46051366e-05  5.50858069e-01  5.50717357e-01  5.50924386e-01 -1.27007069e-05  4.88771541e-08  2.35453944e-08 
 3.46052674e-05  5.50857904e-01  5.50729391e-01  5.50912727e-01 -1.24177571e-05  4.69594564e-08  2.23813462e-08 
 3.46055292e-05  5.50857631e-01  5.50727137e-01  5.50891636e-01 -1.23224634e-05  4.26543093e-08  2.01250654e-08 
 3.46058150e-05  5.50857271e-01  5.50713449e-01  5.50870126e-01 -1.23315719e-05  3.81514875e-08  1.79032687e-08 
 3.46062769e-05  5.50856822e-01  5.50691102e-01  5.50837080e-01 -1.23335511e-05  3.17570698e-08  1.48137783e-08 
 3.46069717e-05  5.50856161e-01  5.50660870e-01  5.50791050e-01 -1.23359078e-05  2.40257351e-08  1.11095870e-08 
 3.46083613e-05  5.50855204e-01  5.50612441e-01  5.50711916e-01 -1.23453890e-05  1.35682615e-08  6.12212933e-09 
 3.46111406e-05  5.50853908e-01  5.50553781e-01  5.50600208e-01 -1.23583507e-05  3.79978493e-09  1.53203912e-09 
 3.46161789e-05  5.50852874e-01  5.50532886e-01  5.50515483e-01 -1.23840490e-05 -1.20446456e-10 -1.91624776e-10 
 3.46217915e-05  5.50852420e-01  5.50579256e-01  5.50529299e-01 -1.24023131e-05 -4.26638687e-11 -5.77704756e-11 
 3.46313863e-05  5.50852199e-01  5.50700333e-01  5.50638386e-01 -1.24276570e-05  1.35179986e-11  2.36692972e-11 
 3.46427633e-05  5.50852107e-01  5.50825916e-01  5.50773440e-01 -1.24411535e-05  1.69392514e-11  2.89364566e-11 
 3.46585881e-05  5.50852132e-01  5.50918177e-01  5.50881445e-01 -1.24543848e-05  7.85978682e-12  1.49675757e-11 
 3.46822472e-05  5.50852082e-01  5.50932261e-01  5.50908240e-01 -1.24590334e-05 -7.51246071e-13  3.98656748e-13 
 3.47072472e-05  5.50852061e-01  5.50890729e-01  5.50867758e-01 -1.24633347e-05 -3.33298688e-12 -3.67330976e-12 
 3.47322472e-05  5.50851989e-01  5.50866933e-01  5.50840309e-01 -1.24617088e-05 -9.53760725e-13 -6.38834634e-13 
 3.47572472e-05  5.50852012e-01  5.50872151e-01  5.50843127e-01 -1.24639022e-05  2.04629716e-13  2.02113115e-12 
 3.47786236e-05  5.50851992e-01  5.50885233e-01  5.50856131e-01 -1.24617083e-05  1.18642899e-12  2.95450003e-12 
 3.48000000e-05  5.50852035e-01  5.50894788e-01  5.50866402e-01 -1.24638708e-05  2.00640069e-13  2.20926543e-12 
 3.48000148e-05  5.50854427e-01  5.50915270e-01  5.50866527e-01 -1.09210014e-05  1.88437535e-09  7.75172969e-10 
 3.48000444e-05  5.50856618e-01  5.50947694e-01  5.50866967e-01 -1.02486809e-05  5.47937835e-09  2.26192603e-09 
 3.48001036e-05  5.50860053e-01  5.50989849e-01  5.50868705e-01 -9.66959756e-06  1.13414525e-08  5.06480611e-09 
 3.48001872e-05  5.50865397e-01  5.51030053e-01  5.50872445e-01 -9.04643349e-06  1.75267488e-08  8.78876248e-09 
 3.48003544e-05  5.50875305e-01  5.51071732e-01  5.50882213e-01 -8.76274681e-06  2.63667140e-08  1.56860031e-08 
 3.48006652e-05  5.50894196e-01  5.51099982e-01  5.50902825e-01 -8.59962608e-06  3.80922379e-08  2.72258380e-08 
 3.48010377e-05  5.50916362e-01  5.51114190e-01  5.50927331e-01 -8.70551150e-06  4.97141329e-08  3.93099994e-08 
 3.48016416e-05  5.50953136e-01  5.51133216e-01  5.50963713e-01 -8.99916598e-06  6.20502842e-08  5.54764708e-08 
 3.48017343e-05  5.50958882e-01  5.51135036e-01  5.50968918e-01 -9.27536656e-06  6.17240362e-08  5.75804211e-08 
 3.48019199e-05  5.50971827e-01  5.51134345e-01  5.50978811e-01 -1.03656706e-05  4.58717945e-08  6.12468747e-08 
 3.48020456e-05  5.50981427e-01  5.51128094e-01  5.50984933e-01 -1.20571611e-05  1.44435205e-08  6.31323021e-08 
 3.48021535e-05  5.50990851e-01  5.51116683e-01  5.50989579e-01 -1.41043894e-05 -3.76147236e-08  6.41428210e-08 
 3.48022631e-05  5.51000767e-01  5.51097149e-01  5.50993429e-01 -1.69751144e-05 -1.25788780e-07  6.43622949e-08 
 3.48023741e-05  5.51011395e-01  5.51067641e-01  5.50996098e-01 -2.01117628e-05 -2.64686276e-07  6.35199746e-08 
 3.48024818e-05  5.51021067e-01  5.51027403e-01  5.50997105e-01 -2.30050135e-05 -4.61700294e-07  6.14025818e-08 
 3.48025854e-05  5.51029545e-01  5.50975989e-01  5.50996173e-01 -2.47888090e-05 -7.24444484e-07  5.78813320e-08 
 3.48026981e-05  5.51036620e-01  5.50906111e-01  5.50992526e-01 -2.62791402e-05 -1.10539805e-06  5.21813137e-08 
 3.48028151e-05  5.51041692e-01  5.50824468e-01  5.50985452e-01 -2.81699738e-05 -1.60515712e-06  4.43116556e-08 
 3.48030075e-05  5.51043891e-01  5.50686696e-01  5.50966375e-01 -3.21170314e-05 -2.63537692e-06  2.77107487e-08 
 3.48031683e-05  5.51040354e-01  5.50576709e-01  5.50943798e-01 -3.55333187e-05 -3.66891403e-06  1.09493709e-08 
 3.48033034e-05  5.51033656e-01  5.50492432e-01  5.50920818e-01 -3.83590787e-05 -4.63366998e-06 -4.65635433e-09 
 3.48034140e-05  5.51026263e-01  5.50431744e-01  5.50899772e-01 -4.03095337e-05 -5.47142811e-06 -1.81265150e-08 
 3.48034793e-05  5.51021026e-01  5.50401590e-01  5.50886601e-01 -4.12248932e-05 -5.97729132e-06 -2.62106862e-08 
 3.48035159e-05  5.51018578e-01  5.50388046e-01  5.50879059e-01 -4.14832125e-05 -6.25957226e-06 -3.07004072e-08 
 3.48035524e-05  5.51018370e-01  5.50378801e-01  5.50871477e-01 -4.15519079e-05 -6.53537531e-06 -3.50686602e-08 
 3.48035803e-05  5.51021441e-01  5.50376359e-01  5.50865684e-01 -4.12874630e-05 -6.73794827e-06 -3.82536575e-08 
 3.48036059e-05  5.51028337e-01  5.50379841e-01  5.50860437e-01 -4.07481839e-05 -6.91153653e-06 -4.09404258e-08 
 3.48036333e-05  5.51042323e-01  5.50392318e-01  5.50854966e-01 -3.96998394e-05 -7.07774667e-06 -4.34212714e-08 
 3.48036666e-05  5.51072369e-01  5.50422224e-01  5.50848679e-01 -3.78546692e-05 -7.24441080e-06 -4.57049293e-08 
 3.48037002e-05  5.51120656e-01  5.50468463e-01  5.50842920e-01 -3.54787489e-05 -7.36951198e-06 -4.71192567e-08 
 3.48037508e-05  5.51228566e-01  5.50560124e-01  5.50835795e-01 -3.14097546e-05 -7.47854143e-06 -4.76886006e-08 
 3.48037852e-05  5.51325829e-01  5.50632020e-01  5.50832133e-01 -2.85459100e-05 -7.50457245e-06 -4.71773667e-08 
 3.48038187e-05  5.51435960e-01  5.50703361e-01  5.50829582e-01 -2.58745152e-05 -7.49985547e-06 -4.61878227e-08 
 3.48038575e-05  5.51580836e-01  5.50783631e-01  5.50827831e-01 -2.30423761e-05 -7.46560239e-06 -4.46322634e-08 
 3.48039000e-05  5.51757247e-01  5.50864560e-01  5.50827304e-01 -2.03330613e-05 -7.40193957e-06 -4.26434873e-08 
 3.48039439e-05  5.51956991e-01  5.50938231e-01  5.50828115e-01 -1.80054565e-05 -7.31623637e-06 -4.04623343e-08 
 3.48039918e-05  5.52192974e-01  5.51006072e-01  5.50830324e-01 -1.59634110e-05 -7.20814029e-06 -3.81020107e-08 
 3.48040443e-05  5.52473336e-01  5.51066356e-01  5.50834036e-01 -1.42613442e-05 -7.07918018e-06 -3.56544377e-08 
 3.48041051e-05  5.52825869e-01  5.51120124e-01  5.50839596e-01 -1.28321145e-05 -6.92363594e-06 -3.31070288e-08 
 3.48041753e-05  5.53275574e-01  5.51165677e-01  5.50847241e-01 -1.17328032e-05 -6.74092085e-06 -3.05931280e-08 
 3.48042609e-05  5.53891610e-01  5.51204087e-01  5.50857676e-01 -1.09021685e-05 -6.51991662e-06 -2.81883087e-08 
 3.48043668e-05  5.54773519e-01  5.51235336e-01  5.50871545e-01 -1.03535055e-05 -6.25309717e-06 -2.62093816e-08 
 3.48045069e-05  5.56176574e-01  5.51261960e-01  5.50890613e-01 -1.00031383e-05 -5.91413920e-06 -2.52642782e-08 
 3.48047008e-05  5.58615808e-01  5.51286717e-01  5.50917204e-01 -9.81618620e-06 -5.47380254e-06 -2.70633444e-08 
 3.48048504e-05  5.60922836e-01  5.51301775e-01  5.50937509e-01 -9.73775382e-06 -5.15605179e-06 -3.08671721e-08 
 3.48050000e-05  5.63615142e-01  5.51315418e-01  5.50957467e-01 -9.68615663e-06 -4.85639210e-06 -3.66870244e-08 
 3.48050042e-05  5.63694484e-01  5.51308693e-01  5.50958010e-01 -1.08340272e-05 -4.84872646e-06 -3.71070075e-08 
 3.48050126e-05  5.63854890e-01  5.51296942e-01  5.50959074e-01 -1.11961228e-05 -4.83339478e-06 -3.79283171e-08 
 3.48050294e-05  5.64177403e-01  5.51279453e-01  5.50961094e-01 -1.12814815e-05 -4.80267298e-06 -3.95227409e-08 
 3.48050630e-05  5.64819732e-01  5.51253503e-01  5.50964803e-01 -1.16263913e-05 -4.74123534e-06 -4.26351331e-08 
 3.48051302e-05  5.66098295e-01  5.51217003e-01  5.50971246e-01 -1.19064299e-05 -4.61940424e-06 -4.85982502e-08 
 3.48052646e-05  5.68626054e-01  5.51176789e-01  5.50981617e-01 -1.22231065e-05 -4.38313434e-06 -5.97591577e-08 
 3.48054273e-05  5.71635822e-01  5.51159048e-01  5.50991625e-01 -1.22165369e-05 -4.11240489e-06 -7.21696847e-08 
 3.48057009e-05  5.76570094e-01  5.51154647e-01  5.51005909e-01 -1.22490525e-05 -3.69419904e-06 -9.07369628e-08 
 3.48061087e-05  5.83645107e-01  5.51165929e-01  5.51025038e-01 -1.21659153e-05 -3.14785243e-06 -1.13692180e-07 
 3.48067915e-05  5.94777627e-01  5.51202255e-01  5.51056638e-01 -1.21738270e-05 -2.40554856e-06 -1.41691203e-07 
 3.48081065e-05  6.13926455e-01  5.51327875e-01  5.51131965e-01 -1.20616757e-05 -1.42102236e-06 -1.69318306e-07 
 3.48105549e-05  6.42723107e-01  5.51773519e-01  5.51389132e-01 -1.20373299e-05 -5.01358746e-07 -1.70151744e-07 
 3.48130836e-05  6.64811989e-01  5.52539437e-01  5.51886070e-01 -1.19562721e-05 -1.70671126e-07 -1.42127006e-07 
 3.48161214e-05  6.83794514e-01  5.53878669e-01  5.52865195e-01 -1.19993086e-05 -4.46098144e-08 -1.04679169e-07 
 3.48189936e-05  6.96240622e-01  5.55541467e-01  5.54191219e-01 -1.19678510e-05 -1.33669564e-08 -7.53504570e-08 
 3.48224681e-05  7.06479639e-01  5.57994079e-01  5.56281199e-01 -1.20492606e-05 -3.16379027e-09 -4.95556232e-08 
 3.48260551e-05  7.13309890e-01  5.60935183e-01  5.58917521e-01 -1.20432732e-05 -8.41913805e-10 -3.17273790e-08 
 3.48304914e-05  7.18501026e-01  5.64993570e-01  5.62696243e-01 -1.21421675e-05 -6.41995051e-12 -1.78797948e-08 
 3.48353033e-05  7.21677291e-01  5.69766045e-01  5.67262306e-01 -1.21451191e-05  4.16610504e-10 -9.20017952e-09 
 3.48413527e-05  7.23740004e-01  5.76113059e-01  5.73447518e-01 -1.22433221e-05  7.91918527e-10 -3.37329789e-09 
 3.48477382e-05  7.24731929e-01  5.83068700e-01  5.80306136e-01 -1.22351368e-05  1.05404477e-09 -4.13600944e-10 
 3.48540481e-05  7.25166144e-01  5.90083341e-01  5.87269587e-01 -1.23080182e-05  1.23315657e-09  9.92771059e-10 
 3.48603217e-05  7.25360642e-01  5.97121487e-01  5.94284989e-01 -1.22771038e-05  1.34883735e-09  1.70030139e-09 
 3.48665504e-05  7.25448796e-01  6.04121877e-01  6.01281902e-01 -1.23334109e-05  1.43472810e-09  2.07437854e-09 
 3.48726295e-05  7.25489963e-01  6.10929526e-01  6.08100701e-01 -1.22912952e-05  1.48710466e-09  2.28250782e-09 
 3.48782799e-05  7.25509405e-01  6.17208294e-01  6.14400907e-01 -1.23401220e-05  1.52539582e-09  2.39678794e-09 
 3.48835267e-05  7.25520252e-01  6.22975667e-01  6.20197482e-01 -1.22938738e-05  1.54232736e-09  2.46311628e-09 
 3.48895021e-05  7.25527963e-01  6.29444083e-01  6.26710240e-01 -1.23404142e-05  1.55575705e-09  2.50294074e-09 
 3.48960513e-05  7.25534299e-01  6.36377782e-01  6.33706941e-01 -1.22932328e-05  1.54908794e-09  2.51597563e-09 
 3.49050133e-05  7.25540762e-01  6.45521668e-01  6.42964062e-01 -1.23395613e-05  1.52287344e-09  2.48454151e-09 
 3.49152332e-05  7.25547495e-01  6.55320937e-01  6.52935372e-01 -1.22943603e-05  1.45019032e-09  2.38660156e-09 
 3.49282424e-05  7.25554827e-01  6.66518859e-01  6.64423247e-01 -1.23465891e-05  1.30687332e-09  2.16132477e-09 
 3.49434167e-05  7.25562539e-01  6.77302847e-01  6.75636606e-01 -1.23131523e-05  1.05560919e-09  1.76984937e-09 
 3.49583266e-05  7.25568045e-01  6.85169453e-01  6.83972341e-01 -1.23783165e-05  7.62637986e-10  1.29350416e-09 
 3.49738221e-05  7.25572104e-01  6.90553312e-01  6.89800988e-01 -1.23542237e-05  4.56967603e-10  8.02847285e-10 
 3.49908389e-05  7.25574029e-01  6.93952910e-01  6.93538023e-01 -1.24235697e-05  2.07965071e-10  3.87146027e-10 
 3.50086883e-05  7.25574854e-01  6.95965183e-01  6.95703898e-01 -1.23948472e-05  6.89208690e-11  1.57674510e-10 
 3.50250741e-05  7.25574678e-01  6.97402477e-01  6.97152186e-01 -1.24506015e-05  4.34418495e-11  1.01973559e-10 
 3.50435539e-05  7.25574921e-01  6.99192925e-01  6.98900406e-01 -1.24084609e-05  6.22119266e-11  1.31432640e-10 
 3.50611971e-05  7.25575071e-01  7.01169464e-01  7.00841811e-01 -1.24552725e-05  9.54893855e-11  1.76503937e-10 
 3.50842011e-05  7.25576022e-01  7.03886585e-01  7.03554423e-01 -1.24080266e-05  1.11329275e-10  2.06303714e-10 
 3.51092011e-05  7.25576786e-01  7.06649034e-01  7.06351322e-01 -1.24539233e-05  1.06839473e-10  1.92385851e-10 
 3.51342011e-05  7.25577791e-01  7.09001449e-01  7.08748892e-01 -1.24082598e-05  8.37719265e-11  1.59051712e-10 
 3.51592011e-05  7.25578235e-01  7.10960850e-01  7.10743509e-01 -1.24556719e-05  6.92524976e-11  1.27753976e-10 
 3.51842011e-05  7.25578916e-01  7.12641710e-01  7.12447161e-01 -1.24103158e-05  5.59276308e-11  1.09655625e-10 
 3.52092011e-05  7.25579161e-01  7.14133502e-01  7.13955136e-01 -1.24572069e-05  5.29698653e-11  9.74556761e-11 
 3.52342011e-05  7.25579739e-01  7.15471387e-01  7.15307764e-01 -1.24113489e-05  4.52127212e-11  8.90204980e-11 
 3.52592011e-05  7.25579912e-01  7.16662465e-01  7.16513375e-01 -1.24579465e-05  4.30285686e-11  7.86472686e-11 
 3.52842011e-05  7.25580413e-01  7.17712419e-01  7.17577066e-01 -1.24120459e-05  3.49519430e-11  6.99982568e-11 
 3.53092011e-05  7.25580504e-01  7.18634859e-01  7.18511517e-01 -1.24585915e-05  3.32289758e-11  6.06118967e-11 
 3.53342011e-05  7.25580929e-01  7.19446878e-01  7.19333859e-01 -1.24126641e-05  2.64330127e-11  5.42093394e-11 
 3.53592011e-05  7.25580956e-01  7.20164147e-01  7.20059973e-01 -1.24591025e-05  2.60558764e-11  4.72381080e-11 
 3.53842011e-05  7.25581328e-01  7.20798523e-01  7.20702211e-01 -1.24131243e-05  2.03222042e-11  4.27378929e-11 
 3.54092011e-05  7.25581309e-01  7.21359491e-01  7.21270122e-01 -1.24594740e-05  2.06641722e-11  3.71402571e-11 
 3.54342011e-05  7.25581640e-01  7.21855019e-01  7.21771883e-01 -1.24134763e-05  1.55255303e-11  3.37371762e-11 
 3.54592011e-05  7.25581585e-01  7.22292705e-01  7.22215014e-01 -1.24597603e-05  1.63871933e-11  2.91414136e-11 
 3.54842011e-05  7.25581884e-01  7.22679271e-01  7.22606436e-01 -1.24137549e-05  1.17701573e-11  2.66805296e-11 
 3.55092011e-05  7.25581801e-01  7.23020921e-01  7.22952304e-01 -1.24599799e-05  1.30772357e-11  2.29385100e-11 
 3.55342011e-05  7.25582075e-01  7.23322824e-01  7.23257992e-01 -1.24139731e-05  8.87348550e-12  2.12216072e-11 
 3.55592011e-05  7.25581971e-01  7.23589717e-01  7.23528173e-01 -1.24601463e-05  1.05095607e-11  1.81220592e-11 
 3.55842011e-05  7.25582225e-01  7.23825543e-01  7.23766964e-01 -1.24141451e-05  6.61818018e-12  1.69652649e-11 
 3.56092011e-05  7.25582104e-01  7.24034022e-01  7.23978005e-01 -1.24602727e-05  8.50454581e-12  1.43612196e-11 
 3.56342011e-05  7.25582344e-01  7.24218229e-01  7.24164533e-01 -1.24142820e-05  4.86085434e-12  1.36436999e-11 
 3.56592011e-05  7.25582209e-01  7.24381102e-01  7.24329400e-01 -1.24603681e-05  6.94115793e-12  1.14288668e-11 
 3.56842011e-05  7.25582437e-01  7.24525015e-01  7.24475131e-01 -1.24143914e-05  3.49310077e-12  1.10540143e-11 
 3.57092011e-05  7.25582292e-01  7.24652280e-01  7.24603947e-01 -1.24604394e-05  5.72109569e-12  9.14153692e-12 
 3.57342011e-05  7.25582511e-01  7.24764724e-01  7.24717817e-01 -1.24144796e-05  2.42738100e-12  9.03276672e-12 
 3.57592011e-05  7.25582359e-01  7.24864172e-01  7.24818471e-01 -1.24604920e-05  4.76771422e-12  7.35582813e-12 
 3.57842011e-05  7.25582570e-01  7.24952030e-01  7.24907449e-01 -1.24145513e-05  1.59685936e-12  7.45459255e-12 
 3.58092011e-05  7.25582412e-01  7.25029748e-01  7.24986104e-01 -1.24605301e-05  4.02236664e-12  5.96160800e-12 
 3.58342011e-05  7.25582618e-01  7.25098400e-01  7.25055636e-01 -1.24146102e-05  9.49755899e-13  6.22222510e-12 
 3.58592011e-05  7.25582454e-01  7.25159139e-01  7.25117102e-01 -1.24605569e-05  3.43924975e-12  4.87283011e-12 
 3.58842011e-05  7.25582656e-01  7.25212785e-01  7.25171440e-01 -1.24146590e-05  4.45633981e-13  5.25963176e-12 
 3.59092011e-05  7.25582488e-01  7.25260258e-01  7.25219476e-01 -1.24605749e-05  2.98269222e-12  4.02240025e-12 
 3.59342011e-05  7.25582687e-01  7.25302178e-01  7.25261943e-01 -1.24147000e-05  5.30480607e-14  4.50762767e-12 
 3.59592011e-05  7.25582516e-01  7.25339285e-01  7.25299484e-01 -1.24605861e-05  2.62494020e-12  3.35807640e-12 
 3.59842011e-05  7.25582712e-01  7.25372041e-01  7.25332673e-01 -1.24147349e-05 -2.52497242e-13  3.92006886e-12 
 3.60092011e-05  7.25582540e-01  7.25401047e-01  7.25362013e-01 -1.24605919e-05  2.34435605e-12  2.83908883e-12 
 3.60342011e-05  7.25582733e-01  7.25426643e-01  7.25387952e-01 -1.24147651e-05 -4.90104702e-13  3.46093765e-12 
 3.60592011e-05  7.25582559e-01  7.25449318e-01  7.25410883e-01 -1.24605936e-05  2.12405679e-12  2.43361960e-12 
 3.60842011e-05  7.25582750e-01  7.25469318e-01  7.25431157e-01 -1.24147915e-05 -6.74684050e-13  3.10212544e-12 
 3.61092011e-05  7.25582575e-01  7.25487046e-01  7.25449079e-01 -1.24605920e-05  1.95086764e-12  2.11683134e-12 
 3.61342011e-05  7.25582765e-01  7.25502672e-01  7.25464925e-01 -1.24148151e-05 -8.17867041e-13  2.82168315e-12 
 3.61592011e-05  7.25582589e-01  7.25516533e-01  7.25478932e-01 -1.24605879e-05  1.81450623e-12  1.86932826e-12 
 3.61842011e-05  7.25582778e-01  7.25528742e-01  7.25491318e-01 -1.24148364e-05 -9.28734086e-13  2.60247385e-12 
 3.62092011e-05  7.25582601e-01  7.25539581e-01  7.25502266e-01 -1.24605818e-05  1.70693537e-12  1.67596167e-12 
 3.62342011e-05  7.25582789e-01  7.25549119e-01  7.25511947e-01 -1.24148558e-05 -1.01437435e-12  2.43110827e-12 
 3.62592011e-05  7.25582612e-01  7.25557596e-01  7.25520504e-01 -1.24605742e-05  1.62188839e-12  1.52489837e-12 
 3.62842011e-05  7.25582799e-01  7.25565046e-01  7.25528071e-01 -1.24148739e-05 -1.08033005e-12  2.29712918e-12 
 3.63092011e-05  7.25582621e-01  7.25571676e-01  7.25534760e-01 -1.24605654e-05  1.55446120e-12  1.40689451e-12 
 3.63342011e-05  7.25582808e-01  7.25577495e-01  7.25540675e-01 -1.24148909e-05 -1.13092326e-12  2.19236277e-12 
 3.63592011e-05  7.25582630e-01  7.25582683e-01  7.25545903e-01 -1.24605556e-05  1.50082637e-12  1.31472546e-12 
 3.63842011e-05  7.25582816e-01  7.25587226e-01  7.25550527e-01 -1.24149071e-05 -1.16953452e-12  2.11042685e-12 
 3.64092011e-05  7.25582637e-01  7.25591287e-01  7.25554614e-01 -1.24605451e-05  1.45798781e-12  1.24274798e-12 
 3.64342011e-05  7.25582824e-01  7.25594834e-01  7.25558228e-01 -1.24149226e-05 -1.19880408e-12  2.04633175e-12 
 3.64592011e-05  7.25582645e-01  7.25598012e-01  7.25561423e-01 -1.24605341e-05  1.42361687e-12  1.18655102e-12 
 3.64842011e-05  7.25582831e-01  7.25600780e-01  7.25564248e-01 -1.24149375e-05 -1.22079495e-12  1.99617905e-12 
 3.65092011e-05  7.25582652e-01  7.25603270e-01  7.25566746e-01 -1.24605226e-05  1.39587408e-12  1.14268778e-12 
 3.65342011e-05  7.25582837e-01  7.25605430e-01  7.25568955e-01 -1.24149520e-05 -1.23711588e-12  1.95692247e-12 
 3.65592011e-05  7.25582658e-01  7.25607381e-01  7.25570908e-01 -1.24605108e-05  1.37333569e-12  1.10846575e-12 
 3.65842011e-05  7.25582844e-01  7.25609064e-01  7.25572635e-01 -1.24149662e-05 -1.24902367e-12  1.92618089e-12 
 3.66092011e-05  7.25582665e-01  7.25610595e-01  7.25574161e-01 -1.24604987e-05  1.35488430e-12  1.08177784e-12 
 3.66342011e-05  7.25582850e-01  7.25611907e-01  7.25575512e-01 -1.24149802e-05 -1.25750799e-12  1.90209290e-12 
 3.66592011e-05  7.25582671e-01  7.25613108e-01  7.25576706e-01 -1.24604864e-05  1.33964649e-12  1.06097975e-12 
 3.66842011e-05  7.25582856e-01  7.25614129e-01  7.25577762e-01 -1.24149939e-05 -1.26332972e-12  1.88320540e-12 
 3.67092011e-05  7.25582677e-01  7.25615073e-01  7.25578696e-01 -1.24604740e-05  1.32693682e-12  1.04478649e-12 
 3.67342011e-05  7.25582862e-01  7.25615868e-01  7.25579522e-01 -1.24150075e-05 -1.26708865e-12  1.86838186e-12 
 3.67592011e-05  7.25582683e-01  7.25616610e-01  7.25580252e-01 -1.24604614e-05  1.31622773e-12  1.03219088e-12 
 3.67796005e-05  7.25582867e-01  7.25617116e-01  7.25580785e-01 -1.24150224e-05 -1.26835608e-12  1.85763210e-12 
 3.68000000e-05  7.25582687e-01  7.25617613e-01  7.25581267e-01 -1.24604458e-05  1.30718743e-12  1.02415125e-12 
 3.68000293e-05  7.25578005e-01  7.25583503e-01  7.25580873e-01 -1.39990997e-05 -2.83361024e-09 -1.47211859e-09 
 3.68000878e-05  7.25572241e-01  7.25533317e-01  7.25579514e-01 -1.45341250e-05 -7.48905359e-09 -4.27934487e-09 
 3.68002048e-05  7.25562159e-01  7.25478221e-01  7.25574481e-01 -1.48740200e-05 -1.35139181e-08 -9.45607983e-09 
 3.68003774e-05  7.25547397e-01  7.25437728e-01  7.25564284e-01 -1.50737092e-05 -2.02105506e-08 -1.64989650e-08 
 3.68005636e-05  7.25532272e-01  7.25420617e-01  7.25551982e-01 -1.50329375e-05 -2.68285623e-08 -2.35269579e-08 
 3.68009358e-05  7.25503213e-01  7.25401113e-01  7.25527399e-01 -1.51395978e-05 -3.87311660e-08 -3.61368903e-08 
 3.68014409e-05  7.25469111e-01  7.25385597e-01  7.25496145e-01 -1.57429150e-05 -4.99756457e-08 -5.04796099e-08 
 3.68016215e-05  7.25458228e-01  7.25380906e-01  7.25485747e-01 -1.68354533e-05 -4.97206199e-08 -5.48550424e-08 
 3.68018024e-05  7.25449328e-01  7.25380059e-01  7.25475860e-01 -1.90566230e-05 -4.08197613e-08 -5.87508913e-08 
 3.68019559e-05  7.25443220e-01  7.25381910e-01  7.25468046e-01 -2.24135822e-05 -2.12246185e-08 -6.15936183e-08 
 3.68020978e-05  7.25439861e-01  7.25388090e-01  7.25461461e-01 -2.67294689e-05  1.27803299e-08 -6.37298422e-08 
 3.68022287e-05  7.25438351e-01  7.25397846e-01  7.25456116e-01 -3.18579148e-05  6.41089100e-08 -6.51725480e-08 
 3.68023416e-05  7.25438970e-01  7.25411403e-01  7.25452240e-01 -3.69389589e-05  1.30574830e-07 -6.58751898e-08 
 3.68024379e-05  7.25440433e-01  7.25427814e-01  7.25449636e-01 -4.17324011e-05  2.10446385e-07 -6.59470020e-08 
 3.68025230e-05  7.25442886e-01  7.25447950e-01  7.25448030e-01 -4.60882971e-05  3.05756186e-07 -6.54626177e-08 
 3.68026028e-05  7.25445593e-01  7.25473028e-01  7.25447281e-01 -5.02472829e-05  4.23783584e-07 -6.43983544e-08 
 3.68026874e-05  7.25449379e-01  7.25507500e-01  7.25447504e-01 -5.45134735e-05  5.86784589e-07 -6.24749455e-08 
 3.68027781e-05  7.25454007e-01  7.25552044e-01  7.25449142e-01 -5.90340692e-05  8.09119207e-07 -5.94589573e-08 
 3.68028954e-05  7.25460676e-01  7.25615497e-01  7.25453653e-01 -6.48521645e-05  1.16672036e-06 -5.42480419e-08 
 3.68030145e-05  7.25466983e-01  7.25680515e-01  7.25461007e-01 -7.08936778e-05  1.60064063e-06 -4.77230527e-08 
 3.68031646e-05  7.25475618e-01  7.25758297e-01  7.25473950e-01 -7.86007356e-05  2.23243599e-06 -3.80978337e-08 
 3.68033031e-05  7.25484904e-01  7.25824413e-01  7.25489108e-01 -8.56137076e-05  2.88613291e-06 -2.80844691e-08 
 3.68034874e-05  7.25500157e-01  7.25902861e-01  7.25513160e-01 -9.41036964e-05  3.83626324e-06 -1.35152957e-08 
 3.68036534e-05  7.25516104e-01  7.25961349e-01  7.25537759e-01 -1.00003273e-04  4.74492308e-06  3.44783601e-10 
 3.68037629e-05  7.25527512e-01  7.25989737e-01  7.25554964e-01 -1.01748973e-04  5.35171042e-06  9.47945445e-09 
 3.68038284e-05  7.25534209e-01  7.25999196e-01  7.25565381e-01 -1.00561343e-04  5.70498845e-06  1.46809487e-08 
 3.68038786e-05  7.25539172e-01  7.25999045e-01  7.25573287e-01 -9.73104675e-05  5.96113752e-06  1.83224565e-08 
 3.68039309e-05  7.25543707e-01  7.25988324e-01  7.25581245e-01 -9.15974178e-05  6.20305446e-06  2.15527955e-08 
 3.68040013e-05  7.25548725e-01  7.25954064e-01  7.25591065e-01 -8.12067532e-05  6.47274185e-06  2.46889791e-08 
 3.68040662e-05  7.25551903e-01  7.25903701e-01  7.25598796e-01 -7.03680001e-05  6.65647764e-06  2.62288985e-08 
 3.68041568e-05  7.25554197e-01  7.25812737e-01  7.25606738e-01 -5.55437379e-05  6.80631147e-06  2.63038866e-08 
 3.68042746e-05  7.25553735e-01  7.25681023e-01  7.25611520e-01 -3.98513054e-05  6.83882589e-06  2.35032099e-08 
 3.68043651e-05  7.25551427e-01  7.25584744e-01  7.25610990e-01 -3.14353288e-05  6.76637805e-06  1.98073313e-08 
 3.68044473e-05  7.25548242e-01  7.25508931e-01  7.25607742e-01 -2.61678701e-05  6.65113859e-06  1.58076547e-08 
 3.68045399e-05  7.25543927e-01  7.25439057e-01  7.25601555e-01 -2.22072839e-05  6.48524265e-06  1.09511301e-08 
 3.68046319e-05  7.25539058e-01  7.25385144e-01  7.25593403e-01 -1.97916186e-05  6.29794468e-06  6.01257484e-09 
 3.68047386e-05  7.25533056e-01  7.25338496e-01  7.25582201e-01 -1.81274738e-05  6.06678500e-06  3.34516016e-10 
 3.68048520e-05  7.25526371e-01  7.25303113e-01  7.25569004e-01 -1.72043063e-05  5.81645358e-06 -5.50163477e-09 
 3.68049260e-05  7.25521955e-01  7.25285789e-01  7.25559937e-01 -1.68563241e-05  5.65378752e-06 -9.17495385e-09 
 3.68050000e-05  7.25517465e-01  7.25271628e-01  7.25550675e-01 -1.66484876e-05  5.49342601e-06 -1.27319052e-08 
 3.68050021e-05  7.25518356e-01  7.25275009e-01  7.25550419e-01 -1.55977758e-05  5.48925742e-06 -1.27140738e-08 
 3.68050062e-05  7.25519192e-01  7.25281233e-01  7.25549911e-01 -1.51822012e-05  5.48095505e-06 -1.26847076e-08 
 3.68050144e-05  7.25519121e-01  7.25291366e-01  7.25548924e-01 -1.49514870e-05  5.46441279e-06 -1.26457671e-08 
 3.68050309e-05  7.25519244e-01  7.25306855e-01  7.25547045e-01 -1.46218507e-05  5.43129303e-06 -1.25863863e-08 
 3.68050581e-05  7.25519254e-01  7.25326388e-01  7.25544159e-01 -1.41554136e-05  5.37660784e-06 -1.25152736e-08 
 3.68051125e-05  7.25519364e-01  7.25354951e-01  7.25538998e-01 -1.35103548e-05  5.26758982e-06 -1.24438288e-08 
 3.68052213e-05  7.25519334e-01  7.25387877e-01  7.25530316e-01 -1.28125169e-05  5.05283153e-06 -1.24439940e-08 
 3.68054389e-05  7.25519212e-01  7.25407360e-01  7.25516222e-01 -1.24281845e-05  4.64318484e-06 -1.25876996e-08 
 3.68057047e-05  7.25518904e-01  7.25402847e-01  7.25501341e-01 -1.23844699e-05  4.18384240e-06 -1.26883944e-08 
 3.68060799e-05  7.25518572e-01  7.25390383e-01  7.25481655e-01 -1.23888105e-05  3.61025101e-06 -1.25860570e-08 
 3.68065535e-05  7.25518121e-01  7.25375094e-01  7.25458262e-01 -1.23771333e-05  2.99640348e-06 -1.21700317e-08 
 3.68074904e-05  7.25517474e-01  7.25349478e-01  7.25416524e-01 -1.23877153e-05  2.06589696e-06 -1.08229117e-08 
 3.68093641e-05  7.25516481e-01  7.25313487e-01  7.25350387e-01 -1.23785461e-05  9.55225975e-07 -7.56351479e-09 
 3.68131115e-05  7.25515517e-01  7.25287209e-01  7.25276441e-01 -1.23972671e-05  1.45675869e-07 -2.70222438e-09 
 3.68183421e-05  7.25514998e-01  7.25313016e-01  7.25263565e-01 -1.23976364e-05 -1.94074866e-09 -2.70384133e-10 
 3.68256183e-05  7.25514871e-01  7.25397525e-01  7.25329285e-01 -1.24200797e-05  3.29924048e-10  3.84264950e-11 
 3.68374722e-05  7.25514850e-01  7.25537404e-01  7.25472637e-01 -1.24196229e-05 -1.12514811e-10  1.89433209e-11 
 3.68510019e-05  7.25514959e-01  7.25635063e-01  7.25585549e-01 -1.24364633e-05  7.10429029e-11  2.74224099e-11 
 3.68719012e-05  7.25514973e-01  7.25661826e-01  7.25628503e-01 -1.24296048e-05 -3.55957260e-11 -8.97570863e-13 
 3.68969012e-05  7.25514967e-01  7.25605292e-01  7.25576463e-01 -1.24424867e-05  1.95965846e-11 -2.75457256e-12 
 3.69219012e-05  7.25514872e-01  7.25554814e-01  7.25521984e-01 -1.24319742e-05 -1.84290018e-11 -4.91604294e-12 
 3.69469012e-05  7.25514879e-01  7.25544280e-01  7.25507463e-01 -1.24430146e-05  1.01904553e-11  2.04510324e-12 
 3.69719012e-05  7.25514850e-01  7.25555281e-01  7.25517533e-01 -1.24319092e-05 -5.90730936e-12  2.08998959e-12 
 3.69859506e-05  7.25514893e-01  7.25561889e-01  7.25524578e-01 -1.24429145e-05  3.81797675e-12  2.85237686e-12 
 3.70000000e-05  7.25514865e-01  7.25565359e-01  7.25528663e-01 -1.24318818e-05 -9.30912899e-13  2.07563442e-12 
 3.70000111e-05  7.25515802e-01  7.25573271e-01  7.25528700e-01 -9.94065384e-06  1.60206929e-09  2.94104761e-10 
 3.70000333e-05  7.25516279e-01  7.25586302e-01  7.25528831e-01 -9.52568428e-06  4.88016790e-09  8.55293340e-10 
 3.70000776e-05  7.25516537e-01  7.25604383e-01  7.25529362e-01 -9.31793690e-06  1.12403903e-08  1.91370362e-09 
 3.70001442e-05  7.25517323e-01  7.25623974e-01  7.25530638e-01 -8.92283532e-06  2.02780897e-08  3.41571170e-09 
 3.70002774e-05  7.25518376e-01  7.25646482e-01  7.25534184e-01 -8.77149223e-06  3.72752241e-08  6.20100208e-09 
 3.70005439e-05  7.25520855e-01  7.25662995e-01  7.25542712e-01 -8.61444356e-06  6.82520164e-08  1.12482283e-08 
 3.70008835e-05  7.25523673e-01  7.25668230e-01  7.25553731e-01 -8.71380607e-06  1.03253677e-07  1.69296975e-08 
 3.70014013e-05  7.25528353e-01  7.25672474e-01  7.25568811e-01 -8.70387239e-06  1.48433170e-07  2.42633037e-08 
 3.70015278e-05  7.25529424e-01  7.25672961e-01  7.25572148e-01 -8.85511601e-06  1.58087073e-07  2.58192710e-08 
 3.70017807e-05  7.25532620e-01  7.25670925e-01  7.25578263e-01 -9.50764508e-06  1.75486549e-07  2.85445249e-08 
 3.70019050e-05  7.25534888e-01  7.25666312e-01  7.25580888e-01 -1.05211006e-05  1.82809612e-07  2.95802417e-08 
 3.70020202e-05  7.25538161e-01  7.25656923e-01  7.25582890e-01 -1.20746947e-05  1.88298485e-07  3.01777649e-08 
 3.70021284e-05  7.25542069e-01  7.25641326e-01  7.25584159e-01 -1.44535458e-05  1.91875113e-07  3.02481718e-08 
 3.70022355e-05  7.25547168e-01  7.25617211e-01  7.25584529e-01 -1.75067742e-05  1.93339322e-07  2.96575660e-08 
 3.70023412e-05  7.25552806e-01  7.25582734e-01  7.25583667e-01 -2.11209966e-05  1.92206990e-07  2.82124557e-08 
 3.70024416e-05  7.25558700e-01  7.25537765e-01  7.25581316e-01 -2.44598259e-05  1.88106385e-07  2.58134054e-08 
 3.70025361e-05  7.25563944e-01  7.25482001e-01  7.25577320e-01 -2.70278702e-05  1.80931041e-07  2.23957194e-08 
 3.70026420e-05  7.25569297e-01  7.25403040e-01  7.25570222e-01 -2.91399287e-05  1.68457156e-07  1.69948289e-08 
 3.70027423e-05  7.25573237e-01  7.25316688e-01  7.25560520e-01 -3.14573773e-05  1.52462614e-07  1.03590592e-08 
 3.70028958e-05  7.25577185e-01  7.25177753e-01  7.25539701e-01 -3.55248879e-05  1.21155261e-07 -2.24301667e-09 
 3.70030272e-05  7.25578020e-01  7.25060715e-01  7.25516311e-01 -3.92356674e-05  8.86186922e-08 -1.50257862e-08 
 3.70031656e-05  7.25576421e-01  7.24945907e-01  7.25486720e-01 -4.29943951e-05  4.95071560e-08 -3.00354632e-08 
 3.70032856e-05  7.25572478e-01  7.24857231e-01  7.25457592e-01 -4.59380951e-05  1.13651961e-08 -4.39809245e-08 
 3.70033581e-05  7.25568704e-01  7.24811196e-01  7.25438735e-01 -4.73279984e-05 -1.73139516e-08 -5.26389564e-08 
 3.70033971e-05  7.25565953e-01  7.24790548e-01  7.25428309e-01 -4.78228625e-05 -3.94955330e-08 -5.72823727e-08 
 3.70034348e-05  7.25562893e-01  7.24775376e-01  7.25418083e-01 -4.79853469e-05 -7.41419681e-08 -6.16887006e-08 
 3.70034616e-05  7.25559965e-01  7.24769266e-01  7.25410814e-01 -4.77862510e-05 -1.12293396e-07 -6.46844979e-08 
 3.70034835e-05  7.25556695e-01  7.24768822e-01  7.25404904e-01 -4.73233066e-05 -1.55330296e-07 -6.69804214e-08 
 3.70035048e-05  7.25552035e-01  7.24774204e-01  7.25399228e-01 -4.64824118e-05 -2.08688040e-07 -6.89962625e-08 
 3.70035287e-05  7.25545095e-01  7.24789349e-01  7.25392998e-01 -4.50460852e-05 -2.82332237e-07 -7.08946682e-08 
 3.70035562e-05  7.25535672e-01  7.24820162e-01  7.25386162e-01 -4.28202246e-05 -3.83064106e-07 -7.24789982e-08 
 3.70035865e-05  7.25524926e-01  7.24869720e-01  7.25379221e-01 -3.98937467e-05 -5.10305797e-07 -7.34313934e-08 
 3.70036306e-05  7.25510546e-01  7.24963901e-01  7.25370502e-01 -3.51925295e-05 -7.18876189e-07 -7.34683306e-08 
 3.70036580e-05  7.25503135e-01  7.25030810e-01  7.25366043e-01 -3.22686177e-05 -8.58606728e-07 -7.28081918e-08 
 3.70036852e-05  7.25497024e-01  7.25099459e-01  7.25362386e-01 -2.94585622e-05 -1.00284204e-06 -7.17746517e-08 
 3.70037176e-05  7.25491317e-01  7.25179980e-01  7.25359050e-01 -2.63987229e-05 -1.17885179e-06 -7.02032150e-08 
 3.70037530e-05  7.25486785e-01  7.25263110e-01  7.25356607e-01 -2.34249800e-05 -1.37458438e-06 -6.82187188e-08 
 3.70037893e-05  7.25483579e-01  7.25340510e-01  7.25355295e-01 -2.08302305e-05 -1.57714124e-06 -6.60383238e-08 
 3.70038286e-05  7.25481359e-01  7.25413963e-01  7.25355071e-01 -1.84902710e-05 -1.79714670e-06 -6.36307252e-08 
 3.70038712e-05  7.25479943e-01  7.25481145e-01  7.25356020e-01 -1.64746744e-05 -2.03462574e-06 -6.10610486e-08 
 3.70039200e-05  7.25479195e-01  7.25543508e-01  7.25358338e-01 -1.47030338e-05 -2.30427738e-06 -5.82304717e-08 
 3.70039752e-05  7.25478997e-01  7.25598235e-01  7.25362190e-01 -1.32579349e-05 -2.60604527e-06 -5.51957534e-08 
 3.70040413e-05  7.25479341e-01  7.25646369e-01  7.25368036e-01 -1.20858322e-05 -2.96158393e-06 -5.17945070e-08 
 3.70041205e-05  7.25480196e-01  7.25686193e-01  7.25376206e-01 -1.12318233e-05 -3.37941763e-06 -4.80042150e-08 
 3.70042220e-05  7.25481862e-01  7.25719330e-01  7.25387756e-01 -1.06398064e-05 -3.90748019e-06 -4.34818324e-08 
 3.70043542e-05  7.25485033e-01  7.25746055e-01  7.25403655e-01 -1.03047919e-05 -4.60378652e-06 -3.79848351e-08 
 3.70045426e-05  7.25492844e-01  7.25770222e-01  7.25426769e-01 -1.01474198e-05 -5.71813799e-06 -3.06792435e-08 
 3.70047713e-05  7.25509738e-01  7.25792000e-01  7.25454591e-01 -1.01143219e-05 -7.57061116e-06 -2.24863821e-08 
 3.70050000e-05  7.25533346e-01  7.25811614e-01  7.25481789e-01 -1.01106949e-05 -1.03391394e-05 -1.49482371e-08 
 3.70050051e-05  7.25532673e-01  7.25808014e-01  7.25482382e-01 -1.23844836e-05 -1.04143029e-05 -1.49272680e-08 
 3.70050154e-05  7.25532207e-01  7.25801841e-01  7.25483552e-01 -1.26223902e-05 -1.05646868e-05 -1.48757911e-08 
 3.70050359e-05  7.25532274e-01  7.25793016e-01  7.25485818e-01 -1.25421409e-05 -1.08636051e-05 -1.47435372e-08 
 3.70050768e-05  7.25532021e-01  7.25780244e-01  7.25490118e-01 -1.26456748e-05 -1.14517545e-05 -1.44313225e-08 
 3.70051588e-05  7.25532210e-01  7.25763971e-01  7.25498043e-01 -1.25923675e-05 -1.25915289e-05 -1.36733610e-08 
 3.70052745e-05  7.25532388e-01  7.25753736e-01  7.25508203e-01 -1.26550766e-05 -1.41210042e-05 -1.24124013e-08 
 3.70054354e-05  7.25532979e-01  7.25752155e-01  7.25521203e-01 -1.25850591e-05 -1.60998383e-05 -1.03978822e-08 
 3.70056967e-05  7.25533707e-01  7.25760850e-01  7.25540967e-01 -1.26298225e-05 -1.89763563e-05 -6.63866001e-09 
 3.70062191e-05  7.25535640e-01  7.25785419e-01  7.25578033e-01 -1.25475137e-05 -2.36563445e-05  2.04433925e-09 
 3.70072641e-05  7.25539609e-01  7.25828870e-01  7.25644699e-01 -1.25691266e-05 -2.97607362e-05  2.08190009e-08 
 3.70090548e-05  7.25547276e-01  7.25881056e-01  7.25736457e-01 -1.24746227e-05 -3.39608807e-05  4.86195869e-08 
 3.70107479e-05  7.25554394e-01  7.25909381e-01  7.25798417e-01 -1.25121375e-05 -3.40298036e-05  6.54858217e-08 
 3.70130669e-05  7.25563881e-01  7.25922634e-01  7.25849937e-01 -1.24393390e-05 -3.19733085e-05  7.53096840e-08 
 3.70156511e-05  7.25573317e-01  7.25912514e-01  7.25871296e-01 -1.24846739e-05 -2.88588902e-05  7.52907697e-08 
 3.70198494e-05  7.25586961e-01  7.25863163e-01  7.25853267e-01 -1.24158689e-05 -2.40973451e-05  6.65237662e-08 
 3.70255919e-05  7.25602122e-01  7.25767379e-01  7.25773846e-01 -1.24616820e-05 -1.89466075e-05  5.24262323e-08 
 3.70337034e-05  7.25619032e-01  7.25632523e-01  7.25637519e-01 -1.23973973e-05 -1.38345130e-05  3.76839444e-08 
 3.70418629e-05  7.25631674e-01  7.25528689e-01  7.25521952e-01 -1.24507853e-05 -1.03377835e-05  2.79097554e-08 
 3.70522634e-05  7.25643870e-01  7.25454442e-01  7.25431916e-01 -1.23942700e-05 -7.28965612e-06  1.95276371e-08 
 3.70633570e-05  7.25653002e-01  7.25435902e-01  7.25400187e-01 -1.24521371e-05 -5.12563759e-06  1.36649482e-08 
 3.70776331e-05  7.25661329e-01  7.25469085e-01  7.25423940e-01 -1.23986842e-05 -3.31158540e-06  8.80087789e-09 
 3.70932664e-05  7.25667069e-01  7.25534539e-01  7.25486977e-01 -1.24577520e-05 -2.08390677e-06  5.53010668e-09 
 3.71131493e-05  7.25671723e-01  7.25607345e-01  7.25563189e-01 -1.24044475e-05 -1.16506709e-06  3.08994179e-09 
 3.71355517e-05  7.25674429e-01  7.25648845e-01  7.25609996e-01 -1.24628372e-05 -6.09015997e-07  1.61289062e-09 
 3.71605517e-05  7.25676131e-01  7.25656155e-01  7.25620369e-01 -1.24081950e-05 -2.95577680e-07  7.81497892e-10 
 3.71855517e-05  7.25676781e-01  7.25651649e-01  7.25615790e-01 -1.24651076e-05 -1.43979546e-07  3.80180555e-10 
 3.72105517e-05  7.25677260e-01  7.25653128e-01  7.25616320e-01 -1.24093496e-05 -7.03279562e-08  1.87104847e-10 
 3.72355517e-05  7.25677335e-01  7.25661426e-01  7.25624114e-01 -1.24655982e-05 -3.43207121e-08  9.24199368e-11 
 3.72605517e-05  7.25677542e-01  7.25670746e-01  7.25633599e-01 -1.24095838e-05 -1.68151571e-08  4.66454749e-11 
 3.72855517e-05  7.25677482e-01  7.25677670e-01  7.25640811e-01 -1.24656946e-05 -8.18587627e-09  2.32883468e-11 
 3.73105517e-05  7.25677617e-01  7.25682135e-01  7.25645494e-01 -1.24096682e-05 -4.03504873e-09  1.24685186e-11 
 3.73355517e-05  7.25677521e-01  7.25685619e-01  7.25648995e-01 -1.24657214e-05 -1.94307804e-09  6.54846034e-12 
 3.73605517e-05  7.25677639e-01  7.25688910e-01  7.25652306e-01 -1.24097045e-05 -9.78479854e-10  4.35951877e-12 
 3.73855517e-05  7.25677534e-01  7.25692199e-01  7.25655582e-01 -1.24657147e-05 -4.51443799e-10  2.62985662e-12 
 3.74105517e-05  7.25677648e-01  7.25695170e-01  7.25658614e-01 -1.24097232e-05 -2.46774155e-10  2.42540601e-12 
 3.74355517e-05  7.25677542e-01  7.25697784e-01  7.25661247e-01 -1.24657020e-05 -9.50995936e-11  1.63758932e-12 
 3.74605517e-05  7.25677654e-01  7.25699979e-01  7.25663499e-01 -1.24097408e-05 -7.14883879e-11  1.90973935e-12 
 3.74855517e-05  7.25677547e-01  7.25701937e-01  7.25665458e-01 -1.24656891e-05 -1.01848139e-11  1.36632697e-12 
 3.75105517e-05  7.25677659e-01  7.25703638e-01  7.25667201e-01 -1.24097574e-05 -2.94543829e-11  1.77029382e-12 
 3.75355517e-05  7.25677551e-01  7.25705198e-01  7.25668757e-01 -1.24656751e-05  1.00025342e-11  1.28766182e-12 
 3.75605517e-05  7.25677663e-01  7.25706543e-01  7.25670141e-01 -1.24097732e-05 -1.93386657e-11  1.72249292e-12 
 3.75855517e-05  7.25677555e-01  7.25707770e-01  7.25671361e-01 -1.24656609e-05  1.47626726e-11  1.25272232e-12 
 3.76105517e-05  7.25677667e-01  7.25708812e-01  7.25672438e-01 -1.24097889e-05 -1.68889392e-11  1.69685956e-12 
 3.76355517e-05  7.25677559e-01  7.25709771e-01  7.25673387e-01 -1.24656466e-05  1.58567218e-11  1.23219246e-12 
 3.76605517e-05  7.25677671e-01  7.25710581e-01  7.25674229e-01 -1.24098044e-05 -1.62856623e-11  1.68070917e-12 
 3.76855517e-05  7.25677563e-01  7.25711336e-01  7.25674972e-01 -1.24656321e-05  1.60878797e-11  1.21845757e-12 
 3.77105517e-05  7.25677674e-01  7.25711966e-01  7.25675631e-01 -1.24098198e-05 -1.61290590e-11  1.66888606e-12 
 3.77355517e-05  7.25677566e-01  7.25712560e-01  7.25676212e-01 -1.24656175e-05  1.61197598e-11  1.20808588e-12 
 3.77605517e-05  7.25677677e-01  7.25713050e-01  7.25676727e-01 -1.24098352e-05 -1.60813671e-11  1.65964725e-12 
 3.77855517e-05  7.25677569e-01  7.25713518e-01  7.25677182e-01 -1.24656028e-05  1.61078967e-11  1.20012534e-12 
 3.78105517e-05  7.25677680e-01  7.25713897e-01  7.25677585e-01 -1.24098504e-05 -1.60603872e-11  1.65243578e-12 
 3.78355517e-05  7.25677572e-01  7.25714267e-01  7.25677940e-01 -1.24655880e-05  1.60878786e-11  1.19400984e-12 
 3.78605517e-05  7.25677683e-01  7.25714560e-01  7.25678255e-01 -1.24098656e-05 -1.60459632e-11  1.64675706e-12 
 3.78855517e-05  7.25677575e-01  7.25714853e-01  7.25678533e-01 -1.24655732e-05  1.60674141e-11  1.18928641e-12 
 3.79105517e-05  7.25677686e-01  7.25715078e-01  7.25678780e-01 -1.24098807e-05 -1.60328207e-11  1.64226358e-12 
 3.79355517e-05  7.25677578e-01  7.25715311e-01  7.25678998e-01 -1.24655584e-05  1.60480988e-11  1.18564728e-12 
 3.79605517e-05  7.25677689e-01  7.25715485e-01  7.25679191e-01 -1.24098959e-05 -1.60196255e-11  1.63869959e-12 
 3.79855517e-05  7.25677581e-01  7.25715670e-01  7.25679361e-01 -1.24655435e-05  1.60297543e-11  1.18285676e-12 
 3.80105517e-05  7.25677692e-01  7.25715803e-01  7.25679513e-01 -1.24099109e-05 -1.60064065e-11  1.63586066e-12 
 3.80355517e-05  7.25677584e-01  7.25715951e-01  7.25679646e-01 -1.24655286e-05  1.60122022e-11  1.18072875e-12 
 3.80605517e-05  7.25677695e-01  7.25716052e-01  7.25679765e-01 -1.24099260e-05 -1.59928234e-11  1.63359007e-12 
 3.80855517e-05  7.25677587e-01  7.25716171e-01  7.25679869e-01 -1.24655137e-05  1.59954840e-11  1.17911843e-12 
 3.81105517e-05  7.25677697e-01  7.25716247e-01  7.25679963e-01 -1.24099410e-05 -1.59790852e-11  1.63176048e-12 
 3.81355517e-05  7.25677590e-01  7.25716344e-01  7.25680044e-01 -1.24654987e-05  1.59792739e-11  1.17791530e-12 
 3.81605517e-05  7.25677700e-01  7.25716400e-01  7.25680118e-01 -1.24099561e-05 -1.59653592e-11  1.63027426e-12 
 3.81855517e-05  7.25677593e-01  7.25716480e-01  7.25680182e-01 -1.24654838e-05  1.59633303e-11  1.17703053e-12 
 3.82105517e-05  7.25677703e-01  7.25716521e-01  7.25680239e-01 -1.24099711e-05 -1.59515112e-11  1.62905795e-12 
 3.82355517e-05  7.25677595e-01  7.25716586e-01  7.25680290e-01 -1.24654688e-05  1.59479645e-11  1.17639497e-12 
 3.82605517e-05  7.25677706e-01  7.25716616e-01  7.25680335e-01 -1.24099861e-05 -1.59376551e-11  1.62804807e-12 
 3.82855517e-05  7.25677598e-01  7.25716670e-01  7.25680375e-01 -1.24654539e-05  1.59328262e-11  1.17595766e-12 
 3.83105517e-05  7.25677708e-01  7.25716690e-01  7.25680410e-01 -1.24100011e-05 -1.59236890e-11  1.62720206e-12 
 3.83355517e-05  7.25677601e-01  7.25716736e-01  7.25680442e-01 -1.24654389e-05  1.59181409e-11  1.17567344e-12 
 3.83605517e-05  7.25677711e-01  7.25716749e-01  7.25680470e-01 -1.24100161e-05 -1.59097774e-11  1.62648042e-12 
 3.83855517e-05  7.25677604e-01  7.25716788e-01  7.25680495e-01 -1.24654240e-05  1.59036096e-11  1.17551232e-12 
 3.84105517e-05  7.25677714e-01  7.25716796e-01  7.25680517e-01 -1.24100311e-05 -1.58959367e-11  1.62585581e-12 
 3.84355517e-05  7.25677607e-01  7.25716830e-01  7.25680537e-01 -1.24654090e-05  1.58891693e-11  1.17544554e-12 
 3.84605517e-05  7.25677716e-01  7.25716833e-01  7.25680555e-01 -1.24100461e-05 -1.58822404e-11  1.62530753e-12 
 3.84855517e-05  7.25677609e-01  7.25716863e-01  7.25680570e-01 -1.24653940e-05  1.58749864e-11  1.17545578e-12 
 3.85105517e-05  7.25677719e-01  7.25716863e-01  7.25680584e-01 -1.24100610e-05 -1.58685664e-11  1.62481687e-12 
 3.85355517e-05  7.25677612e-01  7.25716889e-01  7.25680597e-01 -1.24653791e-05  1.58610315e-11  1.17552588e-12 
 3.85605517e-05  7.25677722e-01  7.25716887e-01  7.25680608e-01 -1.24100760e-05 -1.58548862e-11  1.62437007e-12 
 3.85855517e-05  7.25677615e-01  7.25716910e-01  7.25680618e-01 -1.24653641e-05  1.58470992e-11  1.17564357e-12 
 3.86105517e-05  7.25677724e-01  7.25716906e-01  7.25680628e-01 -1.24100910e-05 -1.58413545e-11  1.62395894e-12 
 3.86355517e-05  7.25677617e-01  7.25716927e-01  7.25680636e-01 -1.24653492e-05  1.58333275e-11  1.17579850e-12 
 3.86605517e-05  7.25677727e-01  7.25716921e-01  7.25680643e-01 -1.24101060e-05 -1.58280541e-11  1.62357242e-12 
 3.86855517e-05  7.25677620e-01  7.25716941e-01  7.25680650e-01 -1.24653342e-05  1.58196288e-11  1.17598487e-12 
 3.87105517e-05  7.25677730e-01  7.25716934e-01  7.25680656e-01 -1.24101209e-05 -1.58145949e-11  1.62320645e-12 
 3.87355517e-05  7.25677623e-01  7.25716952e-01  7.25680661e-01 -1.24653192e-05  1.58061836e-11  1.17619429e-12 
 3.87605517e-05  7.25677732e-01  7.25716945e-01  7.25680667e-01 -1.24101359e-05 -1.58012329e-11  1.62285582e-12 
 3.87855517e-05  7.25677626e-01  7.25716962e-01  7.25680671e-01 -1.24653043e-05  1.57928852e-11  1.17642425e-12 
 3.88105517e-05  7.25677735e-01  7.25716954e-01  7.25680676e-01 -1.24101508e-05 -1.57879296e-11  1.62251582e-12 
 3.88355517e-05  7.25677628e-01  7.25716970e-01  7.25680679e-01 -1.24652894e-05  1.57795326e-11  1.17666863e-12 
 3.88605517e-05  7.25677738e-01  7.25716961e-01  7.25680683e-01 -1.24101658e-05 -1.57747977e-11  1.62218432e-12 
 3.88855517e-05  7.25677631e-01  7.25716977e-01  7.25680686e-01 -1.24652744e-05  1.57662971e-11  1.17692542e-12 
 3.89105517e-05  7.25677740e-01  7.25716968e-01  7.25680690e-01 -1.24101807e-05 -1.57617476e-11  1.62185917e-12 
 3.89355517e-05  7.25677634e-01  7.25716983e-01  7.25680692e-01 -1.24652595e-05  1.57532028e-11  1.17719425e-12 
 3.89605517e-05  7.25677743e-01  7.25716973e-01  7.25680695e-01 -1.24101956e-05 -1.57485847e-11  1.62153770e-12 
 3.89802758e-05  7.25677636e-01  7.25716988e-01  7.25680697e-01 -1.24652425e-05  1.57378305e-11  1.17749940e-12 
 3.90000000e-05  7.25677745e-01  7.25716977e-01  7.25680699e-01 -1.24102146e-05 -1.57340148e-11  1.62113140e-12 
 3.90000283e-05  7.25676163e-01  7.25700929e-01  7.25680519e-01 -1.48536276e-05 -5.59795539e-09 -7.04502950e-10 
 3.90000849e-05  7.25675164e-01  7.25676882e-01  7.25679895e-01 -1.49692706e-05 -1.67669834e-08 -2.04311293e-09 
 3.90001982e-05  7.25674119e-01  7.25649501e-01  7.25677547e-01 -1.49231370e-05 -3.70195213e-08 -4.50691299e-09 
 3.90003355e-05  7.25672803e-01  7.25631755e-01  7.25673634e-01 -1.49841103e-05 -5.90035656e-08 -7.29457455e-09 
 3.90004952e-05  7.25671532e-01  7.25622806e-01  7.25668518e-01 -1.49317771e-05 -8.19479454e-08 -1.03304267e-08 
 3.90008139e-05  7.25668686e-01  7.25614808e-01  7.25658213e-01 -1.50151956e-05 -1.19896163e-07 -1.58186548e-08 
 3.90014513e-05  7.25663742e-01  7.25610449e-01  7.25639701e-01 -1.56828555e-05 -1.74229081e-07 -2.48268102e-08 
 3.90016431e-05  7.25662619e-01  7.25610988e-01  7.25634878e-01 -1.69145053e-05 -1.85987979e-07 -2.70122365e-08 
 3.90017947e-05  7.25662585e-01  7.25614170e-01  7.25631430e-01 -1.87776414e-05 -1.92975532e-07 -2.84818243e-08 
 3.90019280e-05  7.25662996e-01  7.25619066e-01  7.25628778e-01 -2.15114031e-05 -1.96539573e-07 -2.95321178e-08 
 3.90020572e-05  7.25664249e-01  7.25627108e-01  7.25626663e-01 -2.50940977e-05 -1.96901340e-07 -3.02607683e-08 
 3.90021795e-05  7.25665784e-01  7.25638256e-01  7.25625218e-01 -2.94750049e-05 -1.93222288e-07 -3.06091955e-08 
 3.90022864e-05  7.25667582e-01  7.25652272e-01  7.25624538e-01 -3.38817519e-05 -1.85741437e-07 -3.05456022e-08 
 3.90023777e-05  7.25668989e-01  7.25668542e-01  7.25624524e-01 -3.80813160e-05 -1.74899785e-07 -3.01229870e-08 
 3.90024574e-05  7.25670197e-01  7.25687485e-01  7.25625063e-01 -4.18562447e-05 -1.61040082e-07 -2.93753993e-08 
 3.90025295e-05  7.25670843e-01  7.25709765e-01  7.25626123e-01 -4.53461284e-05 -1.43765819e-07 -2.82948920e-08 
 3.90025984e-05  7.25671194e-01  7.25737159e-01  7.25627783e-01 -4.85536954e-05 -1.22042796e-07 -2.67930616e-08 
 3.90026796e-05  7.25671211e-01  7.25777945e-01  7.25630770e-01 -5.21913416e-05 -8.89853751e-08 -2.43201459e-08 
 3.90027540e-05  7.25671643e-01  7.25822292e-01  7.25634673e-01 -5.53526983e-05 -5.24197517e-08 -2.13611274e-08 
 3.90028649e-05  7.25673274e-01  7.25894658e-01  7.25642814e-01 -6.00023431e-05  7.04815069e-09 -1.58851937e-08 
 3.90029611e-05  7.25675624e-01  7.25959814e-01  7.25652175e-01 -6.38288514e-05  5.40401566e-08 -1.02732168e-08 
 3.90030730e-05  7.25679425e-01  7.26034938e-01  7.25665709e-01 -6.82034834e-05  9.25569297e-08 -2.92860654e-09 
 3.90031850e-05  7.25684608e-01  7.26105935e-01  7.25681847e-01 -7.25016337e-05  1.14829936e-07  5.10305647e-09 
 3.90032966e-05  7.25690923e-01  7.26170019e-01  7.25700179e-01 -7.67795402e-05  1.30002596e-07  1.36352993e-08 
 3.90034256e-05  7.25699190e-01  7.26234796e-01  7.25723624e-01 -8.12335852e-05  1.46335149e-07  2.39809247e-08 
 3.90035814e-05  7.25710105e-01  7.26297587e-01  7.25754212e-01 -8.52832057e-05  1.67179399e-07  3.68059297e-08 
 3.90036785e-05  7.25717142e-01  7.26324680e-01  7.25774057e-01 -8.58913318e-05  1.80580125e-07  4.47046963e-08 
 3.90037367e-05  7.25721265e-01  7.26332408e-01  7.25785974e-01 -8.42404942e-05  1.88081367e-07  4.91675854e-08 
 3.90037827e-05  7.25724307e-01  7.26329807e-01  7.25795264e-01 -8.07719027e-05  1.93183568e-07  5.23520706e-08 
 3.90038323e-05  7.25727229e-01  7.26314292e-01  7.25804889e-01 -7.50465784e-05  1.97185001e-07  5.52083253e-08 
 3.90038970e-05  7.25730355e-01  7.26271901e-01  7.25816440e-01 -6.55026455e-05  1.99602463e-07  5.78170590e-08 
 3.90039596e-05  7.25732621e-01  7.26209872e-01  7.25826033e-01 -5.56456702e-05  1.98834273e-07  5.90697623e-08 
 3.90040480e-05  7.25734649e-01  7.26100141e-01  7.25836205e-01 -4.27631513e-05  1.93309558e-07  5.89363765e-08 
 3.90041350e-05  7.25735574e-01  7.25983774e-01  7.25842005e-01 -3.29860985e-05  1.84033442e-07  5.71197885e-08 
 3.90042065e-05  7.25735759e-01  7.25893478e-01  7.25843704e-01 -2.72500540e-05  1.74611232e-07  5.48123825e-08 
 3.90042804e-05  7.25735597e-01  7.25811463e-01  7.25842902e-01 -2.31903424e-05  1.63846263e-07  5.20006781e-08 
 3.90043641e-05  7.25735132e-01  7.25735038e-01  7.25839414e-01 -2.01963901e-05  1.50961006e-07  4.85779070e-08 
 3.90044491e-05  7.25734478e-01  7.25674695e-01  7.25833699e-01 -1.84309076e-05  1.37441314e-07  4.50377238e-08 
 3.90045456e-05  7.25733615e-01  7.25624083e-01  7.25825352e-01 -1.72811348e-05  1.21900496e-07  4.10961096e-08 
 3.90046500e-05  7.25732606e-01  7.25585479e-01  7.25814839e-01 -1.66873538e-05  1.04996787e-07  3.69896575e-08 
 3.90047751e-05  7.25731356e-01  7.25554213e-01  7.25801112e-01 -1.63350350e-05  8.49259431e-08  3.23305280e-08 
 3.90048875e-05  7.25730217e-01  7.25534986e-01  7.25788230e-01 -1.62341280e-05  6.71809981e-08  2.83727565e-08 
 3.90050000e-05  7.25729077e-01  7.25520632e-01  7.25775176e-01 -1.61615531e-05  4.98719715e-08  2.46160385e-08 
 3.90050025e-05  7.25729605e-01  7.25522474e-01  7.25774890e-01 -1.39589270e-05  4.98276099e-08  2.46041600e-08 
 3.90050074e-05  7.25730084e-01  7.25525866e-01  7.25774323e-01 -1.35984718e-05  4.97880309e-08  2.45772830e-08 
 3.90050173e-05  7.25730001e-01  7.25531277e-01  7.25773210e-01 -1.34720922e-05  4.97890149e-08  2.45108839e-08 
 3.90050371e-05  7.25730063e-01  7.25539378e-01  7.25771049e-01 -1.32708537e-05  4.97264167e-08  2.43655834e-08 
 3.90050688e-05  7.25730020e-01  7.25549297e-01  7.25767729e-01 -1.30185673e-05  4.95276112e-08  2.41162473e-08 
 3.90051324e-05  7.25730017e-01  7.25562960e-01  7.25761511e-01 -1.26928203e-05  4.88628850e-08  2.35782784e-08 
 3.90052594e-05  7.25729860e-01  7.25575350e-01  7.25750181e-01 -1.24008812e-05  4.70239393e-08  2.24496990e-08 
 3.90055134e-05  7.25729590e-01  7.25574032e-01  7.25729701e-01 -1.22992361e-05  4.28551633e-08  2.02522034e-08 
 3.90057972e-05  7.25729234e-01  7.25560684e-01  7.25708366e-01 -1.23054569e-05  3.83689965e-08  1.80320258e-08 
 3.90062470e-05  7.25728785e-01  7.25538883e-01  7.25676196e-01 -1.23097090e-05  3.20963680e-08  1.49955400e-08 
 3.90069222e-05  7.25728134e-01  7.25509260e-01  7.25631367e-01 -1.23095959e-05  2.44784985e-08  1.13410905e-08 
 3.90082725e-05  7.25727172e-01  7.25461371e-01  7.25553826e-01 -1.23210727e-05  1.40639517e-08  6.36640077e-09 
 3.90109732e-05  7.25725864e-01  7.25401910e-01  7.25442681e-01 -1.23312857e-05  4.12866526e-09  1.68668792e-09 
 3.90163057e-05  7.25724727e-01  7.25377337e-01  7.25350478e-01 -1.23604844e-05 -2.42309817e-10 -2.47756029e-10 
 3.90219793e-05  7.25724290e-01  7.25424594e-01  7.25365595e-01 -1.23764968e-05 -3.43407939e-11 -5.19391585e-11 
 3.90320038e-05  7.25724072e-01  7.25550155e-01  7.25479699e-01 -1.24045758e-05  1.28065239e-11  2.45613163e-11 
 3.90432497e-05  7.25723995e-01  7.25671935e-01  7.25611318e-01 -1.24151365e-05  1.73766919e-11  2.88986889e-11 
 3.90594969e-05  7.25724017e-01  7.25763155e-01  7.25718287e-01 -1.24305106e-05  7.11478250e-12  1.40533182e-11 
 3.90832860e-05  7.25723971e-01  7.25774964e-01  7.25742227e-01 -1.24326417e-05 -6.71374848e-13  3.68888622e-13 
 3.91082860e-05  7.25723946e-01  7.25734518e-01  7.25702606e-01 -1.24390564e-05 -3.30348661e-12 -3.60062501e-12 
 3.91332860e-05  7.25723878e-01  7.25711938e-01  7.25676502e-01 -1.24351736e-05 -8.68865526e-13 -4.53148586e-13 
 3.91582860e-05  7.25723896e-01  7.25717174e-01  7.25679452e-01 -1.24395856e-05  2.17379283e-13  1.95864153e-12 
 3.91791430e-05  7.25723879e-01  7.25729565e-01  7.25691766e-01 -1.24351698e-05  1.09620386e-12  2.93038136e-12 
 3.92000000e-05  7.25723916e-01  7.25738843e-01  7.25701693e-01 -1.24395534e-05  2.82233655e-13  2.19066540e-12 
 3.92000144e-05  7.25726284e-01  7.25758939e-01  7.25701813e-01 -1.09035608e-05  1.84157536e-09  7.57494033e-10 
 3.92000433e-05  7.25728437e-01  7.25790827e-01  7.25702236e-01 -1.02371922e-05  5.36235788e-09  2.21049538e-09 
 3.92001011e-05  7.25731784e-01  7.25832455e-01  7.25703906e-01 -9.66614704e-06  1.11283552e-08  4.95158240e-09 
 3.92001831e-05  7.25737033e-01  7.25872557e-01  7.25707528e-01 -9.03820803e-06  1.72601546e-08  8.61023000e-09 
 3.92003469e-05  7.25746740e-01  7.25914628e-01  7.25717036e-01 -8.74434316e-06  2.60330652e-08  1.53899735e-08 
 3.92006565e-05  7.25765562e-01  7.25943723e-01  7.25737543e-01 -8.57291471e-06  3.78055298e-08  2.69226766e-08 
 3.92010239e-05  7.25787412e-01  7.25957897e-01  7.25761768e-01 -8.67942982e-06  4.93010819e-08  3.88901845e-08 
 3.92016209e-05  7.25823719e-01  7.25977040e-01  7.25797912e-01 -8.92089926e-06  6.22890537e-08  5.49973361e-08 
 3.92017144e-05  7.25829451e-01  7.25979019e-01  7.25803188e-01 -9.17508596e-06  6.23805447e-08  5.71416151e-08 
 3.92019012e-05  7.25842301e-01  7.25979046e-01  7.25813242e-01 -1.01586420e-05  4.88746516e-08  6.09159545e-08 
 3.92020261e-05  7.25851655e-01  7.25973761e-01  7.25819423e-01 -1.17166117e-05  2.12139999e-08  6.28826258e-08 
 3.92021335e-05  7.25860859e-01  7.25963565e-01  7.25824174e-01 -1.36253058e-05 -2.55278982e-08  6.40067783e-08 
 3.92022429e-05  7.25870619e-01  7.25945577e-01  7.25828204e-01 -1.63904765e-05 -1.06205269e-07  6.43902268e-08 
 3.92023543e-05  7.25881223e-01  7.25917833e-01  7.25831135e-01 -1.95123663e-05 -2.35582605e-07  6.37580724e-08 
 3.92024630e-05  7.25891029e-01  7.25879398e-01  7.25832462e-01 -2.25363792e-05 -4.22097103e-07  6.18743794e-08 
 3.92025667e-05  7.25899672e-01  7.25830234e-01  7.25831896e-01 -2.45066661e-05 -6.71118412e-07  5.86315593e-08 
 3.92026806e-05  7.25907032e-01  7.25761646e-01  7.25828676e-01 -2.60102922e-05 -1.03966180e-06  5.31884013e-08 
 3.92027926e-05  7.25912134e-01  7.25684364e-01  7.25822459e-01 -2.77387163e-05 -1.50112586e-06  4.59634428e-08 
 3.92029653e-05  7.25914738e-01  7.25560221e-01  7.25806668e-01 -3.11937403e-05 -2.38944476e-06  3.16851029e-08 
 3.92031076e-05  7.25912357e-01  7.25460617e-01  7.25788269e-01 -3.42093176e-05 -3.26351595e-06  1.75125439e-08 
 3.92032395e-05  7.25906103e-01  7.25374422e-01  7.25767335e-01 -3.70500574e-05 -4.16955228e-06  2.83200286e-09 
 3.92033617e-05  7.25896892e-01  7.25302441e-01  7.25745142e-01 -3.93937155e-05 -5.07271525e-06 -1.17306266e-08 
 3.92034529e-05  7.25886757e-01  7.25256175e-01  7.25727164e-01 -4.08909752e-05 -5.77338185e-06 -2.29479978e-08 
 3.92034992e-05  7.25880009e-01  7.25236896e-01  7.25717678e-01 -4.13417525e-05 -6.13204710e-06 -2.86501410e-08 
 3.92035375e-05  7.25874124e-01  7.25224965e-01  7.25709725e-01 -4.15452080e-05 -6.42483447e-06 -3.32755191e-08 
 3.92035649e-05  7.25870489e-01  7.25220082e-01  7.25704017e-01 -4.14203146e-05 -6.62840061e-06 -3.64659598e-08 
 3.92035912e-05  7.25868356e-01  7.25220105e-01  7.25698561e-01 -4.10674832e-05 -6.81482558e-06 -3.93470543e-08 
 3.92036177e-05  7.25868538e-01  7.25227159e-01  7.25693167e-01 -4.02883641e-05 -6.98711262e-06 -4.19309100e-08 
 3.92036474e-05  7.25873515e-01  7.25246347e-01  7.25687349e-01 -3.89190663e-05 -7.15421798e-06 -4.42732425e-08 
 3.92036800e-05  7.25887686e-01  7.25282367e-01  7.25681410e-01 -3.68653977e-05 -7.29985964e-06 -4.60302526e-08 
 3.92037191e-05  7.25918859e-01  7.25343826e-01  7.25675135e-01 -3.38994042e-05 -7.42072335e-06 -4.69930521e-08 
 3.92037650e-05  7.25975529e-01  7.25433184e-01  7.25669250e-01 -3.01052930e-05 -7.49327065e-06 -4.67148609e-08 
 3.92038011e-05  7.26033646e-01  7.25509518e-01  7.25665893e-01 -2.71557814e-05 -7.50524504e-06 -4.56477861e-08 
 3.92038373e-05  7.26101761e-01  7.25585714e-01  7.25663674e-01 -2.43940091e-05 -7.48637273e-06 -4.40611951e-08 
 3.92038807e-05  7.26193600e-01  7.25671881e-01  7.25662449e-01 -2.14434645e-05 -7.43326439e-06 -4.17240366e-08 
 3.92039219e-05  7.26288463e-01  7.25745285e-01  7.25662609e-01 -1.90717671e-05 -7.36080629e-06 -3.92647675e-08 
 3.92039694e-05  7.26404337e-01  7.25818154e-01  7.25664168e-01 -1.68277128e-05 -7.25987103e-06 -3.63246549e-08 
 3.92040179e-05  7.26527897e-01  7.25879621e-01  7.25667023e-01 -1.50450693e-05 -7.14471640e-06 -3.33299352e-08 
 3.92040763e-05  7.26680988e-01  7.25937958e-01  7.25671765e-01 -1.34430870e-05 -6.99775385e-06 -2.98473109e-08 
 3.92041401e-05  7.26852636e-01  7.25985726e-01  7.25678161e-01 -1.22385514e-05 -6.83255276e-06 -2.62406556e-08 
 3.92042196e-05  7.27071916e-01  7.26027972e-01  7.25687315e-01 -1.12662214e-05 -6.62610959e-06 -2.20544889e-08 
 3.92043130e-05  7.27338934e-01  7.26061126e-01  7.25699081e-01 -1.06242784e-05 -6.38749883e-06 -1.75430912e-08 
 3.92044370e-05  7.27719447e-01  7.26089420e-01  7.25715538e-01 -1.01908197e-05 -6.08087365e-06 -1.21651836e-08 
 3.92045990e-05  7.28298830e-01  7.26113304e-01  7.25737478e-01 -9.97188549e-06 -5.70055336e-06 -6.21314340e-09 
 3.92047995e-05  7.29245540e-01  7.26135163e-01  7.25764501e-01 -9.86169743e-06 -5.26137116e-06 -8.26503215e-10 
 3.92050000e-05  7.30560045e-01  7.26154384e-01  7.25791024e-01 -9.81223847e-06 -4.85525322e-06  1.97425911e-09 
 3.92050049e-05  7.30595281e-01  7.26146763e-01  7.25791645e-01 -1.09855482e-05 -4.84634714e-06  1.74400304e-09 
 3.92050146e-05  7.30667717e-01  7.26133625e-01  7.25792861e-01 -1.13491911e-05 -4.82853120e-06  1.30424853e-09 
 3.92050341e-05  7.30814515e-01  7.26114484e-01  7.25795152e-01 -1.14481634e-05 -4.79283487e-06  4.72434925e-10 
 3.92050731e-05  7.31106379e-01  7.26086455e-01  7.25799316e-01 -1.18270469e-05 -4.72152482e-06 -1.12518673e-09 
 3.92051511e-05  7.31688281e-01  7.26048703e-01  7.25806441e-01 -1.21035851e-05 -4.58058121e-06 -4.11493589e-09 
 3.92052989e-05  7.32778994e-01  7.26013228e-01  7.25817249e-01 -1.23918769e-05 -4.32311876e-06 -9.33731376e-09 
 3.92054729e-05  7.34044435e-01  7.26001424e-01  7.25827593e-01 -1.23606833e-05 -4.03790234e-06 -1.49735567e-08 
 3.92057827e-05  7.36245531e-01  7.26002989e-01  7.25843733e-01 -1.24070056e-05 -3.57555259e-06 -2.39493625e-08 
 3.92062129e-05  7.39197968e-01  7.26017020e-01  7.25864330e-01 -1.23320869e-05 -3.01930983e-06 -3.44187755e-08 
 3.92070180e-05  7.44410897e-01  7.26051374e-01  7.25901377e-01 -1.23675418e-05 -2.19628560e-06 -4.89193502e-08 
 3.92085762e-05  7.53457770e-01  7.26150180e-01  7.25978883e-01 -1.22744631e-05 -1.16874569e-06 -6.36791771e-08 
 3.92116926e-05  7.68111499e-01  7.26512081e-01  7.26221506e-01 -1.22852007e-05 -2.82904704e-07 -6.62249536e-08 
 3.92159003e-05  7.82307181e-01  7.27421778e-01  7.26869587e-01 -1.22008332e-05 -2.78436154e-08 -5.07960462e-08 
 3.92203284e-05  7.92362435e-01  7.28952372e-01  7.28072990e-01 -1.22536368e-05 -2.41147946e-09 -3.45304812e-08 
 3.92253448e-05  7.99811454e-01  7.31363692e-01  7.30124923e-01 -1.22071740e-05 -1.93414580e-10 -2.17347079e-08 
 3.92309185e-05  8.04964818e-01  7.34741313e-01  7.33172784e-01 -1.22821676e-05  1.43926510e-10 -1.27568420e-08 
 3.92369048e-05  8.08267885e-01  7.38965323e-01  7.37143677e-01 -1.22459685e-05  4.38582959e-10 -6.89534957e-09 
 3.92442166e-05  8.10521251e-01  7.44636270e-01  7.42631339e-01 -1.23229488e-05  7.26366478e-10 -2.77408472e-09 
 3.92538339e-05  8.11944224e-01  7.52455284e-01  7.50364910e-01 -1.22844706e-05  9.69592870e-10 -6.09868576e-11 
 3.92638311e-05  8.12545187e-01  7.60530830e-01  7.58484700e-01 -1.23509270e-05  1.08862828e-09  1.11997720e-09 
 3.92747150e-05  8.12799659e-01  7.68759631e-01  7.66875029e-01 -1.23010361e-05  1.09269716e-09  1.55884553e-09 
 3.92845111e-05  8.12886735e-01  7.75327834e-01  7.73668152e-01 -1.23627242e-05  1.01425313e-09  1.57951113e-09 
 3.92956663e-05  8.12927956e-01  7.81531678e-01  7.80190299e-01 -1.23150355e-05  8.51992923e-10  1.39203560e-09 
 3.93068097e-05  8.12943970e-01  7.86219817e-01  7.85224222e-01 -1.23827609e-05  6.48899101e-10  1.08626556e-09 
 3.93198807e-05  8.12951917e-01  7.89860921e-01  7.89241200e-01 -1.23427996e-05  4.01276690e-10  6.97875764e-10 
 3.93341846e-05  8.12954656e-01  7.92007398e-01  7.91691542e-01 -1.24166383e-05  1.81862531e-10  3.36886310e-10 
 3.93532260e-05  8.12955633e-01  7.93208841e-01  7.93080689e-01 -1.23791100e-05  1.75099614e-11  6.49139842e-11 
 3.93694596e-05  8.12955082e-01  7.93757460e-01  7.93635418e-01 -1.24443444e-05 -1.17455327e-11  5.27750158e-12 
 3.93855067e-05  8.12955018e-01  7.94503796e-01  7.94330015e-01 -1.23921258e-05  9.89113153e-12  3.79618220e-11 
 3.94040212e-05  8.12954825e-01  7.95763412e-01  7.95532861e-01 -1.24484958e-05  5.14347553e-11  9.83865740e-11 
 3.94243703e-05  8.12955468e-01  7.97435385e-01  7.97181268e-01 -1.23912776e-05  7.73332782e-11  1.43183090e-10 
 3.94493703e-05  8.12955961e-01  7.99465105e-01  7.99229713e-01 -1.24460943e-05  8.05581712e-11  1.44682419e-10 
 3.94743703e-05  8.12956821e-01  8.01192313e-01  8.00994697e-01 -1.23903681e-05  6.28029291e-11  1.18803058e-10 
 3.94993703e-05  8.12957053e-01  8.02585275e-01  8.02418049e-01 -1.24471027e-05  4.82395695e-11  9.00332064e-11 
 3.95243703e-05  8.12957606e-01  8.03753352e-01  8.03603239e-01 -1.23920109e-05  3.82204971e-11  7.57891073e-11 
 3.95493703e-05  8.12957666e-01  8.04791944e-01  8.04651910e-01 -1.24483130e-05  3.60476002e-11  6.72260415e-11 
 3.95743703e-05  8.12958158e-01  8.05735548e-01  8.05604542e-01 -1.23927233e-05  3.21414585e-11  6.34988624e-11 
 3.95993703e-05  8.12958187e-01  8.06583177e-01  8.06462073e-01 -1.24487287e-05  3.03591501e-11  5.60808282e-11 
 3.96243703e-05  8.12958634e-01  8.07331732e-01  8.07220472e-01 -1.23931432e-05  2.52815824e-11  5.07288832e-11 
 3.96493703e-05  8.12958606e-01  8.07988008e-01  8.07885506e-01 -1.24491380e-05  2.32915440e-11  4.31037359e-11 
 3.96743703e-05  8.12958997e-01  8.08565026e-01  8.08469843e-01 -1.23935740e-05  1.90672612e-11  3.92546737e-11 
 3.96993703e-05  8.12958922e-01  8.09075034e-01  8.08986094e-01 -1.24494804e-05  1.81983922e-11  3.35860955e-11 
 3.97243703e-05  8.12959276e-01  8.09527028e-01  8.09443554e-01 -1.23938928e-05  1.48058434e-11  3.12396006e-11 
 3.97493703e-05  8.12959171e-01  8.09927325e-01  8.09848787e-01 -1.24497192e-05  1.44548856e-11  2.65436965e-11 
 3.97743703e-05  8.12959497e-01  8.10281349e-01  8.10207200e-01 -1.23941360e-05  1.14242849e-11  2.49006614e-11 
 3.97993703e-05  8.12959366e-01  8.10594163e-01  8.10523929e-01 -1.24499037e-05  1.14247351e-11  2.08667838e-11 
 3.98243703e-05  8.12959669e-01  8.10870674e-01  8.10803856e-01 -1.23943332e-05  8.74216303e-12  1.98755136e-11 
 3.98493703e-05  8.12959519e-01  8.11115173e-01  8.11051391e-01 -1.24500448e-05  9.07619726e-12  1.64555820e-11 
 3.98743703e-05  8.12959804e-01  8.11331481e-01  8.11270355e-01 -1.23944897e-05  6.67550889e-12  1.59936043e-11 
 3.98993703e-05  8.12959638e-01  8.11522801e-01  8.11464052e-01 -1.24501498e-05  7.25580208e-12  1.30309281e-11 
 3.99243703e-05  8.12959910e-01  8.11692046e-01  8.11635375e-01 -1.23946150e-05  5.06037551e-12  1.29592228e-11 
 3.99493703e-05  8.12959733e-01  8.11841708e-01  8.11786902e-01 -1.24502280e-05  5.83007535e-12  1.03479185e-11 
 3.99743703e-05  8.12959994e-01  8.11974103e-01  8.11920920e-01 -1.23947165e-05  3.79637250e-12  1.05841138e-11 
 3.99993703e-05  8.12959807e-01  8.12091187e-01  8.12039463e-01 -1.24502854e-05  4.71733373e-12  8.25206694e-12 
 4.00243703e-05  8.12960059e-01  8.12194776e-01  8.12144319e-01 -1.23947994e-05  2.80957332e-12  8.72925321e-12 
 4.00493703e-05  8.12959865e-01  8.12286388e-01  8.12237074e-01 -1.24503264e-05  3.84882621e-12  6.61493711e-12 
 4.00743703e-05  8.12960111e-01  8.12367446e-01  8.12319122e-01 -1.23948678e-05  2.03786749e-12  7.27875464e-12 
 4.00993703e-05  8.12959912e-01  8.12439128e-01  8.12391700e-01 -1.24503547e-05  3.17013993e-12  5.33476079e-12 
 4.01243703e-05  8.12960153e-01  8.12502557e-01  8.12455901e-01 -1.23949249e-05  1.43402239e-12  6.14399921e-12 
 4.01493703e-05  8.12959949e-01  8.12558646e-01  8.12512695e-01 -1.24503732e-05  2.63992799e-12  4.33385765e-12 
 4.01743703e-05  8.12960186e-01  8.12608283e-01  8.12562933e-01 -1.23949732e-05  9.61464198e-13  5.25627973e-12 
 4.01993703e-05  8.12959978e-01  8.12652174e-01  8.12607376e-01 -1.24503840e-05  2.22572980e-12  3.55127332e-12 
 4.02243703e-05  8.12960212e-01  8.12691019e-01  8.12646691e-01 -1.23950145e-05  5.91447247e-13  4.56160538e-12 
 4.02493703e-05  8.12960002e-01  8.12725364e-01  8.12681470e-01 -1.24503889e-05  1.90216636e-12  2.93931242e-12 
 4.02743703e-05  8.12960233e-01  8.12755765e-01  8.12712236e-01 -1.23950505e-05  3.01591651e-13  4.01787669e-12 
 4.02993703e-05  8.12960021e-01  8.12782641e-01  8.12739454e-01 -1.24503891e-05  1.64946615e-12  2.46079345e-12 
 4.03243703e-05  8.12960250e-01  8.12806434e-01  8.12763531e-01 -1.23950822e-05  7.44192034e-14  3.59221995e-12 
 4.03493703e-05  8.12960036e-01  8.12827466e-01  8.12784831e-01 -1.24503856e-05  1.45218191e-12  2.08664374e-12 
 4.03743703e-05  8.12960264e-01  8.12846087e-01  8.12803674e-01 -1.23951106e-05 -1.03724971e-13  3.25892113e-12 
 4.03993703e-05  8.12960049e-01  8.12862545e-01  8.12820344e-01 -1.24503793e-05  1.29823647e-12  1.79412876e-12 
 4.04243703e-05  8.12960275e-01  8.12877120e-01  8.12835090e-01 -1.23951363e-05 -2.43517012e-13  2.99787858e-12 
 4.04493703e-05  8.12960060e-01  8.12889999e-01  8.12848136e-01 -1.24503708e-05  1.17818515e-12  1.56547561e-12 
 4.04743703e-05  8.12960285e-01  8.12901407e-01  8.12859677e-01 -1.23951601e-05 -3.53305059e-13  2.79337230e-12 
 4.04993703e-05  8.12960069e-01  8.12911485e-01  8.12869887e-01 -1.24503607e-05  1.08464496e-12  1.38678337e-12 
 4.05243703e-05  8.12960293e-01  8.12920415e-01  8.12878919e-01 -1.23951822e-05 -4.39616442e-13  2.63310532e-12 
 4.05493703e-05  8.12960076e-01  8.12928301e-01  8.12886910e-01 -1.24503491e-05  1.01185076e-12  1.24717879e-12 
 4.05743703e-05  8.12960300e-01  8.12935291e-01  8.12893979e-01 -1.23952031e-05 -5.07553851e-13  2.50745990e-12 
 4.05993703e-05  8.12960083e-01  8.12941462e-01  8.12900233e-01 -1.24503366e-05  9.55278608e-13  1.13815625e-12 
 4.06243703e-05  8.12960306e-01  8.12946934e-01  8.12905766e-01 -1.23952229e-05 -5.61109319e-13  2.40890803e-12 
 4.06493703e-05  8.12960088e-01  8.12951762e-01  8.12910661e-01 -1.24503232e-05  9.11397910e-13  1.05305836e-12 
 4.06743703e-05  8.12960311e-01  8.12956046e-01  8.12914991e-01 -1.23952419e-05 -6.03410984e-13  2.33156441e-12 
 4.06993703e-05  8.12960094e-01  8.12959824e-01  8.12918822e-01 -1.24503093e-05  8.77446336e-13  9.86680681e-13 
 4.07243703e-05  8.12960316e-01  8.12963179e-01  8.12922211e-01 -1.23952604e-05 -6.36901122e-13  2.27081927e-12 
 4.07493703e-05  8.12960098e-01  8.12966134e-01  8.12925210e-01 -1.24502949e-05  8.51258950e-13  9.34947703e-13 
 4.07743703e-05  8.12960320e-01  8.12968761e-01  8.12927862e-01 -1.23952783e-05 -6.63489663e-13  2.22306695e-12 
 4.07993703e-05  8.12960102e-01  8.12971073e-01  8.12930209e-01 -1.24502801e-05  8.31143964e-13  8.94672737e-13 
 4.08243703e-05  8.12960324e-01  8.12973130e-01  8.12932286e-01 -1.23952958e-05 -6.84676708e-13  2.18548763e-12 
 4.08493703e-05  8.12960106e-01  8.12974939e-01  8.12934123e-01 -1.24502650e-05  8.15778651e-13  8.63359677e-13 
 4.08743703e-05  8.12960327e-01  8.12976550e-01  8.12935748e-01 -1.23953130e-05 -7.01631678e-13  2.15587221e-12 
 4.08993703e-05  8.12960110e-01  8.12977965e-01  8.12937186e-01 -1.24502497e-05  8.04123044e-13  8.39057827e-13 
 4.09243703e-05  8.12960331e-01  8.12979227e-01  8.12938458e-01 -1.23953299e-05 -7.15267906e-13  2.13249226e-12 
 4.09493703e-05  8.12960113e-01  8.12980334e-01  8.12939584e-01 -1.24502343e-05  7.95368762e-13  8.20239330e-13 
 4.09743703e-05  8.12960334e-01  8.12981323e-01  8.12940580e-01 -1.23953466e-05 -7.26306819e-13  2.11399523e-12 
 4.09993703e-05  8.12960116e-01  8.12982189e-01  8.12941462e-01 -1.24502188e-05  7.88881547e-13  8.05710316e-13 
 4.10243703e-05  8.12960337e-01  8.12982964e-01  8.12942241e-01 -1.23953632e-05 -7.35305480e-13  2.09932413e-12 
 4.10493703e-05  8.12960120e-01  8.12983641e-01  8.12942931e-01 -1.24502032e-05  7.84164617e-13  7.94532517e-13 
 4.10743703e-05  8.12960340e-01  8.12984249e-01  8.12943542e-01 -1.23953796e-05 -7.42706461e-13  2.08764885e-12 
 4.10993703e-05  8.12960123e-01  8.12984778e-01  8.12944082e-01 -1.24501875e-05  7.80826142e-13  7.85977240e-13 
 4.11243703e-05  8.12960343e-01  8.12985255e-01  8.12944560e-01 -1.23953958e-05 -7.48851935e-13  2.07832048e-12 
 4.11493703e-05  8.12960126e-01  8.12985668e-01  8.12944984e-01 -1.24501718e-05  7.78567748e-13  7.79470889e-13 
 4.11743703e-05  8.12960346e-01  8.12986043e-01  8.12945358e-01 -1.23954120e-05 -7.54009485e-13  2.07083293e-12 
 4.11871851e-05  8.12960128e-01  8.12986211e-01  8.12945533e-01 -1.24501485e-05  7.78546715e-13  7.76261976e-13 
 4.12000000e-05  8.12960347e-01  8.12986377e-01  8.12945697e-01 -1.23954431e-05 -7.58591974e-13  2.06630129e-12 
 4.12000186e-05  8.12956601e-01  8.12962117e-01  8.12945518e-01 -1.38669444e-05 -1.93173614e-09 -9.56116712e-10 
 4.12000559e-05  8.12952673e-01  8.12924640e-01  8.12944884e-01 -1.43328131e-05 -5.28101080e-09 -2.78976672e-09 
 4.12001305e-05  8.12946365e-01  8.12878030e-01  8.12942410e-01 -1.46469772e-05 -9.98148425e-09 -6.22093918e-09 
 4.12002727e-05  8.12934218e-01  8.12826121e-01  8.12935163e-01 -1.50198462e-05 -1.62746566e-08 -1.22991176e-08 
 4.12004252e-05  8.12922279e-01  8.12801614e-01  8.12925581e-01 -1.49949439e-05 -2.19464446e-08 -1.83452231e-08 
 4.12007037e-05  8.12900834e-01  8.12780037e-01  8.12907073e-01 -1.50944694e-05 -3.15232594e-08 -2.84833761e-08 
 4.12011076e-05  8.12873201e-01  8.12764366e-01  8.12880834e-01 -1.51384116e-05 -4.35367867e-08 -4.13285928e-08 
 4.12014268e-05  8.12852945e-01  8.12754144e-01  8.12861367e-01 -1.57378029e-05 -5.00215399e-08 -5.00760714e-08 
 4.12016038e-05  8.12843061e-01  8.12750271e-01  8.12851122e-01 -1.66140194e-05 -4.99931275e-08 -5.43932119e-08 
 4.12017825e-05  8.12834002e-01  8.12748334e-01  8.12841291e-01 -1.87685231e-05 -4.23975327e-08 -5.83015602e-08 
 4.12019389e-05  8.12828356e-01  8.12750226e-01  8.12833245e-01 -2.19135364e-05 -2.42039149e-08 -6.12534940e-08 
 4.12020848e-05  8.12824824e-01  8.12755624e-01  8.12826386e-01 -2.63194442e-05  8.64583745e-09 -6.35129612e-08 
 4.12022186e-05  8.12824281e-01  8.12765365e-01  8.12820830e-01 -3.13931232e-05  5.88597634e-08 -6.50394246e-08 
 4.12023340e-05  8.12825506e-01  8.12778418e-01  8.12816790e-01 -3.66330956e-05  1.24417512e-07 -6.58101735e-08 
 4.12024320e-05  8.12828640e-01  8.12794738e-01  8.12814065e-01 -4.14361153e-05  2.03377826e-07 -6.59259592e-08 
 4.12025184e-05  8.12832566e-01  8.12814419e-01  8.12812363e-01 -4.59502866e-05  2.97587374e-07 -6.54824945e-08 
 4.12025991e-05  8.12837970e-01  8.12839132e-01  8.12811529e-01 -5.01384795e-05  4.13951911e-07 -6.44538964e-08 
 4.12026838e-05  8.12845015e-01  8.12872630e-01  8.12811652e-01 -5.45340048e-05  5.73138875e-07 -6.25937247e-08 
 4.12027753e-05  8.12854954e-01  8.12916672e-01  8.12813175e-01 -5.91304948e-05  7.92708764e-07 -5.96176708e-08 
 4.12028895e-05  8.12868247e-01  8.12977663e-01  8.12817345e-01 -6.48997796e-05  1.13392089e-06 -5.46368364e-08 
 4.12030289e-05  8.12882219e-01  8.13054026e-01  8.12825910e-01 -7.18823230e-05  1.64093644e-06 -4.69767764e-08 
 4.12031568e-05  8.12892019e-01  8.13121421e-01  8.12836936e-01 -7.83884002e-05  2.18105366e-06 -3.87182833e-08 
 4.12033200e-05  8.12904209e-01  8.13200437e-01  8.12854849e-01 -8.65290509e-05  2.95446057e-06 -2.68511319e-08 
 4.12034750e-05  8.12917177e-01  8.13266985e-01  8.12875188e-01 -9.36824287e-05  3.75730335e-06 -1.45352506e-08 
 4.12036206e-05  8.12931143e-01  8.13320402e-01  8.12896570e-01 -9.91173310e-05  4.55276892e-06 -2.38487067e-09 
 4.12037324e-05  8.12942588e-01  8.13352696e-01  8.12914041e-01 -1.01678892e-04  5.17531234e-06  7.02703179e-09 
 4.12038044e-05  8.12950171e-01  8.13366589e-01  8.12925534e-01 -1.01451160e-04  5.57055084e-06  1.29018983e-08 
 4.12038570e-05  8.12955441e-01  8.13370222e-01  8.12933914e-01 -9.91876020e-05  5.84768800e-06  1.69106263e-08 
 4.12039073e-05  8.12960173e-01  8.13364989e-01  8.12941747e-01 -9.46659140e-05  6.09320697e-06  2.02994305e-08 
 4.12039661e-05  8.12964827e-01  8.13344704e-01  8.12950406e-01 -8.69596209e-05  6.34365263e-06  2.34520620e-08 
 4.12040331e-05  8.12968955e-01  8.13302389e-01  8.12959201e-01 -7.62095779e-05  6.56967621e-06  2.57818082e-08 
 4.12041089e-05  8.12971807e-01  8.13234378e-01  8.12967214e-01 -6.34574131e-05  6.74248166e-06  2.67471532e-08 
 4.12042072e-05  8.12972997e-01  8.13127975e-01  8.12973896e-01 -4.84122139e-05  6.84253565e-06  2.56684993e-08 
 4.12042905e-05  8.12972005e-01  8.13034035e-01  8.12976076e-01 -3.83761357e-05  6.83331220e-06  2.31343677e-08 
 4.12043689e-05  8.12969893e-01  8.12951690e-01  8.12975339e-01 -3.13079207e-05  6.76485347e-06  1.98482393e-08 
 4.12044529e-05  8.12966618e-01  8.12874938e-01  8.12971946e-01 -2.59679665e-05  6.64592515e-06  1.57484590e-08 
 4.12045450e-05  8.12962304e-01  8.12806207e-01  8.12965723e-01 -2.20919785e-05  6.47991432e-06  1.09100032e-08 
 4.12046395e-05  8.12957283e-01  8.12751533e-01  8.12957284e-01 -1.96592725e-05  6.28666774e-06  5.83036322e-09 
 4.12047448e-05  8.12951348e-01  8.12706258e-01  8.12946187e-01 -1.80653633e-05  6.05823599e-06  2.31990838e-10 
 4.12048605e-05  8.12944518e-01  8.12670731e-01  8.12932696e-01 -1.71504780e-05  5.80274072e-06 -5.71701419e-09 
 4.12049302e-05  8.12940352e-01  8.12654621e-01  8.12924145e-01 -1.68319106e-05  5.64942760e-06 -9.17719743e-09 
 4.12050000e-05  8.12936117e-01  8.12641299e-01  8.12915424e-01 -1.66374375e-05  5.49820565e-06 -1.25334931e-08 
 4.12050021e-05  8.12937010e-01  8.12644681e-01  8.12915167e-01 -1.55865227e-05  5.49402961e-06 -1.25158329e-08 
 4.12050062e-05  8.12937845e-01  8.12650906e-01  8.12914660e-01 -1.51708960e-05  5.48571304e-06 -1.24868150e-08 
 4.12050144e-05  8.12937773e-01  8.12661041e-01  8.12913674e-01 -1.49396202e-05  5.46914293e-06 -1.24485438e-08 
 4.12050309e-05  8.12937897e-01  8.12676529e-01  8.12911797e-01 -1.46091290e-05  5.43596677e-06 -1.23904960e-08 
 4.12050581e-05  8.12937907e-01  8.12696023e-01  8.12908919e-01 -1.41428162e-05  5.38128951e-06 -1.23217158e-08 
 4.12051124e-05  8.12938017e-01  8.12724538e-01  8.12903773e-01 -1.34974413e-05  5.27228384e-06 -1.22547284e-08 
 4.12052211e-05  8.12937987e-01  8.12757427e-01  8.12895116e-01 -1.27989958e-05  5.05753783e-06 -1.22633191e-08 
 4.12054385e-05  8.12937865e-01  8.12776933e-01  8.12881067e-01 -1.24135614e-05  4.64787529e-06 -1.24226904e-08 
 4.12057040e-05  8.12937557e-01  8.12772486e-01  8.12866245e-01 -1.23696127e-05  4.18867203e-06 -1.25408690e-08 
 4.12060783e-05  8.12937224e-01  8.12760122e-01  8.12846665e-01 -1.23738212e-05  3.61580358e-06 -1.24608798e-08 
 4.12065507e-05  8.12936773e-01  8.12744938e-01  8.12823393e-01 -1.23622266e-05  3.00231654e-06 -1.20696255e-08 
 4.12074842e-05  8.12936123e-01  8.12719532e-01  8.12781923e-01 -1.23727109e-05  2.07282535e-06 -1.07633046e-08 
 4.12093511e-05  8.12935124e-01  8.12683865e-01  8.12716205e-01 -1.23636039e-05  9.61381264e-07 -7.55478140e-09 
 4.12130850e-05  8.12934150e-01  8.12658155e-01  8.12642818e-01 -1.23821690e-05  1.48316533e-07 -2.72255439e-09 
 4.12183120e-05  8.12933623e-01  8.12685229e-01  8.12630799e-01 -1.23826117e-05 -1.92458667e-09 -2.75644324e-10 
 4.12255657e-05  8.12933495e-01  8.12772515e-01  8.12698803e-01 -1.24049475e-05  3.24178434e-10  3.88996263e-11 
 4.12373834e-05  8.12933478e-01  8.12918558e-01  8.12847908e-01 -1.24045933e-05 -1.09084340e-10  1.98907307e-11 
 4.12509292e-05  8.12933594e-01  8.13023987e-01  8.12968744e-01 -1.24213777e-05  7.06484725e-11  2.87911514e-11 
 4.12716744e-05  8.12933615e-01  8.13058843e-01  8.13020348e-01 -1.24146165e-05 -3.41649491e-11  2.68955322e-14 
 4.12966744e-05  8.12933614e-01  8.13005873e-01  8.12972615e-01 -1.24274515e-05  1.91012646e-11 -2.53809023e-12 
 4.13216744e-05  8.12933518e-01  8.12954538e-01  8.12917521e-01 -1.24170590e-05 -1.81524182e-11 -5.10443760e-12 
 4.13466744e-05  8.12933523e-01  8.12942870e-01  8.12901750e-01 -1.24280162e-05  9.82307985e-12  1.90530290e-12 
 4.13716744e-05  8.12933493e-01  8.12954209e-01  8.12911990e-01 -1.24170013e-05 -5.70370335e-12  2.10332527e-12 
 4.13858372e-05  8.12933535e-01  8.12961612e-01  8.12919787e-01 -1.24279111e-05  3.78371271e-12  2.94181378e-12 
 4.14000000e-05  8.12933507e-01  8.12965941e-01  8.12924729e-01 -1.24169691e-05 -8.22643386e-13  2.17828430e-12 
 4.14000112e-05  8.12934446e-01  8.12973905e-01  8.12924767e-01 -9.92411188e-06  1.61492370e-09  2.96394918e-10 
 4.14000335e-05  8.12934924e-01  8.12987013e-01  8.12924901e-01 -9.50834831e-06  4.91813089e-09  8.61751244e-10 
 4.14000782e-05  8.12935186e-01  8.13005181e-01  8.12925442e-01 -9.29912076e-06  1.13248744e-08  1.92785115e-09 
 4.14001452e-05  8.12935976e-01  8.13024809e-01  8.12926736e-01 -8.90452927e-06  2.04129689e-08  3.43803894e-09 
 4.14002793e-05  8.12937036e-01  8.13047293e-01  8.12930322e-01 -8.75480653e-06  3.75021840e-08  6.23814272e-09 
 4.14005474e-05  8.12939531e-01  8.13063737e-01  8.12938927e-01 -8.59943787e-06  6.86368414e-08  1.13108294e-08 
 4.14008876e-05  8.12942356e-01  8.13068955e-01  8.12949985e-01 -8.69889806e-06  1.03654507e-07  1.69949106e-08 
 4.14014086e-05  8.12947068e-01  8.13073263e-01  8.12965172e-01 -8.69261399e-06  1.49000282e-07  2.43554006e-08 
 4.14015306e-05  8.12948100e-01  8.13073736e-01  8.12968396e-01 -8.84302260e-06  1.58293269e-07  2.58530366e-08 
 4.14017746e-05  8.12951174e-01  8.13071871e-01  8.12974329e-01 -9.45364018e-06  1.75100868e-07  2.84892919e-08 
 4.14018969e-05  8.12953355e-01  8.13067548e-01  8.12976943e-01 -1.04164628e-05  1.82364640e-07  2.95248082e-08 
 4.14020145e-05  8.12956628e-01  8.13058318e-01  8.12979027e-01 -1.19592197e-05  1.88049810e-07  3.01596448e-08 
 4.14021241e-05  8.12960536e-01  8.13042879e-01  8.12980353e-01 -1.43281031e-05  1.91749214e-07  3.02567200e-08 
 4.14022315e-05  8.12965611e-01  8.13019069e-01  8.12980773e-01 -1.73644375e-05  1.93300951e-07  2.96938442e-08 
 4.14023372e-05  8.12971229e-01  8.12984992e-01  8.12979970e-01 -2.09693354e-05  1.92266097e-07  2.82837443e-08 
 4.14024379e-05  8.12977130e-01  8.12940409e-01  8.12977683e-01 -2.43303479e-05  1.88268067e-07  2.59219040e-08 
 4.14025325e-05  8.12982394e-01  8.12885095e-01  8.12973761e-01 -2.69335964e-05  1.81203319e-07  2.25468908e-08 
 4.14026388e-05  8.12987787e-01  8.12806408e-01  8.12966745e-01 -2.90591355e-05  1.68824019e-07  1.71851773e-08 
 4.14027384e-05  8.12991735e-01  8.12720898e-01  8.12957222e-01 -3.13453359e-05  1.53050383e-07  1.06452985e-08 
 4.14028891e-05  8.12995705e-01  8.12584398e-01  8.12937014e-01 -3.53261720e-05  1.22494323e-07 -1.64345405e-09 
 4.14030217e-05  8.12996649e-01  8.12465992e-01  8.12913638e-01 -3.90692491e-05  8.98100786e-08 -1.44660154e-08 
 4.14031605e-05  8.12995141e-01  8.12350339e-01  8.12884131e-01 -4.28484716e-05  5.06370281e-08 -2.94680859e-08 
 4.14032822e-05  8.12991223e-01  8.12259923e-01  8.12854699e-01 -4.58484211e-05  1.20340315e-08 -4.35805297e-08 
 4.14033563e-05  8.12987361e-01  8.12212555e-01  8.12835450e-01 -4.72815763e-05 -1.66511870e-08 -5.24259944e-08 
 4.14033959e-05  8.12984448e-01  8.12191393e-01  8.12824849e-01 -4.77864450e-05 -3.78994208e-08 -5.71508443e-08 
 4.14034337e-05  8.12981049e-01  8.12176037e-01  8.12814619e-01 -4.79436453e-05 -6.88143768e-08 -6.15642855e-08 
 4.14034605e-05  8.12977637e-01  8.12169753e-01  8.12807348e-01 -4.77287870e-05 -1.01236231e-07 -6.45675025e-08 
 4.14034825e-05  8.12973766e-01  8.12169127e-01  8.12801402e-01 -4.72409106e-05 -1.36652856e-07 -6.68852642e-08 
 4.14035037e-05  8.12968391e-01  8.12174296e-01  8.12795725e-01 -4.63659530e-05 -1.78773914e-07 -6.89130146e-08 
 4.14035275e-05  8.12960548e-01  8.12189046e-01  8.12789523e-01 -4.48877589e-05 -2.34396185e-07 -7.08210636e-08 
 4.14035551e-05  8.12949966e-01  8.12219484e-01  8.12782668e-01 -4.26069804e-05 -3.07637892e-07 -7.24348152e-08 
 4.14035850e-05  8.12938158e-01  8.12268126e-01  8.12775764e-01 -3.96878673e-05 -3.94951081e-07 -7.34133226e-08 
 4.14036290e-05  8.12922448e-01  8.12361271e-01  8.12767017e-01 -3.50465271e-05 -5.30842966e-07 -7.35008693e-08 
 4.14036579e-05  8.12913977e-01  8.12431503e-01  8.12762288e-01 -3.20248268e-05 -6.22616623e-07 -7.28197034e-08 
 4.14036861e-05  8.12907183e-01  8.12502076e-01  8.12758524e-01 -2.91748040e-05 -7.12451424e-07 -7.17478944e-08 
 4.14037189e-05  8.12901013e-01  8.12583041e-01  8.12755181e-01 -2.61491725e-05 -8.16997903e-07 -7.01463202e-08 
 4.14037544e-05  8.12896138e-01  8.12665809e-01  8.12752763e-01 -2.32241892e-05 -9.29649941e-07 -6.81425256e-08 
 4.14037909e-05  8.12892658e-01  8.12743017e-01  8.12751473e-01 -2.06642093e-05 -1.04456137e-06 -6.59362787e-08 
 4.14038305e-05  8.12890217e-01  8.12816249e-01  8.12751277e-01 -1.83501837e-05 -1.16788408e-06 -6.34999453e-08 
 4.14038733e-05  8.12888617e-01  8.12883146e-01  8.12752259e-01 -1.63567634e-05 -1.29975669e-06 -6.09015202e-08 
 4.14039224e-05  8.12887707e-01  8.12945151e-01  8.12754616e-01 -1.46052513e-05 -1.44837885e-06 -5.80427296e-08 
 4.14039780e-05  8.12887342e-01  8.12999431e-01  8.12758506e-01 -1.31781507e-05 -1.61341281e-06 -5.49858847e-08 
 4.14040445e-05  8.12887480e-01  8.13047136e-01  8.12764397e-01 -1.20221396e-05 -1.80650808e-06 -5.15650803e-08 
 4.14041241e-05  8.12888008e-01  8.13086496e-01  8.12772599e-01 -1.11811669e-05 -2.03049198e-06 -4.77702504e-08 
 4.14042262e-05  8.12889028e-01  8.13119233e-01  8.12784187e-01 -1.06003913e-05 -2.30755273e-06 -4.32571233e-08 
 4.14043589e-05  8.12890634e-01  8.13145542e-01  8.12800091e-01 -1.02717665e-05 -2.65419897e-06 -3.78097698e-08 
 4.14045484e-05  8.12893800e-01  8.13169227e-01  8.12823217e-01 -1.01172769e-05 -3.14710377e-06 -3.05954873e-08 
 4.14047742e-05  8.12900426e-01  8.13189833e-01  8.12850497e-01 -1.00780747e-05 -3.84053325e-06 -2.26633905e-08 
 4.14050000e-05  8.12911802e-01  8.13208067e-01  8.12877098e-01 -1.00653792e-05 -4.86686288e-06 -1.53750094e-08 
 4.14050050e-05  8.12911049e-01  8.13204533e-01  8.12877668e-01 -1.23332556e-05 -4.89564279e-06 -1.53572195e-08 
 4.14050149e-05  8.12910530e-01  8.13198456e-01  8.12878795e-01 -1.25723508e-05 -4.95341855e-06 -1.53120467e-08 
 4.14050349e-05  8.12910611e-01  8.13189716e-01  8.12880975e-01 -1.24939257e-05 -5.06851506e-06 -1.51956920e-08 
 4.14050747e-05  8.12910317e-01  8.13177003e-01  8.12885115e-01 -1.25958534e-05 -5.29494819e-06 -1.49299492e-08 
 4.14051545e-05  8.12910472e-01  8.13160580e-01  8.12892743e-01 -1.25454612e-05 -5.73442850e-06 -1.43164072e-08 
 4.14052701e-05  8.12910574e-01  8.13149652e-01  8.12902771e-01 -1.26081332e-05 -6.34163664e-06 -1.33396078e-08 
 4.14054276e-05  8.12911073e-01  8.13147509e-01  8.12915301e-01 -1.25438335e-05 -7.11387405e-06 -1.19313273e-08 
 4.14056829e-05  8.12911575e-01  8.13155423e-01  8.12934294e-01 -1.25942422e-05 -8.24274593e-06 -9.53820086e-09 
 4.14061934e-05  8.12912960e-01  8.13179034e-01  8.12969922e-01 -1.25269326e-05 -1.01064717e-05 -4.55507967e-09 
 4.14072144e-05  8.12915418e-01  8.13221806e-01  8.13034309e-01 -1.25653762e-05 -1.26240302e-05  5.19885035e-09 
 4.14092564e-05  8.12920586e-01  8.13282045e-01  8.13136939e-01 -1.24863153e-05 -1.47293790e-05  2.05848725e-08 
 4.14118431e-05  8.12926407e-01  8.13320639e-01  8.13221319e-01 -1.25225922e-05 -1.47052914e-05  3.08880323e-08 
 4.14150735e-05  8.12933074e-01  8.13326581e-01  8.13269697e-01 -1.24510677e-05 -1.34698780e-05  3.38858312e-08 
 4.14192705e-05  8.12940241e-01  8.13292666e-01  8.13269024e-01 -1.24902729e-05 -1.16662497e-05  3.13178037e-08 
 4.14261916e-05  8.12950133e-01  8.13194472e-01  8.13192253e-01 -1.24174163e-05 -9.18902891e-06  2.48424196e-08 
 4.14388757e-05  8.12963052e-01  8.13015203e-01  8.13008533e-01 -1.24548868e-05 -6.05136966e-06  1.61078202e-08 
 4.14509290e-05  8.12971507e-01  8.12908074e-01  8.12884784e-01 -1.23937924e-05 -4.16584661e-06  1.10746422e-08 
 4.14671872e-05  8.12978859e-01  8.12865681e-01  8.12825819e-01 -1.24459923e-05 -2.54986082e-06  6.75136977e-09 
 4.14834813e-05  8.12983652e-01  8.12893441e-01  8.12845867e-01 -1.23912303e-05 -1.58470764e-06  4.19902493e-09 
 4.15060489e-05  8.12987365e-01  8.12958862e-01  8.12910769e-01 -1.24470279e-05 -8.18858222e-07  2.17188685e-09 
 4.15301595e-05  8.12989603e-01  8.13003639e-01  8.12960190e-01 -1.23935209e-05 -4.08461757e-07  1.08295551e-09 
 4.15551595e-05  8.12990565e-01  8.13011515e-01  8.12971421e-01 -1.24491542e-05 -1.98088742e-07  5.24939743e-10 
 4.15801595e-05  8.12991192e-01  8.13002615e-01  8.12963080e-01 -1.23949930e-05 -9.70994558e-08  2.55631842e-10 
 4.16051595e-05  8.12991317e-01  8.12997021e-01  8.12956563e-01 -1.24499229e-05 -4.70942324e-08  1.25721676e-10 
 4.16301595e-05  8.12991556e-01  8.12998739e-01  8.12957678e-01 -1.23953545e-05 -2.32574315e-08  6.24080254e-11 
 4.16551595e-05  8.12991501e-01  8.13003602e-01  8.12962419e-01 -1.24500419e-05 -1.11966848e-08  3.17635506e-11 
 4.16801595e-05  8.12991652e-01  8.13007289e-01  8.12966383e-01 -1.23954316e-05 -5.60132821e-09  1.61881149e-11 
 4.17051595e-05  8.12991551e-01  8.13009140e-01  8.12968355e-01 -1.24500681e-05 -2.64482727e-09  8.64115517e-12 
 4.17301595e-05  8.12991677e-01  8.13009926e-01  8.12969237e-01 -1.23954759e-05 -1.36489030e-09  4.94555314e-12 
 4.17551595e-05  8.12991564e-01  8.13010788e-01  8.12970022e-01 -1.24500688e-05 -6.11671729e-10  3.06599071e-12 
 4.17801595e-05  8.12991684e-01  8.13011770e-01  8.12971036e-01 -1.23954968e-05 -3.44058283e-10  2.41725325e-12 
 4.18051595e-05  8.12991569e-01  8.13012892e-01  8.12972113e-01 -1.24500551e-05 -1.30882823e-10  1.73714520e-12 
 4.18301595e-05  8.12991688e-01  8.13013782e-01  8.12973072e-01 -1.23955125e-05 -9.61580433e-11  1.82807225e-12 
 4.18551595e-05  8.12991572e-01  8.13014590e-01  8.12973848e-01 -1.24500410e-05 -1.82831103e-11  1.36015044e-12 
 4.18801595e-05  8.12991690e-01  8.13015184e-01  8.12974498e-01 -1.23955285e-05 -3.51567454e-11  1.68422025e-12 
 4.19051595e-05  8.12991574e-01  8.13015793e-01  8.12975067e-01 -1.24500268e-05  7.33688457e-12  1.25060867e-12 
 4.19301595e-05  8.12991692e-01  8.13016266e-01  8.12975590e-01 -1.23955438e-05 -1.97343400e-11  1.65864685e-12 
 4.19551595e-05  8.12991576e-01  8.13016771e-01  8.12976056e-01 -1.24500121e-05  1.28771575e-11  1.21435441e-12 
 4.19801595e-05  8.12991694e-01  8.13017140e-01  8.12976474e-01 -1.23955589e-05 -1.56417431e-11  1.65270315e-12 
 4.20051595e-05  8.12991577e-01  8.13017540e-01  8.12976836e-01 -1.24499975e-05  1.39133115e-11  1.19623202e-12 
 4.20301595e-05  8.12991696e-01  8.13017817e-01  8.12977159e-01 -1.23955740e-05 -1.44664801e-11  1.64960076e-12 
 4.20551595e-05  8.12991579e-01  8.13018136e-01  8.12977441e-01 -1.24499828e-05  1.40147726e-11  1.18634903e-12 
 4.20801595e-05  8.12991697e-01  8.13018347e-01  8.12977694e-01 -1.23955890e-05 -1.40853568e-11  1.64758956e-12 
 4.21051595e-05  8.12991581e-01  8.13018605e-01  8.12977915e-01 -1.24499681e-05  1.39615585e-11  1.18025712e-12 
 4.21301595e-05  8.12991699e-01  8.13018763e-01  8.12978115e-01 -1.23956040e-05 -1.39400561e-11  1.64557907e-12 
 4.21551595e-05  8.12991582e-01  8.13018972e-01  8.12978288e-01 -1.24499534e-05  1.39039221e-11  1.17596915e-12 
 4.21801595e-05  8.12991700e-01  8.13019089e-01  8.12978444e-01 -1.23956189e-05 -1.38728846e-11  1.64370178e-12 
 4.22051595e-05  8.12991584e-01  8.13019259e-01  8.12978579e-01 -1.24499386e-05  1.38611000e-11  1.17288351e-12 
 4.22301595e-05  8.12991702e-01  8.13019344e-01  8.12978702e-01 -1.23956338e-05 -1.38349009e-11  1.64211358e-12 
 4.22551595e-05  8.12991585e-01  8.13019483e-01  8.12978807e-01 -1.24499239e-05  1.38295111e-11  1.17059498e-12 
 4.22801595e-05  8.12991703e-01  8.13019545e-01  8.12978904e-01 -1.23956487e-05 -1.38089822e-11  1.64079671e-12 
 4.23051595e-05  8.12991587e-01  8.13019660e-01  8.12978986e-01 -1.24499092e-05  1.38044652e-11  1.16885072e-12 
 4.23301595e-05  8.12991704e-01  8.13019702e-01  8.12979062e-01 -1.23956635e-05 -1.37881343e-11  1.63973387e-12 
 4.23551595e-05  8.12991588e-01  8.13019798e-01  8.12979127e-01 -1.24498944e-05  1.37832172e-11  1.16750674e-12 
 4.23801595e-05  8.12991706e-01  8.13019825e-01  8.12979186e-01 -1.23956783e-05 -1.37697069e-11  1.63889003e-12 
 4.24051595e-05  8.12991590e-01  8.13019906e-01  8.12979237e-01 -1.24498797e-05  1.37640771e-11  1.16646374e-12 
 4.24301595e-05  8.12991707e-01  8.13019922e-01  8.12979284e-01 -1.23956931e-05 -1.37525458e-11  1.63822401e-12 
 4.24551595e-05  8.12991591e-01  8.13019991e-01  8.12979323e-01 -1.24498649e-05  1.37461266e-11  1.16565096e-12 
 4.24801595e-05  8.12991708e-01  8.13019998e-01  8.12979361e-01 -1.23957079e-05 -1.37361129e-11  1.63769893e-12 
 4.25051595e-05  8.12991593e-01  8.13020058e-01  8.12979391e-01 -1.24498502e-05  1.37289646e-11  1.16501893e-12 
 4.25301595e-05  8.12991710e-01  8.13020058e-01  8.12979421e-01 -1.23957227e-05 -1.37200611e-11  1.63728406e-12 
 4.25551595e-05  8.12991594e-01  8.13020110e-01  8.12979445e-01 -1.24498355e-05  1.37122718e-11  1.16452838e-12 
 4.25801595e-05  8.12991711e-01  8.13020106e-01  8.12979468e-01 -1.23957374e-05 -1.37044295e-11  1.63695441e-12 
 4.26051595e-05  8.12991595e-01  8.13020151e-01  8.12979487e-01 -1.24498207e-05  1.36960718e-11  1.16415092e-12 
 4.26301595e-05  8.12991712e-01  8.13020143e-01  8.12979506e-01 -1.23957522e-05 -1.36889638e-11  1.63668824e-12 
 4.26551595e-05  8.12991597e-01  8.13020184e-01  8.12979520e-01 -1.24498060e-05  1.36802479e-11  1.16386501e-12 
 4.26801595e-05  8.12991714e-01  8.13020173e-01  8.12979535e-01 -1.23957669e-05 -1.36738253e-11  1.63646863e-12 
 4.27051595e-05  8.12991598e-01  8.13020210e-01  8.12979547e-01 -1.24497913e-05  1.36646753e-11  1.16365375e-12 
 4.27301595e-05  8.12991715e-01  8.13020196e-01  8.12979559e-01 -1.23957816e-05 -1.36587978e-11  1.63628475e-12 
 4.27551595e-05  8.12991600e-01  8.13020230e-01  8.12979568e-01 -1.24497766e-05  1.36494876e-11  1.16350197e-12 
 4.27801595e-05  8.12991716e-01  8.13020215e-01  8.12979577e-01 -1.23957963e-05 -1.36440098e-11  1.63612402e-12 
 4.28051595e-05  8.12991601e-01  8.13020246e-01  8.12979584e-01 -1.24497619e-05  1.36345529e-11  1.16340092e-12 
 4.28301595e-05  8.12991718e-01  8.13020230e-01  8.12979592e-01 -1.23958110e-05 -1.36293169e-11  1.63598101e-12 
 4.28551595e-05  8.12991602e-01  8.13020259e-01  8.12979598e-01 -1.24497472e-05  1.36198899e-11  1.16334015e-12 
 4.28801595e-05  8.12991719e-01  8.13020242e-01  8.12979604e-01 -1.23958257e-05 -1.36149542e-11  1.63584820e-12 
 4.29051595e-05  8.12991604e-01  8.13020269e-01  8.12979609e-01 -1.24497326e-05  1.36053423e-11  1.16331489e-12 
 4.29301595e-05  8.12991720e-01  8.13020252e-01  8.12979614e-01 -1.23958404e-05 -1.36007171e-11  1.63572107e-12 
 4.29551595e-05  8.12991605e-01  8.13020278e-01  8.12979617e-01 -1.24497179e-05  1.35911235e-11  1.16331901e-12 
 4.29801595e-05  8.12991722e-01  8.13020260e-01  8.12979622e-01 -1.23958550e-05 -1.35866101e-11  1.63559720e-12 
 4.30051595e-05  8.12991606e-01  8.13020284e-01  8.12979624e-01 -1.24497032e-05  1.35770410e-11  1.16334796e-12 
 4.30301595e-05  8.12991723e-01  8.13020267e-01  8.12979628e-01 -1.23958697e-05 -1.35726901e-11  1.63547333e-12 
 4.30551595e-05  8.12991608e-01  8.13020290e-01  8.12979630e-01 -1.24496886e-05  1.35631935e-11  1.16339859e-12 
 4.30801595e-05  8.12991724e-01  8.13020272e-01  8.12979633e-01 -1.23958843e-05 -1.35589036e-11  1.63534767e-12 
 4.31051595e-05  8.12991609e-01  8.13020294e-01  8.12979635e-01 -1.24496739e-05  1.35495376e-11  1.16346760e-12 
 4.31301595e-05  8.12991726e-01  8.13020277e-01  8.12979638e-01 -1.23958990e-05 -1.35452530e-11  1.63521882e-12 
 4.31551595e-05  8.12991611e-01  8.13020298e-01  8.12979639e-01 -1.24496593e-05  1.35358918e-11  1.16355260e-12 
 4.31801595e-05  8.12991727e-01  8.13020281e-01  8.12979642e-01 -1.23959136e-05 -1.35318774e-11  1.63508633e-12 
 4.32051595e-05  8.12991612e-01  8.13020302e-01  8.12979643e-01 -1.24496447e-05  1.35224026e-11  1.16365126e-12 
 4.32301595e-05  8.12991728e-01  8.13020285e-01  8.12979645e-01 -1.23959282e-05 -1.35187111e-11  1.63494928e-12 
 4.32551595e-05  8.12991613e-01  8.13020304e-01  8.12979646e-01 -1.24496301e-05  1.35090238e-11  1.16376369e-12 
 4.32801595e-05  8.12991730e-01  8.13020288e-01  8.12979648e-01 -1.23959428e-05 -1.35055615e-11  1.63480644e-12 
 4.33051595e-05  8.12991615e-01  8.13020307e-01  8.12979649e-01 -1.24496155e-05  1.34959643e-11  1.16388838e-12 
 4.33301595e-05  8.12991731e-01  8.13020290e-01  8.12979650e-01 -1.23959575e-05 -1.34924593e-11  1.63465742e-12 
 4.33551595e-05  8.12991616e-01  8.13020309e-01  8.12979651e-01 -1.24496009e-05  1.34828860e-11  1.16402200e-12 
 4.33775798e-05  8.12991732e-01  8.13020293e-01  8.12979652e-01 -1.23959729e-05 -1.34796644e-11  1.63448579e-12 
 4.34000000e-05  8.12991617e-01  8.13020311e-01  8.12979653e-01 -1.24495846e-05  1.34661089e-11  1.16417347e-12 
 4.34000321e-05  8.12990075e-01  8.13002686e-01  8.12979430e-01 -1.48486870e-05 -6.34069519e-09 -7.93409291e-10 
 4.34000963e-05  8.12989023e-01  8.12976684e-01  8.12978659e-01 -1.49530367e-05 -1.88895518e-08 -2.29791896e-09 
 4.34002246e-05  8.12987851e-01  8.12948411e-01  8.12975818e-01 -1.49142348e-05 -4.14373328e-08 -5.05714440e-09 
 4.34003775e-05  8.12986432e-01  8.12931726e-01  8.12971285e-01 -1.49652886e-05 -6.52981671e-08 -8.11240782e-09 
 4.34005463e-05  8.12985063e-01  8.12924281e-01  8.12965802e-01 -1.49236387e-05 -8.86843482e-08 -1.12588567e-08 
 4.34008840e-05  8.12982077e-01  8.12917228e-01  8.12954960e-01 -1.50104372e-05 -1.27060144e-07 -1.69292657e-08 
 4.34013908e-05  8.12978085e-01  8.12913911e-01  8.12940226e-01 -1.54722765e-05 -1.69906415e-07 -2.40653126e-08 
 4.34015711e-05  8.12976885e-01  8.12913746e-01  8.12935561e-01 -1.63183838e-05 -1.81717299e-07 -2.62074898e-08 
 4.34017422e-05  8.12976524e-01  8.12916177e-01  8.12931508e-01 -1.79758156e-05 -1.90652335e-07 -2.79786474e-08 
 4.34018839e-05  8.12976740e-01  8.12920291e-01  8.12928535e-01 -2.04881846e-05 -1.95487915e-07 -2.91947826e-08 
 4.34020170e-05  8.12977788e-01  8.12927428e-01  8.12926186e-01 -2.38458631e-05 -1.97022230e-07 -3.00503937e-08 
 4.34021444e-05  8.12979257e-01  8.12937717e-01  8.12924483e-01 -2.81255968e-05 -1.94578236e-07 -3.05322741e-08 
 4.34022568e-05  8.12981059e-01  8.12951049e-01  8.12923570e-01 -3.25888533e-05 -1.88144149e-07 -3.05873770e-08 
 4.34023525e-05  8.12982569e-01  8.12966630e-01  8.12923368e-01 -3.68863318e-05 -1.78222190e-07 -3.02648033e-08 
 4.34024351e-05  8.12983872e-01  8.12984750e-01  8.12923748e-01 -4.07716324e-05 -1.65266845e-07 -2.96111050e-08 
 4.34025090e-05  8.12984658e-01  8.13005916e-01  8.12924649e-01 -4.43492313e-05 -1.49050331e-07 -2.86329157e-08 
 4.34025783e-05  8.12985113e-01  8.13031547e-01  8.12926109e-01 -4.76094733e-05 -1.28850269e-07 -2.72714810e-08 
 4.34026497e-05  8.12985151e-01  8.13064964e-01  8.12928404e-01 -5.08622402e-05 -1.01967591e-07 -2.53110394e-08 
 4.34027272e-05  8.12985409e-01  8.13108825e-01  8.12932002e-01 -5.42046068e-05 -6.60380855e-08 -2.24872551e-08 
 4.34028182e-05  8.12986381e-01  8.13166741e-01  8.12937904e-01 -5.80431971e-05 -1.79718878e-08 -1.83218807e-08 
 4.34029052e-05  8.12988144e-01  8.13225161e-01  8.12945344e-01 -6.15899679e-05  2.80385948e-08 -1.36026297e-08 
 4.34030016e-05  8.12990823e-01  8.13290511e-01  8.12955630e-01 -6.54189401e-05  7.03838682e-08 -7.68616268e-09 
 4.34031098e-05  8.12994959e-01  8.13362135e-01  8.12969614e-01 -6.95806190e-05  1.01356707e-07 -3.39076404e-10 
 4.34032406e-05  8.13001597e-01  8.13442043e-01  8.12989586e-01 -7.46413033e-05  1.22878973e-07  9.30895092e-09 
 4.34033646e-05  8.13009170e-01  8.13508765e-01  8.13011135e-01 -7.91927644e-05  1.38643471e-07  1.90469741e-08 
 4.34034945e-05  8.13017894e-01  8.13568286e-01  8.13035772e-01 -8.32716392e-05  1.55474876e-07  2.96454204e-08 
 4.34036098e-05  8.13026176e-01  8.13610344e-01  8.13058903e-01 -8.56611922e-05  1.71258303e-07  3.91717847e-08 
 4.34036832e-05  8.13031479e-01  8.13629309e-01  8.13073959e-01 -8.58223358e-05  1.81361056e-07  4.51089964e-08 
 4.34037348e-05  8.13035154e-01  8.13636023e-01  8.13084532e-01 -8.42775595e-05  1.88004254e-07  4.90599409e-08 
 4.34037823e-05  8.13038282e-01  8.13633529e-01  8.13094125e-01 -8.07851198e-05  1.93271492e-07  5.23496611e-08 
 4.34038338e-05  8.13041329e-01  8.13617211e-01  8.13104127e-01 -7.47872229e-05  1.97402004e-07  5.53052984e-08 
 4.34038978e-05  8.13044396e-01  8.13574860e-01  8.13115539e-01 -6.53443634e-05  1.99719345e-07  5.78586813e-08 
 4.34039611e-05  8.13046688e-01  8.13511853e-01  8.13125214e-01 -5.53556963e-05  1.98882466e-07  5.90989610e-08 
 4.34040488e-05  8.13048673e-01  8.13402792e-01  8.13135266e-01 -4.26357151e-05  1.93323261e-07  5.89351606e-08 
 4.34041348e-05  8.13049596e-01  8.13287828e-01  8.13140996e-01 -3.29696368e-05  1.84137626e-07  5.71312503e-08 
 4.34042060e-05  8.13049772e-01  8.13197839e-01  8.13142714e-01 -2.72678352e-05  1.74742874e-07  5.48323880e-08 
 4.34042801e-05  8.13049621e-01  8.13115690e-01  8.13141938e-01 -2.31758998e-05  1.63965830e-07  5.20179306e-08 
 4.34043638e-05  8.13049148e-01  8.13039235e-01  8.13138476e-01 -2.01972217e-05  1.51076074e-07  4.85953602e-08 
 4.34044488e-05  8.13048502e-01  8.12978833e-01  8.13132784e-01 -1.84107862e-05  1.37552143e-07  4.50540518e-08 
 4.34045452e-05  8.13047631e-01  8.12928210e-01  8.13124468e-01 -1.72771928e-05  1.22014027e-07  4.11139978e-08 
 4.34046496e-05  8.13046629e-01  8.12889571e-01  8.13113982e-01 -1.66659596e-05  1.05110976e-07  3.70075145e-08 
 4.34047747e-05  8.13045372e-01  8.12858286e-01  8.13100287e-01 -1.63288305e-05  8.50405978e-08  3.23490652e-08 
 4.34048873e-05  8.13044236e-01  8.12839009e-01  8.13087404e-01 -1.62122959e-05  6.72611346e-08  2.83835056e-08 
 4.34050000e-05  8.13043087e-01  8.12824633e-01  8.13074348e-01 -1.61541614e-05  4.99166568e-08  2.46198269e-08 
 4.34050025e-05  8.13043617e-01  8.12826478e-01  8.13074062e-01 -1.39462907e-05  4.98724450e-08  2.46078938e-08 
 4.34050074e-05  8.13044098e-01  8.12829878e-01  8.13073494e-01 -1.35823385e-05  4.98331331e-08  2.45809169e-08 
 4.34050174e-05  8.13044014e-01  8.12835301e-01  8.13072379e-01 -1.34577668e-05  4.98339000e-08  2.45143121e-08 
 4.34050372e-05  8.13044076e-01  8.12843417e-01  8.13070217e-01 -1.32544027e-05  4.97704794e-08  2.43685591e-08 
 4.34050690e-05  8.13044033e-01  8.12853341e-01  8.13066898e-01 -1.30034886e-05  4.95703408e-08  2.41187491e-08 
 4.34051326e-05  8.13044030e-01  8.12867007e-01  8.13060682e-01 -1.26765289e-05  4.89024737e-08  2.35797828e-08 
 4.34052598e-05  8.13043872e-01  8.12879383e-01  8.13049360e-01 -1.23863418e-05  4.70573446e-08  2.24493064e-08 
 4.34055143e-05  8.13043601e-01  8.12878035e-01  8.13028895e-01 -1.22839813e-05  4.28778595e-08  2.02486500e-08 
 4.34057982e-05  8.13043242e-01  8.12864684e-01  8.13007595e-01 -1.22914713e-05  3.83864875e-08  1.80278274e-08 
 4.34062487e-05  8.13042791e-01  8.12842867e-01  8.12975448e-01 -1.22944983e-05  3.21025828e-08  1.49882742e-08 
 4.34069251e-05  8.13042134e-01  8.12813199e-01  8.12930630e-01 -1.22955960e-05  2.44715032e-08  1.13301286e-08 
 4.34082779e-05  8.13041165e-01  8.12765191e-01  8.12853086e-01 -1.23058524e-05  1.40454496e-08  6.35348757e-09 
 4.34109834e-05  8.13039845e-01  8.12705443e-01  8.12741847e-01 -1.23172367e-05  4.11157914e-09  1.67763162e-09 
 4.34163944e-05  8.13038689e-01  8.12680466e-01  8.12648785e-01 -1.23454564e-05 -2.72437487e-10 -2.60401368e-10 
 4.34223460e-05  8.13038246e-01  8.12730762e-01  8.12666388e-01 -1.23633730e-05 -2.55267487e-11 -4.39363707e-11 
 4.34327688e-05  8.13038040e-01  8.12861056e-01  8.12786525e-01 -1.23904382e-05  1.23149303e-11  2.56380407e-11 
 4.34440030e-05  8.13037972e-01  8.12979678e-01  8.12915515e-01 -1.24015470e-05  1.76994099e-11  2.86572576e-11 
 4.34606452e-05  8.13037996e-01  8.13068072e-01  8.13019652e-01 -1.24154784e-05  6.18568022e-12  1.29771850e-11 
 4.34850449e-05  8.13037948e-01  8.13075754e-01  8.13038923e-01 -1.24185531e-05 -6.93724158e-13  1.15976564e-14 
 4.35100449e-05  8.13037922e-01  8.13035532e-01  8.12999039e-01 -1.24235803e-05 -3.38959546e-12 -3.55910071e-12 
 4.35350449e-05  8.13037856e-01  8.13014933e-01  8.12974946e-01 -1.24208438e-05 -6.19877847e-13 -1.83765817e-13 
 4.35600449e-05  8.13037875e-01  8.13021025e-01  8.12978919e-01 -1.24240423e-05  1.69214035e-13  1.98619089e-12 
 4.35800224e-05  8.13037857e-01  8.13032781e-01  8.12990652e-01 -1.24208287e-05  1.13220739e-12  2.92315033e-12 
 4.36000000e-05  8.13037893e-01  8.13041580e-01  8.13000056e-01 -1.24240121e-05  2.43627818e-13  2.17435781e-12 
 4.36000138e-05  8.13040217e-01  8.13061014e-01  8.13000167e-01 -1.09024015e-05  1.76888905e-09  7.27535291e-10 
 4.36000415e-05  8.13042306e-01  8.13091973e-01  8.13000561e-01 -1.02471766e-05  5.16291849e-09  2.12327673e-09 
 4.36000969e-05  8.13045502e-01  8.13132662e-01  8.13002119e-01 -9.68987314e-06  1.07627773e-08  4.75933316e-09 
 4.36001761e-05  8.13050587e-01  8.13172546e-01  8.13005541e-01 -9.05447395e-06  1.68010729e-08  8.30686034e-09 
 4.36003343e-05  8.13059954e-01  8.13215242e-01  8.13014603e-01 -8.74276591e-06  2.54592620e-08  1.48864601e-08 
 4.36006419e-05  8.13078662e-01  8.13245818e-01  8.13034916e-01 -8.55592623e-06  3.73198207e-08  2.64083660e-08 
 4.36010005e-05  8.13099988e-01  8.13259870e-01  8.13058646e-01 -8.66353081e-06  4.86023575e-08  3.81782843e-08 
 4.36015865e-05  8.13135568e-01  8.13279049e-01  8.13094344e-01 -8.83314681e-06  6.24148432e-08  5.41819603e-08 
 4.36016808e-05  8.13141293e-01  8.13281255e-01  8.13099723e-01 -9.05491314e-06  6.30990506e-08  5.63901568e-08 
 4.36018696e-05  8.13154027e-01  8.13282377e-01  8.13110014e-01 -9.87402005e-06  5.31000698e-08  6.03338850e-08 
 4.36019927e-05  8.13162990e-01  8.13278593e-01  8.13116254e-01 -1.12117430e-05  3.11448237e-08  6.24165208e-08 
 4.36020991e-05  8.13171858e-01  8.13270362e-01  8.13121151e-01 -1.28923961e-05 -7.39122780e-09  6.37163772e-08 
 4.36022081e-05  8.13181376e-01  8.13254978e-01  8.13125456e-01 -1.54475349e-05 -7.61111184e-08  6.43613681e-08 
 4.36023201e-05  8.13191962e-01  8.13230290e-01  8.13128808e-01 -1.84997738e-05 -1.89825657e-07  6.40751904e-08 
 4.36024303e-05  8.13202052e-01  8.13195032e-01  8.13130670e-01 -2.16834023e-05 -3.58624733e-07  6.25867823e-08 
 4.36025351e-05  8.13211155e-01  8.13149393e-01  8.13130707e-01 -2.39902040e-05 -5.86857085e-07  5.97839006e-08 
 4.36026513e-05  8.13219233e-01  8.13083279e-01  8.13128207e-01 -2.56111072e-05 -9.34952872e-07  5.47756492e-08 
 4.36027578e-05  8.13224735e-01  8.13011670e-01  8.13123144e-01 -2.71268121e-05 -1.34752595e-06  4.83911385e-08 
 4.36029080e-05  8.13228359e-01  8.12903954e-01  8.13111128e-01 -2.99846080e-05 -2.07270321e-06  3.67975407e-08 
 4.36030518e-05  8.13227597e-01  8.12801444e-01  8.13094402e-01 -3.29956968e-05 -2.90788402e-06  2.32762062e-08 
 4.36031892e-05  8.13222552e-01  8.12708858e-01  8.13074086e-01 -3.59817509e-05 -3.81484858e-06  8.56854109e-09 
 4.36033195e-05  8.13214065e-01  8.12628610e-01  8.13051421e-01 -3.85956883e-05 -4.75566840e-06 -6.63373658e-09 
 4.36034256e-05  8.13203371e-01  8.12571390e-01  8.13030983e-01 -4.04845110e-05 -5.56261818e-06 -1.95876889e-08 
 4.36034851e-05  8.13194817e-01  8.12544566e-01  8.13018896e-01 -4.12035185e-05 -6.02382310e-06 -2.69349939e-08 
 4.36035221e-05  8.13187868e-01  8.12531410e-01  8.13011234e-01 -4.14744844e-05 -6.30864056e-06 -3.14416390e-08 
 4.36035556e-05  8.13180789e-01  8.12523582e-01  8.13004262e-01 -4.14355313e-05 -6.56036782e-06 -3.53890645e-08 
 4.36035825e-05  8.13174397e-01  8.12521813e-01  8.12998668e-01 -4.11426140e-05 -6.75444456e-06 -3.83893147e-08 
 4.36036081e-05  8.13168069e-01  8.12526055e-01  8.12993417e-01 -4.04979786e-05 -6.92642323e-06 -4.09757684e-08 
 4.36036359e-05  8.13161535e-01  8.12539972e-01  8.12987871e-01 -3.93222297e-05 -7.09255754e-06 -4.33338886e-08 
 4.36036689e-05  8.13156903e-01  8.12571179e-01  8.12981679e-01 -3.73574813e-05 -7.25369051e-06 -4.53370589e-08 
 4.36037036e-05  8.13158318e-01  8.12620479e-01  8.12975797e-01 -3.48172038e-05 -7.37816928e-06 -4.64504305e-08 
 4.36037565e-05  8.13175938e-01  8.12718231e-01  8.12968530e-01 -3.05558964e-05 -7.48318743e-06 -4.63652136e-08 
 4.36037934e-05  8.13199768e-01  8.12795620e-01  8.12964827e-01 -2.75769293e-05 -7.50359577e-06 -4.52527424e-08 
 4.36038284e-05  8.13229692e-01  8.12869529e-01  8.12962423e-01 -2.48948078e-05 -7.49159637e-06 -4.36462541e-08 
 4.36038730e-05  8.13276149e-01  8.12958902e-01  8.12960855e-01 -2.18449357e-05 -7.44331078e-06 -4.11005472e-08 
 4.36039131e-05  8.13324272e-01  8.13031961e-01  8.12960758e-01 -1.94816505e-05 -7.37648277e-06 -3.85200011e-08 
 4.36039609e-05  8.13386874e-01  8.13107365e-01  8.12962050e-01 -1.71592483e-05 -7.27816553e-06 -3.53095037e-08 
 4.36040079e-05  8.13452361e-01  8.13169044e-01  8.12964573e-01 -1.53615658e-05 -7.16877419e-06 -3.21374064e-08 
 4.36040657e-05  8.13536272e-01  8.13229554e-01  8.12969009e-01 -1.36904222e-05 -7.02470839e-06 -2.83292052e-08 
 4.36041270e-05  8.13627809e-01  8.13278151e-01  8.12974928e-01 -1.24502933e-05 -6.86657952e-06 -2.44661164e-08 
 4.36042046e-05  8.13745593e-01  8.13322333e-01  8.12983622e-01 -1.14168737e-05 -6.66518631e-06 -1.98647854e-08 
 4.36042933e-05  8.13882282e-01  8.13356524e-01  8.12994609e-01 -1.07343179e-05 -6.43757399e-06 -1.49567366e-08 
 4.36044118e-05  8.14068286e-01  8.13386112e-01  8.13010166e-01 -1.02580900e-05 -6.14250689e-06 -8.89566839e-09 
 4.36045624e-05  8.14316441e-01  8.13410134e-01  8.13030483e-01 -1.00166111e-05 -5.78468689e-06 -1.86952733e-09 
 4.36047867e-05  8.14754269e-01  8.13435122e-01  8.13060666e-01 -9.88930910e-06 -5.28843050e-06  7.23476703e-09 
 4.36050000e-05  8.15327049e-01  8.13454908e-01  8.13088789e-01 -9.85335984e-06 -4.85510794e-06  1.41535800e-08 
 4.36050057e-05  8.15343165e-01  8.13446158e-01  8.13089512e-01 -1.10543636e-05 -4.84465400e-06  1.40049220e-08 
 4.36050172e-05  8.15377570e-01  8.13431285e-01  8.13090920e-01 -1.14199779e-05 -4.82373724e-06  1.37312497e-08 
 4.36050400e-05  8.15448348e-01  8.13410052e-01  8.13093553e-01 -1.15388472e-05 -4.78183667e-06  1.32347630e-08 
 4.36050858e-05  8.15588583e-01  8.13379366e-01  8.13098276e-01 -1.19489787e-05 -4.69825658e-06  1.23104204e-08 
 4.36051773e-05  8.15869067e-01  8.13340171e-01  8.13106213e-01 -1.22141276e-05 -4.53376934e-06  1.06517497e-08 
 4.36053271e-05  8.16323955e-01  8.13311087e-01  8.13116618e-01 -1.24550220e-05 -4.27514337e-06  8.19268621e-09 
 4.36055223e-05  8.16909128e-01  8.13302523e-01  8.13127852e-01 -1.24096458e-05 -3.95995477e-06  5.24749895e-09 
 4.36058647e-05  8.17913795e-01  8.13308292e-01  8.13145398e-01 -1.24648875e-05 -3.46164957e-06  5.58412187e-10 
 4.36063353e-05  8.19253002e-01  8.13324305e-01  8.13167810e-01 -1.23915024e-05 -2.87653088e-06 -4.99177302e-09 
 4.36072477e-05  8.21714269e-01  8.13357177e-01  8.13208634e-01 -1.24438374e-05 -2.00333431e-06 -1.32822504e-08 
 4.36090725e-05  8.26153807e-01  8.13436206e-01  8.13287454e-01 -1.23589558e-05 -9.47451376e-07 -2.27623833e-08 
 4.36127221e-05  8.33406005e-01  8.13684838e-01  8.13483569e-01 -1.23938903e-05 -1.57224810e-07 -2.67018184e-08 
 4.36180398e-05  8.40996787e-01  8.14359391e-01  8.13996758e-01 -1.23085956e-05  3.02039213e-09 -2.05500228e-08 
 4.36252536e-05  8.47503147e-01  8.15975392e-01  8.15331459e-01 -1.23643090e-05 -6.34757993e-10 -1.18389802e-08 
 4.36318724e-05  8.51024917e-01  8.18134066e-01  8.17248316e-01 -1.23034293e-05  1.99789775e-10 -6.93912199e-09 
 4.36396235e-05  8.53460230e-01  8.21271241e-01  8.20182417e-01 -1.23731458e-05  3.12615101e-10 -3.48398562e-09 
 4.36480094e-05  8.54910893e-01  8.25081876e-01  8.23882422e-01 -1.23162458e-05  4.92948259e-10 -1.35350184e-09 
 4.36609958e-05  8.55975234e-01  8.31048953e-01  8.29863059e-01 -1.23870605e-05  6.04609180e-10  2.09755717e-10 
 4.36723769e-05  8.56327758e-01  8.35776524e-01  8.34737665e-01 -1.23292016e-05  5.89571151e-10  6.46823312e-10 
 4.36835574e-05  8.56474027e-01  8.39543497e-01  8.38718440e-01 -1.23986460e-05  4.98448471e-10  6.92791667e-10 
 4.36960986e-05  8.56542791e-01  8.42556221e-01  8.41992087e-01 -1.23441809e-05  3.53308774e-10  5.50963457e-10 
 4.37090728e-05  8.56569496e-01  8.44416711e-01  8.44088593e-01 -1.24176104e-05  2.02043653e-10  3.37059484e-10 
 4.37252141e-05  8.56581064e-01  8.45457736e-01  8.45319952e-01 -1.23664447e-05  6.08321405e-11  1.21097650e-10 
 4.37446847e-05  8.56583807e-01  8.45831035e-01  8.45768960e-01 -1.24397409e-05 -1.36122283e-11 -5.41722998e-12 
 4.37644615e-05  8.56584214e-01  8.46122946e-01  8.46033539e-01 -1.23815059e-05 -1.24616923e-11 -5.88028443e-12 
 4.37871135e-05  8.56583922e-01  8.46848357e-01  8.46704930e-01 -1.24453146e-05  2.21652393e-11  4.42801856e-11 
 4.38081939e-05  8.56584407e-01  8.47819269e-01  8.47653087e-01 -1.23812637e-05  4.39365480e-11  8.21057315e-11 
 4.38331939e-05  8.56584589e-01  8.48997422e-01  8.48841164e-01 -1.24433354e-05  4.75064998e-11  8.52001915e-11 
 4.38581939e-05  8.56585222e-01  8.49988219e-01  8.49856479e-01 -1.23804062e-05  3.60482707e-11  6.92601384e-11 
 4.38831939e-05  8.56585224e-01  8.50765543e-01  8.50652961e-01 -1.24438800e-05  2.63237628e-11  4.96539947e-11 
 4.39081939e-05  8.56585647e-01  8.51408781e-01  8.51305714e-01 -1.23814331e-05  2.05434266e-11  4.22048278e-11 
 4.39331939e-05  8.56585543e-01  8.51984875e-01  8.51886604e-01 -1.24445819e-05  1.97438984e-11  3.71396403e-11 
 4.39581939e-05  8.56585942e-01  8.52514570e-01  8.52420789e-01 -1.23818059e-05  1.80389230e-11  3.67255116e-11 
 4.39831939e-05  8.56585831e-01  8.52992954e-01  8.52904689e-01 -1.24447514e-05  1.70991441e-11  3.17735654e-11 
 4.40081939e-05  8.56586209e-01  8.53415142e-01  8.53332528e-01 -1.23820184e-05  1.42555128e-11  2.96756131e-11 
 4.40331939e-05  8.56586066e-01  8.53784370e-01  8.53706781e-01 -1.24449580e-05  1.30217579e-11  2.43040492e-11 
 4.40581939e-05  8.56586410e-01  8.54108806e-01  8.54035303e-01 -1.23822655e-05  1.07060762e-11  2.31233822e-11 
 4.40831939e-05  8.56586241e-01  8.54395866e-01  8.54325843e-01 -1.24451338e-05  1.01907428e-11  1.89931945e-11 
 4.41081939e-05  8.56586565e-01  8.54650732e-01  8.54583731e-01 -1.23824464e-05  8.36716547e-12  1.87047279e-11 
 4.41331939e-05  8.56586380e-01  8.54876659e-01  8.54812446e-01 -1.24452495e-05  8.12539402e-12  1.50934473e-11 
 4.41581939e-05  8.56586689e-01  8.55076596e-01  8.55014838e-01 -1.23825869e-05  6.47636935e-12  1.51574336e-11 
 4.41831939e-05  8.56586489e-01  8.55253268e-01  8.55193735e-01 -1.24453383e-05  6.42244981e-12  1.18995486e-11 
 4.42081939e-05  8.56586785e-01  8.55409528e-01  8.55351900e-01 -1.23827042e-05  4.96606424e-12  1.23279043e-11 
 4.42331939e-05  8.56586574e-01  8.55547737e-01  8.55491836e-01 -1.24454043e-05  5.10461595e-12  9.42050778e-12 
 4.42581939e-05  8.56586860e-01  8.55670117e-01  8.55615691e-01 -1.23827994e-05  3.80446412e-12  1.01461653e-11 
 4.42831939e-05  8.56586641e-01  8.55778379e-01  8.55725313e-01 -1.24454508e-05  4.08249064e-12  7.49485500e-12 
 4.43081939e-05  8.56586920e-01  8.55874228e-01  8.55822316e-01 -1.23828778e-05  2.89343571e-12  8.43607492e-12 
 4.43331939e-05  8.56586694e-01  8.55958987e-01  8.55908146e-01 -1.24454830e-05  3.27957756e-12  5.98207166e-12 
 4.43581939e-05  8.56586967e-01  8.56034033e-01  8.55984090e-01 -1.23829435e-05  2.17861688e-12  7.09483996e-12 
 4.43831939e-05  8.56586736e-01  8.56100392e-01  8.56051293e-01 -1.24455040e-05  2.65238764e-12  4.79913949e-12 
 4.44081939e-05  8.56587004e-01  8.56159165e-01  8.56110762e-01 -1.23829990e-05  1.61968767e-12  6.04628505e-12 
 4.44331939e-05  8.56586769e-01  8.56211126e-01  8.56163390e-01 -1.24455162e-05  2.16251257e-12  3.87423269e-12 
 4.44581939e-05  8.56587033e-01  8.56257157e-01  8.56209961e-01 -1.23830466e-05  1.18169970e-12  5.22516855e-12 
 4.44831939e-05  8.56586795e-01  8.56297843e-01  8.56251174e-01 -1.24455215e-05  1.77944161e-12  3.15022108e-12 
 4.45081939e-05  8.56587056e-01  8.56333895e-01  8.56287643e-01 -1.23830880e-05  8.38286255e-13  4.58194826e-12 
 4.45331939e-05  8.56586815e-01  8.56365751e-01  8.56319918e-01 -1.24455215e-05  1.48010944e-12  2.58370853e-12 
 4.45581939e-05  8.56587074e-01  8.56393990e-01  8.56348478e-01 -1.23831245e-05  5.68990601e-13  4.07815340e-12 
 4.45831939e-05  8.56586832e-01  8.56418932e-01  8.56373753e-01 -1.24455174e-05  1.24629842e-12  2.14046890e-12 
 4.46081939e-05  8.56587089e-01  8.56441053e-01  8.56396120e-01 -1.23831572e-05  3.57657480e-13  3.68342363e-12 
 4.46331939e-05  8.56586845e-01  8.56460581e-01  8.56415915e-01 -1.24455101e-05  1.06373287e-12  1.79367334e-12 
 4.46581939e-05  8.56587100e-01  8.56477911e-01  8.56433431e-01 -1.23831870e-05  1.91690197e-13  3.37407045e-12 
 4.46831939e-05  8.56586856e-01  8.56493199e-01  8.56448933e-01 -1.24455002e-05  9.21285184e-13  1.52238665e-12 
 4.47081939e-05  8.56587110e-01  8.56506776e-01  8.56462652e-01 -1.23832144e-05  6.12452797e-14  3.13157090e-12 
 4.47331939e-05  8.56586864e-01  8.56518744e-01  8.56474792e-01 -1.24454884e-05  8.10236860e-13  1.31021295e-12 
 4.47581939e-05  8.56587118e-01  8.56529382e-01  8.56485536e-01 -1.23832399e-05 -4.13911527e-14  2.94141339e-12 
 4.47831939e-05  8.56586872e-01  8.56538750e-01  8.56495045e-01 -1.24454751e-05  7.23765882e-13  1.14432053e-12 
 4.48081939e-05  8.56587124e-01  8.56547087e-01  8.56503459e-01 -1.23832639e-05 -1.22247264e-13  2.79224528e-12 
 4.48331939e-05  8.56586877e-01  8.56554418e-01  8.56510906e-01 -1.24454606e-05  6.56537541e-13  1.01466150e-12 
 4.48581939e-05  8.56587129e-01  8.56560953e-01  8.56517496e-01 -1.23832868e-05 -1.86048876e-13  2.67517594e-12 
 4.48831939e-05  8.56586882e-01  8.56566689e-01  8.56523328e-01 -1.24454452e-05  6.04369419e-13  9.13372405e-13 
 4.49081939e-05  8.56587133e-01  8.56571813e-01  8.56528489e-01 -1.23833088e-05 -2.36489647e-13  2.58324633e-12 
 4.49331939e-05  8.56586886e-01  8.56576300e-01  8.56533057e-01 -1.24454291e-05  5.63992429e-13  8.34296824e-13 
 4.49581939e-05  8.56587137e-01  8.56580318e-01  8.56537099e-01 -1.23833300e-05 -2.76466133e-13  2.51100703e-12 
 4.49831939e-05  8.56586890e-01  8.56583828e-01  8.56540677e-01 -1.24454124e-05  5.32842000e-13  7.72612280e-13 
 4.50081939e-05  8.56587140e-01  8.56586980e-01  8.56543843e-01 -1.23833507e-05 -3.08243665e-13  2.45418979e-12 
 4.50331939e-05  8.56586893e-01  8.56589723e-01  8.56546645e-01 -1.24453954e-05  5.08914091e-13  7.24544773e-13 
 4.50581939e-05  8.56587143e-01  8.56592197e-01  8.56549125e-01 -1.23833709e-05 -3.33592312e-13  2.40945415e-12 
 4.50831939e-05  8.56586896e-01  8.56594341e-01  8.56551319e-01 -1.24453780e-05  4.90639430e-13  6.87137467e-13 
 4.51081939e-05  8.56587145e-01  8.56596284e-01  8.56553261e-01 -1.23833907e-05 -3.53907225e-13  2.37418266e-12 
 4.51331939e-05  8.56586898e-01  8.56597957e-01  8.56554980e-01 -1.24453604e-05  4.76785495e-13  6.58076241e-13 
 4.51581939e-05  8.56587147e-01  8.56599484e-01  8.56556501e-01 -1.23834102e-05 -3.70271305e-13  2.34632485e-12 
 4.51831939e-05  8.56586900e-01  8.56600790e-01  8.56557848e-01 -1.24453427e-05  4.66388863e-13  6.35548255e-13 
 4.52081939e-05  8.56587149e-01  8.56601991e-01  8.56559039e-01 -1.23834294e-05 -3.83543674e-13  2.32427814e-12 
 4.52331939e-05  8.56586902e-01  8.56603009e-01  8.56560094e-01 -1.24453248e-05  4.58696232e-13  6.18134179e-13 
 4.52581939e-05  8.56587151e-01  8.56603955e-01  8.56561027e-01 -1.23834485e-05 -3.94382227e-13  2.30678307e-12 
 4.52831939e-05  8.56586904e-01  8.56604747e-01  8.56561853e-01 -1.24453068e-05  4.53118229e-13  6.04721731e-13 
 4.53081939e-05  8.56587153e-01  8.56605493e-01  8.56562584e-01 -1.23834674e-05 -4.03312800e-13  2.29285693e-12 
 4.53331939e-05  8.56586906e-01  8.56606109e-01  8.56563232e-01 -1.24452888e-05  4.49189080e-13  5.94442030e-13 
 4.53581939e-05  8.56587154e-01  8.56606698e-01  8.56563804e-01 -1.23834861e-05 -4.10748692e-13  2.28172760e-12 
 4.53831939e-05  8.56586908e-01  8.56607175e-01  8.56564311e-01 -1.24452707e-05  4.46547747e-13  5.86611434e-13 
 4.54081939e-05  8.56587156e-01  8.56607642e-01  8.56564760e-01 -1.23835047e-05 -4.17004972e-13  2.27279084e-12 
 4.54331939e-05  8.56586909e-01  8.56608011e-01  8.56565157e-01 -1.24452527e-05  4.44913204e-13  5.80697708e-13 
 4.54581939e-05  8.56587157e-01  8.56608382e-01  8.56565509e-01 -1.23835232e-05 -4.22335777e-13  2.26557526e-12 
 4.54831939e-05  8.56586911e-01  8.56608666e-01  8.56565820e-01 -1.24452346e-05  4.44059069e-13  5.76283324e-13 
 4.55081939e-05  8.56587159e-01  8.56608961e-01  8.56566095e-01 -1.23835416e-05 -4.26932795e-13  2.25970750e-12 
 4.55331939e-05  8.56586912e-01  8.56609179e-01  8.56566339e-01 -1.24452165e-05  4.43812955e-13  5.73040150e-13 
 4.55581939e-05  8.56587160e-01  8.56609415e-01  8.56566555e-01 -1.23835600e-05 -4.30956486e-13  2.25489950e-12 
 4.55790970e-05  8.56586914e-01  8.56609552e-01  8.56566717e-01 -1.24451966e-05  4.44346166e-13  5.71050477e-13 
 4.56000000e-05  8.56587161e-01  8.56609719e-01  8.56566862e-01 -1.23835818e-05 -4.34645592e-13  2.25115483e-12 
 4.56000300e-05  8.56582310e-01  8.56575020e-01  8.56566452e-01 -1.39779945e-05 -2.87930477e-09 -1.50501848e-09 
 4.56000899e-05  8.56576594e-01  8.56524107e-01  8.56565037e-01 -1.45237793e-05 -7.60205593e-09 -4.37445958e-09 
 4.56002097e-05  8.56566780e-01  8.56468674e-01  8.56559818e-01 -1.48581495e-05 -1.37182069e-08 -9.66086608e-09 
 4.56003876e-05  8.56552564e-01  8.56428330e-01  8.56549230e-01 -1.50553807e-05 -2.05825044e-08 -1.68854904e-08 
 4.56005764e-05  8.56538594e-01  8.56411798e-01  8.56536713e-01 -1.50085059e-05 -2.72652055e-08 -2.39744760e-08 
 4.56009540e-05  8.56512243e-01  8.56392438e-01  8.56511796e-01 -1.51234633e-05 -3.92586519e-08 -3.66729214e-08 
 4.56014699e-05  8.56480392e-01  8.56376750e-01  8.56479989e-01 -1.58324730e-05 -5.01328905e-08 -5.11680469e-08 
 4.56016441e-05  8.56470510e-01  8.56372369e-01  8.56470009e-01 -1.70193409e-05 -4.92369960e-08 -5.53308904e-08 
 4.56018222e-05  8.56462429e-01  8.56371910e-01  8.56460332e-01 -1.93854119e-05 -3.91787841e-08 -5.91036718e-08 
 4.56019766e-05  8.56457084e-01  8.56374200e-01  8.56452534e-01 -2.29577608e-05 -1.76021626e-08 -6.18995652e-08 
 4.56021180e-05  8.56454781e-01  8.56380888e-01  8.56446055e-01 -2.74426407e-05  1.88049167e-08 -6.39528792e-08 
 4.56022468e-05  8.56454677e-01  8.56391090e-01  8.56440887e-01 -3.26436034e-05  7.23478267e-08 -6.52898809e-08 
 4.56023577e-05  8.56456995e-01  8.56405034e-01  8.56437172e-01 -3.77354065e-05  1.40800832e-07 -6.58962868e-08 
 4.56024528e-05  8.56460550e-01  8.56421889e-01  8.56434688e-01 -4.25445192e-05  2.22958127e-07 -6.58827172e-08 
 4.56025376e-05  8.56465674e-01  8.56442649e-01  8.56433179e-01 -4.69422772e-05  3.21514685e-07 -6.53087132e-08 
 4.56026185e-05  8.56472073e-01  8.56468817e-01  8.56432534e-01 -5.12133881e-05  4.45309160e-07 -6.41219873e-08 
 4.56027152e-05  8.56482784e-01  8.56509397e-01  8.56433055e-01 -5.61780750e-05  6.40376985e-07 -6.17131856e-08 
 4.56028040e-05  8.56495099e-01  8.56553622e-01  8.56434997e-01 -6.07157307e-05  8.67629754e-07 -5.85376274e-08 
 4.56029214e-05  8.56513093e-01  8.56616638e-01  8.56439920e-01 -6.66626276e-05  1.23484176e-06 -5.31004763e-08 
 4.56030513e-05  8.56529583e-01  8.56687473e-01  8.56448499e-01 -7.32205084e-05  1.72176708e-06 -4.56985704e-08 
 4.56031688e-05  8.56540734e-01  8.56749496e-01  8.56458929e-01 -7.91097789e-05  2.22555534e-06 -3.79697726e-08 
 4.56033045e-05  8.56551517e-01  8.56816056e-01  8.56473782e-01 -8.58704289e-05  2.86906443e-06 -2.80810270e-08 
 4.56034624e-05  8.56564991e-01  8.56885251e-01  8.56494228e-01 -9.31796676e-05  3.68243418e-06 -1.55928031e-08 
 4.56036189e-05  8.56579800e-01  8.56943434e-01  8.56517129e-01 -9.91401982e-05  4.53671213e-06 -2.54085352e-09 
 4.56037376e-05  8.56592143e-01  8.56977674e-01  8.56535708e-01 -1.01789330e-04  5.19824185e-06  7.45803140e-09 
 4.56038111e-05  8.56599741e-01  8.56991306e-01  8.56547480e-01 -1.01400769e-04  5.60176833e-06  1.34443138e-08 
 4.56038638e-05  8.56605122e-01  8.56994125e-01  8.56555861e-01 -9.88395873e-05  5.87737353e-06  1.74155975e-08 
 4.56039142e-05  8.56609692e-01  8.56987693e-01  8.56563701e-01 -9.40579245e-05  6.12107745e-06  2.07530042e-08 
 4.56039741e-05  8.56614439e-01  8.56965240e-01  8.56572453e-01 -8.59377668e-05  6.37122563e-06  2.38552100e-08 
 4.56040410e-05  8.56618323e-01  8.56920966e-01  8.56581113e-01 -7.50787796e-05  6.59017185e-06  2.60371198e-08 
 4.56041192e-05  8.56621160e-01  8.56848833e-01  8.56589146e-01 -6.19151208e-05  6.75901888e-06  2.68446864e-08 
 4.56042207e-05  8.56622001e-01  8.56737679e-01  8.56595563e-01 -4.67194499e-05  6.84755253e-06  2.54626253e-08 
 4.56043012e-05  8.56620919e-01  8.56647154e-01  8.56597276e-01 -3.73533576e-05  6.82888493e-06  2.28534659e-08 
 4.56043785e-05  8.56618648e-01  8.56566901e-01  8.56596268e-01 -3.06529824e-05  6.75566464e-06  1.95300926e-08 
 4.56044635e-05  8.56615313e-01  8.56490674e-01  8.56592581e-01 -2.54562051e-05  6.63113602e-06  1.53334204e-08 
 4.56045553e-05  8.56610883e-01  8.56423765e-01  8.56586155e-01 -2.17865094e-05  6.46260444e-06  1.04833540e-08 
 4.56046512e-05  8.56605800e-01  8.56369849e-01  8.56577417e-01 -1.94342050e-05  6.26473079e-06  5.32450267e-09 
 4.56047570e-05  8.56599751e-01  8.56325862e-01  8.56566130e-01 -1.79412851e-05  6.03433434e-06 -2.89576519e-10 
 4.56048749e-05  8.56592818e-01  8.56290956e-01  8.56552280e-01 -1.70630629e-05  5.77383122e-06 -6.32968388e-09 
 4.56050000e-05  8.56585256e-01  8.56264875e-01  8.56536798e-01 -1.66137686e-05  5.50124887e-06 -1.24269395e-08 
 4.56050035e-05  8.56586358e-01  8.56270273e-01  8.56536371e-01 -1.54524721e-05  5.49425442e-06 -1.24004454e-08 
 4.56050104e-05  8.56587119e-01  8.56279842e-01  8.56535531e-01 -1.49799857e-05  5.48031848e-06 -1.23595320e-08 
 4.56050242e-05  8.56586878e-01  8.56294301e-01  8.56533925e-01 -1.47416174e-05  5.45249916e-06 -1.23075122e-08 
 4.56050517e-05  8.56587151e-01  8.56315507e-01  8.56530949e-01 -1.42134770e-05  5.39706121e-06 -1.22312755e-08 
 4.56050946e-05  8.56587044e-01  8.56339912e-01  8.56526766e-01 -1.36765599e-05  5.31090399e-06 -1.21674244e-08 
 4.56051803e-05  8.56587230e-01  8.56371505e-01  8.56519556e-01 -1.29739574e-05  5.14030399e-06 -1.21491403e-08 
 4.56053517e-05  8.56586993e-01  8.56397072e-01  8.56507747e-01 -1.24932512e-05  4.81042732e-06 -1.22670555e-08 
 4.56056156e-05  8.56586876e-01  8.56398863e-01  8.56492449e-01 -1.23557599e-05  4.33876529e-06 -1.24376381e-08 
 4.56059506e-05  8.56586400e-01  8.56388240e-01  8.56474652e-01 -1.23724241e-05  3.80394828e-06 -1.24447811e-08 
 4.56063867e-05  8.56586135e-01  8.56373857e-01  8.56452763e-01 -1.23487394e-05  3.20434348e-06 -1.21756116e-08 
 4.56070963e-05  8.56585441e-01  8.56353320e-01  8.56419951e-01 -1.23692797e-05  2.42109164e-06 -1.13195370e-08 
 4.56085157e-05  8.56584720e-01  8.56321534e-01  8.56364523e-01 -1.23492801e-05  1.36637157e-06 -8.96525652e-09 
 4.56113543e-05  8.56583559e-01  8.56288121e-01  8.56290277e-01 -1.23746815e-05  3.88775895e-07 -4.57963905e-09 
 4.56165783e-05  8.56582924e-01  8.56295067e-01  8.56247871e-01 -1.23658964e-05 -4.85931600e-09 -6.47608797e-10 
 4.56225336e-05  8.56582575e-01  8.56359229e-01  8.56287515e-01 -1.23970497e-05  3.53470795e-10  2.37746449e-11 
 4.56327367e-05  8.56582667e-01  8.56494164e-01  8.56416858e-01 -1.23881736e-05 -1.07478538e-10  1.56594495e-11 
 4.56457979e-05  8.56582614e-01  8.56626230e-01  8.56562235e-01 -1.24158468e-05  7.25159156e-11  3.55732042e-11 
 4.56632959e-05  8.56582824e-01  8.56695579e-01  8.56649094e-01 -1.24002533e-05 -2.66471313e-11  6.88263042e-12 
 4.56882959e-05  8.56582690e-01  8.56668019e-01  8.56632215e-01 -1.24232648e-05  1.85347892e-11 -8.43591527e-13 
 4.57132959e-05  8.56582760e-01  8.56607713e-01  8.56570249e-01 -1.24039082e-05 -1.88454972e-11 -6.44424238e-12 
 4.57382959e-05  8.56582583e-01  8.56582291e-01  8.56540124e-01 -1.24242683e-05  9.65155798e-12  5.47412755e-13 
 4.57632959e-05  8.56582710e-01  8.56588915e-01  8.56544544e-01 -1.24039860e-05 -7.10806002e-12  1.73187875e-12 
 4.57816480e-05  8.56582587e-01  8.56599604e-01  8.56555371e-01 -1.24241331e-05  6.20752386e-12  3.16913889e-12 
 4.58000000e-05  8.56582728e-01  8.56606422e-01  8.56562938e-01 -1.24039417e-05 -3.42073765e-12  2.13240954e-12 
 4.58000144e-05  8.56583654e-01  8.56616199e-01  8.56562997e-01 -9.86019366e-06  2.08521368e-09  3.76693491e-10 
 4.58000431e-05  8.56584139e-01  8.56631935e-01  8.56563206e-01 -9.42591455e-06  6.30938903e-09  1.09486570e-09 
 4.58001005e-05  8.56584553e-01  8.56652962e-01  8.56564033e-01 -9.16773750e-06  1.44114732e-08  2.44098517e-09 
 4.58001828e-05  8.56585445e-01  8.56673397e-01  8.56565856e-01 -8.79900939e-06  2.53287953e-08  4.24744929e-09 
 4.58003473e-05  8.56586787e-01  8.56694133e-01  8.56570640e-01 -8.70404973e-06  4.57434147e-08  7.58271764e-09 
 4.58006465e-05  8.56589524e-01  8.56706457e-01  8.56580443e-01 -8.59753335e-06  7.93198931e-08  1.30461181e-08 
 4.58010283e-05  8.56592730e-01  8.56710874e-01  8.56592560e-01 -8.69470640e-06  1.16823932e-07  1.91338147e-08 
 4.58016355e-05  8.56598454e-01  8.56714303e-01  8.56609279e-01 -9.00604350e-06  1.65867644e-07  2.70538990e-08 
 4.58017220e-05  8.56599432e-01  8.56713813e-01  8.56611386e-01 -9.28048087e-06  1.71812890e-07  2.79912316e-08 
 4.58018950e-05  8.56602556e-01  8.56708425e-01  8.56615191e-01 -1.03436798e-05  1.82309895e-07  2.95223160e-08 
 4.58020146e-05  8.56605665e-01  8.56699052e-01  8.56617328e-01 -1.20257185e-05  1.88130232e-07  3.01716401e-08 
 4.58021184e-05  8.56609535e-01  8.56684671e-01  8.56618617e-01 -1.41267534e-05  1.91667788e-07  3.02825359e-08 
 4.58022234e-05  8.56614251e-01  8.56661925e-01  8.56619105e-01 -1.71510638e-05  1.93345075e-07  2.97786021e-08 
 4.58023289e-05  8.56619978e-01  8.56628822e-01  8.56618420e-01 -2.06260352e-05  1.92515128e-07  2.84472083e-08 
 4.58024302e-05  8.56625744e-01  8.56584934e-01  8.56616260e-01 -2.41193551e-05  1.88758879e-07  2.61565909e-08 
 4.58025251e-05  8.56631199e-01  8.56530586e-01  8.56612485e-01 -2.67203227e-05  1.81937154e-07  2.28712516e-08 
 4.58026320e-05  8.56636545e-01  8.56452482e-01  8.56605630e-01 -2.89456376e-05  1.69804174e-07  1.75888507e-08 
 4.58027304e-05  8.56640647e-01  8.56368593e-01  8.56596448e-01 -3.11113639e-05  1.54486460e-07  1.12320734e-08 
 4.58028757e-05  8.56644541e-01  8.56237103e-01  8.56577440e-01 -3.49755637e-05  1.25530282e-07 -4.37719089e-10 
 4.58030150e-05  8.56645838e-01  8.56112413e-01  8.56553304e-01 -3.88454038e-05  9.15925486e-08 -1.37611085e-08 
 4.58031565e-05  8.56644294e-01  8.55993995e-01  8.56523401e-01 -4.27600123e-05  5.18058039e-08 -2.90056532e-08 
 4.58032798e-05  8.56640490e-01  8.55901973e-01  8.56493648e-01 -4.57633065e-05  1.27661385e-08 -4.32896330e-08 
 4.58033549e-05  8.56636469e-01  8.55853786e-01  8.56474168e-01 -4.72620424e-05 -1.58697239e-08 -5.22489530e-08 
 4.58033949e-05  8.56633506e-01  8.55832313e-01  8.56463467e-01 -4.77244765e-05 -3.64305895e-08 -5.70215788e-08 
 4.58034326e-05  8.56629724e-01  8.55816906e-01  8.56453253e-01 -4.78769914e-05 -6.46263616e-08 -6.14340399e-08 
 4.58034595e-05  8.56625914e-01  8.55810551e-01  8.56445963e-01 -4.75820357e-05 -9.30908802e-08 -6.44518661e-08 
 4.58034816e-05  8.56621486e-01  8.55809918e-01  8.56439985e-01 -4.70360245e-05 -1.23319311e-07 -6.67905820e-08 
 4.58035030e-05  8.56615574e-01  8.55815114e-01  8.56434266e-01 -4.60831645e-05 -1.58340658e-07 -6.88437175e-08 
 4.58035270e-05  8.56607099e-01  8.55829924e-01  8.56428030e-01 -4.45601783e-05 -2.02998485e-07 -7.07763150e-08 
 4.58035546e-05  8.56595954e-01  8.55860350e-01  8.56421145e-01 -4.23020156e-05 -2.59078757e-07 -7.24147111e-08 
 4.58035849e-05  8.56583535e-01  8.55909235e-01  8.56414171e-01 -3.94309242e-05 -3.22433693e-07 -7.34190948e-08 
 4.58036293e-05  8.56567120e-01  8.56002677e-01  8.56405363e-01 -3.48727095e-05 -4.13319412e-07 -7.35188092e-08 
 4.58036597e-05  8.56557880e-01  8.56076285e-01  8.56400421e-01 -3.17404463e-05 -4.72711578e-07 -7.27928621e-08 
 4.58036885e-05  8.56550753e-01  8.56148224e-01  8.56396627e-01 -2.88830194e-05 -5.26444808e-07 -7.16737758e-08 
 4.58037215e-05  8.56544392e-01  8.56229118e-01  8.56393341e-01 -2.58811025e-05 -5.85271412e-07 -7.00394431e-08 
 4.58037571e-05  8.56539391e-01  8.56311535e-01  8.56390991e-01 -2.30005825e-05 -6.46238716e-07 -6.80072706e-08 
 4.58037939e-05  8.56535809e-01  8.56388306e-01  8.56389768e-01 -2.04614924e-05 -7.06691851e-07 -6.57755605e-08 
 4.58038338e-05  8.56533295e-01  8.56461152e-01  8.56389644e-01 -1.81805356e-05 -7.70378278e-07 -6.33107644e-08 
 4.58038769e-05  8.56531638e-01  8.56527506e-01  8.56390703e-01 -1.62041201e-05 -8.37430012e-07 -6.06883782e-08 
 4.58039265e-05  8.56530684e-01  8.56588986e-01  8.56393150e-01 -1.44837837e-05 -9.12376960e-07 -5.78020590e-08 
 4.58039825e-05  8.56530281e-01  8.56642624e-01  8.56397137e-01 -1.30729070e-05 -9.94929666e-07 -5.47226727e-08 
 4.58040499e-05  8.56530380e-01  8.56689754e-01  8.56403153e-01 -1.19459064e-05 -1.09123191e-06 -5.12730723e-08 
 4.58041304e-05  8.56530858e-01  8.56728492e-01  8.56411495e-01 -1.11184721e-05 -1.20225724e-06 -4.74555379e-08 
 4.58042341e-05  8.56531793e-01  8.56760740e-01  8.56423294e-01 -1.05624518e-05 -1.33907394e-06 -4.29104861e-08 
 4.58043691e-05  8.56533194e-01  8.56786631e-01  8.56439458e-01 -1.02411701e-05 -1.50799154e-06 -3.74437492e-08 
 4.58045629e-05  8.56535612e-01  8.56810162e-01  8.56463055e-01 -1.01029071e-05 -1.74212660e-06 -3.02007861e-08 
 4.58047815e-05  8.56539399e-01  8.56829661e-01  8.56489357e-01 -1.00608425e-05 -2.03380560e-06 -2.26959742e-08 
 4.58050000e-05  8.56545318e-01  8.56846887e-01  8.56514994e-01 -1.00530732e-05 -2.44649464e-06 -1.57950180e-08 
 4.58050047e-05  8.56544538e-01  8.56843540e-01  8.56515526e-01 -1.23091665e-05 -2.45809590e-06 -1.57808745e-08 
 4.58050140e-05  8.56543983e-01  8.56837748e-01  8.56516578e-01 -1.25519263e-05 -2.48153870e-06 -1.57434348e-08 
 4.58050327e-05  8.56544063e-01  8.56829343e-01  8.56518617e-01 -1.24772347e-05 -2.52844175e-06 -1.56445626e-08 
 4.58050700e-05  8.56543739e-01  8.56817044e-01  8.56522496e-01 -1.25745114e-05 -2.62059621e-06 -1.54205802e-08 
 4.58051446e-05  8.56543834e-01  8.56800771e-01  8.56529663e-01 -1.25291500e-05 -2.79963746e-06 -1.49105993e-08 
 4.58052598e-05  8.56543862e-01  8.56788730e-01  8.56539670e-01 -1.25891935e-05 -3.06284505e-06 -1.40706379e-08 
 4.58054100e-05  8.56544257e-01  8.56785788e-01  8.56551610e-01 -1.25301165e-05 -3.38447857e-06 -1.29571777e-08 
 4.58056543e-05  8.56544582e-01  8.56792574e-01  8.56569760e-01 -1.25790608e-05 -3.85974584e-06 -1.11603673e-08 
 4.58061431e-05  8.56545573e-01  8.56814880e-01  8.56603801e-01 -1.25203221e-05 -4.65446990e-06 -7.69082339e-09 
 4.58071207e-05  8.56547136e-01  8.56856454e-01  8.56665629e-01 -1.25616106e-05 -5.75900692e-06 -1.48758130e-09 
 4.58090757e-05  8.56550302e-01  8.56916652e-01  8.56765751e-01 -1.24935853e-05 -6.76347098e-06  7.58498932e-09 
 4.58129859e-05  8.56555247e-01  8.56970528e-01  8.56884237e-01 -1.25209716e-05 -6.78127880e-06  1.54572929e-08 
 4.58170596e-05  8.56559524e-01  8.56962468e-01  8.56919629e-01 -1.24515342e-05 -6.02749640e-06  1.58277333e-08 
 4.58237787e-05  8.56564820e-01  8.56886851e-01  8.56876268e-01 -1.24808378e-05 -4.89639438e-06  1.31474836e-08 
 4.58338090e-05  8.56570940e-01  8.56742322e-01  8.56736765e-01 -1.24098989e-05 -3.60939055e-06  9.54860958e-09 
 4.58461947e-05  8.56576053e-01  8.56606213e-01  8.56586688e-01 -1.24486583e-05 -2.49923710e-06  6.60711460e-09 
 4.58628121e-05  8.56580792e-01  8.56527137e-01  8.56490077e-01 -1.23906064e-05 -1.53696194e-06  4.05287202e-09 
 4.58862033e-05  8.56584458e-01  8.56540575e-01  8.56491649e-01 -1.24387522e-05 -7.75491195e-07  2.05526820e-09 
 4.59112033e-05  8.56586644e-01  8.56599302e-01  8.56550754e-01 -1.23875488e-05 -3.75729035e-07  9.97902529e-10 
 4.59362033e-05  8.56587552e-01  8.56630573e-01  8.56586345e-01 -1.24390032e-05 -1.82734292e-07  4.87074020e-10 
 4.59612033e-05  8.56588154e-01  8.56628569e-01  8.56587005e-01 -1.23884514e-05 -8.92789506e-08  2.35631192e-10 
 4.59862033e-05  8.56588261e-01  8.56616544e-01  8.56574875e-01 -1.24396894e-05 -4.35191109e-08  1.15356851e-10 
 4.60112033e-05  8.56588481e-01  8.56609828e-01  8.56567346e-01 -1.23888385e-05 -2.13447561e-08  5.68694212e-11 
 4.60362033e-05  8.56588418e-01  8.56610227e-01  8.56567101e-01 -1.24398146e-05 -1.03784160e-08  2.90564115e-11 
 4.60612033e-05  8.56588563e-01  8.56612680e-01  8.56569641e-01 -1.23888932e-05 -5.11996878e-09  1.51023928e-11 
 4.60862033e-05  8.56588463e-01  8.56614165e-01  8.56571229e-01 -1.24398200e-05 -2.46662432e-09  8.03322269e-12 
 4.61112033e-05  8.56588586e-01  8.56613972e-01  8.56571246e-01 -1.23889281e-05 -1.23707702e-09  4.67293494e-12 
 4.61362033e-05  8.56588474e-01  8.56613426e-01  8.56570619e-01 -1.24398223e-05 -5.78426091e-10  2.78849318e-12 
 4.61612033e-05  8.56588590e-01  8.56612945e-01  8.56570182e-01 -1.23889509e-05 -3.06506975e-10  2.27286636e-12 
 4.61862033e-05  8.56588476e-01  8.56612952e-01  8.56570079e-01 -1.24398098e-05 -1.28457286e-10  1.62140716e-12 
 4.62112033e-05  8.56588592e-01  8.56612930e-01  8.56570135e-01 -1.23889647e-05 -8.28265837e-11  1.75557691e-12 
 4.62362033e-05  8.56588478e-01  8.56613023e-01  8.56570156e-01 -1.24397951e-05 -2.15027612e-11  1.31958230e-12 
 4.62612033e-05  8.56588593e-01  8.56612906e-01  8.56570122e-01 -1.23889792e-05 -2.88970865e-11  1.61803042e-12 
 4.62862033e-05  8.56588478e-01  8.56612911e-01  8.56570052e-01 -1.24397812e-05  3.74609393e-12  1.23271158e-12 
 4.63112033e-05  8.56588594e-01  8.56612788e-01  8.56570001e-01 -1.23889937e-05 -1.56532966e-11  1.59206242e-12 
 4.63362033e-05  8.56588479e-01  8.56612822e-01  8.56569961e-01 -1.24397669e-05  9.60207543e-12  1.21382982e-12 
 4.63612033e-05  8.56588594e-01  8.56612732e-01  8.56569940e-01 -1.23890079e-05 -1.23527855e-11  1.59082334e-12 
 4.63862033e-05  8.56588480e-01  8.56612775e-01  8.56569914e-01 -1.24397526e-05  1.09104238e-11  1.20724866e-12 
 4.64112033e-05  8.56588595e-01  8.56612689e-01  8.56569896e-01 -1.23890221e-05 -1.14942311e-11  1.59134202e-12 
 4.64362033e-05  8.56588480e-01  8.56612730e-01  8.56569871e-01 -1.24397384e-05  1.11710151e-11  1.20420443e-12 
 4.64612033e-05  8.56588596e-01  8.56612650e-01  8.56569856e-01 -1.23890363e-05 -1.12485919e-11  1.59280385e-12 
 4.64862033e-05  8.56588481e-01  8.56612694e-01  8.56569836e-01 -1.24397242e-05  1.12014679e-11  1.20300601e-12 
 4.65112033e-05  8.56588596e-01  8.56612622e-01  8.56569826e-01 -1.23890505e-05 -1.11632240e-11  1.59419597e-12 
 4.65362033e-05  8.56588482e-01  8.56612668e-01  8.56569810e-01 -1.24397101e-05  1.11865402e-11  1.20218424e-12 
 4.65612033e-05  8.56588597e-01  8.56612601e-01  8.56569803e-01 -1.23890646e-05 -1.11229680e-11  1.59522997e-12 
 4.65862033e-05  8.56588483e-01  8.56612646e-01  8.56569790e-01 -1.24396959e-05  1.11654032e-11  1.20152694e-12 
 4.66112033e-05  8.56588597e-01  8.56612584e-01  8.56569784e-01 -1.23890788e-05 -1.10970692e-11  1.59610156e-12 
 4.66362033e-05  8.56588483e-01  8.56612629e-01  8.56569774e-01 -1.24396818e-05  1.11453301e-11  1.20099292e-12 
 4.66612033e-05  8.56588598e-01  8.56612571e-01  8.56569770e-01 -1.23890929e-05 -1.10762152e-11  1.59685172e-12 
 4.66862033e-05  8.56588484e-01  8.56612616e-01  8.56569762e-01 -1.24396677e-05  1.11268536e-11  1.20051218e-12 
 4.67112033e-05  8.56588599e-01  8.56612562e-01  8.56569760e-01 -1.23891070e-05 -1.10577305e-11  1.59749975e-12 
 4.67362033e-05  8.56588485e-01  8.56612606e-01  8.56569753e-01 -1.24396536e-05  1.11095174e-11  1.20006815e-12 
 4.67612033e-05  8.56588599e-01  8.56612554e-01  8.56569751e-01 -1.23891210e-05 -1.10404602e-11  1.59807242e-12 
 4.67862033e-05  8.56588485e-01  8.56612598e-01  8.56569745e-01 -1.24396395e-05  1.10929237e-11  1.19965762e-12 
 4.68112033e-05  8.56588600e-01  8.56612549e-01  8.56569745e-01 -1.23891351e-05 -1.10238990e-11  1.59858509e-12 
 4.68362033e-05  8.56588486e-01  8.56612592e-01  8.56569740e-01 -1.24396255e-05  1.10769306e-11  1.19927462e-12 
 4.68612033e-05  8.56588601e-01  8.56612545e-01  8.56569740e-01 -1.23891491e-05 -1.10080484e-11  1.59904392e-12 
 4.68862033e-05  8.56588487e-01  8.56612587e-01  8.56569736e-01 -1.24396114e-05  1.10613554e-11  1.19892079e-12 
 4.69112033e-05  8.56588601e-01  8.56612542e-01  8.56569736e-01 -1.23891631e-05 -1.09925580e-11  1.59945603e-12 
 4.69362033e-05  8.56588487e-01  8.56612583e-01  8.56569733e-01 -1.24395974e-05  1.10463355e-11  1.19859347e-12 
 4.69612033e-05  8.56588602e-01  8.56612540e-01  8.56569733e-01 -1.23891772e-05 -1.09773139e-11  1.59982574e-12 
 4.69862033e-05  8.56588488e-01  8.56612580e-01  8.56569730e-01 -1.24395834e-05  1.10316814e-11  1.19829282e-12 
 4.70112033e-05  8.56588603e-01  8.56612539e-01  8.56569731e-01 -1.23891912e-05 -1.09625295e-11  1.60015675e-12 
 4.70362033e-05  8.56588489e-01  8.56612577e-01  8.56569729e-01 -1.24395694e-05  1.10171807e-11  1.19801716e-12 
 4.70612033e-05  8.56588603e-01  8.56612538e-01  8.56569730e-01 -1.23892051e-05 -1.09481953e-11  1.60045317e-12 
 4.70862033e-05  8.56588490e-01  8.56612576e-01  8.56569728e-01 -1.24395555e-05  1.10030162e-11  1.19776742e-12 
 4.71112033e-05  8.56588604e-01  8.56612538e-01  8.56569729e-01 -1.23892191e-05 -1.09341178e-11  1.60071717e-12 
 4.71362033e-05  8.56588490e-01  8.56612574e-01  8.56569727e-01 -1.24395415e-05  1.09891480e-11  1.19754315e-12 
 4.71612033e-05  8.56588604e-01  8.56612538e-01  8.56569728e-01 -1.23892330e-05 -1.09201712e-11  1.60095163e-12 
 4.71862033e-05  8.56588491e-01  8.56612573e-01  8.56569727e-01 -1.24395276e-05  1.09756835e-11  1.19734105e-12 
 4.72112033e-05  8.56588605e-01  8.56612538e-01  8.56569728e-01 -1.23892470e-05 -1.09065615e-11  1.60115757e-12 
 4.72362033e-05  8.56588492e-01  8.56612572e-01  8.56569726e-01 -1.24395136e-05  1.09623285e-11  1.19716189e-12 
 4.72612033e-05  8.56588606e-01  8.56612539e-01  8.56569728e-01 -1.23892609e-05 -1.08933301e-11  1.60133809e-12 
 4.72862033e-05  8.56588492e-01  8.56612572e-01  8.56569726e-01 -1.24394997e-05  1.09491955e-11  1.19700571e-12 
 4.73112033e-05  8.56588606e-01  8.56612539e-01  8.56569728e-01 -1.23892748e-05 -1.08803164e-11  1.60149330e-12 
 4.73362033e-05  8.56588493e-01  8.56612572e-01  8.56569727e-01 -1.24394858e-05  1.09363029e-11  1.19687062e-12 
 4.73612033e-05  8.56588607e-01  8.56612540e-01  8.56569728e-01 -1.23892887e-05 -1.08673552e-11  1.60162720e-12 
 4.73862033e-05  8.56588494e-01  8.56612571e-01  8.56569727e-01 -1.24394719e-05  1.09237998e-11  1.19675510e-12 
 4.74112033e-05  8.56588608e-01  8.56612541e-01  8.56569728e-01 -1.23893026e-05 -1.08546579e-11  1.60173898e-12 
 4.74362033e-05  8.56588495e-01  8.56612571e-01  8.56569727e-01 -1.24394580e-05  1.09113740e-11  1.19665931e-12 
 4.74612033e-05  8.56588608e-01  8.56612542e-01  8.56569729e-01 -1.23893165e-05 -1.08421919e-11  1.60183086e-12 
 4.74862033e-05  8.56588495e-01  8.56612571e-01  8.56569728e-01 -1.24394442e-05  1.08991882e-11  1.19658070e-12 
 4.75112033e-05  8.56588609e-01  8.56612543e-01  8.56569729e-01 -1.23893303e-05 -1.08298986e-11  1.60190372e-12 
 4.75362033e-05  8.56588496e-01  8.56612571e-01  8.56569728e-01 -1.24394303e-05  1.08871460e-11  1.19652058e-12 
 4.75612033e-05  8.56588610e-01  8.56612543e-01  8.56569729e-01 -1.23893442e-05 -1.08178117e-11  1.60195858e-12 
 4.75862033e-05  8.56588497e-01  8.56612572e-01  8.56569729e-01 -1.24394165e-05  1.08752068e-11  1.19647613e-12 
 4.76112033e-05  8.56588610e-01  8.56612544e-01  8.56569730e-01 -1.23893580e-05 -1.08059620e-11  1.60199723e-12 
 4.76362033e-05  8.56588497e-01  8.56612572e-01  8.56569729e-01 -1.24394026e-05  1.08634607e-11  1.19644783e-12 
 4.76612033e-05  8.56588611e-01  8.56612545e-01  8.56569730e-01 -1.23893719e-05 -1.07942342e-11  1.60201995e-12 
 4.76862033e-05  8.56588498e-01  8.56612572e-01  8.56569730e-01 -1.24393888e-05  1.08519370e-11  1.19643444e-12 
 4.77112033e-05  8.56588611e-01  8.56612546e-01  8.56569731e-01 -1.23893857e-05 -1.07826228e-11  1.60202694e-12 
 4.77362033e-05  8.56588499e-01  8.56612572e-01  8.56569730e-01 -1.24393750e-05  1.08404390e-11  1.19643504e-12 
 4.77612033e-05  8.56588612e-01  8.56612547e-01  8.56569732e-01 -1.23893995e-05 -1.07712665e-11  1.60202087e-12 
 4.77806017e-05  8.56588499e-01  8.56612572e-01  8.56569731e-01 -1.24393592e-05  1.08526003e-11  1.19641536e-12 
 4.78000000e-05  8.56588613e-01  8.56612548e-01  8.56569732e-01 -1.23894173e-05 -1.07517318e-11  1.60197230e-12 
 4.78000279e-05  8.56587036e-01  8.56596698e-01  8.56569557e-01 -1.48297016e-05 -5.50705181e-09 -6.93713099e-10 
 4.78000836e-05  8.56586044e-01  8.56572908e-01  8.56568949e-01 -1.49461526e-05 -1.65088560e-08 -2.01210256e-09 
 4.78001950e-05  8.56585013e-01  8.56545661e-01  8.56566661e-01 -1.48996061e-05 -3.64785221e-08 -4.43982790e-09 
 4.78003305e-05  8.56583709e-01  8.56527778e-01  8.56562822e-01 -1.49611561e-05 -5.82312885e-08 -7.19487285e-09 
 4.78004891e-05  8.56582448e-01  8.56518606e-01  8.56557750e-01 -1.49081604e-05 -8.11194623e-08 -1.02174272e-08 
 4.78008014e-05  8.56579652e-01  8.56510508e-01  8.56547635e-01 -1.49900801e-05 -1.18577740e-07 -1.56170202e-08 
 4.78014261e-05  8.56574755e-01  8.56505923e-01  8.56529367e-01 -1.55686248e-05 -1.72511768e-07 -2.45185719e-08 
 4.78016226e-05  8.56573541e-01  8.56506232e-01  8.56524368e-01 -1.67083602e-05 -1.84840938e-07 -2.67903111e-08 
 4.78017772e-05  8.56573420e-01  8.56509105e-01  8.56520795e-01 -1.84741366e-05 -1.92283299e-07 -2.83222201e-08 
 4.78019103e-05  8.56573739e-01  8.56513592e-01  8.56518086e-01 -2.10704891e-05 -1.96206702e-07 -2.94054679e-08 
 4.78020403e-05  8.56574915e-01  8.56521189e-01  8.56515879e-01 -2.45396362e-05 -1.97051243e-07 -3.01818867e-08 
 4.78021648e-05  8.56576414e-01  8.56531950e-01  8.56514318e-01 -2.88851262e-05 -1.93886067e-07 -3.05860950e-08 
 4.78022739e-05  8.56578225e-01  8.56545648e-01  8.56513534e-01 -3.33142616e-05 -1.86847084e-07 -3.05720301e-08 
 4.78023671e-05  8.56579667e-01  8.56561606e-01  8.56513434e-01 -3.75591420e-05 -1.76390862e-07 -3.01915647e-08 
 4.78024480e-05  8.56580924e-01  8.56580180e-01  8.56513900e-01 -4.13781688e-05 -1.62919994e-07 -2.94838988e-08 
 4.78025208e-05  8.56581622e-01  8.56601967e-01  8.56514886e-01 -4.49072543e-05 -1.46101606e-07 -2.84476225e-08 
 4.78025898e-05  8.56582023e-01  8.56628573e-01  8.56516453e-01 -4.81324314e-05 -1.25057475e-07 -2.70079132e-08 
 4.78026627e-05  8.56582028e-01  8.56663981e-01  8.56518955e-01 -5.14305806e-05 -9.64821337e-08 -2.48979355e-08 
 4.78027401e-05  8.56582376e-01  8.56708890e-01  8.56522756e-01 -5.47438561e-05 -5.95772707e-08 -2.19587298e-08 
 4.78028384e-05  8.56583597e-01  8.56772252e-01  8.56529501e-01 -5.88772074e-05 -7.13139604e-09 -1.72973804e-08 
 4.78029294e-05  8.56585621e-01  8.56833649e-01  8.56537743e-01 -6.25487160e-05  3.97002051e-08 -1.21967411e-08 
 4.78030312e-05  8.56588694e-01  8.56902499e-01  8.56549216e-01 -6.65579939e-05  8.04549484e-08 -5.76140035e-09 
 4.78031394e-05  8.56593194e-01  8.56973140e-01  8.56563870e-01 -7.07124407e-05  1.07147528e-07  1.76491940e-09 
 4.78032515e-05  8.56599114e-01  8.57040451e-01  8.56581416e-01 -7.50570984e-05  1.24216804e-07  1.01364388e-08 
 4.78033872e-05  8.56607502e-01  8.57112173e-01  8.56605313e-01 -7.99494670e-05  1.41423614e-07  2.08606662e-08 
 4.78035182e-05  8.56616464e-01  8.57170170e-01  8.56630481e-01 -8.38907504e-05  1.58570610e-07  3.15990210e-08 
 4.78036223e-05  8.56623951e-01  8.57206456e-01  8.56651481e-01 -8.57784138e-05  1.72922245e-07  4.01867020e-08 
 4.78036894e-05  8.56628826e-01  8.57222870e-01  8.56665268e-01 -8.57340416e-05  1.82103412e-07  4.55907427e-08 
 4.78037400e-05  8.56632387e-01  8.57228633e-01  8.56675634e-01 -8.39796462e-05  1.88567182e-07  4.94344475e-08 
 4.78037870e-05  8.56635481e-01  8.57225092e-01  8.56685116e-01 -8.03136370e-05  1.93649547e-07  5.26471200e-08 
 4.78038392e-05  8.56638504e-01  8.57207002e-01  8.56695201e-01 -7.40273875e-05  1.97660239e-07  5.55676349e-08 
 4.78039027e-05  8.56641500e-01  8.57163177e-01  8.56706404e-01 -6.45732151e-05  1.99685095e-07  5.79931840e-08 
 4.78039677e-05  8.56643769e-01  8.57096868e-01  8.56716177e-01 -5.43102671e-05  1.98563975e-07  5.91516542e-08 
 4.78040572e-05  8.56645706e-01  8.56984270e-01  8.56726080e-01 -4.15521540e-05  1.92495867e-07  5.88155600e-08 
 4.78041395e-05  8.56646511e-01  8.56874309e-01  8.56731273e-01 -3.25282563e-05  1.83499461e-07  5.69908579e-08 
 4.78042098e-05  8.56646674e-01  8.56785956e-01  8.56732827e-01 -2.70201013e-05  1.74142581e-07  5.46892511e-08 
 4.78042846e-05  8.56646495e-01  8.56703700e-01  8.56731918e-01 -2.29607871e-05  1.63217080e-07  5.18286897e-08 
 4.78043681e-05  8.56646021e-01  8.56628358e-01  8.56728346e-01 -2.00788968e-05  1.50321949e-07  4.84066040e-08 
 4.78044540e-05  8.56645352e-01  8.56568307e-01  8.56722509e-01 -1.83165114e-05  1.36663536e-07  4.48334131e-08 
 4.78045505e-05  8.56644483e-01  8.56518531e-01  8.56714107e-01 -1.72321770e-05  1.21097951e-07  4.08960367e-08 
 4.78046561e-05  8.56643460e-01  8.56480240e-01  8.56703452e-01 -1.66270017e-05  1.04015869e-07  3.67549133e-08 
 4.78047818e-05  8.56642200e-01  8.56449481e-01  8.56689649e-01 -1.63149453e-05  8.38497306e-08  3.20867251e-08 
 4.78048909e-05  8.56641094e-01  8.56431119e-01  8.56677170e-01 -1.61966105e-05  6.66555112e-08  2.82567064e-08 
 4.78050000e-05  8.56639986e-01  8.56417265e-01  8.56664536e-01 -1.61514482e-05  4.98651972e-08  2.46155139e-08 
 4.78050023e-05  8.56640503e-01  8.56419019e-01  8.56664265e-01 -1.39492894e-05  4.98229565e-08  2.46042740e-08 
 4.78050070e-05  8.56640985e-01  8.56422266e-01  8.56663728e-01 -1.35871983e-05  4.97845248e-08  2.45789910e-08 
 4.78050164e-05  8.56640915e-01  8.56427490e-01  8.56662671e-01 -1.34583071e-05  4.97854354e-08  2.45164534e-08 
 4.78050352e-05  8.56640968e-01  8.56435334e-01  8.56660618e-01 -1.32656149e-05  4.97304626e-08  2.43790551e-08 
 4.78050656e-05  8.56640934e-01  8.56445033e-01  8.56657438e-01 -1.30176019e-05  4.95485282e-08  2.41419720e-08 
 4.78051264e-05  8.56640928e-01  8.56458578e-01  8.56651472e-01 -1.26937371e-05  4.89324406e-08  2.36299607e-08 
 4.78052479e-05  8.56640785e-01  8.56471432e-01  8.56640590e-01 -1.23920435e-05  4.72011004e-08  2.25521076e-08 
 4.78054910e-05  8.56640521e-01  8.56471453e-01  8.56620937e-01 -1.22778692e-05  4.32212248e-08  2.04394669e-08 
 4.78057721e-05  8.56640170e-01  8.56458612e-01  8.56599778e-01 -1.22820907e-05  3.87470103e-08  1.82188126e-08 
 4.78062050e-05  8.56639725e-01  8.56437575e-01  8.56568776e-01 -1.22870694e-05  3.26380757e-08  1.52578093e-08 
 4.78068540e-05  8.56639091e-01  8.56408771e-01  8.56525483e-01 -1.22860568e-05  2.51600626e-08  1.16694146e-08 
 4.78081519e-05  8.56638130e-01  8.56361689e-01  8.56450025e-01 -1.22978726e-05  1.47892827e-08  6.71282945e-09 
 4.78107476e-05  8.56636817e-01  8.56301472e-01  8.56339805e-01 -1.23068614e-05  4.61492228e-09  1.91275282e-09 
 4.78159391e-05  8.56635622e-01  8.56271299e-01  8.56241763e-01 -1.23361786e-05 -1.97764060e-10 -2.35990032e-10 
 4.78219608e-05  8.56635141e-01  8.56317943e-01  8.56252740e-01 -1.23529685e-05 -3.64181981e-11 -5.33293979e-11 
 4.78320574e-05  8.56634922e-01  8.56443570e-01  8.56366705e-01 -1.23817279e-05  1.34045982e-11  2.48061238e-11 
 4.78434443e-05  8.56634854e-01  8.56566139e-01  8.56499187e-01 -1.23917331e-05  1.70570316e-11  2.87103373e-11 
 4.78593654e-05  8.56634872e-01  8.56655729e-01  8.56604083e-01 -1.24074047e-05  7.38925501e-12  1.42327078e-11 
 4.78833531e-05  8.56634833e-01  8.56669654e-01  8.56630195e-01 -1.24090102e-05 -7.04378830e-13  5.22504945e-13 
 4.79083531e-05  8.56634802e-01  8.56630323e-01  8.56591800e-01 -1.24160128e-05 -3.12163901e-12 -3.48868352e-12 
 4.79333531e-05  8.56634740e-01  8.56607660e-01  8.56565738e-01 -1.24115344e-05 -9.95826468e-13 -4.75218226e-13 
 4.79583531e-05  8.56634751e-01  8.56612235e-01  8.56568040e-01 -1.24165434e-05  2.75281100e-13  1.88239674e-12 
 4.79791766e-05  8.56634738e-01  8.56624248e-01  8.56579931e-01 -1.24115337e-05  9.73668845e-13  2.89451151e-12 
 4.80000000e-05  8.56634768e-01  8.56633536e-01  8.56589821e-01 -1.24165083e-05  3.83629326e-13  2.18706281e-12 
 4.80000144e-05  8.56637137e-01  8.56653605e-01  8.56589941e-01 -1.08806943e-05  1.83874628e-09  7.56349169e-10 
 4.80000433e-05  8.56639289e-01  8.56685455e-01  8.56590362e-01 -1.02141604e-05  5.35468282e-09  2.20715920e-09 
 4.80001010e-05  8.56642630e-01  8.56727042e-01  8.56592029e-01 -9.64386095e-06  1.11144729e-08  4.94422765e-09 
 4.80001828e-05  8.56647873e-01  8.56767137e-01  8.56595644e-01 -9.01566063e-06  1.72427768e-08  8.59865232e-09 
 4.80003465e-05  8.56657568e-01  8.56809253e-01  8.56605135e-01 -8.72123913e-06  2.60113920e-08  1.53708011e-08 
 4.80006560e-05  8.56676387e-01  8.56838451e-01  8.56625641e-01 -8.54932667e-06  3.77868703e-08  2.69029671e-08 
 4.80010230e-05  8.56698219e-01  8.56852677e-01  8.56649861e-01 -8.65589432e-06  4.92746526e-08  3.88632871e-08 
 4.80016196e-05  8.56734494e-01  8.56871907e-01  8.56686020e-01 -8.89428086e-06  6.22998652e-08  5.49660574e-08 
 4.80017131e-05  8.56740224e-01  8.56873908e-01  8.56691307e-01 -9.14708374e-06  6.24166917e-08  5.71128526e-08 
 4.80019000e-05  8.56753066e-01  8.56873990e-01  8.56701383e-01 -1.01239310e-05  4.90565204e-08  6.08939367e-08 
 4.80020248e-05  8.56762400e-01  8.56868760e-01  8.56707576e-01 -1.16732974e-05  2.16310309e-08  6.28655916e-08 
 4.80021321e-05  8.56771586e-01  8.56858624e-01  8.56712339e-01 -1.35729986e-05 -2.47758626e-08  6.39968616e-08 
 4.80022416e-05  8.56781330e-01  8.56840709e-01  8.56716385e-01 -1.63308770e-05 -1.04975828e-07  6.43907361e-08 
 4.80023530e-05  8.56791924e-01  8.56813044e-01  8.56719336e-01 -1.94512344e-05 -2.33739340e-07  6.37721131e-08 
 4.80024618e-05  8.56801727e-01  8.56774689e-01  8.56720685e-01 -2.24831024e-05 -4.19570163e-07  6.19036333e-08 
 4.80025655e-05  8.56810370e-01  8.56725629e-01  8.56720142e-01 -2.44664017e-05 -6.67742734e-07  5.86783553e-08 
 4.80026795e-05  8.56817731e-01  8.56657086e-01  8.56716949e-01 -2.59725603e-05 -1.03549361e-06  5.32518239e-08 
 4.80027912e-05  8.56822813e-01  8.56580002e-01  8.56710778e-01 -2.76915867e-05 -1.49473747e-06  4.60645126e-08 
 4.80029628e-05  8.56825387e-01  8.56456497e-01  8.56695155e-01 -3.11193304e-05 -2.37530165e-06  3.19133062e-08 
 4.80031037e-05  8.56823020e-01  8.56357598e-01  8.56677013e-01 -3.41048507e-05 -3.23850973e-06  1.79172116e-08 
 4.80032353e-05  8.56816755e-01  8.56271309e-01  8.56656225e-01 -3.69409080e-05 -4.13932522e-06  3.31960973e-09 
 4.80033580e-05  8.56807401e-01  8.56198607e-01  8.56633994e-01 -3.93029489e-05 -5.04450403e-06 -1.12789545e-08 
 4.80034505e-05  8.56796533e-01  8.56151279e-01  8.56615756e-01 -4.08279404e-05 -5.75523981e-06 -2.26590902e-08 
 4.80034976e-05  8.56788332e-01  8.56131495e-01  8.56606100e-01 -4.12737089e-05 -6.12018085e-06 -2.84575935e-08 
 4.80035359e-05  8.56779246e-01  8.56119458e-01  8.56598155e-01 -4.14420285e-05 -6.41249515e-06 -3.30638488e-08 
 4.80035636e-05  8.56770610e-01  8.56114447e-01  8.56592373e-01 -4.12519115e-05 -6.61856680e-06 -3.62743813e-08 
 4.80035899e-05  8.56760320e-01  8.56114425e-01  8.56586923e-01 -4.08095857e-05 -6.80464577e-06 -3.91180628e-08 
 4.80036164e-05  8.56747735e-01  8.56121388e-01  8.56581529e-01 -3.99195572e-05 -6.97693769e-06 -4.16520747e-08 
 4.80036461e-05  8.56732320e-01  8.56140402e-01  8.56575699e-01 -3.84577440e-05 -7.14451223e-06 -4.39199629e-08 
 4.80036787e-05  8.56717043e-01  8.56176146e-01  8.56569735e-01 -3.63848352e-05 -7.29109475e-06 -4.55667500e-08 
 4.80037180e-05  8.56704324e-01  8.56237274e-01  8.56563411e-01 -3.34811280e-05 -7.41354109e-06 -4.63540121e-08 
 4.80037753e-05  8.56700363e-01  8.56348721e-01  8.56556308e-01 -2.89282915e-05 -7.49645785e-06 -4.54967654e-08 
 4.80038170e-05  8.56708419e-01  8.56436780e-01  8.56552891e-01 -2.56990969e-05 -7.49706654e-06 -4.37156503e-08 
 4.80038549e-05  8.56722309e-01  8.56514545e-01  8.56551087e-01 -2.30051798e-05 -7.46556222e-06 -4.15675408e-08 
 4.80038978e-05  8.56743871e-01  8.56596036e-01  8.56550429e-01 -2.03260981e-05 -7.40318280e-06 -3.87677513e-08 
 4.80039406e-05  8.56770014e-01  8.56667698e-01  8.56551084e-01 -1.80855709e-05 -7.32137367e-06 -3.57865909e-08 
 4.80039894e-05  8.56803700e-01  8.56737049e-01  8.56553183e-01 -1.60174320e-05 -7.21251502e-06 -3.23172484e-08 
 4.80040411e-05  8.56842415e-01  8.56796558e-01  8.56556677e-01 -1.43450977e-05 -7.08667853e-06 -2.86929191e-08 
 4.80041022e-05  8.56890543e-01  8.56851085e-01  8.56562093e-01 -1.29006264e-05 -6.93085094e-06 -2.45582911e-08 
 4.80041711e-05  8.56946673e-01  8.56896222e-01  8.56569394e-01 -1.18123397e-05 -6.75213153e-06 -2.01349361e-08 
 4.80042560e-05  8.57017287e-01  8.56934982e-01  8.56579535e-01 -1.09741201e-05 -6.53256381e-06 -1.50104986e-08 
 4.80043592e-05  8.57104343e-01  8.56965937e-01  8.56592801e-01 -1.04327211e-05 -6.27197728e-06 -9.21844382e-09 
 4.80044962e-05  8.57222219e-01  8.56992256e-01  8.56611125e-01 -1.00938407e-05 -5.93940919e-06 -2.11190152e-09 
 4.80046829e-05  8.57393262e-01  8.57016007e-01  8.56636328e-01 -9.94031357e-06 -5.51281094e-06  6.69027297e-09 
 4.80048414e-05  8.57560238e-01  8.57031771e-01  8.56657519e-01 -9.88962267e-06 -5.17385601e-06  1.34335025e-08 
 4.80050000e-05  8.57767814e-01  8.57046199e-01  8.56678335e-01 -9.87211593e-06 -4.85525643e-06  1.94723307e-08 
 4.80050042e-05  8.57772234e-01  8.57039489e-01  8.56678869e-01 -1.10164860e-05 -4.84757697e-06  1.93930683e-08 
 4.80050126e-05  8.57782895e-01  8.57027767e-01  8.56679916e-01 -1.13764225e-05 -4.83221765e-06  1.92518489e-08 
 4.80050294e-05  8.57806402e-01  8.57010333e-01  8.56681900e-01 -1.14659236e-05 -4.80144300e-06  1.90080831e-08 
 4.80050630e-05  8.57852420e-01  8.56984551e-01  8.56685541e-01 -1.18164567e-05 -4.73991502e-06  1.85604513e-08 
 4.80051302e-05  8.57945317e-01  8.56948695e-01  8.56691860e-01 -1.21029608e-05 -4.61793147e-06  1.77833844e-08 
 4.80052646e-05  8.58129663e-01  8.56910641e-01  8.56702067e-01 -1.24306371e-05 -4.38138704e-06  1.64385112e-08 
 4.80054294e-05  8.58354147e-01  8.56895985e-01  8.56712179e-01 -1.24347499e-05 -4.10695596e-06  1.49480971e-08 
 4.80057035e-05  8.58721272e-01  8.56895949e-01  8.56726830e-01 -1.24856132e-05 -3.68788010e-06  1.26176257e-08 
 4.80061130e-05  8.59257485e-01  8.56908377e-01  8.56746887e-01 -1.24269800e-05 -3.13950898e-06  9.42501269e-09 
 4.80067969e-05  8.60119648e-01  8.56930548e-01  8.56778107e-01 -1.24718815e-05 -2.39680088e-06  4.80839456e-09 
 4.80081252e-05  8.61684253e-01  8.56971544e-01  8.56832723e-01 -1.24125210e-05 -1.40593276e-06 -1.91252924e-09 
 4.80107819e-05  8.64421820e-01  8.57057828e-01  8.56929265e-01 -1.24452927e-05 -4.42645656e-07 -8.98086718e-09 
 4.80160952e-05  8.68640221e-01  8.57313819e-01  8.57149465e-01 -1.23739299e-05  9.05323726e-09 -1.09525195e-08 
 4.80218713e-05  8.71786359e-01  8.57801145e-01  8.57540912e-01 -1.24102051e-05 -6.39380077e-10 -7.75291392e-09 
 4.80294745e-05  8.74445195e-01  8.58843471e-01  8.58431944e-01 -1.23544976e-05  1.40409751e-10 -4.46791217e-09 
 4.80382275e-05  8.76210974e-01  8.60531484e-01  8.59975413e-01 -1.24018497e-05  1.19251360e-10 -2.25212145e-09 
 4.80482663e-05  8.77287243e-01  8.62850821e-01  8.62208534e-01 -1.23539492e-05  2.61359830e-10 -8.36121607e-10 
 4.80619973e-05  8.77961883e-01  8.66090263e-01  8.65461598e-01 -1.24050133e-05  3.07481306e-10  3.94294764e-11 
 4.80755015e-05  8.78212879e-01  8.68825087e-01  8.68311774e-01 -1.23595200e-05  2.83560938e-10  2.91233927e-10 
 4.80894120e-05  8.78311159e-01  8.70836472e-01  8.70482569e-01 -1.24129613e-05  2.04458083e-10  2.79828164e-10 
 4.81052780e-05  8.78351458e-01  8.72127942e-01  8.71936526e-01 -1.23708026e-05  1.03511864e-10  1.65607731e-10 
 4.81225370e-05  8.78364429e-01  8.72669333e-01  8.72585510e-01 -1.24261632e-05  2.62204295e-11  4.91609820e-11 
 4.81458033e-05  8.78368616e-01  8.72843789e-01  8.72795266e-01 -1.23834392e-05 -1.46024664e-11 -1.24000916e-11 
 4.81708033e-05  8.78368729e-01  8.73074176e-01  8.72995386e-01 -1.24341168e-05 -1.98309685e-13  3.59403441e-12 
 4.81958033e-05  8.78368999e-01  8.73592342e-01  8.73485738e-01 -1.23851187e-05  1.83783555e-11  3.76434884e-11 
 4.82208033e-05  8.78369031e-01  8.74231842e-01  8.74123511e-01 -1.24329446e-05  2.75991602e-11  4.79669347e-11 
 4.82458033e-05  8.78369455e-01  8.74798180e-01  8.74703143e-01 -1.23842146e-05  2.04003123e-11  4.12374002e-11 
 4.82708033e-05  8.78369417e-01  8.75235137e-01  8.75152758e-01 -1.24330023e-05  1.59998282e-11  2.87799246e-11 
 4.82958033e-05  8.78369704e-01  8.75581745e-01  8.75505953e-01 -1.23847864e-05  9.80179609e-12  2.30984658e-11 
 4.83208033e-05  8.78369584e-01  8.75886501e-01  8.75813265e-01 -1.24334554e-05  1.12162480e-11  1.99438543e-11 
 4.83458033e-05  8.78369852e-01  8.76169085e-01  8.76097815e-01 -1.23850311e-05  8.51185745e-12  2.01693524e-11 
 4.83708033e-05  8.78369734e-01  8.76427922e-01  8.76359277e-01 -1.24335300e-05  1.02841177e-11  1.78274144e-11 
 4.83958033e-05  8.78369996e-01  8.76657705e-01  8.76592132e-01 -1.23851272e-05  6.76664020e-12  1.68485826e-11 
 4.84208033e-05  8.78369861e-01  8.76858453e-01  8.76795653e-01 -1.24336213e-05  8.09528724e-12  1.38296595e-11 
 4.84458033e-05  8.78370105e-01  8.77034149e-01  8.76973660e-01 -1.23852632e-05  4.76616121e-12  1.31686519e-11 
 4.84708033e-05  8.78369956e-01  8.77189439e-01  8.77130796e-01 -1.24337114e-05  6.50919661e-12  1.08704374e-11 
 4.84958033e-05  8.78370188e-01  8.77327361e-01  8.77270369e-01 -1.23853662e-05  3.50935730e-12  1.07801260e-11 
 4.85208033e-05  8.78370030e-01  8.77449880e-01  8.77394344e-01 -1.24337661e-05  5.41221451e-12  8.79893098e-12 
 4.85458033e-05  8.78370254e-01  8.77558335e-01  8.77504163e-01 -1.23854450e-05  2.50698095e-12  8.88625398e-12 
 4.85708033e-05  8.78370089e-01  8.77654255e-01  8.77601254e-01 -1.24338065e-05  4.48943747e-12  7.07594356e-12 
 4.85958033e-05  8.78370306e-01  8.77739018e-01  8.77687088e-01 -1.23855126e-05  1.69121292e-12  7.34964948e-12 
 4.86208033e-05  8.78370135e-01  8.77814062e-01  8.77763031e-01 -1.24338358e-05  3.76980023e-12  5.73069549e-12 
 4.86458033e-05  8.78370347e-01  8.77880462e-01  8.77830266e-01 -1.23855686e-05  1.06675454e-12  6.16785111e-12 
 4.86708033e-05  8.78370172e-01  8.77939292e-01  8.77889795e-01 -1.24338548e-05  3.21316476e-12  4.68974572e-12 
 4.86958033e-05  8.78370379e-01  8.77991325e-01  8.77942490e-01 -1.23856157e-05  5.78084238e-13  5.24208227e-12 
 4.87208033e-05  8.78370200e-01  8.78037414e-01  8.77989125e-01 -1.24338662e-05  2.77409064e-12  3.87044704e-12 
 4.87458033e-05  8.78370404e-01  8.78078164e-01  8.78030398e-01 -1.23856559e-05  1.94384222e-13  4.51426158e-12 
 4.87708033e-05  8.78370223e-01  8.78114271e-01  8.78066926e-01 -1.24338719e-05  2.42984582e-12  3.22901580e-12 
 4.87958033e-05  8.78370424e-01  8.78146191e-01  8.78099260e-01 -1.23856908e-05 -1.05035121e-13  3.94496046e-12 
 4.88208033e-05  8.78370240e-01  8.78174483e-01  8.78127878e-01 -1.24338729e-05  2.16017156e-12  2.72744994e-12 
 4.88458033e-05  8.78370440e-01  8.78199487e-01  8.78153210e-01 -1.23857215e-05 -3.39084013e-13  3.49887632e-12 
 4.88708033e-05  8.78370255e-01  8.78221656e-01  8.78175631e-01 -1.24338704e-05  1.94842254e-12  2.33461481e-12 
 4.88958033e-05  8.78370453e-01  8.78241240e-01  8.78195477e-01 -1.23857488e-05 -5.22060693e-13  3.14912701e-12 
 4.89208033e-05  8.78370266e-01  8.78258612e-01  8.78213042e-01 -1.24338651e-05  1.78216404e-12  2.02710396e-12 
 4.89458033e-05  8.78370462e-01  8.78273952e-01  8.78228590e-01 -1.23857735e-05 -6.64967864e-13  2.87499126e-12 
 4.89708033e-05  8.78370275e-01  8.78287566e-01  8.78242352e-01 -1.24338577e-05  1.65157233e-12  1.78644914e-12 
 4.89958033e-05  8.78370470e-01  8.78299580e-01  8.78254533e-01 -1.23857961e-05 -7.76535737e-13  2.66004558e-12 
 4.90208033e-05  8.78370282e-01  8.78310250e-01  8.78265315e-01 -1.24338486e-05  1.54890900e-12  1.59811796e-12 
 4.90458033e-05  8.78370477e-01  8.78319659e-01  8.78274858e-01 -1.23858171e-05 -8.63586546e-13  2.49145621e-12 
 4.90708033e-05  8.78370288e-01  8.78328022e-01  8.78283305e-01 -1.24338382e-05  1.46814115e-12  1.45077543e-12 
 4.90958033e-05  8.78370482e-01  8.78335390e-01  8.78290783e-01 -1.23858368e-05 -9.31442857e-13  2.35919200e-12 
 4.91208033e-05  8.78370292e-01  8.78341946e-01  8.78297400e-01 -1.24338268e-05  1.40454250e-12  1.33553737e-12 
 4.91458033e-05  8.78370486e-01  8.78347715e-01  8.78303259e-01 -1.23858555e-05 -9.84284486e-13  2.25538398e-12 
 4.91708033e-05  8.78370296e-01  8.78352855e-01  8.78308444e-01 -1.24338147e-05  1.35440812e-12  1.24544320e-12 
 4.91958033e-05  8.78370489e-01  8.78357371e-01  8.78313034e-01 -1.23858734e-05 -1.02538030e-12  2.17387339e-12 
 4.92208033e-05  8.78370299e-01  8.78361402e-01  8.78317096e-01 -1.24338019e-05  1.31483886e-12  1.17504259e-12 
 4.92458033e-05  8.78370492e-01  8.78364936e-01  8.78320692e-01 -1.23858906e-05 -1.05728815e-12  2.10983282e-12 
 4.92708033e-05  8.78370302e-01  8.78368099e-01  8.78323874e-01 -1.24337887e-05  1.28355681e-12  1.12006666e-12 
 4.92958033e-05  8.78370494e-01  8.78370864e-01  8.78326692e-01 -1.23859073e-05 -1.08201534e-12  2.05948279e-12 
 4.93208033e-05  8.78370304e-01  8.78373345e-01  8.78329186e-01 -1.24337752e-05  1.25878648e-12  1.07717188e-12 
 4.93458033e-05  8.78370496e-01  8.78375508e-01  8.78331393e-01 -1.23859235e-05 -1.10112722e-12  2.01986361e-12 
 4.93708033e-05  8.78370306e-01  8.78377456e-01  8.78333347e-01 -1.24337614e-05  1.23912968e-12  1.04373682e-12 
 4.93958033e-05  8.78370498e-01  8.78379147e-01  8.78335077e-01 -1.23859394e-05 -1.11585459e-12  1.98865170e-12 
 4.94208033e-05  8.78370308e-01  8.78380677e-01  8.78336607e-01 -1.24337475e-05  1.22348854e-12  1.01771033e-12 
 4.94458033e-05  8.78370499e-01  8.78381998e-01  8.78337963e-01 -1.23859550e-05 -1.12716260e-12  1.96403218e-12 
 4.94708033e-05  8.78370309e-01  8.78383200e-01  8.78339162e-01 -1.24337334e-05  1.21100764e-12  9.97485677e-13 
 4.94958033e-05  8.78370500e-01  8.78384232e-01  8.78340224e-01 -1.23859704e-05 -1.13580131e-12  1.94457959e-12 
 4.95208033e-05  8.78370310e-01  8.78385177e-01  8.78341163e-01 -1.24337192e-05  1.20101390e-12  9.81801663e-13 
 4.95458033e-05  8.78370501e-01  8.78385982e-01  8.78341996e-01 -1.23859856e-05 -1.14235921e-12  1.92917812e-12 
 4.95708033e-05  8.78370311e-01  8.78386727e-01  8.78342732e-01 -1.24337049e-05  1.19297931e-12  9.69673560e-13 
 4.95958033e-05  8.78370502e-01  8.78387354e-01  8.78343384e-01 -1.23860007e-05 -1.14729775e-12  1.91695406e-12 
 4.96208033e-05  8.78370312e-01  8.78387940e-01  8.78343961e-01 -1.24336907e-05  1.18649296e-12  9.60329039e-13 
 4.96458033e-05  8.78370503e-01  8.78388428e-01  8.78344472e-01 -1.23860156e-05 -1.15098079e-12  1.90722102e-12 
 4.96708033e-05  8.78370313e-01  8.78388892e-01  8.78344924e-01 -1.24336763e-05  1.18122851e-12  9.53160294e-13 
 4.96958033e-05  8.78370504e-01  8.78389271e-01  8.78345324e-01 -1.23860304e-05 -1.15368500e-12  1.89944371e-12 
 4.97208033e-05  8.78370314e-01  8.78389637e-01  8.78345678e-01 -1.24336620e-05  1.17692965e-12  9.47695535e-13 
 4.97458033e-05  8.78370505e-01  8.78389931e-01  8.78345992e-01 -1.23860450e-05 -1.15563722e-12  1.89320028e-12 
 4.97708033e-05  8.78370315e-01  8.78390221e-01  8.78346270e-01 -1.24336477e-05  1.17339537e-12  9.43562611e-13 
 4.97958033e-05  8.78370506e-01  8.78390448e-01  8.78346516e-01 -1.23860596e-05 -1.15700483e-12  1.88816129e-12 
 4.98208033e-05  8.78370316e-01  8.78390679e-01  8.78346733e-01 -1.24336334e-05  1.17046910e-12  9.40469870e-13 
 4.98458033e-05  8.78370506e-01  8.78390853e-01  8.78346926e-01 -1.23860742e-05 -1.15792553e-12  1.88406837e-12 
 4.98708033e-05  8.78370317e-01  8.78391038e-01  8.78347096e-01 -1.24336191e-05  1.16803290e-12  9.38191961e-13 
 4.98958033e-05  8.78370507e-01  8.78391171e-01  8.78347247e-01 -1.23860886e-05 -1.15850341e-12  1.88071840e-12 
 4.99208033e-05  8.78370318e-01  8.78391319e-01  8.78347381e-01 -1.24336048e-05  1.16598419e-12  9.36548853e-13 
 4.99458033e-05  8.78370508e-01  8.78391420e-01  8.78347500e-01 -1.23861030e-05 -1.15882174e-12  1.87795358e-12 
 4.99708033e-05  8.78370319e-01  8.78391540e-01  8.78347604e-01 -1.24335906e-05  1.16424383e-12  9.35400249e-13 
 4.99854017e-05  8.78370508e-01  8.78391579e-01  8.78347660e-01 -1.23861224e-05 -1.15857324e-12  1.87573205e-12 
 5.00000000e-05  8.78370319e-01  8.78391646e-01  8.78347712e-01 -1.24335662e-05  1.16270426e-12  9.35681925e-13 
 5.00000211e-05  8.78366563e-01  8.78364921e-01  8.78347488e-01 -1.38876137e-05 -2.14983089e-09 -1.07827394e-09 
 5.00000634e-05  8.78362351e-01  8.78324174e-01  8.78346702e-01 -1.43655382e-05 -5.82591059e-09 -3.14306911e-09 
 5.00001480e-05  8.78355391e-01  8.78274911e-01  8.78343673e-01 -1.47001294e-05 -1.08703607e-08 -6.99283467e-09 
 5.00003142e-05  8.78341953e-01  8.78221999e-01  8.78334718e-01 -1.50344797e-05 -1.78859022e-08 -1.39815134e-08 
 5.00004695e-05  8.78330461e-01  8.78202174e-01  8.78324687e-01 -1.49931541e-05 -2.35341389e-08 -2.00233164e-08 
 5.00007800e-05  8.78308288e-01  8.78181550e-01  8.78304020e-01 -1.50848910e-05 -3.39681746e-08 -3.10542677e-08 
 5.00012006e-05  8.78281309e-01  8.78166530e-01  8.78277033e-01 -1.52088526e-05 -4.58616295e-08 -4.39812091e-08 
 5.00014514e-05  8.78265951e-01  8.78158593e-01  8.78261899e-01 -1.58068737e-05 -5.03225468e-08 -5.06817957e-08 
 5.00016524e-05  8.78255106e-01  8.78154678e-01  8.78250373e-01 -1.70353070e-05 -4.88572224e-08 -5.54827745e-08 
 5.00018048e-05  8.78247776e-01  8.78153430e-01  8.78242073e-01 -1.91229093e-05 -4.06973483e-08 -5.87348696e-08 
 5.00019488e-05  8.78242893e-01  8.78155566e-01  8.78234714e-01 -2.21608542e-05 -2.26415161e-08 -6.14055891e-08 
 5.00020939e-05  8.78239788e-01  8.78161170e-01  8.78227932e-01 -2.66210813e-05  1.12449253e-08 -6.36168564e-08 
 5.00022273e-05  8.78239698e-01  8.78171165e-01  8.78222440e-01 -3.17573222e-05  6.27293625e-08 -6.50992515e-08 
 5.00023416e-05  8.78241538e-01  8.78184400e-01  8.78218481e-01 -3.69925127e-05  1.29281925e-07 -6.58232206e-08 
 5.00024389e-05  8.78245348e-01  8.78200928e-01  8.78215818e-01 -4.18014174e-05  2.09294917e-07 -6.58985555e-08 
 5.00025250e-05  8.78250231e-01  8.78220899e-01  8.78214164e-01 -4.63199489e-05  3.04999951e-07 -6.54135853e-08 
 5.00026062e-05  8.78256945e-01  8.78246114e-01  8.78213379e-01 -5.05569282e-05  4.23978151e-07 -6.43301885e-08 
 5.00026928e-05  8.78266335e-01  8.78280756e-01  8.78213589e-01 -5.50769608e-05  5.89554198e-07 -6.23596301e-08 
 5.00027849e-05  8.78279769e-01  8.78325197e-01  8.78215235e-01 -5.97736825e-05  8.13744528e-07 -5.92871322e-08 
 5.00029072e-05  8.78300330e-01  8.78389902e-01  8.78219931e-01 -6.60517114e-05  1.18382826e-06 -5.38415855e-08 
 5.00030156e-05  8.78317297e-01  8.78449028e-01  8.78226540e-01 -7.15112586e-05  1.57626992e-06 -4.78849772e-08 
 5.00031375e-05  8.78331482e-01  8.78514286e-01  8.78236592e-01 -7.76487068e-05  2.08121892e-06 -4.01417488e-08 
 5.00032770e-05  8.78343738e-01  8.78584498e-01  8.78251184e-01 -8.45492748e-05  2.72868973e-06 -3.01828992e-08 
 5.00034084e-05  8.78354778e-01  8.78644443e-01  8.78267547e-01 -9.08382138e-05  3.39349807e-06 -1.99651713e-08 
 5.00035538e-05  8.78368103e-01  8.78702731e-01  8.78288007e-01 -9.68995350e-05  4.17388246e-06 -8.00942472e-09 
 5.00036854e-05  8.78381325e-01  8.78746154e-01  8.78308137e-01 -1.00973480e-04  4.90473182e-06  3.10207569e-09 
 5.00037762e-05  8.78390836e-01  8.78768100e-01  8.78322590e-01 -1.01937994e-04  5.40958470e-06  1.06714030e-08 
 5.00038360e-05  8.78397028e-01  8.78775897e-01  8.78332175e-01 -1.00553512e-04  5.73225942e-06  1.54029755e-08 
 5.00038859e-05  8.78401893e-01  8.78774934e-01  8.78340070e-01 -9.70649020e-05  5.98600668e-06  1.89899834e-08 
 5.00039398e-05  8.78406560e-01  8.78762606e-01  8.78348267e-01 -9.09479652e-05  6.23239942e-06  2.22465171e-08 
 5.00040088e-05  8.78411357e-01  8.78727195e-01  8.78357879e-01 -8.05143521e-05  6.49261347e-06  2.52148108e-08 
 5.00040757e-05  8.78414562e-01  8.78673816e-01  8.78365760e-01 -6.92868264e-05  6.67637854e-06  2.66793295e-08 
 5.00041666e-05  8.78416657e-01  8.78580912e-01  8.78373539e-01 -5.44636170e-05  6.81798352e-06  2.65728133e-08 
 5.00042674e-05  8.78416307e-01  8.78467442e-01  8.78377755e-01 -4.10123715e-05  6.84619804e-06  2.41603557e-08 
 5.00043511e-05  8.78414344e-01  8.78376948e-01  8.78377773e-01 -3.27811216e-05  6.78844590e-06  2.08636880e-08 
 5.00044327e-05  8.78411386e-01  8.78299192e-01  8.78375087e-01 -2.71240092e-05  6.68224332e-06  1.69825858e-08 
 5.00045256e-05  8.78407171e-01  8.78226012e-01  8.78369380e-01 -2.27768273e-05  6.52178652e-06  1.21516081e-08 
 5.00046166e-05  8.78402458e-01  8.78169871e-01  8.78361685e-01 -2.01583745e-05  6.33964034e-06  7.26275117e-09 
 5.00047212e-05  8.78396616e-01  8.78121359e-01  8.78351023e-01 -1.83351122e-05  6.11465284e-06  1.66389417e-09 
 5.00048317e-05  8.78390154e-01  8.78084512e-01  8.78338397e-01 -1.73240011e-05  5.87072864e-06 -4.08008931e-09 
 5.00049159e-05  8.78385130e-01  8.78063708e-01  8.78328197e-01 -1.68730398e-05  5.68529851e-06 -8.29615837e-09 
 5.00050000e-05  8.78380045e-01  8.78047244e-01  8.78317717e-01 -1.66307569e-05  5.50258998e-06 -1.23621310e-08 
 5.00050021e-05  8.78380935e-01  8.78050616e-01  8.78317462e-01 -1.55772019e-05  5.49842236e-06 -1.23446682e-08 
 5.00050062e-05  8.78381765e-01  8.78056825e-01  8.78316956e-01 -1.51598661e-05  5.49012249e-06 -1.23160291e-08 
 5.00050144e-05  8.78381696e-01  8.78066937e-01  8.78315974e-01 -1.49294485e-05  5.47358542e-06 -1.22784191e-08 
 5.00050308e-05  8.78381818e-01  8.78082390e-01  8.78314104e-01 -1.45984758e-05  5.44047544e-06 -1.22216733e-08 
 5.00050580e-05  8.78381829e-01  8.78101881e-01  8.78311231e-01 -1.41326205e-05  5.38577734e-06 -1.21547727e-08 
 5.00051123e-05  8.78381939e-01  8.78130390e-01  8.78306093e-01 -1.34858724e-05  5.27672829e-06 -1.20914941e-08 
 5.00052210e-05  8.78381910e-01  8.78163284e-01  8.78297450e-01 -1.27873204e-05  5.06189043e-06 -1.21072880e-08 
 5.00054383e-05  8.78381787e-01  8.78182828e-01  8.78283429e-01 -1.24004380e-05  4.65203390e-06 -1.22802391e-08 
 5.00057035e-05  8.78381479e-01  8.78178433e-01  8.78268650e-01 -1.23570518e-05  4.19285749e-06 -1.24134997e-08 
 5.00060773e-05  8.78381146e-01  8.78166138e-01  8.78249136e-01 -1.23605333e-05  3.62011656e-06 -1.23525557e-08 
 5.00065490e-05  8.78380693e-01  8.78151029e-01  8.78225949e-01 -1.23496410e-05  3.00673134e-06 -1.19821670e-08 
 5.00074807e-05  8.78380042e-01  8.78125760e-01  8.78184651e-01 -1.23594325e-05  2.07739220e-06 -1.07088445e-08 
 5.00093440e-05  8.78379038e-01  8.78090314e-01  8.78119210e-01 -1.23510132e-05  9.65073644e-07 -7.54039622e-09 
 5.00130707e-05  8.78378056e-01  8.78065039e-01  8.78046239e-01 -1.23688449e-05  1.49796159e-07 -2.73245408e-09 
 5.00182948e-05  8.78377522e-01  8.78093124e-01  8.78034938e-01 -1.23699571e-05 -1.90114088e-09 -2.78940743e-10 
 5.00255355e-05  8.78377394e-01  8.78182663e-01  8.78104800e-01 -1.23915760e-05  3.18464755e-10  3.91950318e-11 
 5.00373311e-05  8.78377380e-01  8.78333683e-01  8.78258554e-01 -1.23919131e-05 -1.06005192e-10  2.06677033e-11 
 5.00509007e-05  8.78377501e-01  8.78445424e-01  8.78385825e-01 -1.24080263e-05  7.02211750e-11  2.98631845e-11 
 5.00715360e-05  8.78377529e-01  8.78486746e-01  8.78444327e-01 -1.24019593e-05 -3.29791669e-11  7.75501191e-13 
 5.00965360e-05  8.78377532e-01  8.78436793e-01  8.78400196e-01 -1.24141338e-05  1.86987856e-11 -2.35145752e-12 
 5.01215360e-05  8.78377435e-01  8.78384912e-01  8.78344760e-01 -1.24044582e-05 -1.79201124e-11 -5.23889591e-12 
 5.01465360e-05  8.78377438e-01  8.78372370e-01  8.78328034e-01 -1.24147280e-05  9.53564007e-12  1.79275290e-12 
 5.01715360e-05  8.78377407e-01  8.78383949e-01  8.78338382e-01 -1.24044062e-05 -5.55563299e-12  2.11152152e-12 
 5.01857680e-05  8.78377449e-01  8.78391972e-01  8.78346761e-01 -1.24146190e-05  3.76814183e-12  3.00915553e-12 
 5.02000000e-05  8.78377421e-01  8.78396993e-01  8.78352391e-01 -1.24043700e-05 -7.52593734e-13  2.26176949e-12 
 5.02000112e-05  8.78378362e-01  8.78404988e-01  8.78352430e-01 -9.91022434e-06  1.62278808e-09  2.97812815e-10 
 5.02000337e-05  8.78378840e-01  8.78418143e-01  8.78352566e-01 -9.49388685e-06  4.94131630e-09  8.65710498e-10 
 5.02000786e-05  8.78379104e-01  8.78436364e-01  8.78353113e-01 -9.28379103e-06  1.13764306e-08  1.93649739e-09 
 5.02001458e-05  8.78379896e-01  8.78456013e-01  8.78354419e-01 -8.88950045e-06  2.04952652e-08  3.45167018e-09 
 5.02002804e-05  8.78380962e-01  8.78478485e-01  8.78358030e-01 -8.74078856e-06  3.76406357e-08  6.26080359e-09 
 5.02005495e-05  8.78383466e-01  8.78494895e-01  8.78366686e-01 -8.58642373e-06  6.88715171e-08  1.13489999e-08 
 5.02008902e-05  8.78386295e-01  8.78500113e-01  8.78377773e-01 -8.68595673e-06  1.03899285e-07  1.70347098e-08 
 5.02014130e-05  8.78391027e-01  8.78504473e-01  8.78393034e-01 -8.68199521e-06  1.49346892e-07  2.44115497e-08 
 5.02015323e-05  8.78392037e-01  8.78504940e-01  8.78396191e-01 -8.83188299e-06  1.58422286e-07  2.58739628e-08 
 5.02017709e-05  8.78395037e-01  8.78503180e-01  8.78402016e-01 -9.41807086e-06  1.74871335e-07  2.84559205e-08 
 5.02018920e-05  8.78397166e-01  8.78499027e-01  8.78404626e-01 -1.03513910e-05  1.82098258e-07  2.94907376e-08 
 5.02020111e-05  8.78400441e-01  8.78489891e-01  8.78406763e-01 -1.18879626e-05  1.87905554e-07  3.01483412e-08 
 5.02021216e-05  8.78404350e-01  8.78474542e-01  8.78408125e-01 -1.42515559e-05  1.91680667e-07  3.02612382e-08 
 5.02022292e-05  8.78409411e-01  8.78450906e-01  8.78408575e-01 -1.72781236e-05  1.93285273e-07  2.97143572e-08 
 5.02023350e-05  8.78415017e-01  8.78417060e-01  8.78407808e-01 -2.08770772e-05  1.92309363e-07  2.83245201e-08 
 5.02024358e-05  8.78420921e-01  8.78372702e-01  8.78405561e-01 -2.42504568e-05  1.88374260e-07  2.59843119e-08 
 5.02025305e-05  8.78426196e-01  8.78317643e-01  8.78401683e-01 -2.68742906e-05  1.81377258e-07  2.26337749e-08 
 5.02026369e-05  8.78431613e-01  8.78239115e-01  8.78394715e-01 -2.90085129e-05  1.69059274e-07  1.72948216e-08 
 5.02027361e-05  8.78435564e-01  8.78154071e-01  8.78385294e-01 -3.12772550e-05  1.53417303e-07  1.08086880e-08 
 5.02028854e-05  8.78439545e-01  8.78018915e-01  8.78365426e-01 -3.52099017e-05  1.23295327e-07 -1.30616539e-09 
 5.02030187e-05  8.78440550e-01  8.77899707e-01  8.78342056e-01 -3.89714802e-05  9.05475877e-08 -1.41519886e-08 
 5.02031577e-05  8.78439092e-01  8.77783581e-01  8.78312604e-01 -4.27610403e-05  5.13763575e-08 -2.91461476e-08 
 5.02032801e-05  8.78435186e-01  8.77692266e-01  8.78283036e-01 -4.57855813e-05  1.25542336e-08 -4.33354976e-08 
 5.02033547e-05  8.78431238e-01  8.77644373e-01  8.78263664e-01 -4.72176448e-05 -1.58712007e-08 -5.22437469e-08 
 5.02033946e-05  8.78428084e-01  8.77623039e-01  8.78253007e-01 -4.76843449e-05 -3.60118595e-08 -5.69975849e-08 
 5.02034323e-05  8.78424112e-01  8.77607731e-01  8.78242800e-01 -4.77512677e-05 -6.29875843e-08 -6.14087734e-08 
 5.02034594e-05  8.78419886e-01  8.77601492e-01  8.78235461e-01 -4.74032586e-05 -8.97226082e-08 -6.44499929e-08 
 5.02034818e-05  8.78415150e-01  8.77601031e-01  8.78229404e-01 -4.67977264e-05 -1.17702310e-07 -6.68218857e-08 
 5.02035035e-05  8.78408869e-01  8.77606522e-01  8.78223621e-01 -4.58267713e-05 -1.49228282e-07 -6.88978767e-08 
 5.02035277e-05  8.78400080e-01  8.77621756e-01  8.78217329e-01 -4.43126721e-05 -1.87994875e-07 -7.08440082e-08 
 5.02035555e-05  8.78388590e-01  8.77652705e-01  8.78210412e-01 -4.20809204e-05 -2.34233758e-07 -7.24804874e-08 
 5.02035860e-05  8.78375851e-01  8.77702207e-01  8.78203415e-01 -3.92338561e-05 -2.83372802e-07 -7.34718394e-08 
 5.02036307e-05  8.78359018e-01  8.77796630e-01  8.78194591e-01 -3.46779769e-05 -3.48139849e-07 -7.35364307e-08 
 5.02036605e-05  8.78349842e-01  8.77868553e-01  8.78189791e-01 -3.16387889e-05 -3.85600532e-07 -7.28089981e-08 
 5.02036890e-05  8.78342655e-01  8.77939591e-01  8.78186052e-01 -2.88227867e-05 -4.17618797e-07 -7.16938071e-08 
 5.02037220e-05  8.78336163e-01  8.78020301e-01  8.78182776e-01 -2.58372483e-05 -4.50772276e-07 -7.00532137e-08 
 5.02037577e-05  8.78331045e-01  8.78102717e-01  8.78180430e-01 -2.29554108e-05 -4.83040070e-07 -6.80092705e-08 
 5.02037945e-05  8.78327378e-01  8.78179447e-01  8.78179214e-01 -2.04251231e-05 -5.13321684e-07 -6.57661622e-08 
 5.02038344e-05  8.78324805e-01  8.78252123e-01  8.78179098e-01 -1.81456134e-05 -5.43848045e-07 -6.32936024e-08 
 5.02038777e-05  8.78323099e-01  8.78318391e-01  8.78180166e-01 -1.61783715e-05 -5.75028592e-07 -6.06609864e-08 
 5.02039272e-05  8.78322110e-01  8.78379688e-01  8.78182618e-01 -1.44583877e-05 -6.09055266e-07 -5.77691131e-08 
 5.02039834e-05  8.78321674e-01  8.78433261e-01  8.78186616e-01 -1.30555266e-05 -6.46008231e-07 -5.46796280e-08 
 5.02040508e-05  8.78321747e-01  8.78480219e-01  8.78192631e-01 -1.19277479e-05 -6.88500085e-07 -5.12290624e-08 
 5.02041315e-05  8.78322194e-01  8.78518903e-01  8.78200991e-01 -1.11078069e-05 -7.37063089e-07 -4.74053551e-08 
 5.02042352e-05  8.78323088e-01  8.78551009e-01  8.78212781e-01 -1.05496589e-05 -7.96005197e-07 -4.28725476e-08 
 5.02043706e-05  8.78324413e-01  8.78576872e-01  8.78228983e-01 -1.02352941e-05 -8.67813922e-07 -3.74152775e-08 
 5.02045646e-05  8.78326568e-01  8.78600297e-01  8.78252554e-01 -1.00932776e-05 -9.64729944e-07 -3.02316776e-08 
 5.02047823e-05  8.78329437e-01  8.78619625e-01  8.78278717e-01 -1.00572496e-05 -1.08252571e-06 -2.28422960e-08 
 5.02050000e-05  8.78333302e-01  8.78636627e-01  8.78304212e-01 -1.00436076e-05 -1.25162974e-06 -1.60599345e-08 
 5.02050046e-05  8.78332504e-01  8.78633299e-01  8.78304740e-01 -1.23010683e-05 -1.25689713e-06 -1.60475932e-08 
 5.02050139e-05  8.78331935e-01  8.78627535e-01  8.78305782e-01 -1.25445128e-05 -1.26767607e-06 -1.60136376e-08 
 5.02050324e-05  8.78332012e-01  8.78619160e-01  8.78307803e-01 -1.24699185e-05 -1.28939038e-06 -1.59220316e-08 
 5.02050695e-05  8.78331672e-01  8.78606894e-01  8.78311648e-01 -1.25668695e-05 -1.33184243e-06 -1.57144071e-08 
 5.02051436e-05  8.78331742e-01  8.78590618e-01  8.78318753e-01 -1.25215803e-05 -1.41410621e-06 -1.52431167e-08 
 5.02052587e-05  8.78331729e-01  8.78578424e-01  8.78328737e-01 -1.25817045e-05 -1.53560651e-06 -1.44716009e-08 
 5.02054080e-05  8.78332077e-01  8.78575369e-01  8.78340583e-01 -1.25231349e-05 -1.68334528e-06 -1.34752690e-08 
 5.02056512e-05  8.78332312e-01  8.78581997e-01  8.78358597e-01 -1.25729855e-05 -1.90202226e-06 -1.19144302e-08 
 5.02061376e-05  8.78333118e-01  8.78604116e-01  8.78392382e-01 -1.25159764e-05 -2.26862830e-06 -9.03917378e-09 
 5.02071105e-05  8.78334264e-01  8.78645548e-01  8.78453795e-01 -1.25598597e-05 -2.78114261e-06 -4.24670088e-09 
 5.02090561e-05  8.78336518e-01  8.78705940e-01  8.78553532e-01 -1.24946574e-05 -3.25550972e-06  2.18912516e-09 
 5.02129474e-05  8.78339600e-01  8.78761470e-01  8.78672785e-01 -1.25237409e-05 -3.28432379e-06  7.38103020e-09 
 5.02186469e-05  8.78342923e-01  8.78745003e-01  8.78711689e-01 -1.24478685e-05 -2.81486504e-06  7.62773388e-09 
 5.02261541e-05  8.78345772e-01  8.78650867e-01  8.78642437e-01 -1.24767231e-05 -2.25728997e-06  5.98897793e-09 
 5.02378471e-05  8.78349152e-01  8.78492445e-01  8.78481735e-01 -1.24052907e-05 -1.61092524e-06  4.22969118e-09 
 5.02501130e-05  8.78351377e-01  8.78380027e-01  8.78354684e-01 -1.24458267e-05 -1.13406366e-06  2.97735762e-09 
 5.02700068e-05  8.78353943e-01  8.78318466e-01  8.78275802e-01 -1.23870815e-05 -6.40381408e-07  1.68585539e-09 
 5.02950068e-05  8.78355524e-01  8.78351200e-01  8.78300996e-01 -1.24353230e-05 -3.10467872e-07  8.26461762e-10 
 5.03200068e-05  8.78356508e-01  8.78398721e-01  8.78351077e-01 -1.23837934e-05 -1.51400127e-07  4.05110011e-10 
 5.03450068e-05  8.78356818e-01  8.78413297e-01  8.78369434e-01 -1.24350027e-05 -7.37699675e-08  1.97330771e-10 
 5.03700068e-05  8.78357127e-01  8.78403541e-01  8.78361212e-01 -1.23841708e-05 -3.61422663e-08  9.53193050e-11 
 5.03950068e-05  8.78357093e-01  8.78391353e-01  8.78348408e-01 -1.24353038e-05 -1.75923628e-08  4.67728623e-11 
 5.04200068e-05  8.78357248e-01  8.78386176e-01  8.78342473e-01 -1.23843367e-05 -8.66501867e-09  2.38297178e-11 
 5.04450068e-05  8.78357153e-01  8.78386605e-01  8.78342473e-01 -1.24353369e-05 -4.19274150e-09  1.26128380e-11 
 5.04700068e-05  8.78357282e-01  8.78387731e-01  8.78343769e-01 -1.23843504e-05 -2.08586639e-09  7.08966555e-12 
 5.04950068e-05  8.78357172e-01  8.78387682e-01  8.78343802e-01 -1.24353277e-05 -9.90219485e-10  3.94095439e-12 
 5.05200068e-05  8.78357291e-01  8.78386427e-01  8.78342694e-01 -1.23843768e-05 -5.09812444e-10  2.73941742e-12 
 5.05450068e-05  8.78357175e-01  8.78385232e-01  8.78341392e-01 -1.24353231e-05 -2.26802017e-10  1.78294093e-12 
 5.05700068e-05  8.78357292e-01  8.78384273e-01  8.78340465e-01 -1.23843947e-05 -1.31565979e-10  1.81801812e-12 
 5.05950068e-05  8.78357176e-01  8.78383790e-01  8.78339881e-01 -1.24353084e-05 -4.51764199e-11  1.34616949e-12 
 5.06200068e-05  8.78357292e-01  8.78383282e-01  8.78339445e-01 -1.23844077e-05 -4.02157422e-11  1.63074973e-12 
 5.06450068e-05  8.78357176e-01  8.78382916e-01  8.78339007e-01 -1.24352935e-05 -2.33278371e-12  1.22204422e-12 
 5.06700068e-05  8.78357292e-01  8.78382413e-01  8.78338575e-01 -1.23844220e-05 -1.79959272e-11  1.57821147e-12 
 5.06950068e-05  8.78357176e-01  8.78382081e-01  8.78338168e-01 -1.24352794e-05  7.72973634e-12  1.18867633e-12 
 5.07200068e-05  8.78357292e-01  8.78381674e-01  8.78337823e-01 -1.23844361e-05 -1.25091983e-11  1.57647381e-12 
 5.07450068e-05  8.78357176e-01  8.78381445e-01  8.78337522e-01 -1.24352650e-05  1.00164501e-11  1.18599759e-12 
 5.07700068e-05  8.78357292e-01  8.78381127e-01  8.78337267e-01 -1.23844501e-05 -1.11010927e-11  1.58201962e-12 
 5.07950068e-05  8.78357176e-01  8.78380959e-01  8.78337032e-01 -1.24352507e-05  1.04997248e-11  1.18606161e-12 
 5.08200068e-05  8.78357292e-01  8.78380695e-01  8.78336829e-01 -1.23844642e-05 -1.07119051e-11  1.58612706e-12 
 5.08450068e-05  8.78357176e-01  8.78380572e-01  8.78336642e-01 -1.24352364e-05  1.05773866e-11  1.18714804e-12 
 5.08700068e-05  8.78357292e-01  8.78380354e-01  8.78336483e-01 -1.23844782e-05 -1.05862751e-11  1.59000390e-12 
 5.08950068e-05  8.78357176e-01  8.78380269e-01  8.78336336e-01 -1.24352222e-05  1.05716937e-11  1.18866852e-12 
 5.09200068e-05  8.78357292e-01  8.78380089e-01  8.78336213e-01 -1.23844923e-05 -1.05327485e-11  1.59311578e-12 
 5.09450068e-05  8.78357177e-01  8.78380032e-01  8.78336098e-01 -1.24352080e-05  1.05524463e-11  1.18984336e-12 
 5.09700068e-05  8.78357292e-01  8.78379881e-01  8.78336001e-01 -1.23845063e-05 -1.05017277e-11  1.59550753e-12 
 5.09950068e-05  8.78357177e-01  8.78379846e-01  8.78335910e-01 -1.24351939e-05  1.05326212e-11  1.19074401e-12 
 5.10200068e-05  8.78357293e-01  8.78379718e-01  8.78335835e-01 -1.23845203e-05 -1.04787216e-11  1.59744115e-12 
 5.10450068e-05  8.78357177e-01  8.78379700e-01  8.78335764e-01 -1.24351798e-05  1.05145320e-11  1.19142478e-12 
 5.10700068e-05  8.78357293e-01  8.78379591e-01  8.78335706e-01 -1.23845344e-05 -1.04589707e-11  1.59900798e-12 
 5.10950068e-05  8.78357178e-01  8.78379586e-01  8.78335649e-01 -1.24351657e-05  1.04975774e-11  1.19190459e-12 
 5.11200068e-05  8.78357293e-01  8.78379492e-01  8.78335604e-01 -1.23845484e-05 -1.04410443e-11  1.60028420e-12 
 5.11450068e-05  8.78357178e-01  8.78379496e-01  8.78335559e-01 -1.24351516e-05  1.04814367e-11  1.19222904e-12 
 5.11700068e-05  8.78357293e-01  8.78379414e-01  8.78335524e-01 -1.23845624e-05 -1.04242129e-11  1.60133392e-12 
 5.11950068e-05  8.78357178e-01  8.78379426e-01  8.78335489e-01 -1.24351376e-05  1.04657611e-11  1.19243493e-12 
 5.12200068e-05  8.78357294e-01  8.78379354e-01  8.78335462e-01 -1.23845764e-05 -1.04081470e-11  1.60220475e-12 
 5.12450068e-05  8.78357179e-01  8.78379371e-01  8.78335434e-01 -1.24351236e-05  1.04505870e-11  1.19255132e-12 
 5.12700068e-05  8.78357294e-01  8.78379306e-01  8.78335413e-01 -1.23845903e-05 -1.03926442e-11  1.60292949e-12 
 5.12950068e-05  8.78357179e-01  8.78379327e-01  8.78335391e-01 -1.24351096e-05  1.04357185e-11  1.19260222e-12 
 5.13200068e-05  8.78357294e-01  8.78379269e-01  8.78335375e-01 -1.23846043e-05 -1.03776994e-11  1.60353453e-12 
 5.13450068e-05  8.78357179e-01  8.78379293e-01  8.78335358e-01 -1.24350956e-05  1.04212047e-11  1.19260792e-12 
 5.13700068e-05  8.78357295e-01  8.78379241e-01  8.78335345e-01 -1.23846182e-05 -1.03630251e-11  1.60404199e-12 
 5.13950068e-05  8.78357180e-01  8.78379267e-01  8.78335331e-01 -1.24350817e-05  1.04069466e-11  1.19257951e-12 
 5.14200068e-05  8.78357295e-01  8.78379218e-01  8.78335322e-01 -1.23846322e-05 -1.03490831e-11  1.60446710e-12 
 5.14450068e-05  8.78357180e-01  8.78379246e-01  8.78335311e-01 -1.24350677e-05  1.03928886e-11  1.19253392e-12 
 5.14700068e-05  8.78357295e-01  8.78379201e-01  8.78335304e-01 -1.23846461e-05 -1.03351171e-11  1.60482554e-12 
 5.14950068e-05  8.78357180e-01  8.78379230e-01  8.78335295e-01 -1.24350538e-05  1.03792999e-11  1.19247380e-12 
 5.15200068e-05  8.78357295e-01  8.78379188e-01  8.78335290e-01 -1.23846600e-05 -1.03215615e-11  1.60512603e-12 
 5.15450068e-05  8.78357181e-01  8.78379217e-01  8.78335282e-01 -1.24350399e-05  1.03659895e-11  1.19240956e-12 
 5.15700068e-05  8.78357296e-01  8.78379177e-01  8.78335279e-01 -1.23846739e-05 -1.03083406e-11  1.60537621e-12 
 5.15950068e-05  8.78357181e-01  8.78379207e-01  8.78335273e-01 -1.24350260e-05  1.03527102e-11  1.19234565e-12 
 5.16200068e-05  8.78357296e-01  8.78379169e-01  8.78335270e-01 -1.23846878e-05 -1.02955866e-11  1.60558448e-12 
 5.16450068e-05  8.78357181e-01  8.78379199e-01  8.78335265e-01 -1.24350121e-05  1.03397070e-11  1.19228585e-12 
 5.16700068e-05  8.78357296e-01  8.78379163e-01  8.78335263e-01 -1.23847016e-05 -1.02827859e-11  1.60575676e-12 
 5.16950068e-05  8.78357182e-01  8.78379192e-01  8.78335260e-01 -1.24349983e-05  1.03271285e-11  1.19223143e-12 
 5.17200068e-05  8.78357297e-01  8.78379159e-01  8.78335258e-01 -1.23847155e-05 -1.02703904e-11  1.60589603e-12 
 5.17450068e-05  8.78357182e-01  8.78379187e-01  8.78335255e-01 -1.24349844e-05  1.03146502e-11  1.19218643e-12 
 5.17700068e-05  8.78357297e-01  8.78379155e-01  8.78335254e-01 -1.23847293e-05 -1.02580574e-11  1.60600694e-12 
 5.17950068e-05  8.78357183e-01  8.78379184e-01  8.78335252e-01 -1.24349706e-05  1.03024256e-11  1.19215011e-12 
 5.18200068e-05  8.78357297e-01  8.78379153e-01  8.78335251e-01 -1.23847431e-05 -1.02461507e-11  1.60609275e-12 
 5.18450068e-05  8.78357183e-01  8.78379181e-01  8.78335249e-01 -1.24349568e-05  1.02902400e-11  1.19212371e-12 
 5.18700068e-05  8.78357297e-01  8.78379151e-01  8.78335249e-01 -1.23847570e-05 -1.02344821e-11  1.60615656e-12 
 5.18950068e-05  8.78357183e-01  8.78379178e-01  8.78335247e-01 -1.24349430e-05  1.02782886e-11  1.19211021e-12 
 5.19200068e-05  8.78357298e-01  8.78379150e-01  8.78335247e-01 -1.23847708e-05 -1.02229219e-11  1.60619841e-12 
 5.19450068e-05  8.78357184e-01  8.78379177e-01  8.78335246e-01 -1.24349292e-05  1.02665450e-11  1.19210723e-12 
 5.19700068e-05  8.78357298e-01  8.78379149e-01  8.78335246e-01 -1.23847846e-05 -1.02114929e-11  1.60622259e-12 
 5.19950068e-05  8.78357184e-01  8.78379175e-01  8.78335245e-01 -1.24349154e-05  1.02550475e-11  1.19211574e-12 
 5.20200068e-05  8.78357298e-01  8.78379148e-01  8.78335245e-01 -1.23847983e-05 -1.02002037e-11  1.60622904e-12 
 5.20450068e-05  8.78357184e-01  8.78379174e-01  8.78335244e-01 -1.24349016e-05  1.02437351e-11  1.19213602e-12 
 5.20700068e-05  8.78357299e-01  8.78379148e-01  8.78335244e-01 -1.23848121e-05 -1.01891128e-11  1.60621982e-12 
 5.20950068e-05  8.78357185e-01  8.78379173e-01  8.78335243e-01 -1.24348878e-05  1.02323274e-11  1.19216583e-12 
 5.21200068e-05  8.78357299e-01  8.78379148e-01  8.78335244e-01 -1.23848259e-05 -1.01782788e-11  1.60619711e-12 
 5.21450068e-05  8.78357185e-01  8.78379173e-01  8.78335243e-01 -1.24348741e-05  1.02212848e-11  1.19220747e-12 
 5.21700068e-05  8.78357299e-01  8.78379148e-01  8.78335244e-01 -1.23848396e-05 -1.01675595e-11  1.60615938e-12 
 5.21850034e-05  8.78357185e-01  8.78379172e-01  8.78335243e-01 -1.24348557e-05  1.02464781e-11  1.19226184e-12 
 5.22000000e-05  8.78357299e-01  8.78379148e-01  8.78335244e-01 -1.23848625e-05 -1.01332744e-11  1.60606148e-12 
 5.22000217e-05  8.78355840e-01  8.78366043e-01  8.78335131e-01 -1.48097337e-05 -4.27594358e-09 -5.46779869e-10 
 5.22000651e-05  8.78354954e-01  8.78345859e-01  8.78334733e-01 -1.49399971e-05 -1.29749905e-08 -1.58946646e-09 
 5.22001519e-05  8.78354121e-01  8.78321000e-01  8.78333190e-01 -1.48864363e-05 -2.90318572e-08 -3.52228895e-09 
 5.22002754e-05  8.78352862e-01  8.78300024e-01  8.78329978e-01 -1.49610668e-05 -4.96485242e-08 -6.09813749e-09 
 5.22004140e-05  8.78351793e-01  8.78288852e-01  8.78325693e-01 -1.48970579e-05 -7.06637487e-08 -8.81251969e-09 
 5.22006672e-05  8.78349480e-01  8.78279482e-01  8.78317456e-01 -1.49728601e-05 -1.03589732e-07 -1.33842714e-08 
 5.22011737e-05  8.78345324e-01  8.78273596e-01  8.78301852e-01 -1.50867118e-05 -1.53404112e-07 -2.12069742e-08 
 5.22014446e-05  8.78343148e-01  8.78272360e-01  8.78294368e-01 -1.56794221e-05 -1.73639740e-07 -2.47302471e-08 
 5.22016162e-05  8.78342366e-01  8.78273106e-01  8.78290020e-01 -1.65880579e-05 -1.84359646e-07 -2.66983439e-08 
 5.22017676e-05  8.78341981e-01  8.78275369e-01  8.78286509e-01 -1.83733681e-05 -1.91703762e-07 -2.82165816e-08 
 5.22019072e-05  8.78342517e-01  8.78280159e-01  8.78283649e-01 -2.09474717e-05 -1.96032922e-07 -2.93644575e-08 
 5.22020432e-05  8.78343529e-01  8.78287876e-01  8.78281343e-01 -2.46682009e-05 -1.96843877e-07 -3.01793250e-08 
 5.22021689e-05  8.78345258e-01  8.78298999e-01  8.78279782e-01 -2.89992248e-05 -1.93594224e-07 -3.05758847e-08 
 5.22022779e-05  8.78346884e-01  8.78312731e-01  8.78279021e-01 -3.35205253e-05 -1.86332277e-07 -3.05493820e-08 
 5.22023706e-05  8.78348489e-01  8.78328869e-01  8.78278943e-01 -3.76830829e-05 -1.75809997e-07 -3.01543149e-08 
 5.22024510e-05  8.78349571e-01  8.78347498e-01  8.78279429e-01 -4.15504967e-05 -1.62167335e-07 -2.94355778e-08 
 5.22025236e-05  8.78350396e-01  8.78369478e-01  8.78280434e-01 -4.50104475e-05 -1.45254119e-07 -2.83846131e-08 
 5.22025925e-05  8.78350649e-01  8.78396296e-01  8.78282027e-01 -4.82778770e-05 -1.23968713e-07 -2.69272132e-08 
 5.22026660e-05  8.78350772e-01  8.78432259e-01  8.78284583e-01 -5.15462873e-05 -9.49758918e-08 -2.47767624e-08 
 5.22027434e-05  8.78351032e-01  8.78477454e-01  8.78288439e-01 -5.48966032e-05 -5.77742352e-08 -2.18071558e-08 
 5.22028436e-05  8.78352425e-01  8.78542275e-01  8.78295415e-01 -5.90722071e-05 -4.22179298e-09 -1.70113614e-08 
 5.22029357e-05  8.78354425e-01  8.78604509e-01  8.78303881e-01 -6.28135418e-05  4.27986169e-08 -1.18048291e-08 
 5.22030392e-05  8.78357708e-01  8.78674417e-01  8.78315707e-01 -6.68492806e-05  8.30656534e-08 -5.21488060e-09 
 5.22031478e-05  8.78362240e-01  8.78744969e-01  8.78330590e-01 -7.10454979e-05  1.08771006e-07  2.38186518e-09 
 5.22032588e-05  8.78368263e-01  8.78811187e-01  8.78348128e-01 -7.53189315e-05  1.25256003e-07  1.07117160e-08 
 5.22033925e-05  8.78376496e-01  8.78881304e-01  8.78371774e-01 -8.01319767e-05  1.42178424e-07  2.12933136e-08 
 5.22035273e-05  8.78385830e-01  8.78940339e-01  8.78397775e-01 -8.40984086e-05  1.59870520e-07  3.23585304e-08 
 5.22036305e-05  8.78393205e-01  8.78975466e-01  8.78418656e-01 -8.58566317e-05  1.74140215e-07  4.08660927e-08 
 5.22036960e-05  8.78398014e-01  8.78990664e-01  8.78432109e-01 -8.56056157e-05  1.83037408e-07  4.61118417e-08 
 5.22037459e-05  8.78401452e-01  8.78995408e-01  8.78442324e-01 -8.36400013e-05  1.89335193e-07  4.98661979e-08 
 5.22037925e-05  8.78404533e-01  8.78990631e-01  8.78451698e-01 -7.97399614e-05  1.94223013e-07  5.29968385e-08 
 5.22038455e-05  8.78407506e-01  8.78970431e-01  8.78461868e-01 -7.31589780e-05  1.98073059e-07  5.58722077e-08 
 5.22039085e-05  8.78410446e-01  8.78924740e-01  8.78472865e-01 -6.36409601e-05  1.99774435e-07  5.81590306e-08 
 5.22039755e-05  8.78412668e-01  8.78854523e-01  8.78482722e-01 -5.31023080e-05  1.98290453e-07  5.92126325e-08 
 5.22040677e-05  8.78414564e-01  8.78737088e-01  8.78492465e-01 -4.02284823e-05  1.91563818e-07  5.86607152e-08 
 5.22041458e-05  8.78415224e-01  8.78632766e-01  8.78497037e-01 -3.19523703e-05  1.82762745e-07  5.68108929e-08 
 5.22042152e-05  8.78415378e-01  8.78546456e-01  8.78498367e-01 -2.66712513e-05  1.73445305e-07  5.45021463e-08 
 5.22042909e-05  8.78415152e-01  8.78464250e-01  8.78497265e-01 -2.26912224e-05  1.62327306e-07  5.15836162e-08 
 5.22043742e-05  8.78414683e-01  8.78390345e-01  8.78493530e-01 -1.99149782e-05  1.49414032e-07  4.81587983e-08 
 5.22044612e-05  8.78413978e-01  8.78330819e-01  8.78487484e-01 -1.82071710e-05  1.35565548e-07  4.45427826e-08 
 5.22045579e-05  8.78413117e-01  8.78282172e-01  8.78478951e-01 -1.71688727e-05  1.19953645e-07  4.06065153e-08 
 5.22046651e-05  8.78412058e-01  8.78244373e-01  8.78468049e-01 -1.65908023e-05  1.02612322e-07  3.64167223e-08 
 5.22047917e-05  8.78410802e-01  8.78214329e-01  8.78454087e-01 -1.62943474e-05  8.23132960e-08  3.17346584e-08 
 5.22048959e-05  8.78409732e-01  8.78197202e-01  8.78442163e-01 -1.61904711e-05  6.59263462e-08  2.80922246e-08 
 5.22050000e-05  8.78408686e-01  8.78184065e-01  8.78430108e-01 -1.61461489e-05  4.99075684e-08  2.46210307e-08 
 5.22050023e-05  8.78409197e-01  8.78185790e-01  8.78429842e-01 -1.39474770e-05  4.98660466e-08  2.46100256e-08 
 5.22050069e-05  8.78409675e-01  8.78188987e-01  8.78429315e-01 -1.35877207e-05  4.98280164e-08  2.45852792e-08 
 5.22050161e-05  8.78409611e-01  8.78194144e-01  8.78428277e-01 -1.34567987e-05  4.98287406e-08  2.45240348e-08 
 5.22050346e-05  8.78409661e-01  8.78201897e-01  8.78426261e-01 -1.32678267e-05  4.97760396e-08  2.43893061e-08 
 5.22050646e-05  8.78409630e-01  8.78211537e-01  8.78423120e-01 -1.30201668e-05  4.95988181e-08  2.41557418e-08 
 5.22051245e-05  8.78409622e-01  8.78225051e-01  8.78417225e-01 -1.26972136e-05  4.89963220e-08  2.36511802e-08 
 5.22052445e-05  8.78409484e-01  8.78238040e-01  8.78406469e-01 -1.23918304e-05  4.72949029e-08  2.25878630e-08 
 5.22054843e-05  8.78409222e-01  8.78238454e-01  8.78387047e-01 -1.22742517e-05  4.33671799e-08  2.04995999e-08 
 5.22057645e-05  8.78408873e-01  8.78225778e-01  8.78365942e-01 -1.22772114e-05  3.88951089e-08  1.82793716e-08 
 5.22061925e-05  8.78408431e-01  8.78204967e-01  8.78335274e-01 -1.22829648e-05  3.28300511e-08  1.53403022e-08 
 5.22068336e-05  8.78407802e-01  8.78176413e-01  8.78292429e-01 -1.22811511e-05  2.53893792e-08  1.17717459e-08 
 5.22081158e-05  8.78406844e-01  8.78129596e-01  8.78217591e-01 -1.22936078e-05  1.50259305e-08  6.82103851e-09 
 5.22106802e-05  8.78405531e-01  8.78069232e-01  8.78107695e-01 -1.23017151e-05  4.77340231e-09  1.98499500e-09 
 5.22158089e-05  8.78404324e-01  8.78037504e-01  8.78008216e-01 -1.23315185e-05 -1.71911077e-10 -2.26970324e-10 
 5.22218831e-05  8.78403829e-01  8.78083249e-01  8.78017277e-01 -1.23478853e-05 -3.97750903e-11 -5.58544224e-11 
 5.22319163e-05  8.78403607e-01  8.78207865e-01  8.78129903e-01 -1.23773166e-05  1.39156191e-11  2.47366601e-11 
 5.22433600e-05  8.78403540e-01  8.78331439e-01  8.78263298e-01 -1.23867776e-05  1.67903224e-11  2.86472176e-11 
 5.22591029e-05  8.78403556e-01  8.78421052e-01  8.78368081e-01 -1.24031034e-05  7.70679332e-12  1.45321137e-11 
 5.22830401e-05  8.78403520e-01  8.78436458e-01  8.78395800e-01 -1.24040793e-05 -7.37527010e-13  6.22599465e-13 
 5.23080401e-05  8.78403487e-01  8.78397449e-01  8.78357857e-01 -1.24118206e-05 -3.03032664e-12 -3.44616751e-12 
 5.23330401e-05  8.78403427e-01  8.78374379e-01  8.78331423e-01 -1.24066495e-05 -1.09272313e-12 -5.44496143e-13 
 5.23580401e-05  8.78403435e-01  8.78378579e-01  8.78333322e-01 -1.24123651e-05  3.06296655e-13  1.86065540e-12 
 5.23790201e-05  8.78403423e-01  8.78390591e-01  8.78345186e-01 -1.24066521e-05  9.28501416e-13  2.87908027e-12 
 5.24000000e-05  8.78403451e-01  8.78399976e-01  8.78355167e-01 -1.24123286e-05  4.20646807e-13  2.19415800e-12 
 5.24000145e-05  8.78405830e-01  8.78420160e-01  8.78355289e-01 -1.08737404e-05  1.85162762e-09  7.61677360e-10 
 5.24000436e-05  8.78407993e-01  8.78452173e-01  8.78355716e-01 -1.02050297e-05  5.38997258e-09  2.22266010e-09 
 5.24001017e-05  8.78411361e-01  8.78493922e-01  8.78357403e-01 -9.63246591e-06  1.11789265e-08  4.97836363e-09 
 5.24001840e-05  8.78416634e-01  8.78534052e-01  8.78361054e-01 -9.00564151e-06  1.73235423e-08  8.65252212e-09 
 5.24003487e-05  8.78426389e-01  8.78576060e-01  8.78370625e-01 -8.71442655e-06  2.61125047e-08  1.54601880e-08 
 5.24006586e-05  8.78445230e-01  8.78605022e-01  8.78391167e-01 -8.54507058e-06  3.78732461e-08  2.69943269e-08 
 5.24010272e-05  8.78467156e-01  8.78619287e-01  8.78415480e-01 -8.65150029e-06  4.93993016e-08  3.89900712e-08 
 5.24016258e-05  8.78503564e-01  8.78638531e-01  8.78451728e-01 -8.90459428e-06  6.22448258e-08  5.51105936e-08 
 5.24017191e-05  8.78509295e-01  8.78640491e-01  8.78456997e-01 -9.16377472e-06  6.22425630e-08  5.72454429e-08 
 5.24019056e-05  8.78522157e-01  8.78640367e-01  8.78467033e-01 -1.01718660e-05  4.82034339e-08  6.09947119e-08 
 5.24020307e-05  8.78531557e-01  8.78634847e-01  8.78473213e-01 -1.17608794e-05  1.96828961e-08  6.29429579e-08 
 5.24021382e-05  8.78540801e-01  8.78624338e-01  8.78477949e-01 -1.37024531e-05 -2.82822918e-08  6.40410076e-08 
 5.24022477e-05  8.78550580e-01  8.78605941e-01  8.78481945e-01 -1.64936327e-05 -1.10697421e-07  6.43863557e-08 
 5.24023590e-05  8.78561166e-01  8.78577719e-01  8.78484819e-01 -1.96212991e-05 -2.42301485e-07  6.37049515e-08 
 5.24024675e-05  8.78570908e-01  8.78538793e-01  8.78486072e-01 -2.26169318e-05 -4.31287683e-07  6.17661132e-08 
 5.24025711e-05  8.78579467e-01  8.78489056e-01  8.78485419e-01 -2.45425483e-05 -6.83419176e-07  5.84592701e-08 
 5.24026847e-05  8.78586695e-01  8.78420089e-01  8.78482096e-01 -2.60397750e-05 -1.05483972e-06  5.29559187e-08 
 5.24027977e-05  8.78591701e-01  8.78341767e-01  8.78475683e-01 -2.78041101e-05 -1.52459002e-06  4.55906338e-08 
 5.24029745e-05  8.78594013e-01  8.78214572e-01  8.78459194e-01 -3.13628373e-05 -2.44225073e-06  3.08309418e-08 
 5.24031215e-05  8.78591073e-01  8.78111988e-01  8.78439787e-01 -3.44825792e-05 -3.35471180e-06  1.60339552e-08 
 5.24032546e-05  8.78584171e-01  8.78025680e-01  8.78418266e-01 -3.73326082e-05 -4.27772007e-06  1.08322239e-09 
 5.24033745e-05  8.78574362e-01  8.77955954e-01  8.78396198e-01 -3.95904748e-05 -5.16935215e-06 -1.32832631e-08 
 5.24034589e-05  8.78563456e-01  8.77913816e-01  8.78379407e-01 -4.09138965e-05 -5.82020745e-06 -2.36927425e-08 
 5.24035021e-05  8.78554872e-01  8.77896273e-01  8.78370539e-01 -4.12543079e-05 -6.15409661e-06 -2.89914183e-08 
 5.24035404e-05  8.78543826e-01  8.77884920e-01  8.78362575e-01 -4.13323580e-05 -6.44578668e-06 -3.35779084e-08 
 5.24035681e-05  8.78532624e-01  8.77880741e-01  8.78356803e-01 -4.10340962e-05 -6.65009098e-06 -3.67472135e-08 
 5.24035938e-05  8.78519239e-01  8.77881763e-01  8.78351490e-01 -4.05091665e-05 -6.82966631e-06 -3.94698431e-08 
 5.24036205e-05  8.78502359e-01  8.77890153e-01  8.78346083e-01 -3.95461355e-05 -7.00000250e-06 -4.19390757e-08 
 5.24036512e-05  8.78481000e-01  8.77911909e-01  8.78340099e-01 -3.80015867e-05 -7.16842237e-06 -4.41508841e-08 
 5.24036841e-05  8.78459339e-01  8.77950221e-01  8.78334186e-01 -3.59038776e-05 -7.30946454e-06 -4.56310564e-08 
 5.24037260e-05  8.78436927e-01  8.78018075e-01  8.78327643e-01 -3.27998519e-05 -7.42987453e-06 -4.62026582e-08 
 5.24037737e-05  8.78421110e-01  8.78111931e-01  8.78321847e-01 -2.90315105e-05 -7.49366179e-06 -4.53097431e-08 
 5.24038121e-05  8.78415853e-01  8.78192579e-01  8.78318594e-01 -2.60546999e-05 -7.49762824e-06 -4.36731874e-08 
 5.24038499e-05  8.78416412e-01  8.78270608e-01  8.78316627e-01 -2.33431693e-05 -7.47001552e-06 -4.15221193e-08 
 5.24038931e-05  8.78422409e-01  8.78353288e-01  8.78315795e-01 -2.06044631e-05 -7.41048442e-06 -3.86721845e-08 
 5.24039357e-05  8.78432741e-01  8.78425782e-01  8.78316299e-01 -1.83306436e-05 -7.33099584e-06 -3.56391580e-08 
 5.24039840e-05  8.78447985e-01  8.78495698e-01  8.78318222e-01 -1.62307062e-05 -7.22496613e-06 -3.21232122e-08 
 5.24040349e-05  8.78466931e-01  8.78555832e-01  8.78321519e-01 -1.45325189e-05 -7.10208269e-06 -2.84499341e-08 
 5.24040950e-05  8.78491546e-01  8.78611264e-01  8.78326705e-01 -1.30500495e-05 -6.94932812e-06 -2.42478155e-08 
 5.24041624e-05  8.78520919e-01  8.78657219e-01  8.78333717e-01 -1.19316205e-05 -6.77458419e-06 -1.97656538e-08 
 5.24042456e-05  8.78558425e-01  8.78696963e-01  8.78343514e-01 -1.10568592e-05 -6.55947222e-06 -1.45631700e-08 
 5.24043456e-05  8.78604629e-01  8.78728629e-01  8.78356273e-01 -1.04891679e-05 -6.30600938e-06 -8.72484225e-09 
 5.24044782e-05  8.78667095e-01  8.78755588e-01  8.78373948e-01 -1.01240248e-05 -5.98222266e-06 -1.54961323e-09 
 5.24046563e-05  8.78754779e-01  8.78779351e-01  8.78397996e-01 -9.95681272e-06 -5.57171456e-06  7.26987065e-09 
 5.24048282e-05  8.78848853e-01  8.78796828e-01  8.78421000e-01 -9.89620307e-06 -5.20146247e-06  1.50213296e-08 
 5.24050000e-05  8.78963139e-01  8.78812457e-01  8.78443574e-01 -9.87977929e-06 -4.85522400e-06  2.20692780e-08 
 5.24050042e-05  8.78964501e-01  8.78805743e-01  8.78444108e-01 -1.10238671e-05 -4.84754443e-06  2.20035113e-08 
 5.24050126e-05  8.78969035e-01  8.78794017e-01  8.78445154e-01 -1.13834630e-05 -4.83218422e-06  2.18891819e-08 
 5.24050294e-05  8.78980293e-01  8.78776574e-01  8.78447138e-01 -1.14732751e-05 -4.80140721e-06  2.16988178e-08 
 5.24050630e-05  8.79001854e-01  8.78750777e-01  8.78450778e-01 -1.18240205e-05 -4.73987540e-06  2.13567604e-08 
 5.24051302e-05  8.79045995e-01  8.78714905e-01  8.78457094e-01 -1.21108412e-05 -4.61788509e-06  2.07857972e-08 
 5.24052646e-05  8.79133519e-01  8.78676868e-01  8.78467296e-01 -1.24389886e-05 -4.38132853e-06  1.98334906e-08 
 5.24054295e-05  8.79240550e-01  8.78662279e-01  8.78477407e-01 -1.24436119e-05 -4.10679343e-06  1.87897997e-08 
 5.24057037e-05  8.79415432e-01  8.78662332e-01  8.78492063e-01 -1.24953276e-05 -3.68760928e-06  1.71247566e-08 
 5.24061132e-05  8.79671427e-01  8.78674663e-01  8.78512126e-01 -1.24378985e-05 -3.13914950e-06  1.47653976e-08 
 5.24067972e-05  8.80083595e-01  8.78695876e-01  8.78543226e-01 -1.24846707e-05 -2.39632693e-06  1.11848893e-08 
 5.24081262e-05  8.80834709e-01  8.78731708e-01  8.78596410e-01 -1.24283268e-05 -1.40518228e-06  5.56653344e-09 
 5.24107841e-05  8.82157470e-01  8.78791698e-01  8.78680655e-01 -1.24654248e-05 -4.41981161e-07 -1.24048114e-09 
 5.24161001e-05  8.84221519e-01  8.78915959e-01  8.78813849e-01 -1.23980917e-05  9.26358809e-09 -5.01462407e-09 
 5.24218825e-05  8.85789510e-01  8.79124978e-01  8.78988327e-01 -1.24348500e-05 -6.03857524e-10 -3.87110299e-09 
 5.24320339e-05  8.87481222e-01  8.79793200e-01  8.79560235e-01 -1.23753291e-05  2.15139467e-10 -1.88284063e-09 
 5.24414666e-05  8.88296277e-01  8.80726326e-01  8.80417096e-01 -1.24206990e-05  2.89043507e-11 -9.10252444e-10 
 5.24548477e-05  8.88863380e-01  8.82288790e-01  8.81940619e-01 -1.23702133e-05  1.67789391e-10 -1.84698577e-10 
 5.24717857e-05  8.89131132e-01  8.84143231e-01  8.83841875e-01 -1.24194183e-05  1.35816301e-10  1.18131871e-10 
 5.24891622e-05  8.89213432e-01  8.85483167e-01  8.85281750e-01 -1.23729114e-05  1.09233872e-10  1.40275829e-10 
 5.25102767e-05  8.89240143e-01  8.86260053e-01  8.86163982e-01 -1.24257309e-05  3.40314957e-11  6.17587932e-11 
 5.25307473e-05  8.89245450e-01  8.86443493e-01  8.86394606e-01 -1.23805516e-05  1.18779574e-12  5.89911567e-12 
 5.25557473e-05  8.89246298e-01  8.86493113e-01  8.86443567e-01 -1.24315584e-05 -8.18927825e-12 -8.43814336e-12 
 5.25807473e-05  8.89246541e-01  8.86664500e-01  8.86595090e-01 -1.23831804e-05  3.97158023e-12  1.06165370e-11 
 5.26057473e-05  8.89246430e-01  8.86970834e-01  8.86892156e-01 -1.24314356e-05  1.30518007e-11  2.33343796e-11 
 5.26307473e-05  8.89246752e-01  8.87291690e-01  8.87216745e-01 -1.23824741e-05  1.23019026e-11  2.52575688e-11 
 5.26557473e-05  8.89246664e-01  8.87551512e-01  8.87484226e-01 -1.24311516e-05  1.02719335e-11  1.82216073e-11 
 5.26807473e-05  8.89246918e-01  8.87748570e-01  8.87686619e-01 -1.23826860e-05  5.34207097e-12  1.40803410e-11 
 5.27057473e-05  8.89246765e-01  8.87911432e-01  8.87851609e-01 -1.24314314e-05  6.23453871e-12  1.08174568e-11 
 5.27307473e-05  8.89246994e-01  8.88060019e-01  8.88001143e-01 -1.23828889e-05  3.84786474e-12  1.13346268e-11 
 5.27557473e-05  8.89246839e-01  8.88198543e-01  8.88140700e-01 -1.24314851e-05  5.98715435e-12  9.92176409e-12 
 5.27807473e-05  8.89247069e-01  8.88323751e-01  8.88267428e-01 -1.23829390e-05  3.19754553e-12  1.00866582e-11 
 5.28057473e-05  8.89246909e-01  8.88433816e-01  8.88378994e-01 -1.24315116e-05  4.98989825e-12  8.02010482e-12 
 5.28307473e-05  8.89247129e-01  8.88529699e-01  8.88476231e-01 -1.23830145e-05  2.06392867e-12  8.05195906e-12 
 5.28557473e-05  8.89246961e-01  8.88614027e-01  8.88561575e-01 -1.24315531e-05  4.07278768e-12  6.30377819e-12 
 5.28807473e-05  8.89247174e-01  8.88688752e-01  8.88637217e-01 -1.23830804e-05  1.34145819e-12  6.69884493e-12 
 5.29057473e-05  8.89247001e-01  8.88755271e-01  8.88704486e-01 -1.24315753e-05  3.48790159e-12  5.18802834e-12 
 5.29307473e-05  8.89247210e-01  8.88814224e-01  8.88764194e-01 -1.23831303e-05  8.11081454e-13  5.69492104e-12 
 5.29557473e-05  8.89247033e-01  8.88866445e-01  8.88817029e-01 -1.24315883e-05  2.99563195e-12  4.26668108e-12 
 5.29807473e-05  8.89247238e-01  8.88912542e-01  8.88863734e-01 -1.23831741e-05  3.68113526e-13  4.85950104e-12 
 5.30057473e-05  8.89247058e-01  8.88953377e-01  8.88905037e-01 -1.24315961e-05  2.60087329e-12  3.53186924e-12 
 5.30307473e-05  8.89247260e-01  8.88989468e-01  8.88941603e-01 -1.23832122e-05  2.88115885e-14  4.21439896e-12 
 5.30557473e-05  8.89247078e-01  8.89021488e-01  8.88973981e-01 -1.24315984e-05  2.29699528e-12  2.96698186e-12 
 5.30807473e-05  8.89247277e-01  8.89049780e-01  8.89002654e-01 -1.23832452e-05 -2.34179646e-13  3.71201610e-12 
 5.31057473e-05  8.89247093e-01  8.89074882e-01  8.89028032e-01 -1.24315967e-05  2.05688114e-12  2.52279957e-12 
 5.31307473e-05  8.89247291e-01  8.89097042e-01  8.89050496e-01 -1.23832746e-05 -4.40804294e-13  3.31599657e-12 
 5.31557473e-05  8.89247105e-01  8.89116713e-01  8.89070377e-01 -1.24315921e-05  1.86765252e-12  2.17427449e-12 
 5.31807473e-05  8.89247302e-01  8.89134071e-01  8.89087979e-01 -1.23833010e-05 -6.01764298e-13  3.00589534e-12 
 5.32057473e-05  8.89247115e-01  8.89149491e-01  8.89103558e-01 -1.24315850e-05  1.71906890e-12  1.90188837e-12 
 5.32307473e-05  8.89247310e-01  8.89163088e-01  8.89117352e-01 -1.23833251e-05 -7.27168976e-13  2.76290845e-12 
 5.32557473e-05  8.89247123e-01  8.89175177e-01  8.89129560e-01 -1.24315760e-05  1.60202710e-12  1.68859637e-12 
 5.32807473e-05  8.89247317e-01  8.89185826e-01  8.89140369e-01 -1.23833473e-05 -8.24919560e-13  2.57222753e-12 
 5.33057473e-05  8.89247129e-01  8.89195305e-01  8.89149935e-01 -1.24315656e-05  1.50975868e-12  1.52162587e-12 
 5.33307473e-05  8.89247322e-01  8.89203644e-01  8.89158405e-01 -1.23833681e-05 -9.00969403e-13  2.42264525e-12 
 5.33557473e-05  8.89247134e-01  8.89211077e-01  8.89165901e-01 -1.24315542e-05  1.43695797e-12  1.39100363e-12 
 5.33807473e-05  8.89247327e-01  8.89217607e-01  8.89172538e-01 -1.23833877e-05 -9.60050832e-13  2.30526123e-12 
 5.34057473e-05  8.89247137e-01  8.89223436e-01  8.89178412e-01 -1.24315419e-05  1.37942522e-12  1.28883362e-12 
 5.34307473e-05  8.89247330e-01  8.89228548e-01  8.89183614e-01 -1.23834064e-05 -1.00586835e-12  2.21309527e-12 
 5.34557473e-05  8.89247141e-01  8.89233121e-01  8.89188216e-01 -1.24315289e-05  1.33387485e-12  1.20895264e-12 
 5.34807473e-05  8.89247333e-01  8.89237122e-01  8.89192292e-01 -1.23834243e-05 -1.04131309e-12  2.14069712e-12 
 5.35057473e-05  8.89247143e-01  8.89240710e-01  8.89195899e-01 -1.24315155e-05  1.29774143e-12  1.14653653e-12 
 5.35307473e-05  8.89247335e-01  8.89243841e-01  8.89199093e-01 -1.23834417e-05 -1.06865601e-12  2.08379142e-12 
 5.35557473e-05  8.89247145e-01  8.89246658e-01  8.89201920e-01 -1.24315017e-05  1.26900443e-12  1.09780121e-12 
 5.35807473e-05  8.89247337e-01  8.89249106e-01  8.89204423e-01 -1.23834585e-05 -1.08966872e-12  2.03902731e-12 
 5.36057473e-05  8.89247147e-01  8.89251318e-01  8.89206638e-01 -1.24314876e-05  1.24607876e-12  1.05978171e-12 
 5.36307473e-05  8.89247338e-01  8.89253232e-01  8.89208599e-01 -1.23834750e-05 -1.10573790e-12  2.00378050e-12 
 5.36557473e-05  8.89247148e-01  8.89254970e-01  8.89210335e-01 -1.24314733e-05  1.22773514e-12  1.03015784e-12 
 5.36807473e-05  8.89247339e-01  8.89256465e-01  8.89211872e-01 -1.23834911e-05 -1.11795729e-12  1.97599559e-12 
 5.37057473e-05  8.89247149e-01  8.89257832e-01  8.89213232e-01 -1.24314589e-05  1.21299043e-12  1.00710797e-12 
 5.37307473e-05  8.89247340e-01  8.89258999e-01  8.89214437e-01 -1.23835070e-05 -1.12717322e-12  1.95405898e-12 
 5.37557473e-05  8.89247150e-01  8.89260074e-01  8.89215502e-01 -1.24314444e-05  1.20109001e-12  9.89207956e-13 
 5.37807473e-05  8.89247341e-01  8.89260985e-01  8.89216447e-01 -1.23835226e-05 -1.13405813e-12  1.93670839e-12 
 5.38057473e-05  8.89247151e-01  8.89261832e-01  8.89217281e-01 -1.24314298e-05  1.19143237e-12  9.75340089e-13 
 5.38307473e-05  8.89247342e-01  8.89262541e-01  8.89218022e-01 -1.23835381e-05 -1.13912525e-12  1.92295474e-12 
 5.38557473e-05  8.89247152e-01  8.89263209e-01  8.89218676e-01 -1.24314152e-05  1.18354632e-12  9.64629418e-13 
 5.38807473e-05  8.89247342e-01  8.89263760e-01  8.89219256e-01 -1.23835534e-05 -1.14278790e-12  1.91202192e-12 
 5.39057473e-05  8.89247153e-01  8.89264288e-01  8.89219768e-01 -1.24314005e-05  1.17706582e-12  9.56390837e-13 
 5.39307473e-05  8.89247343e-01  8.89264716e-01  8.89220223e-01 -1.23835685e-05 -1.14536462e-12  1.90330141e-12 
 5.39557473e-05  8.89247153e-01  8.89265134e-01  8.89220625e-01 -1.24313859e-05  1.17170141e-12  9.50085984e-13 
 5.39807473e-05  8.89247343e-01  8.89265465e-01  8.89220981e-01 -1.23835836e-05 -1.14710368e-12  1.89631790e-12 
 5.40057473e-05  8.89247154e-01  8.89265797e-01  8.89221296e-01 -1.24313713e-05  1.16722148e-12  9.45294949e-13 
 5.40307473e-05  8.89247344e-01  8.89266052e-01  8.89221575e-01 -1.23835985e-05 -1.14819894e-12  1.89069713e-12 
 5.40557473e-05  8.89247154e-01  8.89266316e-01  8.89221822e-01 -1.24313567e-05  1.16345280e-12  9.41687050e-13 
 5.40807473e-05  8.89247344e-01  8.89266513e-01  8.89222041e-01 -1.23836133e-05 -1.14880197e-12  1.88614662e-12 
 5.41057473e-05  8.89247155e-01  8.89266723e-01  8.89222234e-01 -1.24313421e-05  1.16024898e-12  9.39004354e-13 
 5.41307473e-05  8.89247345e-01  8.89266873e-01  8.89222406e-01 -1.23836281e-05 -1.14903313e-12  1.88243697e-12 
 5.41557473e-05  8.89247155e-01  8.89267042e-01  8.89222557e-01 -1.24313276e-05  1.15750443e-12  9.37045905e-13 
 5.41807473e-05  8.89247345e-01  8.89267156e-01  8.89222692e-01 -1.23836428e-05 -1.14898282e-12  1.87938911e-12 
 5.42057473e-05  8.89247156e-01  8.89267292e-01  8.89222810e-01 -1.24313131e-05  1.15512699e-12  9.35650808e-13 
 5.42307473e-05  8.89247345e-01  8.89267378e-01  8.89222916e-01 -1.23836574e-05 -1.14872326e-12  1.87686021e-12 
 5.42557473e-05  8.89247156e-01  8.89267488e-01  8.89223009e-01 -1.24312986e-05  1.15304988e-12  9.34696331e-13 
 5.42807473e-05  8.89247346e-01  8.89267551e-01  8.89223092e-01 -1.23836719e-05 -1.14831148e-12  1.87474168e-12 
 5.43057473e-05  8.89247157e-01  8.89267642e-01  8.89223165e-01 -1.24312842e-05  1.15121996e-12  9.34085166e-13 
 5.43307473e-05  8.89247346e-01  8.89267688e-01  8.89223230e-01 -1.23836864e-05 -1.14779171e-12  1.87294554e-12 
 5.43557473e-05  8.89247157e-01  8.89267763e-01  8.89223287e-01 -1.24312698e-05  1.14959062e-12  9.33741094e-13 
 5.43778736e-05  8.89247346e-01  8.89267789e-01  8.89223332e-01 -1.23837018e-05 -1.14709674e-12  1.87142261e-12 
 5.44000000e-05  8.89247157e-01  8.89267847e-01  8.89223373e-01 -1.24312535e-05  1.14808553e-12  9.33779638e-13 
 5.44000317e-05  8.89242401e-01  8.89231712e-01  8.89222921e-01 -1.39892788e-05 -3.01167225e-09 -1.58668192e-09 
 5.44000950e-05  8.89236517e-01  8.89179064e-01  8.89221369e-01 -1.45396668e-05 -7.91805474e-09 -4.60878734e-09 
 5.44002217e-05  8.89226351e-01  8.89122911e-01  8.89215693e-01 -1.48753909e-05 -1.42285328e-08 -1.01654055e-08 
 5.44004013e-05  8.89212431e-01  8.89084676e-01  8.89204853e-01 -1.50470999e-05 -2.10785517e-08 -1.74134404e-08 
 5.44005971e-05  8.89198382e-01  8.89068568e-01  8.89191834e-01 -1.50062646e-05 -2.79707896e-08 -2.47148897e-08 
 5.44009888e-05  8.89171943e-01  8.89049229e-01  8.89166059e-01 -1.51252294e-05 -4.02623598e-08 -3.77413009e-08 
 5.44015270e-05  8.89139485e-01  8.89033441e-01  8.89133178e-01 -1.61089735e-05 -5.00875654e-08 -5.25675856e-08 
 5.44017025e-05  8.89129980e-01  8.89029618e-01  8.89123272e-01 -1.76350354e-05 -4.72585926e-08 -5.66259386e-08 
 5.44018649e-05  8.89123174e-01  8.89030261e-01  8.89114600e-01 -2.02162347e-05 -3.48165133e-08 -5.99269114e-08 
 5.44020151e-05  8.89118670e-01  8.89033537e-01  8.89107184e-01 -2.40564361e-05 -9.68026785e-09 -6.25100268e-08 
 5.44021535e-05  8.89117117e-01  8.89041262e-01  8.89101031e-01 -2.87685907e-05  3.11437200e-08 -6.43767380e-08 
 5.44022772e-05  8.89117792e-01  8.89052337e-01  8.89096265e-01 -3.39860205e-05  8.85178723e-08 -6.55120472e-08 
 5.44023834e-05  8.89120711e-01  8.89067031e-01  8.89092895e-01 -3.90018279e-05  1.60288173e-07 -6.59475140e-08 
 5.44024754e-05  8.89124909e-01  8.89084741e-01  8.89090673e-01 -4.37179951e-05  2.46226573e-07 -6.57884545e-08 
 5.44025587e-05  8.89130738e-01  8.89106679e-01  8.89089381e-01 -4.80677637e-05  3.50161361e-07 -6.50677475e-08 
 5.44026404e-05  8.89138324e-01  8.89134900e-01  8.89088962e-01 -5.23731732e-05  4.83860722e-07 -6.36807884e-08 
 5.44027350e-05  8.89150560e-01  8.89176344e-01  8.89089786e-01 -5.72358485e-05  6.85405803e-07 -6.10983606e-08 
 5.44028302e-05  8.89166123e-01  8.89224646e-01  8.89092263e-01 -6.21337068e-05  9.40573895e-07 -5.74659838e-08 
 5.44029332e-05  8.89184648e-01  8.89279969e-01  8.89096928e-01 -6.73895807e-05  1.27144608e-06 -5.25272393e-08 
 5.44030397e-05  8.89201499e-01  8.89337749e-01  8.89103911e-01 -7.27939759e-05  1.66873870e-06 -4.64746516e-08 
 5.44031592e-05  8.89215569e-01  8.89401341e-01  8.89114243e-01 -7.87559165e-05  2.17504504e-06 -3.86966091e-08 
 5.44033109e-05  8.89228858e-01  8.89476562e-01  8.89130746e-01 -8.62456991e-05  2.89314252e-06 -2.76460893e-08 
 5.44034445e-05  8.89240502e-01  8.89535896e-01  8.89147973e-01 -9.24543770e-05  3.58089807e-06 -1.70773116e-08 
 5.44035887e-05  8.89253964e-01  8.89591513e-01  8.89168791e-01 -9.81839403e-05  4.36436951e-06 -5.09021257e-09 
 5.44037124e-05  8.89266719e-01  8.89629878e-01  8.89187979e-01 -1.01501597e-04  5.05383211e-06  5.36393239e-09 
 5.44037939e-05  8.89275158e-01  8.89647483e-01  8.89201010e-01 -1.01807917e-04  5.50485612e-06  1.20935375e-08 
 5.44038497e-05  8.89280977e-01  8.89652847e-01  8.89209941e-01 -9.98535777e-05  5.80224930e-06  1.64214455e-08 
 5.44038995e-05  8.89285629e-01  8.89649460e-01  8.89217776e-01 -9.57795768e-05  6.05025368e-06  1.98790297e-08 
 5.44039559e-05  8.89290391e-01  8.89632773e-01  8.89226228e-01 -8.87440057e-05  6.29855721e-06  2.30737513e-08 
 5.44040235e-05  8.89294695e-01  8.89593514e-01  8.89235355e-01 -7.81490676e-05  6.53823257e-06  2.56632722e-08 
 5.44040952e-05  8.89297813e-01  8.89531995e-01  8.89243361e-01 -6.60148109e-05  6.71685593e-06  2.68639616e-08 
 5.44041897e-05  8.89299335e-01  8.89431856e-01  8.89250560e-01 -5.10944636e-05  6.83549080e-06  2.62260422e-08 
 5.44042793e-05  8.89298696e-01  8.89330573e-01  8.89253593e-01 -3.97228321e-05  6.84182449e-06  2.37634141e-08 
 5.44043598e-05  8.89296610e-01  8.89244597e-01  8.89253261e-01 -3.21179331e-05  6.77926931e-06  2.04913859e-08 
 5.44044427e-05  8.89293562e-01  8.89167026e-01  8.89250263e-01 -2.65721223e-05  6.66700247e-06  1.64980045e-08 
 5.44045350e-05  8.89289255e-01  8.89096016e-01  8.89244347e-01 -2.24614455e-05  6.50431892e-06  1.16711360e-08 
 5.44046277e-05  8.89284448e-01  8.89040392e-01  8.89236315e-01 -1.99119210e-05  6.31679681e-06  6.68440109e-09 
 5.44047324e-05  8.89278529e-01  8.88993448e-01  8.89225493e-01 -1.82071357e-05  6.09072223e-06  1.09549987e-09 
 5.44048454e-05  8.89271940e-01  8.88957127e-01  8.89212475e-01 -1.72302808e-05  5.84124569e-06 -4.75100047e-09 
 5.44049227e-05  8.89267280e-01  8.88938577e-01  8.89203062e-01 -1.68507648e-05  5.67101042e-06 -8.61029999e-09 
 5.44050000e-05  8.89262637e-01  8.88923588e-01  8.89193424e-01 -1.66246229e-05  5.50319459e-06 -1.23419406e-08 
 5.44050021e-05  8.89263519e-01  8.88926963e-01  8.89193168e-01 -1.55734994e-05  5.49902304e-06 -1.23245134e-08 
 5.44050062e-05  8.89264340e-01  8.88933176e-01  8.89192662e-01 -1.51590421e-05  5.49071528e-06 -1.22959300e-08 
 5.44050144e-05  8.89264273e-01  8.88943293e-01  8.89191680e-01 -1.49277071e-05  5.47416250e-06 -1.22583667e-08 
 5.44050309e-05  8.89264395e-01  8.88958753e-01  8.89189809e-01 -1.45967881e-05  5.44102085e-06 -1.22017221e-08 
 5.44050581e-05  8.89264406e-01  8.88978262e-01  8.89186932e-01 -1.41299034e-05  5.38623191e-06 -1.21349921e-08 
 5.44051125e-05  8.89264516e-01  8.89006786e-01  8.89181789e-01 -1.34826920e-05  5.27700192e-06 -1.20722106e-08 
 5.44052213e-05  8.89264486e-01  8.89039669e-01  8.89173139e-01 -1.27838024e-05  5.06181370e-06 -1.20891713e-08 
 5.44054390e-05  8.89264364e-01  8.89059157e-01  8.89159107e-01 -1.23978037e-05  4.65132689e-06 -1.22640802e-08 
 5.44057041e-05  8.89264055e-01  8.89054733e-01  8.89144342e-01 -1.23545876e-05  4.19235461e-06 -1.23987266e-08 
 5.44060780e-05  8.89263722e-01  8.89042442e-01  8.89124832e-01 -1.23582566e-05  3.61952614e-06 -1.23395031e-08 
 5.44065498e-05  8.89263270e-01  8.89027344e-01  8.89101655e-01 -1.23471812e-05  3.00617700e-06 -1.19709564e-08 
 5.44074830e-05  8.89262617e-01  8.89002060e-01  8.89060318e-01 -1.23571650e-05  2.07572704e-06 -1.06982521e-08 
 5.44093494e-05  8.89261612e-01  8.88966627e-01  8.88994851e-01 -1.23485671e-05  9.62971895e-07 -7.52858109e-09 
 5.44130821e-05  8.89260628e-01  8.88941505e-01  8.88921987e-01 -1.23666018e-05  1.48703149e-07 -2.72188898e-09 
 5.44183060e-05  8.89260095e-01  8.88969899e-01  8.88911021e-01 -1.23675163e-05 -1.88500507e-09 -2.77305490e-10 
 5.44255553e-05  8.89259967e-01  8.89060004e-01  8.88981427e-01 -1.23893204e-05  3.16845960e-10  3.92004558e-11 
 5.44373622e-05  8.89259954e-01  8.89211960e-01  8.89136121e-01 -1.23894611e-05 -1.05352714e-10  2.08628481e-11 
 5.44509427e-05  8.89260076e-01  8.89324580e-01  8.89264305e-01 -1.24057543e-05  7.00816913e-11  2.99675976e-11 
 5.44715879e-05  8.89260105e-01  8.89366712e-01  8.89323678e-01 -1.23994948e-05 -3.28115300e-11  8.65973146e-13 
 5.44965879e-05  8.89260108e-01  8.89317133e-01  8.89279977e-01 -1.24118561e-05  1.86293262e-11 -2.33564264e-12 
 5.45215879e-05  8.89260011e-01  8.89265261e-01  8.89224573e-01 -1.24019944e-05 -1.78734555e-11 -5.24320588e-12 
 5.45465879e-05  8.89260014e-01  8.89252677e-01  8.89207799e-01 -1.24124521e-05  9.49329027e-12  1.78036329e-12 
 5.45715879e-05  8.89259983e-01  8.89264324e-01  8.89218200e-01 -1.24019427e-05 -5.52977759e-12  2.11644759e-12 
 5.45857940e-05  8.89260025e-01  8.89272422e-01  8.89226649e-01 -1.24123424e-05  3.75730415e-12  3.01798706e-12 
 5.46000000e-05  8.89259997e-01  8.89277543e-01  8.89232377e-01 -1.24019061e-05 -7.33392947e-13  2.27668253e-12 
 5.46000112e-05  8.89260937e-01  8.89285527e-01  8.89232415e-01 -9.90820958e-06  1.61988024e-09  2.97327672e-10 
 5.46000336e-05  8.89261415e-01  8.89298664e-01  8.89232551e-01 -9.49199069e-06  4.93265862e-09  8.64270095e-10 
 5.46000784e-05  8.89261679e-01  8.89316865e-01  8.89233097e-01 -9.28219491e-06  1.13571278e-08  1.93329433e-09 
 5.46001456e-05  8.89262470e-01  8.89336508e-01  8.89234400e-01 -8.88784774e-06  2.04644098e-08  3.44658927e-09 
 5.46002800e-05  8.89263534e-01  8.89358990e-01  8.89238006e-01 -8.73872533e-06  3.75886810e-08  6.25232404e-09 
 5.46005487e-05  8.89266035e-01  8.89375429e-01  8.89246650e-01 -8.58404638e-06  6.87834078e-08  1.13346869e-08 
 5.46008892e-05  8.89268863e-01  8.89380666e-01  8.89257737e-01 -8.68350994e-06  1.03807333e-07  1.70197781e-08 
 5.46014114e-05  8.89273588e-01  8.89385037e-01  8.89272988e-01 -8.67871987e-06  1.49216521e-07  2.43904850e-08 
 5.46015317e-05  8.89274607e-01  8.89385513e-01  8.89276175e-01 -8.82875883e-06  1.58373314e-07  2.58660942e-08 
 5.46017723e-05  8.89277634e-01  8.89383726e-01  8.89282050e-01 -9.42406953e-06  1.74956492e-07  2.84684418e-08 
 5.46018938e-05  8.89279783e-01  8.89379514e-01  8.89284666e-01 -1.03683056e-05  1.82197077e-07  2.95035705e-08 
 5.46020124e-05  8.89283057e-01  8.89370345e-01  8.89286788e-01 -1.19072056e-05  1.87957954e-07  3.01526185e-08 
 5.46021225e-05  8.89286966e-01  8.89354962e-01  8.89288141e-01 -1.42726849e-05  1.91704144e-07  3.02596078e-08 
 5.46022301e-05  8.89292031e-01  8.89331259e-01  8.89288583e-01 -1.73029342e-05  1.93288402e-07  2.97067951e-08 
 5.46023358e-05  8.89297641e-01  8.89297322e-01  8.89287806e-01 -2.09041606e-05  1.92289717e-07  2.83094405e-08 
 5.46024366e-05  8.89303543e-01  8.89252874e-01  8.89285548e-01 -2.42731163e-05  1.88330119e-07  2.59612034e-08 
 5.46025313e-05  8.89308813e-01  8.89197716e-01  8.89281655e-01 -2.68894024e-05  1.81306672e-07  2.26016169e-08 
 5.46026376e-05  8.89314220e-01  8.89119122e-01  8.89274672e-01 -2.90204905e-05  1.68963957e-07  1.72542343e-08 
 5.46027370e-05  8.89318168e-01  8.89033896e-01  8.89265215e-01 -3.12956995e-05  1.53271112e-07  1.07483370e-08 
 5.46028868e-05  8.89322143e-01  8.88898219e-01  8.89245223e-01 -3.52461828e-05  1.22984475e-07 -1.43037022e-09 
 5.46030198e-05  8.89323122e-01  8.88779281e-01  8.89221852e-01 -3.90007468e-05  9.02542236e-08 -1.42669194e-08 
 5.46031587e-05  8.89321642e-01  8.88663309e-01  8.89192384e-01 -4.27853843e-05  5.10695553e-08 -2.92611253e-08 
 5.46032807e-05  8.89317725e-01  8.88572396e-01  8.89162898e-01 -4.57925816e-05  1.23020633e-08 -4.34054620e-08 
 5.46033548e-05  8.89313757e-01  8.88524930e-01  8.89143667e-01 -4.71947761e-05 -1.60070274e-08 -5.22475622e-08 
 5.46033945e-05  8.89310522e-01  8.88503732e-01  8.89133044e-01 -4.76290500e-05 -3.60752571e-08 -5.69872559e-08 
 5.46034322e-05  8.89306386e-01  8.88488541e-01  8.89122840e-01 -4.76534569e-05 -6.26506249e-08 -6.13987429e-08 
 5.46034595e-05  8.89301966e-01  8.88482367e-01  8.89115435e-01 -4.72762148e-05 -8.87791528e-08 -6.44690265e-08 
 5.46034822e-05  8.89297062e-01  8.88482033e-01  8.89109325e-01 -4.66646746e-05 -1.15621676e-07 -6.68613868e-08 
 5.46035039e-05  8.89290629e-01  8.88487690e-01  8.89103521e-01 -4.56995515e-05 -1.45088835e-07 -6.89434882e-08 
 5.46035282e-05  8.89281693e-01  8.88503108e-01  8.89097226e-01 -4.42013008e-05 -1.80282015e-07 -7.08865309e-08 
 5.46035561e-05  8.89270031e-01  8.88534300e-01  8.89090303e-01 -4.19821404e-05 -2.20864373e-07 -7.25172792e-08 
 5.46035867e-05  8.89257123e-01  8.88584063e-01  8.89083306e-01 -3.91425495e-05 -2.62040285e-07 -7.34979893e-08 
 5.46036316e-05  8.89240063e-01  8.88679060e-01  8.89074473e-01 -3.45806095e-05 -3.12588167e-07 -7.35414695e-08 
 5.46036609e-05  8.89230942e-01  8.88749961e-01  8.89069758e-01 -3.15909553e-05 -3.38736785e-07 -7.28139135e-08 
 5.46036893e-05  8.89223734e-01  8.88820465e-01  8.89066050e-01 -2.88001382e-05 -3.59477340e-07 -7.17016428e-08 
 5.46037222e-05  8.89217169e-01  8.88901115e-01  8.89062778e-01 -2.58173650e-05 -3.79170134e-07 -7.00569589e-08 
 5.46037580e-05  8.89211993e-01  8.88983521e-01  8.89060434e-01 -2.29375966e-05 -3.96362078e-07 -6.80071863e-08 
 5.46037948e-05  8.89208281e-01  8.89060233e-01  8.89059220e-01 -2.04078545e-05 -4.10832112e-07 -6.57582202e-08 
 5.46038348e-05  8.89205679e-01  8.89132834e-01  8.89059107e-01 -1.81316990e-05 -4.24047304e-07 -6.32815585e-08 
 5.46038780e-05  8.89203948e-01  8.89199055e-01  8.89060178e-01 -1.61656356e-05 -4.36479510e-07 -6.06441638e-08 
 5.46039276e-05  8.89202941e-01  8.89260283e-01  8.89062632e-01 -1.44482345e-05 -4.49188827e-07 -5.77487514e-08 
 5.46039838e-05  8.89202488e-01  8.89313814e-01  8.89066633e-01 -1.30462831e-05 -4.62315722e-07 -5.46552147e-08 
 5.46040512e-05  8.89202546e-01  8.89360712e-01  8.89072650e-01 -1.19205401e-05 -4.76808235e-07 -5.12029072e-08 
 5.46041320e-05  8.89202979e-01  8.89399358e-01  8.89081013e-01 -1.11013828e-05 -4.92747342e-07 -4.73781659e-08 
 5.46042358e-05  8.89203855e-01  8.89431417e-01  8.89092804e-01 -1.05447745e-05 -5.11257226e-07 -4.28495227e-08 
 5.46043713e-05  8.89205147e-01  8.89457252e-01  8.89109012e-01 -1.02309253e-05 -5.32582912e-07 -3.74016305e-08 
 5.46045654e-05  8.89207199e-01  8.89480647e-01  8.89132587e-01 -1.00899047e-05 -5.59730318e-07 -3.02446108e-08 
 5.46047827e-05  8.89209705e-01  8.89499893e-01  8.89158679e-01 -1.00539577e-05 -5.93737487e-07 -2.29170706e-08 
 5.46050000e-05  8.89212699e-01  8.89516794e-01  8.89184103e-01 -1.00405403e-05 -6.51756767e-07 -1.61997396e-08 
 5.46050046e-05  8.89211894e-01  8.89513475e-01  8.89184628e-01 -1.22972998e-05 -6.54198436e-07 -1.61884332e-08 
 5.46050138e-05  8.89211319e-01  8.89507726e-01  8.89185666e-01 -1.25408811e-05 -6.59326863e-07 -1.61565150e-08 
 5.46050323e-05  8.89211395e-01  8.89499367e-01  8.89187677e-01 -1.24665689e-05 -6.69799608e-07 -1.60691209e-08 
 5.46050692e-05  8.89211046e-01  8.89487121e-01  8.89191505e-01 -1.25631343e-05 -6.90062232e-07 -1.58707139e-08 
 5.46051431e-05  8.89211103e-01  8.89470846e-01  8.89198578e-01 -1.25181200e-05 -7.29090786e-07 -1.54204398e-08 
 5.46052581e-05  8.89211069e-01  8.89458578e-01  8.89208552e-01 -1.25780676e-05 -7.86626196e-07 -1.46850272e-08 
 5.46054070e-05  8.89211391e-01  8.89455466e-01  8.89220352e-01 -1.25199539e-05 -8.56340941e-07 -1.37476872e-08 
 5.46056496e-05  8.89211581e-01  8.89462015e-01  8.89238300e-01 -1.25699605e-05 -9.59535687e-07 -1.23023134e-08 
 5.46061348e-05  8.89212293e-01  8.89484043e-01  8.89271960e-01 -1.25139760e-05 -1.13268116e-06 -9.71010122e-09 
 5.46071052e-05  8.89213230e-01  8.89525405e-01  8.89333170e-01 -1.25587521e-05 -1.37515318e-06 -5.57651277e-09 
 5.46090460e-05  8.89215035e-01  8.89585886e-01  8.89432719e-01 -1.24950938e-05 -1.60065204e-06 -3.64014281e-10 
 5.46129276e-05  8.89217204e-01  8.89642207e-01  8.89552339e-01 -1.25247204e-05 -1.61612088e-06  3.56085474e-09 
 5.46186654e-05  8.89219332e-01  8.89627133e-01  8.89592793e-01 -1.24489089e-05 -1.39136232e-06  3.83702338e-09 
 5.46261878e-05  8.89220863e-01  8.89534467e-01  8.89524948e-01 -1.24772233e-05 -1.12212034e-06  2.96943087e-09 
 5.46378978e-05  8.89222680e-01  8.89377784e-01  8.89366159e-01 -1.24055541e-05 -8.06295318e-07  2.09903634e-09 
 5.46501992e-05  8.89223747e-01  8.89265852e-01  8.89239875e-01 -1.24452868e-05 -5.70046771e-07  1.48357880e-09 
 5.46701567e-05  8.89225100e-01  8.89203006e-01  8.89160059e-01 -1.23860906e-05 -3.23173801e-07  8.48458976e-10 
 5.46951567e-05  8.89225861e-01  8.89232193e-01  8.89181862e-01 -1.24335021e-05 -1.57284175e-07  4.21162844e-10 
 5.47201567e-05  8.89226446e-01  8.89276281e-01  8.89228386e-01 -1.23819066e-05 -7.68613293e-08  2.08584217e-10 
 5.47451567e-05  8.89226561e-01  8.89288909e-01  8.89244631e-01 -1.24326839e-05 -3.74715499e-08  1.01113511e-10 
 5.47701567e-05  8.89226775e-01  8.89278332e-01  8.89235510e-01 -1.23820202e-05 -1.83785969e-08  4.86681928e-11 
 5.47951567e-05  8.89226694e-01  8.89265653e-01  8.89222211e-01 -1.24328647e-05 -8.93816235e-09  2.37683487e-11 
 5.48201567e-05  8.89226826e-01  8.89259906e-01  8.89215723e-01 -1.23821199e-05 -4.41005172e-09  1.27150059e-11 
 5.48451567e-05  8.89226720e-01  8.89259694e-01  8.89215083e-01 -1.24328518e-05 -2.12452555e-09  7.00875523e-12 
 5.48701567e-05  8.89226843e-01  8.89260227e-01  8.89215777e-01 -1.23821185e-05 -1.06580258e-09  4.43341484e-12 
 5.48951567e-05  8.89226731e-01  8.89259697e-01  8.89215318e-01 -1.24328350e-05 -4.97630657e-10  2.55652563e-12 
 5.49201567e-05  8.89226848e-01  8.89258053e-01  8.89213813e-01 -1.23821408e-05 -2.64558555e-10  2.10737287e-12 
 5.49451567e-05  8.89226731e-01  8.89256523e-01  8.89212171e-01 -1.24328283e-05 -1.09996723e-10  1.42597923e-12 
 5.49701567e-05  8.89226847e-01  8.89255258e-01  8.89210936e-01 -1.23821576e-05 -7.20127775e-11  1.66140853e-12 
 5.49951567e-05  8.89226730e-01  8.89254497e-01  8.89210071e-01 -1.24328130e-05 -1.79835244e-11  1.24169566e-12 
 5.50201567e-05  8.89226847e-01  8.89253742e-01  8.89209384e-01 -1.23821702e-05 -2.54699564e-11  1.58652648e-12 
 5.50451567e-05  8.89226730e-01  8.89253158e-01  8.89208727e-01 -1.24327980e-05  3.81618305e-12  1.18403838e-12 
 5.50701567e-05  8.89226846e-01  8.89252465e-01  8.89208101e-01 -1.23821843e-05 -1.41283649e-11  1.56154468e-12 
 5.50951567e-05  8.89226730e-01  8.89251965e-01  8.89207524e-01 -1.24327838e-05  8.87318257e-12  1.17051291e-12 
 5.51201567e-05  8.89226846e-01  8.89251408e-01  8.89207028e-01 -1.23821983e-05 -1.13053223e-11  1.56696628e-12 
 5.51451567e-05  8.89226729e-01  8.89251046e-01  8.89206593e-01 -1.24327693e-05  1.00085188e-11  1.17487026e-12 
 5.51701567e-05  8.89226845e-01  8.89250610e-01  8.89206218e-01 -1.23822122e-05 -1.05642804e-11  1.57508262e-12 
 5.51951567e-05  8.89226729e-01  8.89250339e-01  8.89205879e-01 -1.24327549e-05  1.02391268e-11  1.17832306e-12 
 5.52201567e-05  8.89226845e-01  8.89249983e-01  8.89205582e-01 -1.23822262e-05 -1.03486115e-11  1.58068702e-12 
 5.52451567e-05  8.89226729e-01  8.89249778e-01  8.89205312e-01 -1.24327406e-05  1.02678870e-11  1.18142448e-12 
 5.52701567e-05  8.89226845e-01  8.89249488e-01  8.89205080e-01 -1.23822402e-05 -1.02709568e-11  1.58566102e-12 
 5.52951567e-05  8.89226729e-01  8.89249339e-01  8.89204869e-01 -1.24327264e-05  1.02563741e-11  1.18430038e-12 
 5.53201567e-05  8.89226845e-01  8.89249102e-01  8.89204688e-01 -1.23822542e-05 -1.02321216e-11  1.58966086e-12 
 5.53451567e-05  8.89226729e-01  8.89248995e-01  8.89204522e-01 -1.24327122e-05  1.02388892e-11  1.18646575e-12 
 5.53701567e-05  8.89226845e-01  8.89248800e-01  8.89204381e-01 -1.23822682e-05 -1.02060127e-11  1.59277756e-12 
 5.53951567e-05  8.89226729e-01  8.89248725e-01  8.89204250e-01 -1.24326981e-05  1.02216382e-11  1.18810956e-12 
 5.54201567e-05  8.89226845e-01  8.89248563e-01  8.89204140e-01 -1.23822821e-05 -1.01849250e-11  1.59529275e-12 
 5.54451567e-05  8.89226729e-01  8.89248514e-01  8.89204037e-01 -1.24326840e-05  1.02052642e-11  1.18935829e-12 
 5.54701567e-05  8.89226845e-01  8.89248377e-01  8.89203951e-01 -1.23822961e-05 -1.01663114e-11  1.59732373e-12 
 5.54951567e-05  8.89226729e-01  8.89248348e-01  8.89203870e-01 -1.24326699e-05  1.01894959e-11  1.19027802e-12 
 5.55201567e-05  8.89226845e-01  8.89248232e-01  8.89203803e-01 -1.23823101e-05 -1.01489344e-11  1.59896819e-12 
 5.55451567e-05  8.89226730e-01  8.89248218e-01  8.89203740e-01 -1.24326559e-05  1.01744696e-11  1.19094448e-12 
 5.55701567e-05  8.89226845e-01  8.89248119e-01  8.89203687e-01 -1.23823240e-05 -1.01324357e-11  1.60030962e-12 
 5.55951567e-05  8.89226730e-01  8.89248116e-01  8.89203637e-01 -1.24326419e-05  1.01596565e-11  1.19141621e-12 
 5.56201567e-05  8.89226845e-01  8.89248030e-01  8.89203597e-01 -1.23823380e-05 -1.01167757e-11  1.60140862e-12 
 5.56451567e-05  8.89226730e-01  8.89248036e-01  8.89203557e-01 -1.24326279e-05  1.01451738e-11  1.19174175e-12 
 5.56701567e-05  8.89226845e-01  8.89247961e-01  8.89203526e-01 -1.23823519e-05 -1.01016929e-11  1.60231165e-12 
 5.56951567e-05  8.89226730e-01  8.89247973e-01  8.89203494e-01 -1.24326140e-05  1.01309226e-11  1.19195669e-12 
 5.57201567e-05  8.89226845e-01  8.89247907e-01  8.89203470e-01 -1.23823658e-05 -1.00871191e-11  1.60305715e-12 
 5.57451567e-05  8.89226730e-01  8.89247924e-01  8.89203445e-01 -1.24326000e-05  1.01168531e-11  1.19208967e-12 
 5.57701567e-05  8.89226846e-01  8.89247864e-01  8.89203426e-01 -1.23823797e-05 -1.00729303e-11  1.60367547e-12 
 5.57951567e-05  8.89226730e-01  8.89247885e-01  8.89203406e-01 -1.24325861e-05  1.01033129e-11  1.19216393e-12 
 5.58201567e-05  8.89226846e-01  8.89247831e-01  8.89203392e-01 -1.23823936e-05 -1.00589866e-11  1.60418700e-12 
 5.58451567e-05  8.89226731e-01  8.89247855e-01  8.89203376e-01 -1.24325722e-05  1.00899588e-11  1.19219549e-12 
 5.58701567e-05  8.89226846e-01  8.89247805e-01  8.89203365e-01 -1.23824075e-05 -1.00454913e-11  1.60461092e-12 
 5.58951567e-05  8.89226731e-01  8.89247831e-01  8.89203353e-01 -1.24325583e-05  1.00766782e-11  1.19219874e-12 
 5.59201567e-05  8.89226846e-01  8.89247785e-01  8.89203345e-01 -1.23824213e-05 -1.00325267e-11  1.60496307e-12 
 5.59451567e-05  8.89226731e-01  8.89247812e-01  8.89203334e-01 -1.24325445e-05  1.00636652e-11  1.19218475e-12 
 5.59701567e-05  8.89226846e-01  8.89247770e-01  8.89203328e-01 -1.23824352e-05 -1.00196214e-11  1.60525467e-12 
 5.59951567e-05  8.89226731e-01  8.89247797e-01  8.89203320e-01 -1.24325306e-05  1.00510082e-11  1.19215998e-12 
 5.60201567e-05  8.89226846e-01  8.89247758e-01  8.89203315e-01 -1.23824490e-05 -1.00069610e-11  1.60549471e-12 
 5.60451567e-05  8.89226731e-01  8.89247785e-01  8.89203309e-01 -1.24325168e-05  1.00385303e-11  1.19212995e-12 
 5.60701567e-05  8.89226846e-01  8.89247748e-01  8.89203305e-01 -1.23824628e-05 -9.99477476e-12  1.60569127e-12 
 5.60951567e-05  8.89226732e-01  8.89247776e-01  8.89203300e-01 -1.24325030e-05  1.00261581e-11  1.19210121e-12 
 5.61201567e-05  8.89226846e-01  8.89247741e-01  8.89203298e-01 -1.23824766e-05 -9.98265598e-12  1.60585027e-12 
 5.61451567e-05  8.89226732e-01  8.89247769e-01  8.89203293e-01 -1.24324892e-05  1.00141538e-11  1.19207498e-12 
 5.61701567e-05  8.89226847e-01  8.89247736e-01  8.89203291e-01 -1.23824904e-05 -9.97076683e-12  1.60597539e-12 
 5.61951567e-05  8.89226732e-01  8.89247763e-01  8.89203288e-01 -1.24324754e-05  1.00022538e-11  1.19205416e-12 
 5.62201567e-05  8.89226847e-01  8.89247731e-01  8.89203287e-01 -1.23825042e-05 -9.95917194e-12  1.60607259e-12 
 5.62451567e-05  8.89226732e-01  8.89247759e-01  8.89203284e-01 -1.24324616e-05  9.99048674e-12  1.19204088e-12 
 5.62701567e-05  8.89226847e-01  8.89247728e-01  8.89203283e-01 -1.23825180e-05 -9.94781276e-12  1.60614409e-12 
 5.62951567e-05  8.89226732e-01  8.89247755e-01  8.89203281e-01 -1.24324478e-05  9.97891917e-12  1.19203670e-12 
 5.63201567e-05  8.89226847e-01  8.89247726e-01  8.89203280e-01 -1.23825317e-05 -9.93652795e-12  1.60619353e-12 
 5.63451567e-05  8.89226733e-01  8.89247752e-01  8.89203278e-01 -1.24324341e-05  9.96759793e-12  1.19204131e-12 
 5.63701567e-05  8.89226847e-01  8.89247724e-01  8.89203278e-01 -1.23825455e-05 -9.92543938e-12  1.60622167e-12 
 5.63951567e-05  8.89226733e-01  8.89247750e-01  8.89203276e-01 -1.24324204e-05  9.95639053e-12  1.19205633e-12 
 5.64201567e-05  8.89226847e-01  8.89247723e-01  8.89203276e-01 -1.23825592e-05 -9.91451908e-12  1.60623186e-12 
 5.64451567e-05  8.89226733e-01  8.89247748e-01  8.89203275e-01 -1.24324066e-05  9.94529307e-12  1.19208094e-12 
 5.64701567e-05  8.89226847e-01  8.89247722e-01  8.89203275e-01 -1.23825729e-05 -9.90384923e-12  1.60622584e-12 
 5.64951567e-05  8.89226733e-01  8.89247747e-01  8.89203274e-01 -1.24323929e-05  9.93433742e-12  1.19211661e-12 
 5.65201567e-05  8.89226848e-01  8.89247721e-01  8.89203274e-01 -1.23825867e-05 -9.89325874e-12  1.60620378e-12 
 5.65451567e-05  8.89226733e-01  8.89247746e-01  8.89203273e-01 -1.24323792e-05  9.92344835e-12  1.19216101e-12 
 5.65701567e-05  8.89226848e-01  8.89247721e-01  8.89203273e-01 -1.23826004e-05 -9.88290135e-12  1.60616930e-12 
 5.65850784e-05  8.89226734e-01  8.89247745e-01  8.89203272e-01 -1.24323609e-05  9.94612422e-12  1.19219521e-12 
 5.66000000e-05  8.89226848e-01  8.89247721e-01  8.89203273e-01 -1.23826233e-05 -9.85213322e-12  1.60604863e-12 
 5.66000216e-05  8.89225390e-01  8.89234665e-01  8.89203161e-01 -1.48070740e-05 -4.25482180e-09 -5.44257659e-10 
 5.66000648e-05  8.89224506e-01  8.89214547e-01  8.89202767e-01 -1.49376406e-05 -1.29140890e-08 -1.58219755e-09 
 5.66001511e-05  8.89223677e-01  8.89189741e-01  8.89201236e-01 -1.48839124e-05 -2.89026275e-08 -3.50645516e-09 
 5.66002745e-05  8.89222417e-01  8.89168705e-01  8.89198034e-01 -1.49588099e-05 -4.95023124e-08 -6.07960018e-09 
 5.66004128e-05  8.89221352e-01  8.89157497e-01  8.89193763e-01 -1.48946025e-05 -7.04821068e-08 -8.78843010e-09 
 5.66006651e-05  8.89219045e-01  8.89148097e-01  8.89185554e-01 -1.49703907e-05 -1.03340610e-07 -1.33480355e-08 
 5.66011698e-05  8.89214903e-01  8.89142185e-01  8.89169990e-01 -1.50808488e-05 -1.53089633e-07 -2.11539129e-08 
 5.66014422e-05  8.89212711e-01  8.89140924e-01  8.89162458e-01 -1.56685456e-05 -1.73476266e-07 -2.47010864e-08 
 5.66016139e-05  8.89211922e-01  8.89141645e-01  8.89158102e-01 -1.65667945e-05 -1.84229284e-07 -2.66733759e-08 
 5.66017659e-05  8.89211528e-01  8.89143885e-01  8.89154573e-01 -1.83455346e-05 -1.91632515e-07 -2.82006827e-08 
 5.66019057e-05  8.89212055e-01  8.89148645e-01  8.89151702e-01 -2.09103593e-05 -1.96001259e-07 -2.93533450e-08 
 5.66020417e-05  8.89213060e-01  8.89156321e-01  8.89149389e-01 -2.46204986e-05 -1.96855110e-07 -3.01723728e-08 
 5.66021676e-05  8.89214786e-01  8.89167407e-01  8.89147818e-01 -2.89468537e-05 -1.93651909e-07 -3.05737714e-08 
 5.66022768e-05  8.89216413e-01  8.89181110e-01  8.89147048e-01 -3.34699309e-05 -1.86429880e-07 -3.05516926e-08 
 5.66023696e-05  8.89218021e-01  8.89197221e-01  8.89146962e-01 -3.76362759e-05 -1.75941910e-07 -3.01603717e-08 
 5.66024502e-05  8.89219106e-01  8.89215816e-01  8.89147441e-01 -4.15077986e-05 -1.62333538e-07 -2.94451701e-08 
 5.66025228e-05  8.89219937e-01  8.89237753e-01  8.89148440e-01 -4.49710867e-05 -1.45460451e-07 -2.83980991e-08 
 5.66025918e-05  8.89220194e-01  8.89264502e-01  8.89150024e-01 -4.82403034e-05 -1.24234219e-07 -2.69461271e-08 
 5.66026651e-05  8.89220317e-01  8.89300321e-01  8.89152565e-01 -5.15048757e-05 -9.53649361e-08 -2.48066115e-08 
 5.66027425e-05  8.89220572e-01  8.89345438e-01  8.89156405e-01 -5.48560472e-05 -5.82360245e-08 -2.18455633e-08 
 5.66028422e-05  8.89221944e-01  8.89409836e-01  8.89163312e-01 -5.90083729e-05 -5.01620578e-09 -1.70889165e-08 
 5.66029340e-05  8.89223926e-01  8.89471870e-01  8.89171719e-01 -6.27413981e-05  4.19836604e-08 -1.19096848e-08 
 5.66030370e-05  8.89227174e-01  8.89541474e-01  8.89183443e-01 -6.67601852e-05  8.23731791e-08 -5.36432326e-09 
 5.66031454e-05  8.89231674e-01  8.89612046e-01  8.89198258e-01 -7.09517177e-05  1.08348696e-07  2.21089739e-09 
 5.66032567e-05  8.89237686e-01  8.89678543e-01  8.89215788e-01 -7.52353185e-05  1.24978363e-07  1.05473978e-08 
 5.66033909e-05  8.89245940e-01  8.89749112e-01  8.89239497e-01 -8.00766273e-05  1.41978288e-07  2.11656050e-08 
 5.66035246e-05  8.89255186e-01  8.89807871e-01  8.89265255e-01 -8.40300850e-05  1.59505002e-07  3.21353891e-08 
 5.66036280e-05  8.89262570e-01  8.89843338e-01  8.89286156e-01 -8.58334253e-05  1.73790945e-07  4.06596642e-08 
 5.66036939e-05  8.89267414e-01  8.89858912e-01  8.89299700e-01 -8.56420060e-05  1.82763073e-07  4.59492405e-08 
 5.66037440e-05  8.89270876e-01  8.89863997e-01  8.89309969e-01 -8.37488046e-05  1.89119914e-07  4.97336817e-08 
 5.66037908e-05  8.89273975e-01  8.89859629e-01  8.89319374e-01 -7.99190260e-05  1.94063796e-07  5.28887809e-08 
 5.66038435e-05  8.89276951e-01  8.89840135e-01  8.89329517e-01 -7.34377668e-05  1.97967497e-07  5.57782940e-08 
 5.66039066e-05  8.89279921e-01  8.89795069e-01  8.89340581e-01 -6.39367764e-05  1.99769338e-07  5.81090456e-08 
 5.66039730e-05  8.89282149e-01  8.89726153e-01  8.89350414e-01 -5.34911117e-05  1.98405985e-07  5.91970818e-08 
 5.66040642e-05  8.89284068e-01  8.89610326e-01  8.89360215e-01 -4.06512363e-05  1.91894018e-07  5.87160743e-08 
 5.66041436e-05  8.89284765e-01  8.89504376e-01  8.89364984e-01 -3.21527160e-05  1.83046459e-07  5.68772502e-08 
 5.66042132e-05  8.89284932e-01  8.89417442e-01  8.89366397e-01 -2.67940450e-05  1.73723647e-07  5.45735796e-08 
 5.66042886e-05  8.89284715e-01  8.89335191e-01  8.89365370e-01 -2.27860802e-05  1.62673395e-07  5.16752966e-08 
 5.66043720e-05  8.89284251e-01  8.89260770e-01  8.89361700e-01 -1.99694781e-05  1.49766462e-07  4.82518178e-08 
 5.66044586e-05  8.89283553e-01  8.89201034e-01  8.89355734e-01 -1.82435250e-05  1.35984253e-07  4.46504295e-08 
 5.66045552e-05  8.89282695e-01  8.89151987e-01  8.89347257e-01 -1.71869728e-05  1.20391694e-07  4.07147426e-08 
 5.66046618e-05  8.89281643e-01  8.89113998e-01  8.89336448e-01 -1.66007113e-05  1.03141878e-07  3.65418346e-08 
 5.66047881e-05  8.89280391e-01  8.89083700e-01  8.89322553e-01 -1.62971094e-05  8.28945180e-08  3.18658928e-08 
 5.66048940e-05  8.89279303e-01  8.89066125e-01  8.89310430e-01 -1.61895249e-05  6.62113425e-08  2.81546698e-08 
 5.66050000e-05  8.89278239e-01  8.89052725e-01  8.89298167e-01 -1.61435507e-05  4.99079778e-08  2.46210406e-08 
 5.66050023e-05  8.89278749e-01  8.89054450e-01  8.89297902e-01 -1.39450460e-05  4.98664513e-08  2.46100375e-08 
 5.66050069e-05  8.89279227e-01  8.89057647e-01  8.89297374e-01 -1.35854317e-05  4.98284110e-08  2.45852966e-08 
 5.66050161e-05  8.89279164e-01  8.89062803e-01  8.89296337e-01 -1.34544001e-05  4.98291260e-08  2.45240659e-08 
 5.66050346e-05  8.89279213e-01  8.89070556e-01  8.89294322e-01 -1.32655012e-05  4.97764283e-08  2.43893654e-08 
 5.66050646e-05  8.89279182e-01  8.89080194e-01  8.89291182e-01 -1.30178577e-05  4.95992535e-08  2.41558720e-08 
 5.66051245e-05  8.89279175e-01  8.89093708e-01  8.89285290e-01 -1.26949901e-05  4.89969472e-08  2.36514631e-08 
 5.66052444e-05  8.89279037e-01  8.89106701e-01  8.89274538e-01 -1.23895602e-05  4.72960230e-08  2.25884483e-08 
 5.66054842e-05  8.89278774e-01  8.89107127e-01  8.89255127e-01 -1.22719604e-05  4.33692577e-08  2.05006961e-08 
 5.66057644e-05  8.89278425e-01  8.89094454e-01  8.89234026e-01 -1.22748771e-05  3.88966770e-08  1.82802216e-08 
 5.66061923e-05  8.89277983e-01  8.89073647e-01  8.89203369e-01 -1.22806683e-05  3.28321880e-08  1.53414370e-08 
 5.66068334e-05  8.89277354e-01  8.89045093e-01  8.89160535e-01 -1.22788210e-05  2.53914109e-08  1.17728398e-08 
 5.66081155e-05  8.89276394e-01  8.88998263e-01  8.89085710e-01 -1.22913125e-05  1.50275996e-08  6.82195195e-09 
 5.66106798e-05  8.89275080e-01  8.88937849e-01  8.88975804e-01 -1.22993801e-05  4.77429569e-09  1.98547408e-09 
 5.66158083e-05  8.89273871e-01  8.88905998e-01  8.88876230e-01 -1.23292017e-05 -1.71871134e-10 -2.27012172e-10 
 5.66219197e-05  8.89273374e-01  8.88951996e-01  8.88885385e-01 -1.23456364e-05 -3.93496813e-11 -5.52765485e-11 
 5.66319859e-05  8.89273153e-01  8.89077005e-01  8.88998524e-01 -1.23751017e-05  1.40165110e-11  2.49023891e-11 
 5.66434384e-05  8.89273087e-01  8.89200389e-01  8.89131784e-01 -1.23844733e-05  1.67609706e-11  2.85957619e-11 
 5.66592046e-05  8.89273104e-01  8.89289711e-01  8.89236264e-01 -1.24007990e-05  7.65733072e-12  1.44549780e-11 
 5.66832093e-05  8.89273067e-01  8.89304801e-01  8.89263625e-01 -1.24017200e-05 -7.60700747e-13  5.80666591e-13 
 5.67082093e-05  8.89273034e-01  8.89265811e-01  8.89225657e-01 -1.24094768e-05 -3.02357358e-12 -3.43587653e-12 
 5.67332093e-05  8.89272974e-01  8.89242912e-01  8.89199397e-01 -1.24042665e-05 -1.08080754e-12 -5.25088707e-13 
 5.67582093e-05  8.89272982e-01  8.89247177e-01  8.89201376e-01 -1.24100148e-05  3.08395887e-13  1.86469541e-12 
 5.67791046e-05  8.89272971e-01  8.89259124e-01  8.89213180e-01 -1.24042680e-05  9.26246493e-13  2.87568759e-12 
 5.68000000e-05  8.89272999e-01  8.89268465e-01  8.89223111e-01 -1.24099783e-05  4.20885115e-13  2.19388754e-12 
 5.68000145e-05  8.89275373e-01  8.89288586e-01  8.89223232e-01 -1.08726806e-05  1.84466012e-09  7.58799916e-10 
 5.68000434e-05  8.89277530e-01  8.89320510e-01  8.89223656e-01 -1.02050121e-05  5.37089350e-09  2.21428313e-09 
 5.68001013e-05  8.89280884e-01  8.89362169e-01  8.89225332e-01 -9.63373048e-06  1.11441107e-08  4.95991268e-09 
 5.68001834e-05  8.89286141e-01  8.89402281e-01  8.89228963e-01 -9.00614701e-06  1.72799394e-08  8.62341799e-09 
 5.68003475e-05  8.89295863e-01  8.89444351e-01  8.89238492e-01 -8.71324060e-06  2.60579369e-08  1.54119133e-08 
 5.68006572e-05  8.89314693e-01  8.89473450e-01  8.89259015e-01 -8.54250532e-06  3.78265571e-08  2.69449498e-08 
 5.68010249e-05  8.89336568e-01  8.89487705e-01  8.89283281e-01 -8.64902843e-06  4.93320060e-08  3.89216317e-08 
 5.68016224e-05  8.89372904e-01  8.89506958e-01  8.89319487e-01 -8.89407738e-06  6.22760056e-08  5.50324787e-08 
 5.68017158e-05  8.89378634e-01  8.89508942e-01  8.89324767e-01 -9.14979664e-06  6.23387038e-08  5.71737992e-08 
 5.68019026e-05  8.89391485e-01  8.89508933e-01  8.89334827e-01 -1.01409048e-05  4.86691171e-08  6.09403215e-08 
 5.68020275e-05  8.89400849e-01  8.89503570e-01  8.89341015e-01 -1.17084359e-05  2.07441416e-08  6.29013213e-08 
 5.68021349e-05  8.89410062e-01  8.89493260e-01  8.89345767e-01 -1.36273835e-05 -2.63747813e-08  6.40174251e-08 
 5.68022444e-05  8.89419821e-01  8.89475120e-01  8.89349792e-01 -1.64007034e-05 -1.07588499e-07  6.43890893e-08 
 5.68023558e-05  8.89430411e-01  8.89447192e-01  8.89352708e-01 -1.95246943e-05 -2.37654414e-07  6.37416798e-08 
 5.68024644e-05  8.89440184e-01  8.89408568e-01  8.89354014e-01 -2.25402471e-05 -4.24934229e-07  6.18408910e-08 
 5.68025681e-05  8.89448788e-01  8.89359194e-01  8.89353421e-01 -2.44970089e-05 -6.74911525e-07  5.85783396e-08 
 5.68026819e-05  8.89456085e-01  8.89290448e-01  8.89350167e-01 -2.59986577e-05 -1.04434377e-06  5.31165660e-08 
 5.68027942e-05  8.89461130e-01  8.89212794e-01  8.89343887e-01 -2.77382258e-05 -1.50832869e-06  4.58488714e-08 
 5.68029681e-05  8.89463581e-01  8.89087610e-01  8.89327874e-01 -3.12248739e-05 -2.40550697e-06  3.14250948e-08 
 5.68031119e-05  8.89460948e-01  8.88986941e-01  8.89309146e-01 -3.42735373e-05 -3.29155628e-06  1.70575430e-08 
 5.68032442e-05  8.89454372e-01  8.88900583e-01  8.89288011e-01 -3.71169535e-05 -4.20286974e-06  2.29264824e-09 
 5.68033655e-05  8.89444723e-01  8.88829264e-01  8.89265858e-01 -3.94270279e-05 -5.10147865e-06 -1.21938523e-08 
 5.68034541e-05  8.89433387e-01  8.88784470e-01  8.89248327e-01 -4.08365562e-05 -5.78282461e-06 -2.30975772e-08 
 5.68034993e-05  8.89424083e-01  8.88765833e-01  8.89239060e-01 -4.11891115e-05 -6.13231048e-06 -2.86464378e-08 
 5.68035376e-05  8.89412208e-01  8.88754192e-01  8.89231095e-01 -4.12585904e-05 -6.42455824e-06 -3.32434984e-08 
 5.68035653e-05  8.89400014e-01  8.88749660e-01  8.89225318e-01 -4.09673242e-05 -6.62964183e-06 -3.64266640e-08 
 5.68035916e-05  8.89385077e-01  8.88750210e-01  8.89219894e-01 -4.04642220e-05 -6.81384913e-06 -3.92220654e-08 
 5.68036183e-05  8.89366395e-01  8.88757938e-01  8.89214456e-01 -3.95472755e-05 -6.98630056e-06 -4.17268137e-08 
 5.68036486e-05  8.89342777e-01  8.88778250e-01  8.89208544e-01 -3.80891383e-05 -7.15452264e-06 -4.39490505e-08 
 5.68036815e-05  8.89317457e-01  8.88815291e-01  8.89202582e-01 -3.60432901e-05 -7.29901062e-06 -4.54899031e-08 
 5.68037219e-05  8.89290272e-01  8.88879186e-01  8.89196179e-01 -3.30981264e-05 -7.42019725e-06 -4.61269293e-08 
 5.68037716e-05  8.89265794e-01  8.88975860e-01  8.89190013e-01 -2.91907629e-05 -7.49192546e-06 -4.52680875e-08 
 5.68038102e-05  8.89253915e-01  8.89056928e-01  8.89186669e-01 -2.61934259e-05 -7.49795719e-06 -4.36248822e-08 
 5.68038476e-05  8.89247735e-01  8.89134211e-01  8.89184655e-01 -2.34999709e-05 -7.47221764e-06 -4.14891327e-08 
 5.68038910e-05  8.89245671e-01  8.89217680e-01  8.89183741e-01 -2.07293638e-05 -7.41379447e-06 -3.86021050e-08 
 5.68039333e-05  8.89247856e-01  8.89290084e-01  8.89184171e-01 -1.84523182e-05 -7.33589240e-06 -3.55606771e-08 
 5.68039816e-05  8.89253750e-01  8.89360671e-01  8.89186022e-01 -1.63271083e-05 -7.23056872e-06 -3.19980526e-08 
 5.68040320e-05  8.89262668e-01  8.89420900e-01  8.89189220e-01 -1.46211321e-05 -7.10938825e-06 -2.83082513e-08 
 5.68040919e-05  8.89275414e-01  8.89476923e-01  8.89194317e-01 -1.31175990e-05 -6.95752931e-06 -2.40552066e-08 
 5.68041585e-05  8.89291338e-01  8.89523147e-01  8.89201187e-01 -1.19873363e-05 -6.78489270e-06 -1.95480209e-08 
 5.68042410e-05  8.89312285e-01  8.89563411e-01  8.89210849e-01 -1.10949881e-05 -6.57136707e-06 -1.42917814e-08 
 5.68043395e-05  8.89338366e-01  8.89595374e-01  8.89223378e-01 -1.05155861e-05 -6.32118604e-06 -8.42623499e-09 
 5.68044704e-05  8.89373884e-01  8.89622657e-01  8.89240782e-01 -1.01384818e-05 -6.00099077e-06 -1.20273769e-09 
 5.68046449e-05  8.89423300e-01  8.89646462e-01  8.89264346e-01 -9.96456127e-06 -5.59723207e-06  7.63752584e-09 
 5.68048225e-05  8.89478226e-01  8.89664724e-01  8.89288127e-01 -9.89914829e-06 -5.21341371e-06  1.58545968e-08 
 5.68050000e-05  8.89543324e-01  8.89680874e-01  8.89311457e-01 -9.88322593e-06 -4.85527703e-06  2.33698846e-08 
 5.68050042e-05  8.89543265e-01  8.89674160e-01  8.89311991e-01 -1.10270998e-05 -4.84759697e-06  2.33102010e-08 
 5.68050126e-05  8.89544959e-01  8.89662432e-01  8.89313037e-01 -1.13867496e-05 -4.83223596e-06  2.32080264e-08 
 5.68050294e-05  8.89550537e-01  8.89644985e-01  8.89315021e-01 -1.14766685e-05 -4.80145755e-06  2.30418022e-08 
 5.68050630e-05  8.89560754e-01  8.89619182e-01  8.89318660e-01 -1.18275107e-05 -4.73992307e-06  2.27474688e-08 
 5.68051302e-05  8.89582276e-01  8.89583304e-01  8.89324976e-01 -1.21144776e-05 -4.61792795e-06  2.22697187e-08 
 5.68052646e-05  8.89624851e-01  8.89545275e-01  8.89335177e-01 -1.24428357e-05 -4.38136235e-06  2.14950506e-08 
 5.68054295e-05  8.89677288e-01  8.89530709e-01  8.89345290e-01 -1.24477153e-05 -4.10675570e-06  2.06537230e-08 
 5.68057037e-05  8.89762695e-01  8.89530790e-01  8.89359948e-01 -1.24998143e-05 -3.68756564e-06  1.92907164e-08 
 5.68061133e-05  8.89888058e-01  8.89543052e-01  8.89380013e-01 -1.24429638e-05 -3.13900921e-06  1.73100478e-08 
 5.68067973e-05  8.90089776e-01  8.89563770e-01  8.89411045e-01 -1.24906034e-05 -2.39615009e-06  1.42028922e-08 
 5.68081268e-05  8.90458284e-01  8.89597064e-01  8.89463513e-01 -1.24357102e-05 -1.40477749e-06  9.09413127e-09 
 5.68107856e-05  8.91108804e-01  8.89644259e-01  8.89541744e-01 -1.24748959e-05 -4.41588397e-07  2.42701419e-09 
 5.68161033e-05  8.92129682e-01  8.89703771e-01  8.89632238e-01 -1.24096715e-05  9.38397475e-09 -2.14107080e-09 
 5.68218885e-05  8.92911415e-01  8.89774652e-01  8.89699277e-01 -1.24468488e-05 -5.87941782e-10 -1.93803073e-09 
 5.68320455e-05  8.93763429e-01  8.90035259e-01  8.89915308e-01 -1.23864011e-05  1.96551337e-10 -9.59614127e-10 
 5.68430040e-05  8.94229553e-01  8.90521469e-01  8.90352795e-01 -1.24297933e-05 -3.25688977e-11 -4.25976404e-10 
 5.68576855e-05  8.94511264e-01  8.91341472e-01  8.91149680e-01 -1.23778208e-05  1.03262929e-10 -6.07490107e-11 
 5.68784071e-05  8.94641906e-01  8.92390423e-01  8.92231911e-01 -1.24256453e-05  4.84591820e-11  7.36932462e-11 
 5.69034071e-05  8.94673718e-01  8.93110010e-01  8.93021368e-01 -1.23782465e-05  4.38203443e-11  5.30676853e-11 
 5.69284071e-05  8.94677448e-01  8.93303279e-01  8.93255733e-01 -1.24291595e-05 -6.52660716e-12  4.96819681e-12 
 5.69534071e-05  8.94677985e-01  8.93312373e-01  8.93268116e-01 -1.23817312e-05 -5.40762097e-13 -4.41177970e-12 
 5.69784071e-05  8.94677782e-01  8.93375310e-01  8.93319884e-01 -1.24307281e-05 -2.18660073e-12  2.48165128e-12 
 5.70034071e-05  8.94678005e-01  8.93521926e-01  8.93459991e-01 -1.23817785e-05  7.43307672e-12  1.29579507e-11 
 5.70284071e-05  8.94677878e-01  8.93688134e-01  8.93627260e-01 -1.24302849e-05  6.39791193e-12  1.29903996e-11 
 5.70534071e-05  8.94678129e-01  8.93825202e-01  8.93768465e-01 -1.23815914e-05  4.97519192e-12  1.13433151e-11 
 5.70784071e-05  8.94677969e-01  8.93927404e-01  8.93873710e-01 -1.24303421e-05  3.79081619e-12  7.13277685e-12 
 5.71034071e-05  8.94678182e-01  8.94009539e-01  8.93957153e-01 -1.23817697e-05  1.80974918e-12  6.91316411e-12 
 5.71284071e-05  8.94678007e-01  8.94084067e-01  8.94032070e-01 -1.24304324e-05  3.37885037e-12  5.54189062e-12 
 5.71534071e-05  8.94678218e-01  8.94154014e-01  8.94102515e-01 -1.23818278e-05  1.40358276e-12  6.48112174e-12 
 5.71784071e-05  8.94678044e-01  8.94217857e-01  8.94167038e-01 -1.24304291e-05  3.33877522e-12  5.05961684e-12 
 5.72034071e-05  8.94678254e-01  8.94274015e-01  8.94224018e-01 -1.23818639e-05  7.93684129e-13  5.55471793e-12 
 5.72284071e-05  8.94678075e-01  8.94322939e-01  8.94273595e-01 -1.24304401e-05  2.84406895e-12  4.02838982e-12 
 5.72534071e-05  8.94678280e-01  8.94365770e-01  8.94317003e-01 -1.23819110e-05  2.55777170e-13  4.64792029e-12 
 5.72784071e-05  8.94678098e-01  8.94403790e-01  8.94355437e-01 -1.24304482e-05  2.50451634e-12  3.33508769e-12 
 5.73034071e-05  8.94678300e-01  8.94437567e-01  8.94389642e-01 -1.23819480e-05 -6.05219000e-14  4.07784798e-12 
 5.73284071e-05  8.94678116e-01  8.94467618e-01  8.94420026e-01 -1.24304478e-05  2.24992637e-12  2.83436545e-12 
 5.73534071e-05  8.94678316e-01  8.94494158e-01  8.94446926e-01 -1.23819798e-05 -3.14373527e-13  3.60908195e-12 
 5.73784071e-05  8.94678131e-01  8.94517670e-01  8.94470701e-01 -1.24304446e-05  2.02594734e-12  2.41211863e-12 
 5.74034071e-05  8.94678329e-01  8.94538409e-01  8.94491725e-01 -1.23820089e-05 -5.14626102e-13  3.23186161e-12 
 5.74284071e-05  8.94678142e-01  8.94556823e-01  8.94510334e-01 -1.24304387e-05  1.85024760e-12  2.08563429e-12 
 5.74534071e-05  8.94678339e-01  8.94573078e-01  8.94526818e-01 -1.23820351e-05 -6.65285318e-13  2.94253673e-12 
 5.74784071e-05  8.94678151e-01  8.94587525e-01  8.94541413e-01 -1.24304305e-05  1.71214106e-12  1.83225272e-12 
 5.75034071e-05  8.94678347e-01  8.94600263e-01  8.94554336e-01 -1.23820590e-05 -7.82489958e-13  2.71484311e-12 
 5.75284071e-05  8.94678158e-01  8.94611588e-01  8.94565772e-01 -1.24304207e-05  1.60193560e-12  1.63254225e-12 
 5.75534071e-05  8.94678353e-01  8.94621563e-01  8.94575897e-01 -1.23820812e-05 -8.73643172e-13  2.53569702e-12 
 5.75784071e-05  8.94678164e-01  8.94630443e-01  8.94584859e-01 -1.24304095e-05  1.51481757e-12  1.47640239e-12 
 5.76034071e-05  8.94678358e-01  8.94638256e-01  8.94592794e-01 -1.23821021e-05 -9.44109591e-13  2.39538906e-12 
 5.76284071e-05  8.94678168e-01  8.94645220e-01  8.94599817e-01 -1.24303973e-05  1.44589354e-12  1.35437614e-12 
 5.76534071e-05  8.94678362e-01  8.94651338e-01  8.94606037e-01 -1.23821218e-05 -9.98664259e-13  2.28520019e-12 
 5.76784071e-05  8.94678172e-01  8.94656801e-01  8.94611541e-01 -1.24303844e-05  1.39119619e-12  1.25890048e-12 
 5.77034071e-05  8.94678365e-01  8.94661590e-01  8.94616415e-01 -1.23821406e-05 -1.04081132e-12  2.19861228e-12 
 5.77284071e-05  8.94678174e-01  8.94665876e-01  8.94620728e-01 -1.24303709e-05  1.34773703e-12  1.18429344e-12 
 5.77534071e-05  8.94678367e-01  8.94669625e-01  8.94624548e-01 -1.23821588e-05 -1.07325390e-12  2.13056103e-12 
 5.77784071e-05  8.94678177e-01  8.94672989e-01  8.94627928e-01 -1.24303569e-05  1.31312257e-12  1.12603801e-12 
 5.78034071e-05  8.94678369e-01  8.94675922e-01  8.94630922e-01 -1.23821763e-05 -1.09812723e-12  2.07702871e-12 
 5.78284071e-05  8.94678178e-01  8.94678563e-01  8.94633571e-01 -1.24303427e-05  1.28545785e-12  1.08058159e-12 
 5.78534071e-05  8.94678370e-01  8.94680857e-01  8.94635917e-01 -1.23821934e-05 -1.11710164e-12  2.03487476e-12 
 5.78784071e-05  8.94678180e-01  8.94682931e-01  8.94637993e-01 -1.24303282e-05  1.26327052e-12  1.04515528e-12 
 5.79034071e-05  8.94678372e-01  8.94684725e-01  8.94639832e-01 -1.23822101e-05 -1.13147837e-12  2.00164554e-12 
 5.79284071e-05  8.94678181e-01  8.94686355e-01  8.94641459e-01 -1.24303135e-05  1.24540027e-12  1.01758608e-12 
 5.79534071e-05  8.94678373e-01  8.94687756e-01  8.94642900e-01 -1.23822265e-05 -1.14226901e-12  1.97541370e-12 
 5.79784071e-05  8.94678182e-01  8.94689038e-01  8.94644175e-01 -1.24302987e-05  1.23093441e-12  9.96168697e-13 
 5.80034071e-05  8.94678373e-01  8.94690132e-01  8.94645304e-01 -1.23822426e-05 -1.15027475e-12  1.95466961e-12 
 5.80284071e-05  8.94678183e-01  8.94691141e-01  8.94646303e-01 -1.24302839e-05  1.21915607e-12  9.79567339e-13 
 5.80534071e-05  8.94678374e-01  8.94691994e-01  8.94647189e-01 -1.23822585e-05 -1.15612099e-12  1.93822817e-12 
 5.80784071e-05  8.94678183e-01  8.94692788e-01  8.94647972e-01 -1.24302690e-05  1.20950385e-12  9.66739438e-13 
 5.81034071e-05  8.94678374e-01  8.94693453e-01  8.94648666e-01 -1.23822742e-05 -1.16029061e-12  1.92516565e-12 
 5.81284071e-05  8.94678184e-01  8.94694080e-01  8.94649279e-01 -1.24302541e-05  1.20153909e-12  9.56862519e-13 
 5.81534071e-05  8.94678375e-01  8.94694596e-01  8.94649823e-01 -1.23822898e-05 -1.16316570e-12  1.91475216e-12 
 5.81784071e-05  8.94678184e-01  8.94695092e-01  8.94650304e-01 -1.24302392e-05  1.19491548e-12  9.49297715e-13 
 5.82034071e-05  8.94678375e-01  8.94695493e-01  8.94650730e-01 -1.23823052e-05 -1.16504354e-12  1.90641838e-12 
 5.82284071e-05  8.94678185e-01  8.94695885e-01  8.94651107e-01 -1.24302243e-05  1.18935721e-12  9.43538379e-13 
 5.82534071e-05  8.94678376e-01  8.94696195e-01  8.94651441e-01 -1.23823204e-05 -1.16615767e-12  1.89971877e-12 
 5.82784071e-05  8.94678185e-01  8.94696507e-01  8.94651736e-01 -1.24302094e-05  1.18465047e-12  9.39192083e-13 
 5.83034071e-05  8.94678376e-01  8.94696746e-01  8.94651999e-01 -1.23823356e-05 -1.16669304e-12  1.89430237e-12 
 5.83284071e-05  8.94678186e-01  8.94696994e-01  8.94652230e-01 -1.24301946e-05  1.18063003e-12  9.35950427e-13 
 5.83534071e-05  8.94678376e-01  8.94697177e-01  8.94652435e-01 -1.23823507e-05 -1.16678238e-12  1.88989455e-12 
 5.83784071e-05  8.94678186e-01  8.94697376e-01  8.94652616e-01 -1.24301797e-05  1.17716167e-12  9.33572284e-13 
 5.84034071e-05  8.94678376e-01  8.94697516e-01  8.94652778e-01 -1.23823656e-05 -1.16654321e-12  1.88628036e-12 
 5.84284071e-05  8.94678186e-01  8.94697675e-01  8.94652920e-01 -1.24301650e-05  1.17413718e-12  9.31865967e-13 
 5.84534071e-05  8.94678376e-01  8.94697781e-01  8.94653046e-01 -1.23823805e-05 -1.16606030e-12  1.88329083e-12 
 5.84784071e-05  8.94678187e-01  8.94697910e-01  8.94653157e-01 -1.24301503e-05  1.17147654e-12  9.30684566e-13 
 5.85034071e-05  8.94678377e-01  8.94697989e-01  8.94653256e-01 -1.23823953e-05 -1.16539656e-12  1.88079402e-12 
 5.85284071e-05  8.94678187e-01  8.94698093e-01  8.94653343e-01 -1.24301356e-05  1.16911797e-12  9.29912343e-13 
 5.85534071e-05  8.94678377e-01  8.94698152e-01  8.94653421e-01 -1.23824101e-05 -1.16460834e-12  1.87868482e-12 
 5.85784071e-05  8.94678187e-01  8.94698237e-01  8.94653489e-01 -1.24301209e-05  1.16700248e-12  9.29456815e-13 
 5.86034071e-05  8.94678377e-01  8.94698279e-01  8.94653550e-01 -1.23824248e-05 -1.16372818e-12  1.87688309e-12 
 5.86284071e-05  8.94678187e-01  8.94698350e-01  8.94653604e-01 -1.24301064e-05  1.16509406e-12  9.29248920e-13 
 5.86534071e-05  8.94678377e-01  8.94698380e-01  8.94653651e-01 -1.23824394e-05 -1.16279469e-12  1.87532379e-12 
 5.86784071e-05  8.94678188e-01  8.94698439e-01  8.94653693e-01 -1.24300918e-05  1.16335804e-12  9.29229838e-13 
 5.87034071e-05  8.94678377e-01  8.94698458e-01  8.94653731e-01 -1.23824540e-05 -1.16182866e-12  1.87395742e-12 
 5.87284071e-05  8.94678188e-01  8.94698508e-01  8.94653764e-01 -1.24300773e-05  1.16176600e-12  9.29359671e-13 
 5.87534071e-05  8.94678377e-01  8.94698520e-01  8.94653793e-01 -1.23824685e-05 -1.16084486e-12  1.87274512e-12 
 5.87767035e-05  8.94678188e-01  8.94698561e-01  8.94653817e-01 -1.24300623e-05  1.16026373e-12  9.29641780e-13 
 5.88000000e-05  8.94678377e-01  8.94698565e-01  8.94653839e-01 -1.23824840e-05 -1.15973789e-12  1.87162639e-12 
 5.88000333e-05  8.94673299e-01  8.94661098e-01  8.94653346e-01 -1.39996263e-05 -3.13712105e-09 -1.66455789e-09 
 5.88000999e-05  8.94667152e-01  8.94606841e-01  8.94651660e-01 -1.45640138e-05 -8.21596534e-09 -4.83269613e-09 
 5.88002332e-05  8.94656548e-01  8.94550121e-01  8.94645538e-01 -1.48904865e-05 -1.47086082e-08 -1.06462698e-08 
 5.88004190e-05  8.94642270e-01  8.94513160e-01  8.94634174e-01 -1.50501990e-05 -2.17183725e-08 -1.80957766e-08 
 5.88006198e-05  8.94628022e-01  8.94497900e-01  8.94620785e-01 -1.50053217e-05 -2.87359964e-08 -2.55219615e-08 
 5.88010214e-05  8.94601181e-01  8.94478777e-01  8.94594436e-01 -1.51383788e-05 -4.11840209e-08 -3.87342092e-08 
 5.88015841e-05  8.94567789e-01  8.94462935e-01  8.94560387e-01 -1.64761531e-05 -4.94423614e-08 -5.39331963e-08 
 5.88017717e-05  8.94558180e-01  8.94459799e-01  8.94549989e-01 -1.85851183e-05 -4.34020740e-08 -5.81013304e-08 
 5.88019145e-05  8.94552869e-01  8.94461651e-01  8.94542548e-01 -2.13195228e-05 -2.84297261e-08 -6.08454858e-08 
 5.88020561e-05  8.94549302e-01  8.94465968e-01  8.94535750e-01 -2.53382924e-05  1.56618920e-10 -6.31286007e-08 
 5.88021894e-05  8.94548515e-01  8.94474721e-01  8.94530031e-01 -3.01846785e-05  4.52465264e-08 -6.47719761e-08 
 5.88023074e-05  8.94549799e-01  8.94486655e-01  8.94525692e-01 -3.53691791e-05  1.06285544e-07 -6.57007624e-08 
 5.88024089e-05  8.94553178e-01  8.94502124e-01  8.94522665e-01 -4.02801940e-05  1.81443665e-07 -6.59670137e-08 
 5.88024981e-05  8.94557778e-01  8.94520784e-01  8.94520706e-01 -4.49016016e-05  2.71530766e-07 -6.56602918e-08 
 5.88025802e-05  8.94564095e-01  8.94544085e-01  8.94519640e-01 -4.91978660e-05  3.81686687e-07 -6.47819609e-08 
 5.88026634e-05  8.94572581e-01  8.94574841e-01  8.94519479e-01 -5.35695728e-05  5.27785923e-07 -6.31591597e-08 
 5.88027563e-05  8.94585636e-01  8.94617402e-01  8.94520644e-01 -5.83366159e-05  7.37738477e-07 -6.03787402e-08 
 5.88028609e-05  8.94603777e-01  8.94671498e-01  8.94523885e-01 -6.37258477e-05  1.03282347e-06 -5.61089526e-08 
 5.88029572e-05  8.94621387e-01  8.94723528e-01  8.94528755e-01 -6.86310059e-05  1.35543736e-06 -5.12555790e-08 
 5.88030646e-05  8.94638063e-01  8.94781637e-01  8.94536284e-01 -7.40756031e-05  1.76800326e-06 -4.49514054e-08 
 5.88031833e-05  8.94651485e-01  8.94844265e-01  8.94547045e-01 -7.99714830e-05  2.28241498e-06 -3.70399464e-08 
 5.88033148e-05  8.94663048e-01  8.94908979e-01  8.94561643e-01 -8.64549576e-05  2.91136491e-06 -2.73579273e-08 
 5.88034496e-05  8.94674775e-01  8.94968748e-01  8.94579107e-01 -9.26785780e-05  3.60724136e-06 -1.66643173e-08 
 5.88035927e-05  8.94688284e-01  8.95023669e-01  8.94599826e-01 -9.83364600e-05  4.38573471e-06 -4.75448715e-09 
 5.88037143e-05  8.94700751e-01  8.95061166e-01  8.94618712e-01 -1.01530857e-04  5.06368091e-06  5.52174589e-09 
 5.88037946e-05  8.94709157e-01  8.95078408e-01  8.94631562e-01 -1.01815651e-04  5.50818562e-06  1.21528085e-08 
 5.88038501e-05  8.94714862e-01  8.95083684e-01  8.94640441e-01 -9.98365314e-05  5.80372208e-06  1.64520863e-08 
 5.88039000e-05  8.94719585e-01  8.95080240e-01  8.94648282e-01 -9.57612649e-05  6.05179702e-06  1.99098589e-08 
 5.88039565e-05  8.94724292e-01  8.95063419e-01  8.94656750e-01 -8.86812937e-05  6.30038489e-06  2.31053596e-08 
 5.88040239e-05  8.94728638e-01  8.95024071e-01  8.94665864e-01 -7.80973051e-05  6.53951462e-06  2.56851874e-08 
 5.88040959e-05  8.94731706e-01  8.94962294e-01  8.94673879e-01 -6.59191833e-05  6.71806882e-06  2.68783473e-08 
 5.88041904e-05  8.94733256e-01  8.94862020e-01  8.94681060e-01 -5.10176998e-05  6.83602484e-06  2.62265554e-08 
 5.88042797e-05  8.94732572e-01  8.94761013e-01  8.94684069e-01 -3.96804404e-05  6.84186530e-06  2.37623250e-08 
 5.88043601e-05  8.94730519e-01  8.94675172e-01  8.94683730e-01 -3.21057545e-05  6.77920015e-06  2.04916549e-08 
 5.88044431e-05  8.94727436e-01  8.94597597e-01  8.94680725e-01 -2.65504461e-05  6.66676475e-06  1.64945963e-08 
 5.88045354e-05  8.94723156e-01  8.94526637e-01  8.94674804e-01 -2.24576639e-05  6.50400821e-06  1.16673826e-08 
 5.88046281e-05  8.94718320e-01  8.94471033e-01  8.94666767e-01 -1.98986796e-05  6.31637584e-06  6.67851568e-09 
 5.88047328e-05  8.94712422e-01  8.94424118e-01  8.94655939e-01 -1.82081773e-05  6.09020625e-06  1.08817152e-09 
 5.88048458e-05  8.94705810e-01  8.94387822e-01  8.94642917e-01 -1.72211363e-05  5.84067324e-06 -4.75931011e-09 
 5.88049229e-05  8.94701182e-01  8.94369336e-01  8.94633529e-01 -1.68548427e-05  5.67090194e-06 -8.60784790e-09 
 5.88050000e-05  8.94696535e-01  8.94354387e-01  8.94623919e-01 -1.66179918e-05  5.50353663e-06 -1.23297271e-08 
 5.88050021e-05  8.94697418e-01  8.94357763e-01  8.94623663e-01 -1.55714028e-05  5.49936528e-06 -1.23122809e-08 
 5.88050062e-05  8.94698247e-01  8.94363977e-01  8.94623157e-01 -1.51589802e-05  5.49105701e-06 -1.22836641e-08 
 5.88050144e-05  8.94698178e-01  8.94374093e-01  8.94622175e-01 -1.49259047e-05  5.47450263e-06 -1.22461548e-08 
 5.88050309e-05  8.94698300e-01  8.94389552e-01  8.94620304e-01 -1.45964062e-05  5.44135815e-06 -1.21895900e-08 
 5.88050581e-05  8.94698312e-01  8.94409060e-01  8.94617428e-01 -1.41281626e-05  5.38656636e-06 -1.21230034e-08 
 5.88051125e-05  8.94698421e-01  8.94437582e-01  8.94612285e-01 -1.34821916e-05  5.27733086e-06 -1.20604984e-08 
 5.88052213e-05  8.94698392e-01  8.94470464e-01  8.94603637e-01 -1.27820188e-05  5.06213108e-06 -1.20779901e-08 
 5.88054390e-05  8.94698269e-01  8.94489952e-01  8.94589607e-01 -1.23972102e-05  4.65162154e-06 -1.22538840e-08 
 5.88057040e-05  8.94697961e-01  8.94485533e-01  8.94574847e-01 -1.23527739e-05  4.19269668e-06 -1.23895978e-08 
 5.88060779e-05  8.94697628e-01  8.94473246e-01  8.94555341e-01 -1.23576480e-05  3.61984004e-06 -1.23317402e-08 
 5.88065496e-05  8.94697176e-01  8.94458156e-01  8.94532173e-01 -1.23453709e-05  3.00655651e-06 -1.19647325e-08 
 5.88074828e-05  8.94696522e-01  8.94432880e-01  8.94490846e-01 -1.23565555e-05  2.07600610e-06 -1.06942516e-08 
 5.88093492e-05  8.94695517e-01  8.94397462e-01  8.94425395e-01 -1.23467608e-05  9.63118833e-07 -7.52708786e-09 
 5.88130818e-05  8.94694532e-01  8.94372376e-01  8.94352563e-01 -1.23659906e-05  1.48736012e-07 -2.72194829e-09 
 5.88183054e-05  8.94693999e-01  8.94400857e-01  8.94341666e-01 -1.23657051e-05 -1.88102843e-09 -2.77457794e-10 
 5.88255543e-05  8.94693870e-01  8.94491157e-01  8.94412235e-01 -1.23887020e-05  3.16144657e-10  3.92166690e-11 
 5.88373602e-05  8.94693858e-01  8.94643534e-01  8.94567324e-01 -1.23876451e-05 -1.05043193e-10  2.09313679e-11 
 5.88509439e-05  8.94693980e-01  8.94756684e-01  8.94696049e-01 -1.24051349e-05  7.00489580e-11  3.00525274e-11 
 5.88715814e-05  8.94694011e-01  8.94799347e-01  8.94755988e-01 -1.23976794e-05 -3.27354999e-11  9.28288316e-13 
 5.88965814e-05  8.94694013e-01  8.94750022e-01  8.94712588e-01 -1.24112384e-05  1.86260456e-11 -2.32050056e-12 
 5.89215814e-05  8.94693917e-01  8.94698115e-01  8.94657165e-01 -1.24001835e-05 -1.78884997e-11 -5.25253549e-12 
 5.89465814e-05  8.94693919e-01  8.94685462e-01  8.94640316e-01 -1.24118367e-05  9.50789404e-12  1.77046523e-12 
 5.89715814e-05  8.94693888e-01  8.94697127e-01  8.94650726e-01 -1.24001323e-05 -5.55829991e-12  2.11757337e-12 
 5.89857907e-05  8.94693929e-01  8.94705274e-01  8.94659220e-01 -1.24117266e-05  3.79847586e-12  3.02279577e-12 
 5.90000000e-05  8.94693903e-01  8.94710453e-01  8.94665005e-01 -1.24000955e-05 -7.71209268e-13  2.28430263e-12 
 5.90000112e-05  8.94694842e-01  8.94718438e-01  8.94665044e-01 -9.90692708e-06  1.62025421e-09  2.97397555e-10 
 5.90000336e-05  8.94695320e-01  8.94731578e-01  8.94665180e-01 -9.49072133e-06  4.93376045e-09  8.64460674e-10 
 5.90000784e-05  8.94695584e-01  8.94749781e-01  8.94665726e-01 -9.28083676e-06  1.13595680e-08  1.93370563e-09 
 5.90001456e-05  8.94696376e-01  8.94769425e-01  8.94667030e-01 -8.88655268e-06  2.04682967e-08  3.44723472e-09 
 5.90002800e-05  8.94697440e-01  8.94791907e-01  8.94670637e-01 -8.73743154e-06  3.75952033e-08  6.25339258e-09 
 5.90005488e-05  8.94699941e-01  8.94808345e-01  8.94679284e-01 -8.58284796e-06  6.87944554e-08  1.13364837e-08 
 5.90008893e-05  8.94702770e-01  8.94813584e-01  8.94690373e-01 -8.68226806e-06  1.03818889e-07  1.70216546e-08 
 5.90014116e-05  8.94707495e-01  8.94817959e-01  8.94705629e-01 -8.67763516e-06  1.49232921e-07  2.43931285e-08 
 5.90015317e-05  8.94708513e-01  8.94818435e-01  8.94708813e-01 -8.82760255e-06  1.58379509e-07  2.58670798e-08 
 5.90017721e-05  8.94711537e-01  8.94816655e-01  8.94714683e-01 -9.42181329e-06  1.74945942e-07  2.84668704e-08 
 5.90018936e-05  8.94713684e-01  8.94812451e-01  8.94717300e-01 -1.03646188e-05  1.82184901e-07  2.95019638e-08 
 5.90020122e-05  8.94716957e-01  8.94803286e-01  8.94719424e-01 -1.19032746e-05  1.87951718e-07  3.01520868e-08 
 5.90021224e-05  8.94720866e-01  8.94787908e-01  8.94720779e-01 -1.42684643e-05  1.91701695e-07  3.02598208e-08 
 5.90022299e-05  8.94725931e-01  8.94764212e-01  8.94721223e-01 -1.72983016e-05  1.93288739e-07  2.97077595e-08 
 5.90023357e-05  8.94731541e-01  8.94730286e-01  8.94720448e-01 -2.08992075e-05  1.92293224e-07  2.83113567e-08 
 5.90024365e-05  8.94737442e-01  8.94685849e-01  8.94718192e-01 -2.42687904e-05  1.88337109e-07  2.59641376e-08 
 5.90025312e-05  8.94742713e-01  8.94630702e-01  8.94714302e-01 -2.68860118e-05  1.81317494e-07  2.26057012e-08 
 5.90026375e-05  8.94748121e-01  8.94552115e-01  8.94707321e-01 -2.90175641e-05  1.68978651e-07  1.72593927e-08 
 5.90027369e-05  8.94752069e-01  8.94466911e-01  8.94697869e-01 -3.12919231e-05  1.53293198e-07  1.07560141e-08 
 5.90028866e-05  8.94756044e-01  8.94331294e-01  8.94677893e-01 -3.52402037e-05  1.23029440e-07 -1.41456209e-09 
 5.90030196e-05  8.94757026e-01  8.94212319e-01  8.94654523e-01 -3.89954838e-05  9.03000406e-08 -1.42518595e-08 
 5.90031586e-05  8.94755548e-01  8.94096335e-01  8.94625060e-01 -4.27799426e-05  5.11192963e-08 -2.92439417e-08 
 5.90032805e-05  8.94751629e-01  8.94005438e-01  8.94595589e-01 -4.57836020e-05  1.23256763e-08 -4.33825426e-08 
 5.90033545e-05  8.94747641e-01  8.93958036e-01  8.94576383e-01 -4.71717980e-05 -1.60351086e-08 -5.22140079e-08 
 5.90033943e-05  8.94744350e-01  8.93936819e-01  8.94565736e-01 -4.75885412e-05 -3.61990540e-08 -5.69655082e-08 
 5.90034321e-05  8.94740142e-01  8.93921667e-01  8.94555531e-01 -4.75963216e-05 -6.26221877e-08 -6.13797385e-08 
 5.90034595e-05  8.94735646e-01  8.93915491e-01  8.94548091e-01 -4.72162063e-05 -8.84002861e-08 -6.44660692e-08 
 5.90034822e-05  8.94730681e-01  8.93915169e-01  8.94541964e-01 -4.66100861e-05 -1.14515518e-07 -6.68663098e-08 
 5.90035040e-05  8.94724202e-01  8.93920821e-01  8.94536163e-01 -4.56557621e-05 -1.42735738e-07 -6.89488062e-08 
 5.90035282e-05  8.94715221e-01  8.93936183e-01  8.94529877e-01 -4.41716021e-05 -1.75908924e-07 -7.08906190e-08 
 5.90035561e-05  8.94703478e-01  8.93967342e-01  8.94522950e-01 -4.19617799e-05 -2.13488507e-07 -7.25244988e-08 
 5.90035867e-05  8.94690513e-01  8.94016938e-01  8.94515966e-01 -3.91356885e-05 -2.50439827e-07 -7.35054555e-08 
 5.90036315e-05  8.94673381e-01  8.94111585e-01  8.94507148e-01 -3.45919057e-05 -2.93520909e-07 -7.35532126e-08 
 5.90036607e-05  8.94664218e-01  8.94182210e-01  8.94502441e-01 -3.16124643e-05 -3.14163618e-07 -7.28310389e-08 
 5.90036890e-05  8.94656963e-01  8.94252565e-01  8.94498730e-01 -2.88263811e-05 -3.29274541e-07 -7.17231858e-08 
 5.90037219e-05  8.94650346e-01  8.94333136e-01  8.94495449e-01 -2.58445195e-05 -3.42122793e-07 -7.00818906e-08 
 5.90037577e-05  8.94645118e-01  8.94415620e-01  8.94493091e-01 -2.29605445e-05 -3.51649608e-07 -6.80314016e-08 
 5.90037945e-05  8.94641372e-01  8.94492329e-01  8.94491867e-01 -2.04293608e-05 -3.58063675e-07 -6.57834464e-08 
 5.90038344e-05  8.94638741e-01  8.94564990e-01  8.94491741e-01 -1.81501369e-05 -3.62469610e-07 -6.33059025e-08 
 5.90038776e-05  8.94636990e-01  8.94631227e-01  8.94492798e-01 -1.61822910e-05 -3.65347904e-07 -6.06696495e-08 
 5.90039271e-05  8.94635964e-01  8.94692525e-01  8.94495236e-01 -1.44617843e-05 -3.67199359e-07 -5.77739936e-08 
 5.90039832e-05  8.94635498e-01  8.94746103e-01  8.94499216e-01 -1.30573438e-05 -3.68180907e-07 -5.46826813e-08 
 5.90040505e-05  8.94635544e-01  8.94793080e-01  8.94505209e-01 -1.19284799e-05 -3.68410682e-07 -5.12327436e-08 
 5.90041311e-05  8.94635964e-01  8.94831785e-01  8.94513538e-01 -1.11066379e-05 -3.67728333e-07 -4.74146927e-08 
 5.90042347e-05  8.94636826e-01  8.94863911e-01  8.94525285e-01 -1.05473557e-05 -3.65666411e-07 -4.28965900e-08 
 5.90043697e-05  8.94638096e-01  8.94889782e-01  8.94541427e-01 -1.02314410e-05 -3.61349571e-07 -3.74696574e-08 
 5.90045630e-05  8.94640093e-01  8.94913177e-01  8.94564901e-01 -1.00890637e-05 -3.53317794e-07 -3.03493921e-08 
 5.90047815e-05  8.94642452e-01  8.94932551e-01  8.94591130e-01 -1.00524498e-05 -3.46006049e-07 -2.30003439e-08 
 5.90050000e-05  8.94645065e-01  8.94949516e-01  8.94616683e-01 -1.00389623e-05 -3.50913953e-07 -1.62719967e-08 
 5.90050047e-05  8.94644253e-01  8.94946166e-01  8.94617213e-01 -1.22969403e-05 -3.52037754e-07 -1.62610470e-08 
 5.90050140e-05  8.94643677e-01  8.94940369e-01  8.94618261e-01 -1.25397202e-05 -3.54532621e-07 -1.62296950e-08 
 5.90050326e-05  8.94643752e-01  8.94931952e-01  8.94620292e-01 -1.24649577e-05 -3.59762347e-07 -1.61432746e-08 
 5.90050700e-05  8.94643397e-01  8.94919628e-01  8.94624155e-01 -1.25620217e-05 -3.69665541e-07 -1.59468511e-08 
 5.90051446e-05  8.94643452e-01  8.94903304e-01  8.94631289e-01 -1.25162709e-05 -3.88492128e-07 -1.55012842e-08 
 5.90052597e-05  8.94643409e-01  8.94891190e-01  8.94641248e-01 -1.25765568e-05 -4.15647881e-07 -1.47837644e-08 
 5.90054097e-05  8.94643720e-01  8.94888175e-01  8.94653114e-01 -1.25180464e-05 -4.48678263e-07 -1.38687928e-08 
 5.90056538e-05  8.94643888e-01  8.94894863e-01  8.94671143e-01 -1.25687299e-05 -4.97396438e-07 -1.24721907e-08 
 5.90061420e-05  8.94644557e-01  8.94917047e-01  8.94704958e-01 -1.25126238e-05 -5.78997444e-07 -1.00058128e-08 
 5.90071183e-05  8.94645394e-01  8.94958574e-01  8.94766423e-01 -1.25583709e-05 -6.92798822e-07 -6.17872655e-09 
 5.90090710e-05  8.94646983e-01  8.95019243e-01  8.94866264e-01 -1.24947755e-05 -7.97383857e-07 -1.55794620e-09 
 5.90129765e-05  8.94648701e-01  8.95075553e-01  8.94985888e-01 -1.25251486e-05 -8.00771791e-07  1.72184467e-09 
 5.90187362e-05  8.94650219e-01  8.95060265e-01  8.95025790e-01 -1.24488441e-05 -6.90098837e-07  1.97563197e-09 
 5.90263120e-05  8.94651089e-01  8.94967386e-01  8.94957460e-01 -1.24774666e-05 -5.57461066e-07  1.47228216e-09 
 5.90380447e-05  8.94652117e-01  8.94811633e-01  8.94799421e-01 -1.24052007e-05 -4.01740946e-07  1.03055439e-09 
 5.90504070e-05  8.94652593e-01  8.94700324e-01  8.94673850e-01 -1.24451796e-05 -2.84292899e-07  7.28264942e-10 
 5.90704766e-05  8.94653329e-01  8.94637791e-01  8.94594556e-01 -1.23852089e-05 -1.61117771e-07  4.21207870e-10 
 5.90954766e-05  8.94653668e-01  8.94665845e-01  8.94615442e-01 -1.24328505e-05 -7.85632627e-08  2.12998100e-10 
 5.91204766e-05  8.94654048e-01  8.94708017e-01  8.94660037e-01 -1.23806355e-05 -3.84363503e-08  1.07288809e-10 
 5.91454766e-05  8.94654060e-01  8.94719348e-01  8.94674890e-01 -1.24317823e-05 -1.87383528e-08  5.13886832e-11 
 5.91704766e-05  8.94654226e-01  8.94708241e-01  8.94665175e-01 -1.23806195e-05 -9.20638786e-09  2.45799072e-11 
 5.91954766e-05  8.94654121e-01  8.94695359e-01  8.94651662e-01 -1.24319097e-05 -4.47199539e-09  1.18810496e-11 
 5.92204766e-05  8.94654243e-01  8.94689401e-01  8.94644971e-01 -1.23806844e-05 -2.21375147e-09  6.99207565e-12 
 5.92454766e-05  8.94654129e-01  8.94688895e-01  8.94644045e-01 -1.24318802e-05 -1.05928090e-09  4.11559111e-12 
 5.92704766e-05  8.94654251e-01  8.94689127e-01  8.94644435e-01 -1.23806756e-05 -5.38863721e-10  3.07141118e-12 
 5.92954766e-05  8.94654135e-01  8.94688342e-01  8.94643714e-01 -1.24318596e-05 -2.44077644e-10  1.83188799e-12 
 5.93204766e-05  8.94654253e-01  8.94686500e-01  8.94642005e-01 -1.23806960e-05 -1.37765404e-10  1.79140226e-12 
 5.93454766e-05  8.94654134e-01  8.94684802e-01  8.94640195e-01 -1.24318515e-05 -4.98950456e-11  1.23199660e-12 
 5.93704766e-05  8.94654251e-01  8.94683390e-01  8.94638810e-01 -1.23807123e-05 -4.13841923e-11  1.59206963e-12 
 5.93954766e-05  8.94654133e-01  8.94682492e-01  8.94637808e-01 -1.24318358e-05 -3.80335281e-12  1.17777701e-12 
 5.94204766e-05  8.94654251e-01  8.94681614e-01  8.94636996e-01 -1.23807249e-05 -1.80452450e-11  1.57427446e-12 
 5.94454766e-05  8.94654133e-01  8.94680921e-01  8.94636229e-01 -1.24318206e-05  7.16725485e-12  1.15455318e-12 
 5.94704766e-05  8.94654250e-01  8.94680133e-01  8.94635507e-01 -1.23807390e-05 -1.23599169e-11  1.56317212e-12 
 5.94954766e-05  8.94654132e-01  8.94679549e-01  8.94634845e-01 -1.24318062e-05  9.70838817e-12  1.15146033e-12 
 5.95204766e-05  8.94654249e-01  8.94678919e-01  8.94634274e-01 -1.23807531e-05 -1.09399852e-11  1.57206946e-12 
 5.95454766e-05  8.94654131e-01  8.94678490e-01  8.94633772e-01 -1.24317915e-05  1.02784725e-11  1.15955525e-12 
 5.95704766e-05  8.94654249e-01  8.94677996e-01  8.94633338e-01 -1.23807671e-05 -1.05581151e-11  1.58132074e-12 
 5.95954766e-05  8.94654131e-01  8.94677672e-01  8.94632946e-01 -1.24317770e-05  1.03913178e-11  1.16481754e-12 
 5.96204766e-05  8.94654249e-01  8.94677271e-01  8.94632603e-01 -1.23807812e-05 -1.04395156e-11  1.58757957e-12 
 5.96454766e-05  8.94654131e-01  8.94677025e-01  8.94632292e-01 -1.24317626e-05  1.04002737e-11  1.16899990e-12 
 5.96704766e-05  8.94654248e-01  8.94676700e-01  8.94632023e-01 -1.23807953e-05 -1.03900675e-11  1.59304530e-12 
 5.96954766e-05  8.94654131e-01  8.94676518e-01  8.94631780e-01 -1.24317482e-05  1.03882747e-11  1.17259924e-12 
 5.97204766e-05  8.94654248e-01  8.94676254e-01  8.94631571e-01 -1.23808094e-05 -1.03602270e-11  1.59744857e-12 
 5.97454766e-05  8.94654131e-01  8.94676121e-01  8.94631380e-01 -1.24317339e-05  1.03726962e-11  1.17528746e-12 
 5.97704766e-05  8.94654248e-01  8.94675904e-01  8.94631216e-01 -1.23808235e-05 -1.03373996e-11  1.60089753e-12 
 5.97954766e-05  8.94654131e-01  8.94675810e-01  8.94631065e-01 -1.24317196e-05  1.03568879e-11  1.17732571e-12 
 5.98204766e-05  8.94654248e-01  8.94675631e-01  8.94630937e-01 -1.23808376e-05 -1.03173164e-11  1.60368344e-12 
 5.98454766e-05  8.94654131e-01  8.94675565e-01  8.94630819e-01 -1.24317054e-05  1.03415835e-11  1.17887579e-12 
 5.98704766e-05  8.94654248e-01  8.94675416e-01  8.94630719e-01 -1.23808517e-05 -1.02989594e-11  1.60592866e-12 
 5.98954766e-05  8.94654131e-01  8.94675374e-01  8.94630626e-01 -1.24316912e-05  1.03264734e-11  1.18003047e-12 
 5.99204766e-05  8.94654248e-01  8.94675248e-01  8.94630548e-01 -1.23808658e-05 -1.02816766e-11  1.60774069e-12 
 5.99454766e-05  8.94654131e-01  8.94675224e-01  8.94630475e-01 -1.24316771e-05  1.03116274e-11  1.18088140e-12 
 5.99704766e-05  8.94654248e-01  8.94675117e-01  8.94630415e-01 -1.23808798e-05 -1.02651800e-11  1.60921358e-12 
 5.99954766e-05  8.94654131e-01  8.94675106e-01  8.94630357e-01 -1.24316629e-05  1.02970078e-11  1.18150037e-12 
 6.00204766e-05  8.94654248e-01  8.94675014e-01  8.94630310e-01 -1.23808939e-05 -1.02494658e-11  1.61041238e-12 
 6.00454766e-05  8.94654131e-01  8.94675013e-01  8.94630264e-01 -1.24316488e-05  1.02825678e-11  1.18194251e-12 
 6.00704766e-05  8.94654248e-01  8.94674934e-01  8.94630227e-01 -1.23809079e-05 -1.02342388e-11  1.61139266e-12 
 6.00954766e-05  8.94654131e-01  8.94674941e-01  8.94630191e-01 -1.24316347e-05  1.02684645e-11  1.18225162e-12 
 6.01204766e-05  8.94654248e-01  8.94674871e-01  8.94630163e-01 -1.23809220e-05 -1.02194403e-11  1.61219643e-12 
 6.01454766e-05  8.94654131e-01  8.94674884e-01  8.94630134e-01 -1.24316207e-05  1.02546103e-11  1.18246038e-12 
 6.01704766e-05  8.94654248e-01  8.94674822e-01  8.94630112e-01 -1.23809360e-05 -1.02051059e-11  1.61285612e-12 
 6.01954766e-05  8.94654131e-01  8.94674839e-01  8.94630090e-01 -1.24316066e-05  1.02409190e-11  1.18259688e-12 
 6.02204766e-05  8.94654248e-01  8.94674783e-01  8.94630073e-01 -1.23809500e-05 -1.01912790e-11  1.61339843e-12 
 6.02454766e-05  8.94654131e-01  8.94674804e-01  8.94630055e-01 -1.24315926e-05  1.02273886e-11  1.18268047e-12 
 6.02704766e-05  8.94654248e-01  8.94674753e-01  8.94630042e-01 -1.23809640e-05 -1.01778002e-11  1.61384496e-12 
 6.02954766e-05  8.94654131e-01  8.94674776e-01  8.94630027e-01 -1.24315786e-05  1.02140887e-11  1.18272682e-12 
 6.03204766e-05  8.94654248e-01  8.94674730e-01  8.94630018e-01 -1.23809780e-05 -1.01646094e-11  1.61421305e-12 
 6.03454766e-05  8.94654131e-01  8.94674754e-01  8.94630006e-01 -1.24315646e-05  1.02011190e-11  1.18274775e-12 
 6.03704766e-05  8.94654248e-01  8.94674712e-01  8.94629998e-01 -1.23809919e-05 -1.01516471e-11  1.61451348e-12 
 6.03954766e-05  8.94654132e-01  8.94674737e-01  8.94629989e-01 -1.24315507e-05  1.01884447e-11  1.18275344e-12 
 6.04204766e-05  8.94654248e-01  8.94674698e-01  8.94629984e-01 -1.23810059e-05 -1.01389528e-11  1.61475857e-12 
 6.04454766e-05  8.94654132e-01  8.94674724e-01  8.94629976e-01 -1.24315367e-05  1.01758029e-11  1.18274959e-12 
 6.04704766e-05  8.94654248e-01  8.94674687e-01  8.94629972e-01 -1.23810198e-05 -1.01266706e-11  1.61495670e-12 
 6.04954766e-05  8.94654132e-01  8.94674713e-01  8.94629966e-01 -1.24315228e-05  1.01634823e-11  1.18274346e-12 
 6.05204766e-05  8.94654248e-01  8.94674678e-01  8.94629963e-01 -1.23810337e-05 -1.01144839e-11  1.61511429e-12 
 6.05454766e-05  8.94654132e-01  8.94674705e-01  8.94629958e-01 -1.24315089e-05  1.01513266e-11  1.18273734e-12 
 6.05704766e-05  8.94654248e-01  8.94674671e-01  8.94629956e-01 -1.23810476e-05 -1.01025284e-11  1.61523664e-12 
 6.05954766e-05  8.94654132e-01  8.94674698e-01  8.94629952e-01 -1.24314950e-05  1.01393980e-11  1.18273457e-12 
 6.06204766e-05  8.94654248e-01  8.94674666e-01  8.94629950e-01 -1.23810615e-05 -1.00909006e-11  1.61532869e-12 
 6.06454766e-05  8.94654132e-01  8.94674693e-01  8.94629947e-01 -1.24314811e-05  1.01275060e-11  1.18273799e-12 
 6.06704766e-05  8.94654248e-01  8.94674662e-01  8.94629946e-01 -1.23810754e-05 -1.00793336e-11  1.61539521e-12 
 6.06954766e-05  8.94654132e-01  8.94674689e-01  8.94629943e-01 -1.24314672e-05  1.01159886e-11  1.18274807e-12 
 6.07204766e-05  8.94654248e-01  8.94674660e-01  8.94629942e-01 -1.23810893e-05 -1.00681160e-11  1.61543690e-12 
 6.07454766e-05  8.94654132e-01  8.94674685e-01  8.94629940e-01 -1.24314533e-05  1.01044004e-11  1.18276726e-12 
 6.07704766e-05  8.94654248e-01  8.94674657e-01  8.94629940e-01 -1.23811032e-05 -1.00569822e-11  1.61545831e-12 
 6.07954766e-05  8.94654132e-01  8.94674683e-01  8.94629938e-01 -1.24314395e-05  1.00930937e-11  1.18279448e-12 
 6.08204766e-05  8.94654248e-01  8.94674656e-01  8.94629938e-01 -1.23811170e-05 -1.00459992e-11  1.61546135e-12 
 6.08454766e-05  8.94654133e-01  8.94674681e-01  8.94629936e-01 -1.24314256e-05  1.00819932e-11  1.18283150e-12 
 6.08704766e-05  8.94654248e-01  8.94674654e-01  8.94629936e-01 -1.23811308e-05 -1.00350856e-11  1.61544736e-12 
 6.08954766e-05  8.94654133e-01  8.94674679e-01  8.94629935e-01 -1.24314118e-05  1.00710566e-11  1.18287796e-12 
 6.09204766e-05  8.94654249e-01  8.94674653e-01  8.94629935e-01 -1.23811447e-05 -1.00244678e-11  1.61541662e-12 
 6.09454766e-05  8.94654133e-01  8.94674678e-01  8.94629933e-01 -1.24313980e-05  1.00600641e-11  1.18293418e-12 
 6.09704766e-05  8.94654249e-01  8.94674653e-01  8.94629934e-01 -1.23811585e-05 -1.00138669e-11  1.61537363e-12 
 6.09852383e-05  8.94654133e-01  8.94674677e-01  8.94629933e-01 -1.24313794e-05  1.00839289e-11  1.18298345e-12 
 6.10000000e-05  8.94654249e-01  8.94674653e-01  8.94629933e-01 -1.23811819e-05 -9.98171728e-12  1.61523849e-12 
 6.10000214e-05  8.94652795e-01  8.94661701e-01  8.94629824e-01 -1.48051720e-05 -4.20976831e-09 -5.38872746e-10 
 6.10000641e-05  8.94651915e-01  8.94641725e-01  8.94629436e-01 -1.49363997e-05 -1.27839436e-08 -1.56668247e-09 
 6.10001496e-05  8.94651093e-01  8.94617030e-01  8.94627931e-01 -1.48822982e-05 -2.86265965e-08 -3.47265063e-09 
 6.10002726e-05  8.94649834e-01  8.94595869e-01  8.94624751e-01 -1.49578112e-05 -4.91901458e-08 -6.04006167e-09 
 6.10004101e-05  8.94648776e-01  8.94584585e-01  8.94620510e-01 -1.48931515e-05 -7.00939746e-08 -8.73700220e-09 
 6.10006606e-05  8.94646484e-01  8.94575125e-01  8.94612360e-01 -1.49689573e-05 -1.02809507e-07 -1.32709061e-08 
 6.10011617e-05  8.94642369e-01  8.94569165e-01  8.94596884e-01 -1.50723922e-05 -1.52420071e-07 -2.10410954e-08 
 6.10014372e-05  8.94640143e-01  8.94567859e-01  8.94589249e-01 -1.56497440e-05 -1.73130759e-07 -2.46395397e-08 
 6.10016090e-05  8.94639340e-01  8.94568529e-01  8.94584879e-01 -1.65261998e-05 -1.83952112e-07 -2.66204108e-08 
 6.10017623e-05  8.94638926e-01  8.94570726e-01  8.94581310e-01 -1.82913986e-05 -1.91481787e-07 -2.81672120e-08 
 6.10019025e-05  8.94639438e-01  8.94575426e-01  8.94578421e-01 -2.08368781e-05 -1.95933712e-07 -2.93299687e-08 
 6.10020387e-05  8.94640427e-01  8.94583024e-01  8.94576092e-01 -2.45246851e-05 -1.96876955e-07 -3.01576381e-08 
 6.10021649e-05  8.94642145e-01  8.94594037e-01  8.94574502e-01 -2.88409450e-05 -1.93771232e-07 -3.05691543e-08 
 6.10022745e-05  8.94643773e-01  8.94607683e-01  8.94573714e-01 -3.33676514e-05 -1.86633059e-07 -3.05563607e-08 
 6.10023676e-05  8.94645389e-01  8.94623739e-01  8.94573614e-01 -3.75418827e-05 -1.76217141e-07 -3.01728962e-08 
 6.10024485e-05  8.94646483e-01  8.94642268e-01  8.94574081e-01 -4.14220802e-05 -1.62680476e-07 -2.94650919e-08 
 6.10025212e-05  8.94647324e-01  8.94664116e-01  8.94575067e-01 -4.48923808e-05 -1.45891163e-07 -2.84261439e-08 
 6.10025902e-05  8.94647590e-01  8.94690722e-01  8.94576635e-01 -4.81655018e-05 -1.24787716e-07 -2.69854404e-08 
 6.10026632e-05  8.94647714e-01  8.94726240e-01  8.94579143e-01 -5.14223490e-05 -9.61733567e-08 -2.48684778e-08 
 6.10027406e-05  8.94647956e-01  8.94771196e-01  8.94582951e-01 -5.47756452e-05 -5.91941380e-08 -2.19250354e-08 
 6.10028391e-05  8.94649287e-01  8.94834728e-01  8.94589721e-01 -5.88805854e-05 -6.65620645e-09 -1.72481361e-08 
 6.10029304e-05  8.94651231e-01  8.94896344e-01  8.94598006e-01 -6.25963226e-05  4.02900965e-08 -1.21252132e-08 
 6.10030324e-05  8.94654410e-01  8.94965337e-01  8.94609526e-01 -6.65816389e-05  8.09315478e-08 -5.66919666e-09 
 6.10031406e-05  8.94658844e-01  8.95035961e-01  8.94624209e-01 -7.07652486e-05  1.07477591e-07  1.86467300e-09 
 6.10032525e-05  8.94664842e-01  8.95103084e-01  8.94641741e-01 -7.50738305e-05  1.24428783e-07  1.02238788e-08 
 6.10033879e-05  8.94673146e-01  8.95174611e-01  8.94665602e-01 -7.99762842e-05  1.41604068e-07  2.09267303e-08 
 6.10035194e-05  8.94682220e-01  8.95232782e-01  8.94690884e-01 -8.39008784e-05  1.58806727e-07  3.17084159e-08 
 6.10036234e-05  8.94689634e-01  8.95268945e-01  8.94711867e-01 -8.57907389e-05  1.73154285e-07  4.02832258e-08 
 6.10036902e-05  8.94694552e-01  8.95285215e-01  8.94725605e-01 -8.57026172e-05  1.82280530e-07  4.56634815e-08 
 6.10037407e-05  8.94698053e-01  8.95290880e-01  8.94735958e-01 -8.39373079e-05  1.88734438e-07  4.94971859e-08 
 6.10037877e-05  8.94701186e-01  8.95287209e-01  8.94745425e-01 -8.02289898e-05  1.93780786e-07  5.26980345e-08 
 6.10038400e-05  8.94704169e-01  8.95268896e-01  8.94755526e-01 -7.39179350e-05  1.97777762e-07  5.56131127e-08 
 6.10039034e-05  8.94707191e-01  8.95224876e-01  8.94766709e-01 -6.44441105e-05  1.99754480e-07  5.80210914e-08 
 6.10039686e-05  8.94709427e-01  8.95158150e-01  8.94776496e-01 -5.41596433e-05  1.98593261e-07  5.91664373e-08 
 6.10040585e-05  8.94711387e-01  8.95044963e-01  8.94786393e-01 -4.13734406e-05  1.92436551e-07  5.88037899e-08 
 6.10041400e-05  8.94712150e-01  8.94936078e-01  8.94791505e-01 -3.24790341e-05  1.83498423e-07  5.69825098e-08 
 6.10042101e-05  8.94712335e-01  8.94848082e-01  8.94793050e-01 -2.69914020e-05  1.74161081e-07  5.46857327e-08 
 6.10042850e-05  8.94712133e-01  8.94765800e-01  8.94792139e-01 -2.29415402e-05  1.63222503e-07  5.18207359e-08 
 6.10043685e-05  8.94711678e-01  8.94690541e-01  8.94788568e-01 -2.00591764e-05  1.50322552e-07  4.83986637e-08 
 6.10044545e-05  8.94710990e-01  8.94630489e-01  8.94782726e-01 -1.83049214e-05  1.36647815e-07  4.48211979e-08 
 6.10045509e-05  8.94710137e-01  8.94580793e-01  8.94774331e-01 -1.72185177e-05  1.21081649e-07  4.08853881e-08 
 6.10046566e-05  8.94709097e-01  8.94542512e-01  8.94763669e-01 -1.66194432e-05  1.03978704e-07  3.67397897e-08 
 6.10047823e-05  8.94707851e-01  8.94511802e-01  8.94749874e-01 -1.63040730e-05  8.38085912e-08  3.20724794e-08 
 6.10048912e-05  8.94706734e-01  8.94493509e-01  8.94737436e-01 -1.61905528e-05  6.66595668e-08  2.82528069e-08 
 6.10050000e-05  8.94705641e-01  8.94479694e-01  8.94724843e-01 -1.61418117e-05  4.99088735e-08  2.46209649e-08 
 6.10050023e-05  8.94706154e-01  8.94481442e-01  8.94724574e-01 -1.39409920e-05  4.98670588e-08  2.46097836e-08 
 6.10050070e-05  8.94706632e-01  8.94484678e-01  8.94724039e-01 -1.35806011e-05  4.98290473e-08  2.45846147e-08 
 6.10050164e-05  8.94706564e-01  8.94489886e-01  8.94722987e-01 -1.34509636e-05  4.98297779e-08  2.45223640e-08 
 6.10050351e-05  8.94706616e-01  8.94497710e-01  8.94720945e-01 -1.32591283e-05  4.97750773e-08  2.43855649e-08 
 6.10050654e-05  8.94706583e-01  8.94507404e-01  8.94717772e-01 -1.30109644e-05  4.95935649e-08  2.41489601e-08 
 6.10051261e-05  8.94706576e-01  8.94520952e-01  8.94711820e-01 -1.26870872e-05  4.89787700e-08  2.36379395e-08 
 6.10052474e-05  8.94706435e-01  8.94533835e-01  8.94700964e-01 -1.23847146e-05  4.72501180e-08  2.25619558e-08 
 6.10054900e-05  8.94706170e-01  8.94533925e-01  8.94681359e-01 -1.22700399e-05  4.32743551e-08  2.04523527e-08 
 6.10057709e-05  8.94705819e-01  8.94521117e-01  8.94660231e-01 -1.22740921e-05  3.87979124e-08  1.82317853e-08 
 6.10062031e-05  8.94705374e-01  8.94500118e-01  8.94629304e-01 -1.22791892e-05  3.26909749e-08  1.52735071e-08 
 6.10068509e-05  8.94704739e-01  8.94471348e-01  8.94586113e-01 -1.22780644e-05  2.52137366e-08  1.16877342e-08 
 6.10081463e-05  8.94703776e-01  8.94424267e-01  8.94510787e-01 -1.22899712e-05  1.48369180e-08  6.73128060e-09 
 6.10107371e-05  8.94702458e-01  8.94363875e-01  8.94400585e-01 -1.22988156e-05  4.64302250e-09  1.92453545e-09 
 6.10159188e-05  8.94701256e-01  8.94333088e-01  8.94302036e-01 -1.23281512e-05 -1.94105130e-10 -2.34900685e-10 
 6.10220679e-05  8.94700766e-01  8.94380448e-01  8.94313085e-01 -1.23452099e-05 -3.52636076e-11 -5.17203305e-11 
 6.10322631e-05  8.94700551e-01  8.94507198e-01  8.94428514e-01 -1.23740671e-05  1.36861490e-11  2.52645671e-11 
 6.10436847e-05  8.94700486e-01  8.94629271e-01  8.94560658e-01 -1.23838185e-05  1.69660518e-11  2.85517483e-11 
 6.10596566e-05  8.94700504e-01  8.94717915e-01  8.94664545e-01 -1.23994732e-05  7.25173090e-12  1.40178520e-11 
 6.10838566e-05  8.94700465e-01  8.94731032e-01  8.94689730e-01 -1.24009233e-05 -7.65278899e-13  4.10122945e-13 
 6.11088566e-05  8.94700434e-01  8.94691827e-01  8.94651340e-01 -1.24079715e-05 -3.09783969e-12 -3.45116709e-12 
 6.11338566e-05  8.94700372e-01  8.94669661e-01  8.94625794e-01 -1.24033788e-05 -9.62309876e-13 -4.20492417e-13 
 6.11588566e-05  8.94700383e-01  8.94674391e-01  8.94628296e-01 -1.24084833e-05  2.79471325e-13  1.89111807e-12 
 6.11794283e-05  8.94700370e-01  8.94686193e-01  8.94639984e-01 -1.24033749e-05  9.65190601e-13  2.88159281e-12 
 6.12000000e-05  8.94700399e-01  8.94695352e-01  8.94649728e-01 -1.24084480e-05  3.85535354e-13  2.18767837e-12 
 6.12000143e-05  8.94702756e-01  8.94715231e-01  8.94649845e-01 -1.08765069e-05  1.81797816e-09  7.47781266e-10 
 6.12000428e-05  8.94704890e-01  8.94746815e-01  8.94650258e-01 -1.02130425e-05  5.29775525e-09  2.18221185e-09 
 6.12000998e-05  8.94708188e-01  8.94788134e-01  8.94651893e-01 -9.64664783e-06  1.10103819e-08  4.88925748e-09 
 6.12001808e-05  8.94713384e-01  8.94828170e-01  8.94655450e-01 -9.01622841e-06  1.71122738e-08  8.51194184e-09 
 6.12003428e-05  8.94722982e-01  8.94870470e-01  8.94664814e-01 -8.71675326e-06  2.58481451e-08  1.52269485e-08 
 6.12006518e-05  8.94741768e-01  8.94900090e-01  8.94685266e-01 -8.54060820e-06  3.76479065e-08  2.67559844e-08 
 6.12010163e-05  8.94763449e-01  8.94914286e-01  8.94709345e-01 -8.64747632e-06  4.90745020e-08  3.86595511e-08 
 6.12016097e-05  8.94799515e-01  8.94933542e-01  8.94745380e-01 -8.86355766e-06  6.23647364e-08  5.47331907e-08 
 6.12017034e-05  8.94805242e-01  8.94935612e-01  8.94750698e-01 -9.10656321e-06  6.26634534e-08  5.68988121e-08 
 6.12018909e-05  8.94818050e-01  8.94936024e-01  8.94760846e-01 -1.00343917e-05  5.03556501e-08  6.07298960e-08 
 6.12020153e-05  8.94827277e-01  8.94931244e-01  8.94767061e-01 -1.15209147e-05  2.46342042e-08  6.27375547e-08 
 6.12021224e-05  8.94836367e-01  8.94921688e-01  8.94771868e-01 -1.33531058e-05 -1.93286577e-08  6.39207025e-08 
 6.12022317e-05  8.94846047e-01  8.94904526e-01  8.94775998e-01 -1.60553764e-05 -9.60279058e-08  6.43912889e-08 
 6.12023433e-05  8.94856645e-01  8.94877734e-01  8.94779073e-01 -1.91599447e-05 -2.20262009e-07  6.38727980e-08 
 6.12024525e-05  8.94866538e-01  8.94840280e-01  8.94780577e-01 -2.22455591e-05 -4.01020829e-07  6.21174433e-08 
 6.12025565e-05  8.94875313e-01  8.94792257e-01  8.94780208e-01 -2.43234158e-05 -6.43036035e-07  5.90206266e-08 
 6.12026711e-05  8.94882881e-01  8.94724387e-01  8.94777221e-01 -2.58524387e-05 -1.00493580e-06  5.37175661e-08 
 6.12027809e-05  8.94888078e-01  8.94649105e-01  8.94771411e-01 -2.75035820e-05 -1.44863063e-06  4.67951956e-08 
 6.12029452e-05  8.94891004e-01  8.94530883e-01  8.94757022e-01 -3.07409821e-05 -2.27598826e-06  3.35180405e-08 
 6.12030781e-05  8.94889376e-01  8.94436858e-01  8.94740561e-01 -3.35442873e-05 -3.07352373e-06  2.05916144e-08 
 6.12032074e-05  8.94883947e-01  8.94350661e-01  8.94720821e-01 -3.63523554e-05 -3.94203282e-06  6.51064847e-09 
 6.12033333e-05  8.94875099e-01  8.94274145e-01  8.94698559e-01 -3.88340965e-05 -4.85871485e-06 -8.29177955e-09 
 6.12034337e-05  8.94863719e-01  8.94220877e-01  8.94679035e-01 -4.05586136e-05 -5.62554169e-06 -2.05908828e-08 
 6.12034883e-05  8.94853543e-01  8.94196904e-01  8.94667920e-01 -4.10951031e-05 -6.04796025e-06 -2.73124009e-08 
 6.12035261e-05  8.94842530e-01  8.94184122e-01  8.94660090e-01 -4.12373113e-05 -6.33764787e-06 -3.18832096e-08 
 6.12035573e-05  8.94829488e-01  8.94177550e-01  8.94653576e-01 -4.10197165e-05 -6.57145678e-06 -3.55278997e-08 
 6.12035839e-05  8.94814604e-01  8.94176499e-01  8.94648059e-01 -4.05956573e-05 -6.76160791e-06 -3.84347732e-08 
 6.12036100e-05  8.94796469e-01  8.94181662e-01  8.94642725e-01 -3.98290350e-05 -6.93480469e-06 -4.09886629e-08 
 6.12036387e-05  8.94773414e-01  8.94197147e-01  8.94637047e-01 -3.85875897e-05 -7.10272586e-06 -4.32867556e-08 
 6.12036718e-05  8.94745825e-01  8.94229807e-01  8.94630878e-01 -3.66658986e-05 -7.26065300e-06 -4.51122234e-08 
 6.12037080e-05  8.94717905e-01  8.94282258e-01  8.94624852e-01 -3.41382154e-05 -7.38523266e-06 -4.60239784e-08 
 6.12037637e-05  8.94683832e-01  8.94386292e-01  8.94617460e-01 -2.98111110e-05 -7.48603817e-06 -4.54681598e-08 
 6.12038008e-05  8.94668217e-01  8.94463726e-01  8.94613972e-01 -2.69154520e-05 -7.50000880e-06 -4.40266217e-08 
 6.12038358e-05  8.94658084e-01  8.94536948e-01  8.94611766e-01 -2.43210028e-05 -7.48327065e-06 -4.21279934e-08 
 6.12038804e-05  8.94650571e-01  8.94624689e-01  8.94610429e-01 -2.13718486e-05 -7.43066210e-06 -3.92403180e-08 
 6.12039212e-05  8.94647896e-01  8.94697071e-01  8.94610522e-01 -1.90638491e-05 -7.36000946e-06 -3.63240869e-08 
 6.12039696e-05  8.94648333e-01  8.94771035e-01  8.94612032e-01 -1.68101334e-05 -7.25822869e-06 -3.27424751e-08 
 6.12040175e-05  8.94651544e-01  8.94831713e-01  8.94614781e-01 -1.50647270e-05 -7.14506870e-06 -2.91871822e-08 
 6.12040764e-05  8.94657756e-01  8.94890686e-01  8.94619476e-01 -1.34556472e-05 -6.99737771e-06 -2.49365298e-08 
 6.12041394e-05  8.94666196e-01  8.94938133e-01  8.94625703e-01 -1.22669219e-05 -6.83460806e-06 -2.05836382e-08 
 6.12042191e-05  8.94678193e-01  8.94980964e-01  8.94634768e-01 -1.12867696e-05 -6.62803503e-06 -1.53871627e-08 
 6.12043110e-05  8.94693116e-01  8.95014231e-01  8.94646254e-01 -1.06487142e-05 -6.39308825e-06 -9.77237822e-09 
 6.12044342e-05  8.94713924e-01  8.95043089e-01  8.94662493e-01 -1.02113112e-05 -6.08830163e-06 -2.77868281e-09 
 6.12045927e-05  8.94741863e-01  8.95067032e-01  8.94683875e-01 -9.99977550e-06 -5.71536274e-06  5.51323916e-09 
 6.12047964e-05  8.94780460e-01  8.95089132e-01  8.94711226e-01 -9.90441670e-06 -5.26828814e-06  1.52236104e-08 
 6.12050000e-05  8.94825402e-01  8.95107751e-01  8.94738031e-01 -9.88386159e-06 -4.85530110e-06  2.40220565e-08 
 6.12050050e-05  8.94824702e-01  8.95099900e-01  8.94738668e-01 -1.10605433e-05 -4.84610155e-06  2.39558949e-08 
 6.12050151e-05  8.94825333e-01  8.95086396e-01  8.94739912e-01 -1.14231859e-05 -4.82769717e-06  2.38441122e-08 
 6.12050352e-05  8.94828705e-01  8.95066780e-01  8.94742252e-01 -1.15283067e-05 -4.79082459e-06  2.36640570e-08 
 6.12050755e-05  8.94834457e-01  8.95038130e-01  8.94746491e-01 -1.19162339e-05 -4.71719469e-06  2.33529145e-08 
 6.12051559e-05  8.94847244e-01  8.95000050e-01  8.94753711e-01 -1.21944748e-05 -4.57179368e-06  2.28644825e-08 
 6.12053055e-05  8.94870519e-01  8.94966197e-01  8.94764440e-01 -1.24787029e-05 -4.31158745e-06  2.21285732e-08 
 6.12054838e-05  8.94898669e-01  8.94956220e-01  8.94774910e-01 -1.24480045e-05 -4.02015443e-06  2.13317605e-08 
 6.12058011e-05  8.94947297e-01  8.94960051e-01  8.94791438e-01 -1.25043428e-05 -3.54898491e-06  1.99226119e-08 
 6.12062387e-05  8.95013342e-01  8.94973891e-01  8.94812486e-01 -1.24403664e-05 -2.98786483e-06  1.80114678e-08 
 6.12070693e-05  8.95133137e-01  8.94997637e-01  8.94849108e-01 -1.24972417e-05 -2.15051312e-06  1.45926738e-08 
 6.12086989e-05  8.95351467e-01  8.95033557e-01  8.94908960e-01 -1.24325367e-05 -1.10848543e-06  9.05043760e-09 
 6.12119582e-05  8.95726594e-01  8.95073907e-01  8.94987904e-01 -1.24805471e-05 -2.43719581e-07  2.39936132e-09 
 6.12172615e-05  8.96197273e-01  8.95091109e-01  8.95039225e-01 -1.24078985e-05  4.88111267e-09 -9.01874321e-10 
 6.12239107e-05  8.96604897e-01  8.95096530e-01  8.95050461e-01 -1.24544549e-05 -6.34925610e-10 -8.74230709e-10 
 6.12350626e-05  8.97008187e-01  8.95185272e-01  8.95113548e-01 -1.23849882e-05  2.31262646e-10 -3.95143401e-10 
 6.12471664e-05  8.97215952e-01  8.95418482e-01  8.95316745e-01 -1.24378349e-05 -7.99781398e-11 -1.65296517e-10 
 6.12645300e-05  8.97337571e-01  8.95870605e-01  8.95756233e-01 -1.23759504e-05  8.67030887e-11  6.42064814e-12 
 6.12895300e-05  8.97383082e-01  8.96419462e-01  8.96329563e-01 -1.24329331e-05 -5.85057393e-12  3.87049204e-11 
 6.13145300e-05  8.97389241e-01  8.96676403e-01  8.96618806e-01 -1.23752231e-05  3.20161874e-11  2.04632563e-11 
 6.13395300e-05  8.97389744e-01  8.96722873e-01  8.96678805e-01 -1.24343520e-05 -1.62806851e-11 -1.89322912e-12 
 6.13645300e-05  8.97390010e-01  8.96728165e-01  8.96681938e-01 -1.23765670e-05  7.50067044e-12  4.40977766e-13 
 6.13895300e-05  8.97389771e-01  8.96774596e-01  8.96722950e-01 -1.24347788e-05 -4.74684116e-12  2.76679168e-12 
 6.14145300e-05  8.97390025e-01  8.96854181e-01  8.96800617e-01 -1.23764634e-05  7.20102602e-12  8.50425925e-12 
 6.14395300e-05  8.97389827e-01  8.96933508e-01  8.96881259e-01 -1.24345584e-05  8.61700685e-13  6.12677069e-12 
 6.14645300e-05  8.97390084e-01  8.96995395e-01  8.96945170e-01 -1.23764338e-05  3.52584758e-12  6.38996728e-12 
 6.14895300e-05  8.97389865e-01  8.97041888e-01  8.96992875e-01 -1.24345990e-05  7.72535031e-13  3.35326146e-12 
 6.15145300e-05  8.97390106e-01  8.97080894e-01  8.97032317e-01 -1.23765303e-05  1.48141460e-12  4.59979629e-12 
 6.15395300e-05  8.97389883e-01  8.97117084e-01  8.97068682e-01 -1.24346192e-05  1.25504750e-12  2.90550895e-12 
 6.15645300e-05  8.97390124e-01  8.97150895e-01  8.97102770e-01 -1.23765644e-05  9.57041087e-13  4.39276198e-12 
 6.15895300e-05  8.97389902e-01  8.97181345e-01  8.97133593e-01 -1.24346049e-05  1.41517006e-12  2.61835074e-12 
 6.16145300e-05  8.97390141e-01  8.97207968e-01  8.97160603e-01 -1.23765960e-05  4.78987726e-13  3.87968715e-12 
 6.16395300e-05  8.97389916e-01  8.97231162e-01  8.97184109e-01 -1.24345990e-05  1.27812583e-12  2.12926156e-12 
 6.16645300e-05  8.97390153e-01  8.97251569e-01  8.97204771e-01 -1.23766308e-05  1.64181386e-13  3.45698611e-12 
 6.16895300e-05  8.97389927e-01  8.97269704e-01  8.97223113e-01 -1.24345901e-05  1.17118121e-12  1.81692432e-12 
 6.17145300e-05  8.97390163e-01  8.97285835e-01  8.97239438e-01 -1.23766603e-05 -1.76811690e-14  3.18391814e-12 
 6.17395300e-05  8.97389936e-01  8.97300147e-01  8.97253923e-01 -1.24345777e-05  1.07062948e-12  1.57813454e-12 
 6.17645300e-05  8.97390171e-01  8.97312802e-01  8.97266737e-01 -1.23766876e-05 -1.56599343e-13  2.95558814e-12 
 6.17895300e-05  8.97389943e-01  8.97323990e-01  8.97278062e-01 -1.24345641e-05  9.75794966e-13  1.37838683e-12 
 6.18145300e-05  8.97390177e-01  8.97333886e-01  8.97288082e-01 -1.23767135e-05 -2.60887449e-13  2.77490026e-12 
 6.18395300e-05  8.97389948e-01  8.97342651e-01  8.97296952e-01 -1.24345493e-05  8.99929870e-13  1.22491508e-12 
 6.18645300e-05  8.97390181e-01  8.97350414e-01  8.97304811e-01 -1.23767378e-05 -3.38816865e-13  2.63585009e-12 
 6.18895300e-05  8.97389953e-01  8.97357287e-01  8.97311768e-01 -1.24345335e-05  8.39449820e-13  1.10530975e-12 
 6.19145300e-05  8.97390185e-01  8.97363372e-01  8.97317928e-01 -1.23767610e-05 -3.99588999e-13  2.52603553e-12 
 6.19395300e-05  8.97389956e-01  8.97368757e-01  8.97323379e-01 -1.24345170e-05  7.91399281e-13  1.01125700e-12 
 6.19645300e-05  8.97390188e-01  8.97373526e-01  8.97328206e-01 -1.23767833e-05 -4.47238600e-13  2.43957789e-12 
 6.19895300e-05  8.97389959e-01  8.97377746e-01  8.97332478e-01 -1.24345000e-05  7.53952673e-13  9.37960809e-13 
 6.20145300e-05  8.97390190e-01  8.97381484e-01  8.97336261e-01 -1.23768049e-05 -4.84750044e-13  2.37164872e-12 
 6.20395300e-05  8.97389961e-01  8.97384790e-01  8.97339609e-01 -1.24344826e-05  7.24941591e-13  8.80846394e-13 
 6.20645300e-05  8.97390192e-01  8.97387721e-01  8.97342575e-01 -1.23768259e-05 -5.14536330e-13  2.31808561e-12 
 6.20895300e-05  8.97389962e-01  8.97390312e-01  8.97345199e-01 -1.24344649e-05  7.02599871e-13  8.36358923e-13 
 6.21145300e-05  8.97390193e-01  8.97392609e-01  8.97347523e-01 -1.23768463e-05 -5.38318522e-13  2.27579885e-12 
 6.21395300e-05  8.97389964e-01  8.97394639e-01  8.97349579e-01 -1.24344470e-05  6.85540166e-13  8.01798894e-13 
 6.21645300e-05  8.97390194e-01  8.97396440e-01  8.97351401e-01 -1.23768664e-05 -5.57410455e-13  2.24236694e-12 
 6.21895300e-05  8.97389965e-01  8.97398030e-01  8.97353012e-01 -1.24344290e-05  6.72636209e-13  7.75009289e-13 
 6.22145300e-05  8.97390195e-01  8.97399443e-01  8.97354440e-01 -1.23768861e-05 -5.72847325e-13  2.21587017e-12 
 6.22395300e-05  8.97389966e-01  8.97400688e-01  8.97355703e-01 -1.24344109e-05  6.63002422e-13  7.54303358e-13 
 6.22645300e-05  8.97390196e-01  8.97401796e-01  8.97356822e-01 -1.23769055e-05 -5.85423203e-13  2.19481659e-12 
 6.22895300e-05  8.97389967e-01  8.97402771e-01  8.97357812e-01 -1.24343928e-05  6.55929738e-13  7.38360165e-13 
 6.23145300e-05  8.97390197e-01  8.97403641e-01  8.97358689e-01 -1.23769246e-05 -5.95765841e-13  2.17803298e-12 
 6.23395300e-05  8.97389967e-01  8.97404404e-01  8.97359465e-01 -1.24343746e-05  6.50873886e-13  7.26145977e-13 
 6.23645300e-05  8.97390197e-01  8.97405086e-01  8.97360152e-01 -1.23769436e-05 -6.04356409e-13  2.16460134e-12 
 6.23895300e-05  8.97389968e-01  8.97405683e-01  8.97360760e-01 -1.24343565e-05  6.47397067e-13  7.16849486e-13 
 6.24145300e-05  8.97390197e-01  8.97406220e-01  8.97361299e-01 -1.23769623e-05 -6.11572641e-13  2.15380074e-12 
 6.24395300e-05  8.97389968e-01  8.97406686e-01  8.97361775e-01 -1.24343384e-05  6.45158406e-13  7.09834210e-13 
 6.24645300e-05  8.97390198e-01  8.97407108e-01  8.97362198e-01 -1.23769809e-05 -6.17717032e-13  2.14506803e-12 
 6.24895300e-05  8.97389968e-01  8.97407472e-01  8.97362571e-01 -1.24343203e-05  6.43892708e-13  7.04601362e-13 
 6.25145300e-05  8.97390198e-01  8.97407804e-01  8.97362902e-01 -1.23769993e-05 -6.23020082e-13  2.13795913e-12 
 6.25395300e-05  8.97389969e-01  8.97408088e-01  8.97363195e-01 -1.24343023e-05  6.43387036e-13  7.00761226e-13 
 6.25645300e-05  8.97390198e-01  8.97408349e-01  8.97363454e-01 -1.23770176e-05 -6.27666105e-13  2.13213008e-12 
 6.25895300e-05  8.97389969e-01  8.97408571e-01  8.97363684e-01 -1.24342844e-05  6.43476808e-13  6.98009847e-13 
 6.26145300e-05  8.97390198e-01  8.97408777e-01  8.97363887e-01 -1.23770357e-05 -6.31789976e-13  2.12730533e-12 
 6.26395300e-05  8.97389969e-01  8.97408949e-01  8.97364067e-01 -1.24342665e-05  6.44033004e-13  6.96105500e-13 
 6.26645300e-05  8.97390198e-01  8.97409112e-01  8.97364226e-01 -1.23770538e-05 -6.35507489e-13  2.12327394e-12 
 6.26895300e-05  8.97389970e-01  8.97409246e-01  8.97364367e-01 -1.24342487e-05  6.44953708e-13  6.94861432e-13 
 6.27145300e-05  8.97390198e-01  8.97409375e-01  8.97364492e-01 -1.23770717e-05 -6.38904728e-13  2.11986732e-12 
 6.27395300e-05  8.97389970e-01  8.97409478e-01  8.97364602e-01 -1.24342309e-05  6.46160209e-13  6.94131547e-13 
 6.27645300e-05  8.97390198e-01  8.97409581e-01  8.97364700e-01 -1.23770895e-05 -6.42051299e-13  2.11695472e-12 
 6.27895300e-05  8.97389970e-01  8.97409660e-01  8.97364787e-01 -1.24342132e-05  6.47583116e-13  6.93800757e-13 
 6.28145300e-05  8.97390198e-01  8.97409742e-01  8.97364864e-01 -1.23771073e-05 -6.44996643e-13  2.11443314e-12 
 6.28395300e-05  8.97389970e-01  8.97409803e-01  8.97364931e-01 -1.24341956e-05  6.49177977e-13  6.93777555e-13 
 6.28645300e-05  8.97390198e-01  8.97409868e-01  8.97364992e-01 -1.23771250e-05 -6.47778923e-13  2.11222207e-12 
 6.28895300e-05  8.97389970e-01  8.97409915e-01  8.97365045e-01 -1.24341780e-05  6.50906412e-13  6.93993365e-13 
 6.29145300e-05  8.97390198e-01  8.97409968e-01  8.97365092e-01 -1.23771425e-05 -6.50439988e-13  2.11025750e-12 
 6.29395300e-05  8.97389970e-01  8.97410003e-01  8.97365134e-01 -1.24341605e-05  6.52731341e-13  6.94392189e-13 
 6.29645300e-05  8.97390198e-01  8.97410045e-01  8.97365171e-01 -1.23771600e-05 -6.52994802e-13  2.10848927e-12 
 6.29895300e-05  8.97389971e-01  8.97410071e-01  8.97365203e-01 -1.24341431e-05  6.54637802e-13  6.94931363e-13 
 6.30145300e-05  8.97390198e-01  8.97410106e-01  8.97365232e-01 -1.23771775e-05 -6.55468735e-13  2.10687902e-12 
 6.30395300e-05  8.97389971e-01  8.97410125e-01  8.97365258e-01 -1.24341257e-05  6.56597172e-13  6.95576843e-13 
 6.30645300e-05  8.97390199e-01  8.97410154e-01  8.97365281e-01 -1.23771948e-05 -6.57874146e-13  2.10539501e-12 
 6.30895300e-05  8.97389971e-01  8.97410168e-01  8.97365301e-01 -1.24341084e-05  6.58597959e-13  6.96302011e-13 
 6.31145300e-05  8.97390199e-01  8.97410192e-01  8.97365319e-01 -1.23772121e-05 -6.60223178e-13  2.10401390e-12 
 6.31395300e-05  8.97389971e-01  8.97410201e-01  8.97365334e-01 -1.24340912e-05  6.60626068e-13  6.97088275e-13 
 6.31645300e-05  8.97390199e-01  8.97410221e-01  8.97365348e-01 -1.23772293e-05 -6.62520819e-13  2.10271600e-12 
 6.31822650e-05  8.97389971e-01  8.97410223e-01  8.97365357e-01 -1.24340705e-05  6.63108023e-13  6.98156051e-13 
 6.32000000e-05  8.97390199e-01  8.97410238e-01  8.97365365e-01 -1.23772535e-05 -6.65562440e-13  2.10110878e-12 
 6.32000255e-05  8.97385844e-01  8.97379429e-01  8.97365054e-01 -1.39266749e-05 -2.52072471e-09 -1.29133094e-09 
 6.32000766e-05  8.97380940e-01  8.97333370e-01  8.97363972e-01 -1.44438618e-05 -6.73760163e-09 -3.75903725e-09 
 6.32001787e-05  8.97372716e-01  8.97280473e-01  8.97359892e-01 -1.47815917e-05 -1.23367413e-08 -8.33103006e-09 
 6.32003459e-05  8.97359559e-01  8.97235180e-01  8.97350385e-01 -1.50387689e-05 -1.90504231e-08 -1.52412911e-08 
 6.32005195e-05  8.97347026e-01  8.97216476e-01  8.97339014e-01 -1.49933008e-05 -2.52974080e-08 -2.18876174e-08 
 6.32008667e-05  8.97323085e-01  8.97196353e-01  8.97315965e-01 -1.50949656e-05 -3.66571260e-08 -3.38958089e-08 
 6.32013290e-05  8.97294287e-01  8.97181130e-01  8.97286836e-01 -1.53963785e-05 -4.85384125e-08 -4.75050128e-08 
 6.32015428e-05  8.97281629e-01  8.97174849e-01  8.97274232e-01 -1.62416724e-05 -5.05971058e-08 -5.29358748e-08 
 6.32017314e-05  8.97272133e-01  8.97172437e-01  8.97263659e-01 -1.79423847e-05 -4.56979859e-08 -5.72167485e-08 
 6.32018809e-05  8.97265788e-01  8.97172557e-01  8.97255760e-01 -2.05956102e-05 -3.27436721e-08 -6.02024744e-08 
 6.32020243e-05  8.97262011e-01  8.97176552e-01  8.97248730e-01 -2.42898642e-05 -7.43527310e-09 -6.26259728e-08 
 6.32021641e-05  8.97260335e-01  8.97184232e-01  8.97242572e-01 -2.92160639e-05  3.53393763e-08 -6.44754053e-08 
 6.32022878e-05  8.97261550e-01  8.97196072e-01  8.97237873e-01 -3.44319274e-05  9.48012363e-08 -6.55582443e-08 
 6.32023930e-05  8.97264406e-01  8.97210878e-01  8.97234609e-01 -3.95096526e-05  1.68193413e-07 -6.59383390e-08 
 6.32024839e-05  8.97269059e-01  8.97229111e-01  8.97232483e-01 -4.41327834e-05  2.55683098e-07 -6.57225949e-08 
 6.32025667e-05  8.97274886e-01  8.97251407e-01  8.97231275e-01 -4.85184547e-05  3.61816930e-07 -6.49472233e-08 
 6.32026489e-05  8.97283101e-01  8.97280601e-01  8.97230947e-01 -5.27958580e-05  4.99824452e-07 -6.34753092e-08 
 6.32027428e-05  8.97295609e-01  8.97322358e-01  8.97231894e-01 -5.76690615e-05  7.04251470e-07 -6.08242953e-08 
 6.32028412e-05  8.97312571e-01  8.97372642e-01  8.97234624e-01 -6.26970905e-05  9.72735041e-07 -5.69766310e-08 
 6.32029374e-05  8.97330345e-01  8.97424352e-01  8.97239119e-01 -6.76533028e-05  1.28542134e-06 -5.22983912e-08 
 6.32030409e-05  8.97347652e-01  8.97480399e-01  8.97245943e-01 -7.28800204e-05  1.67214563e-06 -4.64013691e-08 
 6.32031602e-05  8.97362215e-01  8.97543859e-01  8.97256265e-01 -7.88564783e-05  2.17777680e-06 -3.86315957e-08 
 6.32033048e-05  8.97375419e-01  8.97615880e-01  8.97271931e-01 -8.59565966e-05  2.86108689e-06 -2.81112342e-08 
 6.32034319e-05  8.97386367e-01  8.97672903e-01  8.97288168e-01 -9.19207159e-05  3.51258929e-06 -1.80971324e-08 
 6.32035739e-05  8.97399679e-01  8.97728693e-01  8.97308487e-01 -9.76636571e-05  4.28128718e-06 -6.32760011e-09 
 6.32037008e-05  8.97412535e-01  8.97769218e-01  8.97328064e-01 -1.01315465e-04  4.98786494e-06  4.39843187e-09 
 6.32037865e-05  8.97421555e-01  8.97788757e-01  8.97341748e-01 -1.01903293e-04  5.46337742e-06  1.15095053e-08 
 6.32038440e-05  8.97427460e-01  8.97795187e-01  8.97350973e-01 -1.00202462e-04  5.77200671e-06  1.60156814e-08 
 6.32038938e-05  8.97432277e-01  8.97792897e-01  8.97358832e-01 -9.63783529e-05  6.02242433e-06  1.95292014e-08 
 6.32039490e-05  8.97436935e-01  8.97778211e-01  8.97367170e-01 -8.97587822e-05  6.26984439e-06  2.27514654e-08 
 6.32040171e-05  8.97441508e-01  8.97740710e-01  8.97376504e-01 -7.92344123e-05  6.51829916e-06  2.55052080e-08 
 6.32040866e-05  8.97444622e-01  8.97682924e-01  8.97384467e-01 -6.75067409e-05  6.69954888e-06  2.68302358e-08 
 6.32041793e-05  8.97446455e-01  8.97586169e-01  8.97391938e-01 -5.26310413e-05  6.82868762e-06  2.64375048e-08 
 6.32042729e-05  8.97445911e-01  8.97480374e-01  8.97395484e-01 -4.04411913e-05  6.84479841e-06  2.40209523e-08 
 6.32043547e-05  8.97443944e-01  8.97392432e-01  8.97395357e-01 -3.25306590e-05  6.78539907e-06  2.07569248e-08 
 6.32044370e-05  8.97440914e-01  8.97314539e-01  8.97392547e-01 -2.68979119e-05  6.67655735e-06  1.68207704e-08 
 6.32045296e-05  8.97436696e-01  8.97242312e-01  8.97386768e-01 -2.26508293e-05  6.51540546e-06  1.19965652e-08 
 6.32046214e-05  8.97431912e-01  8.97186270e-01  8.97378931e-01 -2.00535712e-05  6.33081143e-06  7.05935801e-09 
 6.32047259e-05  8.97426072e-01  8.97138459e-01  8.97368227e-01 -1.82821141e-05  6.10574442e-06  1.47254441e-09 
 6.32048375e-05  8.97419532e-01  8.97101772e-01  8.97355437e-01 -1.72818571e-05  5.85934543e-06 -4.31968616e-09 
 6.32049187e-05  8.97414682e-01  8.97081912e-01  8.97345570e-01 -1.68622582e-05  5.68028756e-06 -8.38671964e-09 
 6.32050000e-05  8.97409764e-01  8.97066058e-01  8.97335447e-01 -1.66248990e-05  5.50382044e-06 -1.23134887e-08 
 6.32050021e-05  8.97410654e-01  8.97069432e-01  8.97335192e-01 -1.55735569e-05  5.49965048e-06 -1.22960561e-08 
 6.32050062e-05  8.97411487e-01  8.97075642e-01  8.97334686e-01 -1.51573044e-05  5.49134559e-06 -1.22674759e-08 
 6.32050144e-05  8.97411417e-01  8.97085755e-01  8.97333705e-01 -1.49258687e-05  5.47479826e-06 -1.22300274e-08 
 6.32050308e-05  8.97411540e-01  8.97101210e-01  8.97331835e-01 -1.45953270e-05  5.44166775e-06 -1.21735975e-08 
 6.32050580e-05  8.97411551e-01  8.97120695e-01  8.97328962e-01 -1.41286648e-05  5.38695215e-06 -1.21072539e-08 
 6.32051124e-05  8.97411661e-01  8.97149194e-01  8.97323826e-01 -1.34822978e-05  5.27786754e-06 -1.20450775e-08 
 6.32052210e-05  8.97411632e-01  8.97182075e-01  8.97315187e-01 -1.27829425e-05  5.06295773e-06 -1.20630017e-08 
 6.32054384e-05  8.97411509e-01  8.97201612e-01  8.97301173e-01 -1.23965388e-05  4.65296271e-06 -1.22398732e-08 
 6.32057034e-05  8.97411201e-01  8.97197225e-01  8.97286410e-01 -1.23525803e-05  4.19390005e-06 -1.23773243e-08 
 6.32060770e-05  8.97410868e-01  8.97184951e-01  8.97266918e-01 -1.23566259e-05  3.62129309e-06 -1.23217405e-08 
 6.32065485e-05  8.97410415e-01  8.97169866e-01  8.97243760e-01 -1.23451656e-05  3.00804631e-06 -1.19573288e-08 
 6.32074798e-05  8.97409763e-01  8.97144633e-01  8.97202507e-01 -1.23555310e-05  2.07865960e-06 -1.06932590e-08 
 6.32093422e-05  8.97408758e-01  8.97109244e-01  8.97137139e-01 -1.23465443e-05  9.66034511e-07 -7.53590936e-09 
 6.32130672e-05  8.97407773e-01  8.97084085e-01  8.97064279e-01 -1.23649351e-05  1.50160569e-07 -2.73474580e-09 
 6.32182903e-05  8.97407238e-01  8.97112452e-01  8.97053178e-01 -1.23654684e-05 -1.89240245e-09 -2.79828342e-10 
 6.32255278e-05  8.97407109e-01  8.97202643e-01  8.97123575e-01 -1.23876448e-05  3.16545052e-10  3.92605961e-11 
 6.32373176e-05  8.97407096e-01  8.97355130e-01  8.97278693e-01 -1.23874097e-05 -1.05029895e-10  2.08955652e-11 
 6.32508969e-05  8.97407219e-01  8.97468763e-01  8.97407893e-01 -1.24040966e-05  7.00803614e-11  3.01768912e-11 
 6.32715007e-05  8.97407249e-01  8.97511998e-01  8.97468432e-01 -1.23974608e-05 -3.26275810e-11  9.99079292e-13 
 6.32965007e-05  8.97407253e-01  8.97462967e-01  8.97425395e-01 -1.24102128e-05  1.85874534e-11 -2.29363333e-12 
 6.33215007e-05  8.97407156e-01  8.97410941e-01  8.97369877e-01 -1.23999765e-05 -1.78598247e-11 -5.27650910e-12 
 6.33465007e-05  8.97407158e-01  8.97398136e-01  8.97352866e-01 -1.24108160e-05  9.46198740e-12  1.75834065e-12 
 6.33715007e-05  8.97407127e-01  8.97409774e-01  8.97363235e-01 -1.23999264e-05 -5.52600131e-12  2.11318967e-12 
 6.33965007e-05  8.97407173e-01  8.97422249e-01  8.97376416e-01 -1.24106962e-05  4.86702497e-12  2.96229371e-12 
 6.34215007e-05  8.97407147e-01  8.97426291e-01  8.97381392e-01 -1.23999000e-05 -2.57986362e-12  1.42751268e-12 
 6.34465007e-05  8.97407181e-01  8.97424838e-01  8.97380232e-01 -1.24107334e-05  1.57247457e-12  1.27183810e-12 
 6.34715007e-05  8.97407145e-01  8.97422891e-01  8.97378172e-01 -1.23999324e-05 -1.20529238e-12  1.17575697e-12 
 6.34965007e-05  8.97407177e-01  8.97422628e-01  8.97377703e-01 -1.24107430e-05  6.43438861e-13  1.34645420e-12 
 6.35215007e-05  8.97407144e-01  8.97423463e-01  8.97378492e-01 -1.23999249e-05 -3.20931216e-13  1.55199340e-12 
 6.35465007e-05  8.97407178e-01  8.97424405e-01  8.97379447e-01 -1.24107373e-05  2.27131031e-13  1.38182543e-12 
 6.35715007e-05  8.97407145e-01  8.97424914e-01  8.97380020e-01 -1.23999220e-05 -4.28340089e-14  1.54415966e-12 
 6.35965007e-05  8.97407179e-01  8.97425159e-01  8.97380266e-01 -1.24107400e-05 -1.91593703e-14  1.28696121e-12 
 6.36215007e-05  8.97407145e-01  8.97425299e-01  8.97380423e-01 -1.23999225e-05  7.71529108e-14  1.53375750e-12 
 6.36465007e-05  8.97407179e-01  8.97425515e-01  8.97380615e-01 -1.24107417e-05 -1.05497642e-13  1.27867655e-12 
 6.36715007e-05  8.97407145e-01  8.97425725e-01  8.97380842e-01 -1.23999213e-05  1.42543746e-13  1.55124427e-12 
 6.36965007e-05  8.97407179e-01  8.97425956e-01  8.97381058e-01 -1.24107426e-05 -1.43380316e-13  1.27539759e-12 
 6.37215007e-05  8.97407146e-01  8.97426114e-01  8.97381238e-01 -1.23999201e-05  1.65740685e-13  1.55035018e-12 
 6.37465007e-05  8.97407180e-01  8.97426276e-01  8.97381385e-01 -1.24107439e-05 -1.63521540e-13  1.26763313e-12 
 6.37715007e-05  8.97407146e-01  8.97426384e-01  8.97381512e-01 -1.23999191e-05  1.75029696e-13  1.54836755e-12 
 6.37965007e-05  8.97407180e-01  8.97426515e-01  8.97381627e-01 -1.24107451e-05 -1.71767114e-13  1.26483372e-12 
 6.38215007e-05  8.97407146e-01  8.97426601e-01  8.97381731e-01 -1.23999180e-05  1.79243122e-13  1.54780995e-12 
 6.38465007e-05  8.97407180e-01  8.97426710e-01  8.97381824e-01 -1.24107463e-05 -1.75591312e-13  1.26307526e-12 
 6.38715007e-05  8.97407146e-01  8.97426773e-01  8.97381905e-01 -1.23999169e-05  1.80474342e-13  1.54661207e-12 
 6.38965007e-05  8.97407180e-01  8.97426862e-01  8.97381977e-01 -1.24107475e-05 -1.77619204e-13  1.26152870e-12 
 6.39215007e-05  8.97407146e-01  8.97426907e-01  8.97382041e-01 -1.23999158e-05  1.80644562e-13  1.54552987e-12 
 6.39465007e-05  8.97407180e-01  8.97426980e-01  8.97382097e-01 -1.24107487e-05 -1.78611683e-13  1.26050331e-12 
 6.39715007e-05  8.97407146e-01  8.97427012e-01  8.97382147e-01 -1.23999147e-05  1.80460681e-13  1.54469748e-12 
 6.39965007e-05  8.97407180e-01  8.97427073e-01  8.97382191e-01 -1.24107498e-05 -1.79141424e-13  1.25975044e-12 
 6.40215007e-05  8.97407147e-01  8.97427095e-01  8.97382230e-01 -1.23999136e-05  1.80129566e-13  1.54399188e-12 
 6.40465007e-05  8.97407180e-01  8.97427146e-01  8.97382265e-01 -1.24107510e-05 -1.79436544e-13  1.25916871e-12 
 6.40715007e-05  8.97407147e-01  8.97427159e-01  8.97382296e-01 -1.23999125e-05  1.79778935e-13  1.54341671e-12 
 6.40965007e-05  8.97407180e-01  8.97427203e-01  8.97382323e-01 -1.24107522e-05 -1.79595488e-13  1.25873471e-12 
 6.41215007e-05  8.97407147e-01  8.97427210e-01  8.97382347e-01 -1.23999113e-05  1.79444784e-13  1.54295327e-12 
 6.41465007e-05  8.97407180e-01  8.97427248e-01  8.97382368e-01 -1.24107533e-05 -1.79673117e-13  1.25840885e-12 
 6.41715007e-05  8.97407147e-01  8.97427249e-01  8.97382387e-01 -1.23999102e-05  1.79142291e-13  1.54257748e-12 
 6.41965007e-05  8.97407180e-01  8.97427283e-01  8.97382404e-01 -1.24107545e-05 -1.79696102e-13  1.25816458e-12 
 6.42215007e-05  8.97407147e-01  8.97427281e-01  8.97382419e-01 -1.23999090e-05  1.78871674e-13  1.54226962e-12 
 6.42465007e-05  8.97407180e-01  8.97427310e-01  8.97382432e-01 -1.24107556e-05 -1.79680056e-13  1.25798547e-12 
 6.42715007e-05  8.97407147e-01  8.97427305e-01  8.97382443e-01 -1.23999079e-05  1.78627946e-13  1.54201841e-12 
 6.42965007e-05  8.97407180e-01  8.97427332e-01  8.97382453e-01 -1.24107568e-05 -1.79639723e-13  1.25785645e-12 
 6.43215007e-05  8.97407147e-01  8.97427324e-01  8.97382463e-01 -1.23999067e-05  1.78405034e-13  1.54180954e-12 
 6.43465007e-05  8.97407181e-01  8.97427349e-01  8.97382470e-01 -1.24107580e-05 -1.79574671e-13  1.25776619e-12 
 6.43715007e-05  8.97407147e-01  8.97427339e-01  8.97382478e-01 -1.23999056e-05  1.78202288e-13  1.54163422e-12 
 6.43965007e-05  8.97407181e-01  8.97427362e-01  8.97382484e-01 -1.24107591e-05 -1.79496175e-13  1.25770678e-12 
 6.44215007e-05  8.97407147e-01  8.97427351e-01  8.97382490e-01 -1.23999044e-05  1.78014070e-13  1.54148683e-12 
 6.44465007e-05  8.97407181e-01  8.97427372e-01  8.97382494e-01 -1.24107603e-05 -1.79405102e-13  1.25767197e-12 
 6.44715007e-05  8.97407147e-01  8.97427360e-01  8.97382499e-01 -1.23999033e-05  1.77835611e-13  1.54135916e-12 
 6.44965007e-05  8.97407181e-01  8.97427381e-01  8.97382503e-01 -1.24107614e-05 -1.79302320e-13  1.25765528e-12 
 6.45215007e-05  8.97407147e-01  8.97427367e-01  8.97382506e-01 -1.23999021e-05  1.77667559e-13  1.54124792e-12 
 6.45465007e-05  8.97407181e-01  8.97427387e-01  8.97382509e-01 -1.24107626e-05 -1.79194333e-13  1.25765332e-12 
 6.45715007e-05  8.97407147e-01  8.97427373e-01  8.97382512e-01 -1.23999010e-05  1.77505797e-13  1.54114942e-12 
 6.45965007e-05  8.97407181e-01  8.97427392e-01  8.97382514e-01 -1.24107637e-05 -1.79079841e-13  1.25766281e-12 
 6.46215007e-05  8.97407147e-01  8.97427378e-01  8.97382517e-01 -1.23998998e-05  1.77349888e-13  1.54106128e-12 
 6.46465007e-05  8.97407181e-01  8.97427396e-01  8.97382518e-01 -1.24107649e-05 -1.78961013e-13  1.25768173e-12 
 6.46715007e-05  8.97407147e-01  8.97427381e-01  8.97382520e-01 -1.23998987e-05  1.77197016e-13  1.54098088e-12 
 6.46965007e-05  8.97407181e-01  8.97427399e-01  8.97382521e-01 -1.24107661e-05 -1.78838715e-13  1.25770802e-12 
 6.47215007e-05  8.97407147e-01  8.97427384e-01  8.97382523e-01 -1.23998975e-05  1.77050432e-13  1.54090629e-12 
 6.47465007e-05  8.97407181e-01  8.97427401e-01  8.97382524e-01 -1.24107672e-05 -1.78711646e-13  1.25774001e-12 
 6.47715007e-05  8.97407148e-01  8.97427386e-01  8.97382525e-01 -1.23998964e-05  1.76902330e-13  1.54083772e-12 
 6.47965007e-05  8.97407181e-01  8.97427403e-01  8.97382526e-01 -1.24107684e-05 -1.78583710e-13  1.25777557e-12 
 6.48215007e-05  8.97407148e-01  8.97427388e-01  8.97382527e-01 -1.23998952e-05  1.76759649e-13  1.54077212e-12 
 6.48465007e-05  8.97407181e-01  8.97427405e-01  8.97382527e-01 -1.24107695e-05 -1.78451438e-13  1.25781492e-12 
 6.48715007e-05  8.97407148e-01  8.97427389e-01  8.97382528e-01 -1.23998941e-05  1.76614365e-13  1.54070967e-12 
 6.48965007e-05  8.97407181e-01  8.97427406e-01  8.97382529e-01 -1.24107707e-05 -1.78320032e-13  1.25785737e-12 
 6.49215007e-05  8.97407148e-01  8.97427390e-01  8.97382529e-01 -1.23998929e-05  1.76472335e-13  1.54064917e-12 
 6.49465007e-05  8.97407181e-01  8.97427407e-01  8.97382530e-01 -1.24107718e-05 -1.78186459e-13  1.25790079e-12 
 6.49715007e-05  8.97407148e-01  8.97427391e-01  8.97382530e-01 -1.23998917e-05  1.76331172e-13  1.54059090e-12 
 6.49965007e-05  8.97407181e-01  8.97427407e-01  8.97382530e-01 -1.24107730e-05 -1.78048765e-13  1.25794649e-12 
 6.50215007e-05  8.97407148e-01  8.97427392e-01  8.97382531e-01 -1.23998906e-05  1.76189575e-13  1.54053419e-12 
 6.50465007e-05  8.97407181e-01  8.97427408e-01  8.97382531e-01 -1.24107742e-05 -1.77913673e-13  1.25799360e-12 
 6.50715007e-05  8.97407148e-01  8.97427393e-01  8.97382531e-01 -1.23998894e-05  1.76048195e-13  1.54047863e-12 
 6.50965007e-05  8.97407181e-01  8.97427409e-01  8.97382531e-01 -1.24107753e-05 -1.77775980e-13  1.25804125e-12 
 6.51215007e-05  8.97407148e-01  8.97427393e-01  8.97382532e-01 -1.23998883e-05  1.75905948e-13  1.54042415e-12 
 6.51465007e-05  8.97407181e-01  8.97427409e-01  8.97382532e-01 -1.24107765e-05 -1.77636551e-13  1.25808966e-12 
 6.51715007e-05  8.97407148e-01  8.97427393e-01  8.97382532e-01 -1.23998871e-05  1.75764568e-13  1.54037015e-12 
 6.51965007e-05  8.97407181e-01  8.97427409e-01  8.97382532e-01 -1.24107776e-05 -1.77499508e-13  1.25813867e-12 
 6.52215007e-05  8.97407148e-01  8.97427394e-01  8.97382532e-01 -1.23998860e-05  1.75621670e-13  1.54031714e-12 
 6.52465007e-05  8.97407181e-01  8.97427409e-01  8.97382532e-01 -1.24107788e-05 -1.77356393e-13  1.25818859e-12 
 6.52715007e-05  8.97407148e-01  8.97427394e-01  8.97382533e-01 -1.23998848e-05  1.75480724e-13  1.54026461e-12 
 6.52965007e-05  8.97407181e-01  8.97427410e-01  8.97382533e-01 -1.24107800e-05 -1.77216748e-13  1.25823863e-12 
 6.53215007e-05  8.97407148e-01  8.97427394e-01  8.97382533e-01 -1.23998836e-05  1.75338043e-13  1.54021235e-12 
 6.53465007e-05  8.97407181e-01  8.97427410e-01  8.97382533e-01 -1.24107811e-05 -1.77074935e-13  1.25828823e-12 
 6.53715007e-05  8.97407148e-01  8.97427394e-01  8.97382533e-01 -1.23998825e-05  1.75191892e-13  1.54016009e-12 
 6.53965007e-05  8.97407181e-01  8.97427410e-01  8.97382533e-01 -1.24107823e-05 -1.76932037e-13  1.25833811e-12 
 6.54215007e-05  8.97407148e-01  8.97427395e-01  8.97382533e-01 -1.23998813e-05  1.75048778e-13  1.54010908e-12 
 6.54465007e-05  8.97407181e-01  8.97427410e-01  8.97382533e-01 -1.24107834e-05 -1.76789789e-13  1.25838858e-12 
 6.54715007e-05  8.97407148e-01  8.97427395e-01  8.97382533e-01 -1.23998802e-05  1.74906530e-13  1.54005720e-12 
 6.54965007e-05  8.97407181e-01  8.97427410e-01  8.97382533e-01 -1.24107846e-05 -1.76644723e-13  1.25843877e-12 
 6.55215007e-05  8.97407148e-01  8.97427395e-01  8.97382533e-01 -1.23998790e-05  1.74760813e-13  1.54000646e-12 
 6.55465007e-05  8.97407181e-01  8.97427410e-01  8.97382533e-01 -1.24107857e-05 -1.76500741e-13  1.25848886e-12 
 6.55715007e-05  8.97407148e-01  8.97427395e-01  8.97382533e-01 -1.23998778e-05  1.74616398e-13  1.53995577e-12 
 6.55965007e-05  8.97407181e-01  8.97427410e-01  8.97382533e-01 -1.24107869e-05 -1.76355892e-13  1.25853890e-12 
 6.56215007e-05  8.97407148e-01  8.97427395e-01  8.97382533e-01 -1.23998767e-05  1.74471765e-13  1.53990519e-12 
 6.56465007e-05  8.97407181e-01  8.97427410e-01  8.97382533e-01 -1.24107881e-05 -1.76209958e-13  1.25858888e-12 
 6.56715007e-05  8.97407148e-01  8.97427395e-01  8.97382534e-01 -1.23998755e-05  1.74323663e-13  1.53985499e-12 
 6.56965007e-05  8.97407181e-01  8.97427410e-01  8.97382534e-01 -1.24107892e-05 -1.76065109e-13  1.25863854e-12 
 6.57215007e-05  8.97407149e-01  8.97427395e-01  8.97382534e-01 -1.23998744e-05  1.74178814e-13  1.53980496e-12 
 6.57465007e-05  8.97407181e-01  8.97427410e-01  8.97382534e-01 -1.24107904e-05 -1.75917223e-13  1.25868879e-12 
 6.57715007e-05  8.97407149e-01  8.97427395e-01  8.97382534e-01 -1.23998732e-05  1.74030495e-13  1.53975465e-12 
 6.57965007e-05  8.97407182e-01  8.97427410e-01  8.97382534e-01 -1.24107915e-05 -1.75769555e-13  1.25873829e-12 
 6.58215007e-05  8.97407149e-01  8.97427395e-01  8.97382534e-01 -1.23998721e-05  1.73883477e-13  1.53970494e-12 
 6.58465007e-05  8.97407182e-01  8.97427410e-01  8.97382534e-01 -1.24107927e-05 -1.75623405e-13  1.25878767e-12 
 6.58715007e-05  8.97407149e-01  8.97427395e-01  8.97382534e-01 -1.23998709e-05  1.73736026e-13  1.53965539e-12 
 6.58965007e-05  8.97407182e-01  8.97427410e-01  8.97382534e-01 -1.24107938e-05 -1.75474869e-13  1.25883738e-12 
 6.59215007e-05  8.97407149e-01  8.97427396e-01  8.97382534e-01 -1.23998698e-05  1.73587490e-13  1.53960557e-12 
 6.59465007e-05  8.97407182e-01  8.97427410e-01  8.97382534e-01 -1.24107950e-05 -1.75326767e-13  1.25888612e-12 
 6.59715007e-05  8.97407149e-01  8.97427396e-01  8.97382534e-01 -1.23998686e-05  1.73437219e-13  1.53955635e-12 
 6.59965007e-05  8.97407182e-01  8.97427410e-01  8.97382534e-01 -1.24107962e-05 -1.75178448e-13  1.25893469e-12 
 6.60215007e-05  8.97407149e-01  8.97427396e-01  8.97382534e-01 -1.23998674e-05  1.73288684e-13  1.53950691e-12 
 6.60465007e-05  8.97407182e-01  8.97427410e-01  8.97382534e-01 -1.24107973e-05 -1.75027094e-13  1.25898397e-12 
 6.60715007e-05  8.97407149e-01  8.97427396e-01  8.97382534e-01 -1.23998663e-05  1.73138413e-13  1.53945807e-12 
 6.60965007e-05  8.97407182e-01  8.97427410e-01  8.97382534e-01 -1.24107985e-05 -1.74879425e-13  1.25903319e-12 
 6.61215007e-05  8.97407149e-01  8.97427396e-01  8.97382534e-01 -1.23998651e-05  1.72986625e-13  1.53940917e-12 
 6.61465007e-05  8.97407182e-01  8.97427410e-01  8.97382534e-01 -1.24107996e-05 -1.74727203e-13  1.25908165e-12 
 6.61715007e-05  8.97407149e-01  8.97427396e-01  8.97382534e-01 -1.23998640e-05  1.72838523e-13  1.53936114e-12 
 6.61965007e-05  8.97407182e-01  8.97427410e-01  8.97382534e-01 -1.24108008e-05 -1.74576933e-13  1.25913017e-12 
 6.62215007e-05  8.97407149e-01  8.97427396e-01  8.97382534e-01 -1.23998628e-05  1.72687602e-13  1.53931192e-12 
 6.62465007e-05  8.97407182e-01  8.97427410e-01  8.97382534e-01 -1.24108019e-05 -1.74426879e-13  1.25917825e-12 
 6.62715007e-05  8.97407149e-01  8.97427396e-01  8.97382534e-01 -1.23998617e-05  1.72535814e-13  1.53926335e-12 
 6.62965007e-05  8.97407182e-01  8.97427410e-01  8.97382534e-01 -1.24108031e-05 -1.74274224e-13  1.25922693e-12 
 6.63215007e-05  8.97407149e-01  8.97427396e-01  8.97382534e-01 -1.23998605e-05  1.72384242e-13  1.53921586e-12 
 6.63465007e-05  8.97407182e-01  8.97427410e-01  8.97382534e-01 -1.24108042e-05 -1.74122435e-13  1.25927518e-12 
 6.63715007e-05  8.97407149e-01  8.97427396e-01  8.97382534e-01 -1.23998594e-05  1.72233321e-13  1.53916756e-12 
 6.63965007e-05  8.97407182e-01  8.97427411e-01  8.97382534e-01 -1.24108054e-05 -1.73972382e-13  1.25932300e-12 
 6.64215007e-05  8.97407149e-01  8.97427396e-01  8.97382534e-01 -1.23998582e-05  1.72081967e-13  1.53912007e-12 
 6.64465007e-05  8.97407182e-01  8.97427411e-01  8.97382534e-01 -1.24108065e-05 -1.73819075e-13  1.25937070e-12 
 6.64715007e-05  8.97407149e-01  8.97427396e-01  8.97382534e-01 -1.23998571e-05  1.71928661e-13  1.53907236e-12 
 6.64965007e-05  8.97407182e-01  8.97427411e-01  8.97382534e-01 -1.24108077e-05 -1.73667287e-13  1.25941813e-12 
 6.65215007e-05  8.97407149e-01  8.97427396e-01  8.97382534e-01 -1.23998559e-05  1.71777306e-13  1.53902444e-12 
 6.65465007e-05  8.97407182e-01  8.97427411e-01  8.97382534e-01 -1.24108088e-05 -1.73513114e-13  1.25946568e-12 
 6.65715007e-05  8.97407149e-01  8.97427396e-01  8.97382534e-01 -1.23998548e-05  1.71622916e-13  1.53897777e-12 
 6.65965007e-05  8.97407182e-01  8.97427411e-01  8.97382534e-01 -1.24108100e-05 -1.73359807e-13  1.25951268e-12 
 6.66215007e-05  8.97407149e-01  8.97427397e-01  8.97382534e-01 -1.23998536e-05  1.71471344e-13  1.53893033e-12 
 6.66465007e-05  8.97407182e-01  8.97427411e-01  8.97382534e-01 -1.24108111e-05 -1.73207369e-13  1.25956038e-12 
 6.66715007e-05  8.97407149e-01  8.97427397e-01  8.97382534e-01 -1.23998525e-05  1.71318472e-13  1.53888317e-12 
 6.66965007e-05  8.97407182e-01  8.97427411e-01  8.97382534e-01 -1.24108123e-05 -1.73054496e-13  1.25960749e-12 
 6.67215007e-05  8.97407150e-01  8.97427397e-01  8.97382535e-01 -1.23998513e-05  1.71163864e-13  1.53883655e-12 
 6.67465007e-05  8.97407182e-01  8.97427411e-01  8.97382535e-01 -1.24108134e-05 -1.72900323e-13  1.25965373e-12 
 6.67715007e-05  8.97407150e-01  8.97427397e-01  8.97382535e-01 -1.23998502e-05  1.71012293e-13  1.53878971e-12 
 6.67965007e-05  8.97407182e-01  8.97427411e-01  8.97382535e-01 -1.24108146e-05 -1.72746800e-13  1.25970068e-12 
 6.68215007e-05  8.97407150e-01  8.97427397e-01  8.97382535e-01 -1.23998490e-05  1.70856601e-13  1.53874304e-12 
 6.68465007e-05  8.97407182e-01  8.97427411e-01  8.97382535e-01 -1.24108157e-05 -1.72593710e-13  1.25974735e-12 
 6.68715007e-05  8.97407150e-01  8.97427397e-01  8.97382535e-01 -1.23998479e-05  1.70702645e-13  1.53869636e-12 
 6.68857503e-05  8.97407182e-01  8.97427411e-01  8.97382535e-01 -1.24108173e-05 -1.72384893e-13  1.25980189e-12 
 6.69000000e-05  8.97407150e-01  8.97427397e-01  8.97382535e-01 -1.23998459e-05  1.70436365e-13  1.53860643e-12 
