Note: Starting dynamic gmin stepping
Warning: Dynamic gmin stepping failed
Note: Starting true gmin stepping
Note: True gmin stepping completed

Note: No compatibility mode selected!


Circuit: * suarez dac extracted-layout qualification

Doing analysis at TEMP = 27.000000 and TNOM = 27.000000

Using SPARSE 1.3 as Direct Linear Solver

Initial Transient Solution
--------------------------

Node                                   Voltage
----                                   -------
vdd                                        1.8
refh                                       0.9
refl                                       0.2
hi                                         0.9
lo                                         0.2
out                                   0.899466
pad                                   0.899421
xdut.vdpwr.t13                         1.79989
xdut.charge_high.t1                          0
xdut.h_bar.t1                          1.79989
xdut.vdpwr.t12                         1.79989
xdut.vgnd.t53                      0.000100478
xdut.charge_low.t2                           0
xdut.l_bar.t0                          1.79989
xdut.vgnd.t52                      0.000102317
xdut.sample.t5                        0.899258
xdut.charge_low.t0                           0
xdut.vref_low.t1                           0.2
xdut.vgnd.t54                      0.000157271
xdut.hold                             0.899445
xdut.x3.a                          1.13676e-05
xdut.x3.b1                         1.13676e-05
xdut.vgnd.t6                       1.13676e-05
xdut.x4.a                          7.85216e-06
xdut.x4.b1                         7.85216e-06
xdut.vgnd.t4                       7.85216e-06
xdut.sample                           0.899258
xdut.x5.a                          7.85216e-06
xdut.x5.b1                         7.85216e-06
xdut.x6.a                          1.13676e-05
xdut.x6.b1                         1.13676e-05
xdut.x7.a                          1.12258e-05
xdut.x7.b1                         1.12258e-05
xdut.vgnd.t8                       1.12258e-05
xdut.x8.a                          7.99391e-06
xdut.x8.b1                         7.99391e-06
xdut.vgnd.t2                       7.99391e-06
xdut.vgnd.t49                      7.92269e-05
xdut.charge_high.t2                          0
xdut.h_bar.t0                          1.79989
xdut.vgnd.t48                      8.44305e-05
xdut.sample.t4                        0.899258
xdut.charge_high.t0                          0
xdut.vref_high.t1                          0.9
xdut.vgnd.t50                      0.000138467
xdut.x11.a                         7.99391e-06
xdut.x11.b1                        7.99391e-06
xdut.vgnd.t11                      0.000253747
xdut.mirror.t3                        0.593923
xdut.amp.t1                           0.595107
xdut.vgnd.t10                      0.000223555
xdut.x13.a                         7.99391e-06
xdut.x13.b1                        7.99391e-06
xdut.tail.t2                           1.47398
xdut.vout.t4                          0.899473
xdut.mirror.t2                        0.593981
xdut.vdpwr.t14                          1.7999
xdut.x15.a                         7.99391e-06
xdut.x15.b1                        7.99391e-06
xdut.x16.a                         1.13676e-05
xdut.x16.b1                        1.13676e-05
xdut.x17.a                         7.99391e-06
xdut.x17.b1                        7.99391e-06
xdut.x18.a                         7.85216e-06
xdut.x18.b1                        7.85216e-06
xdut.hold.t0                          0.899445
xdut.s_bar.t2                          1.79989
xdut.sample.t2                        0.899258
xdut.vdpwr.t2                          1.79989
xdut.x20.a                         1.12258e-05
xdut.x20.b1                        1.12258e-05
xdut.x21.a                         7.85216e-06
xdut.x21.b1                        7.85216e-06
xdut.vdpwr.t6                          1.79976
xdut.bias.t4                          0.634049
xdut.tail.t0                           1.47415
xdut.vdpwr.t5                           1.7999
xdut.x23.a                         1.13676e-05
xdut.x23.b1                        1.13676e-05
xdut.x24.a                         1.13676e-05
xdut.x24.b1                        1.13676e-05
xdut.x25.a                         1.12258e-05
xdut.x25.b1                        1.12258e-05
xdut.x26.a                         1.12258e-05
xdut.x26.b1                        1.12258e-05
xdut.sample.t0                        0.899258
xdut.l_bar.t2                          1.79989
xdut.vref_low.t0                           0.2
xdut.vdpwr.t0                          1.79989
xdut.vdpwr.t8                          1.79976
xdut.bias.t1                          0.634049
xdut.bias.t2                          0.634168
xdut.vdpwr.t7                          1.79989
xdut.x29.xsky130_fd_pr__res_xhigh_po_0p35.ra         0.59513
xdut.comp                              0.59513
xdut.amp.t2                            0.59513
xdut.vgnd.t44                       0.00023469
xdut.x30.a                         7.85216e-06
xdut.x30.b1                        7.85216e-06
xdut.x31.xsky130_fd_pr__res_xhigh_po_0p35.ra        0.316075
xdut.vgnd.t43                       0.00039611
xdut.rbmid                            0.317165
xdut.vgnd.t42                      0.000230722
xdut.sample.t1                        0.899258
xdut.h_bar.t2                          1.79989
xdut.vref_high.t0                          0.9
xdut.vdpwr.t1                          1.79989
xdut.x33.xsky130_fd_pr__res_xhigh_po_0p35.ra        0.632844
xdut.bias.t0                          0.633934
xdut.vgnd.t41                      0.000226871
xdut.x34.a                         7.85216e-06
xdut.x34.b1                        7.85216e-06
xdut.x35.a                         1.13676e-05
xdut.x35.b1                        1.13676e-05
xdut.x36.a                         7.85216e-06
xdut.x36.b1                        7.85216e-06
xdut.vgnd.t13                      0.000253743
xdut.mirror.t0                        0.593923
xdut.mirror.t1                          0.5939
xdut.vgnd.t12                      0.000223393
xdut.vgnd.t1                        0.00113372
xdut.amp.t3                            0.59513
xdut.vout.t0                          0.898536
xdut.vgnd.t0                       0.000245783
xdut.x39.a                            0.899471
xdut.x39.b1                           0.899471
xdut.vout.t2                          0.899471
xdut.x40.a                         7.99391e-06
xdut.x40.b1                        7.99391e-06
xdut.tail.t1                           1.47398
xdut.hold.t2                          0.899445
xdut.amp.t0                           0.595189
xdut.vdpwr.t9                           1.7999
xdut.x42.a                         1.13676e-05
xdut.x42.b1                        1.13676e-05
xdut.x43.a                         7.99391e-06
xdut.x43.b1                        7.99391e-06
xdut.x44.a                         7.99391e-06
xdut.x44.b1                        7.99391e-06
xdut.x45.a                         1.12258e-05
xdut.x45.b1                        1.12258e-05
xdut.x46.a                         1.12258e-05
xdut.x46.b1                        1.12258e-05
xdut.x47.a                         1.13676e-05
xdut.x47.b1                        1.13676e-05
xdut.x48.a                         1.12258e-05
xdut.x48.b1                        1.12258e-05
xdut.vdpwr.t11                         1.79989
xdut.share.t1                                0
xdut.s_bar.t1                          1.79989
xdut.vdpwr.t10                         1.79989
xdut.vdpwr.t4                          1.79813
xdut.bias.t3                          0.634049
xdut.vout.t1                           0.90131
xdut.vdpwr.t3                          1.79991
xdut.vdpwr.t16                         1.79989
xdut.charge_low.t1                           0
xdut.l_bar.t1                          1.79989
xdut.vdpwr.t15                         1.79989
xdut.vgnd.t46                      0.000119347
xdut.share.t2                                0
xdut.s_bar.t0                          1.79989
xdut.vgnd.t45                      0.000119918
xdut.hold.t1                          0.899445
xdut.share.t0                                0
xdut.sample.t3                        0.899258
xdut.vgnd.t47                      0.000175666
xdut.x54.a                         1.12258e-05
xdut.x54.b1                        1.12258e-05
xdut.x55.a                         7.85216e-06
xdut.x55.b1                        7.85216e-06
xdut.vout.n0                          0.899473
xdut.vout.n1                          0.899473
xdut.vout.n2                          0.899471
xdut.vref_low.n0                           0.2
xdut.vref_high.n0                          0.9
xdut.share.n0                                0
s                                            0
xdut.charge_low.n0                           0
l                                            0
xdut.charge_high.n0                          0
h                                            0
xdut.vdpwr.n27                         1.79989
xdut.vdpwr.n8                          1.79989
xdut.vdpwr.n50                         1.79989
xdut.vdpwr.n9                          1.79989
xdut.vdpwr.n48                         1.79989
xdut.vdpwr.n12                         1.79989
xdut.vdpwr.n30                         1.79989
xdut.vdpwr.n11                         1.79989
xdut.vdpwr.n75                         1.79989
xdut.vdpwr.n56                         1.79989
xdut.vdpwr.n98                         1.79989
xdut.vdpwr.n57                         1.79989
xdut.vdpwr.n96                         1.79989
xdut.vdpwr.n60                         1.79989
xdut.vdpwr.n78                         1.79989
xdut.vdpwr.n59                         1.79989
xdut.vdpwr.n122                        1.79989
xdut.vdpwr.n103                        1.79989
xdut.vdpwr.n145                        1.79989
xdut.vdpwr.n104                        1.79989
xdut.vdpwr.n143                        1.79989
xdut.vdpwr.n107                        1.79989
xdut.vdpwr.n125                        1.79989
xdut.vdpwr.n106                        1.79989
xdut.vdpwr.n193                        1.79989
xdut.vdpwr.n156                        1.79989
xdut.vdpwr.n196                        1.79989
xdut.vdpwr.n195                        1.79989
xdut.vdpwr.n174                        1.79989
xdut.vdpwr.n168                        1.79989
xdut.vdpwr.n176                        1.79989
xdut.vdpwr.n166                        1.79989
xdut.vdpwr.n245                        1.79989
xdut.vdpwr.n208                        1.79989
xdut.vdpwr.n248                        1.79989
xdut.vdpwr.n247                        1.79989
xdut.vdpwr.n226                        1.79989
xdut.vdpwr.n220                        1.79989
xdut.vdpwr.n228                        1.79989
xdut.vdpwr.n218                        1.79989
xdut.vdpwr.n297                        1.79989
xdut.vdpwr.n260                        1.79989
xdut.vdpwr.n300                        1.79989
xdut.vdpwr.n299                        1.79989
xdut.vdpwr.n278                        1.79989
xdut.vdpwr.n272                        1.79989
xdut.vdpwr.n280                        1.79989
xdut.vdpwr.n270                        1.79989
xdut.vdpwr.n598                         1.7999
xdut.vdpwr.n525                         1.7999
xdut.vdpwr.n601                         1.7999
xdut.vdpwr.n600                         1.7999
xdut.vdpwr.n562                         1.7999
xdut.vdpwr.n547                         1.7999
xdut.vdpwr.n560                         1.7999
xdut.vdpwr.n549                         1.7999
xdut.vdpwr.n689                         1.7999
xdut.vdpwr.n616                         1.7999
xdut.vdpwr.n692                         1.7999
xdut.vdpwr.n691                         1.7999
xdut.vdpwr.n653                         1.7999
xdut.vdpwr.n638                         1.7999
xdut.vdpwr.n651                         1.7999
xdut.vdpwr.n640                         1.7999
xdut.vdpwr.n349                        1.79989
xdut.vdpwr.n315                        1.79989
xdut.vdpwr.n372                        1.79989
xdut.vdpwr.n362                        1.79989
xdut.vdpwr.n395                        1.79989
xdut.vdpwr.n360                        1.79989
xdut.vdpwr.n347                        1.79989
xdut.vdpwr.n317                        1.79989
xdut.vdpwr.n455                         1.7999
xdut.vdpwr.n421                         1.7999
xdut.vdpwr.n478                         1.7999
xdut.vdpwr.n468                         1.7999
xdut.vdpwr.n501                         1.7999
xdut.vdpwr.n466                         1.7999
xdut.vdpwr.n453                         1.7999
xdut.vdpwr.n423                         1.7999
xdut.vdpwr.n888                        1.79991
xdut.vdpwr.n710                        1.79991
xdut.vdpwr.n943                        1.79991
xdut.vdpwr.n901                        1.79991
xdut.vdpwr.n1079                       1.79991
xdut.vdpwr.n899                        1.79991
xdut.vdpwr.n886                        1.79991
xdut.vdpwr.n712                        1.79991
xdut.vdpwr.n194                        1.79989
xdut.vdpwr.n154                        1.79989
xdut.vdpwr.n175                        1.79989
xdut.vdpwr.n167                        1.79989
xdut.vdpwr.n246                        1.79989
xdut.vdpwr.n206                        1.79989
xdut.vdpwr.n227                        1.79989
xdut.vdpwr.n219                        1.79989
xdut.vdpwr.n298                        1.79989
xdut.vdpwr.n258                        1.79989
xdut.vdpwr.n279                        1.79989
xdut.vdpwr.n271                        1.79989
xdut.vdpwr.n18                         1.79989
xdut.vdpwr.n23                         1.79989
xdut.vdpwr.n22                         1.79989
xdut.vdpwr.n19                         1.79989
xdut.vdpwr.n14                         1.79989
xdut.vdpwr.n38                         1.79989
xdut.vdpwr.n37                         1.79989
xdut.vdpwr.n42                         1.79989
xdut.vdpwr.n41                         1.79989
xdut.vdpwr.n44                         1.79989
xdut.vdpwr.n66                         1.79989
xdut.vdpwr.n71                         1.79989
xdut.vdpwr.n70                         1.79989
xdut.vdpwr.n67                         1.79989
xdut.vdpwr.n62                         1.79989
xdut.vdpwr.n86                         1.79989
xdut.vdpwr.n85                         1.79989
xdut.vdpwr.n90                         1.79989
xdut.vdpwr.n89                         1.79989
xdut.vdpwr.n92                         1.79989
xdut.vdpwr.n113                        1.79989
xdut.vdpwr.n118                        1.79989
xdut.vdpwr.n117                        1.79989
xdut.vdpwr.n114                        1.79989
xdut.vdpwr.n109                        1.79989
xdut.vdpwr.n133                        1.79989
xdut.vdpwr.n132                        1.79989
xdut.vdpwr.n137                        1.79989
xdut.vdpwr.n136                        1.79989
xdut.vdpwr.n139                        1.79989
xdut.vdpwr.n155                        1.79989
xdut.vdpwr.n189                        1.79989
xdut.vdpwr.n158                        1.79989
xdut.vdpwr.n180                        1.79989
xdut.vdpwr.n164                        1.79989
xdut.vdpwr.n149                        1.79989
xdut.vdpwr.n152                        1.79989
xdut.vdpwr.n187                        1.79989
xdut.vdpwr.n159                        1.79989
xdut.vdpwr.n182                        1.79989
xdut.vdpwr.n161                        1.79989
xdut.vdpwr.n170                        1.79989
xdut.vdpwr.n207                        1.79989
xdut.vdpwr.n241                        1.79989
xdut.vdpwr.n210                        1.79989
xdut.vdpwr.n232                        1.79989
xdut.vdpwr.n216                        1.79989
xdut.vdpwr.n201                        1.79989
xdut.vdpwr.n204                        1.79989
xdut.vdpwr.n239                        1.79989
xdut.vdpwr.n211                        1.79989
xdut.vdpwr.n234                        1.79989
xdut.vdpwr.n213                        1.79989
xdut.vdpwr.n222                        1.79989
xdut.vdpwr.n259                        1.79989
xdut.vdpwr.n293                        1.79989
xdut.vdpwr.n262                        1.79989
xdut.vdpwr.n284                        1.79989
xdut.vdpwr.n268                        1.79989
xdut.vdpwr.n253                        1.79989
xdut.vdpwr.n256                        1.79989
xdut.vdpwr.n291                        1.79989
xdut.vdpwr.n263                        1.79989
xdut.vdpwr.n286                        1.79989
xdut.vdpwr.n265                        1.79989
xdut.vdpwr.n274                        1.79989
xdut.vdpwr.n328                        1.79989
xdut.vdpwr.n327                        1.79989
xdut.vdpwr.n329                        1.79989
xdut.vdpwr.n333                        1.79989
xdut.vdpwr.n322                        1.79989
xdut.vdpwr.n336                        1.79989
xdut.vdpwr.n335                        1.79989
xdut.vdpwr.n340                        1.79989
xdut.vdpwr.n319                        1.79989
xdut.vdpwr.n341                        1.79989
xdut.vdpwr.n343                        1.79989
xdut.vdpwr.n361                        1.79989
xdut.vdpwr.n306                        1.79989
xdut.vdpwr.n406                        1.79989
xdut.vdpwr.n305                        1.79989
xdut.vdpwr.n353                        1.79989
xdut.vdpwr.n313                        1.79989
xdut.vdpwr.n376                        1.79989
xdut.vdpwr.n375                        1.79989
xdut.vdpwr.n380                        1.79989
xdut.vdpwr.n379                        1.79989
xdut.vdpwr.n382                        1.79989
xdut.vdpwr.n368                        1.79989
xdut.vdpwr.n385                        1.79989
xdut.vdpwr.n389                        1.79989
xdut.vdpwr.n388                        1.79989
xdut.vdpwr.n391                        1.79989
xdut.vdpwr.n369                        1.79989
xdut.vdpwr.n400                        1.79989
xdut.vdpwr.n309                        1.79989
xdut.vdpwr.n404                        1.79989
xdut.vdpwr.n308                        1.79989
xdut.vdpwr.n356                        1.79989
xdut.vdpwr.n311                        1.79989
xdut.vdpwr.n433                         1.7999
xdut.vdpwr.n437                         1.7999
xdut.vdpwr.n431                         1.7999
xdut.vdpwr.n440                         1.7999
xdut.vdpwr.n439                         1.7999
xdut.vdpwr.n441                         1.7999
xdut.vdpwr.n445                         1.7999
xdut.vdpwr.n427                         1.7999
xdut.vdpwr.n448                         1.7999
xdut.vdpwr.n447                         1.7999
xdut.vdpwr.n449                         1.7999
xdut.vdpwr.n467                         1.7999
xdut.vdpwr.n412                         1.7999
xdut.vdpwr.n512                         1.7999
xdut.vdpwr.n411                         1.7999
xdut.vdpwr.n459                         1.7999
xdut.vdpwr.n419                         1.7999
xdut.vdpwr.n480                         1.7999
xdut.vdpwr.n473                         1.7999
xdut.vdpwr.n483                         1.7999
xdut.vdpwr.n487                         1.7999
xdut.vdpwr.n486                         1.7999
xdut.vdpwr.n491                         1.7999
xdut.vdpwr.n490                         1.7999
xdut.vdpwr.n495                         1.7999
xdut.vdpwr.n494                         1.7999
xdut.vdpwr.n497                         1.7999
xdut.vdpwr.n475                         1.7999
xdut.vdpwr.n506                         1.7999
xdut.vdpwr.n415                         1.7999
xdut.vdpwr.n510                         1.7999
xdut.vdpwr.n414                         1.7999
xdut.vdpwr.n462                         1.7999
xdut.vdpwr.n417                         1.7999
xdut.vdpwr.n522                         1.7999
xdut.vdpwr.n593                         1.7999
xdut.vdpwr.n527                         1.7999
xdut.vdpwr.n584                         1.7999
xdut.vdpwr.n533                         1.7999
xdut.vdpwr.n580                         1.7999
xdut.vdpwr.n535                         1.7999
xdut.vdpwr.n572                         1.7999
xdut.vdpwr.n541                         1.7999
xdut.vdpwr.n568                         1.7999
xdut.vdpwr.n543                         1.7999
xdut.vdpwr.n603                         1.7999
xdut.vdpwr.n516                         1.7999
xdut.vdpwr.n524                         1.7999
xdut.vdpwr.n519                         1.7999
xdut.vdpwr.n591                         1.7999
xdut.vdpwr.n529                         1.7999
xdut.vdpwr.n586                         1.7999
xdut.vdpwr.n531                         1.7999
xdut.vdpwr.n578                         1.7999
xdut.vdpwr.n537                         1.7999
xdut.vdpwr.n574                         1.7999
xdut.vdpwr.n539                         1.7999
xdut.vdpwr.n566                         1.7999
xdut.vdpwr.n545                         1.7999
xdut.vdpwr.n554                         1.7999
xdut.vdpwr.n553                         1.7999
xdut.vdpwr.n556                         1.7999
xdut.vdpwr.n613                         1.7999
xdut.vdpwr.n684                         1.7999
xdut.vdpwr.n618                         1.7999
xdut.vdpwr.n675                         1.7999
xdut.vdpwr.n624                         1.7999
xdut.vdpwr.n671                         1.7999
xdut.vdpwr.n626                         1.7999
xdut.vdpwr.n663                         1.7999
xdut.vdpwr.n632                         1.7999
xdut.vdpwr.n659                         1.7999
xdut.vdpwr.n634                         1.7999
xdut.vdpwr.n694                         1.7999
xdut.vdpwr.n607                         1.7999
xdut.vdpwr.n615                         1.7999
xdut.vdpwr.n610                         1.7999
xdut.vdpwr.n682                         1.7999
xdut.vdpwr.n620                         1.7999
xdut.vdpwr.n677                         1.7999
xdut.vdpwr.n622                         1.7999
xdut.vdpwr.n669                         1.7999
xdut.vdpwr.n628                         1.7999
xdut.vdpwr.n665                         1.7999
xdut.vdpwr.n630                         1.7999
xdut.vdpwr.n657                         1.7999
xdut.vdpwr.n636                         1.7999
xdut.vdpwr.n645                         1.7999
xdut.vdpwr.n644                         1.7999
xdut.vdpwr.n647                         1.7999
xdut.vdpwr.n765                        1.79991
xdut.vdpwr.n764                        1.79991
xdut.vdpwr.n766                        1.79991
xdut.vdpwr.n770                        1.79991
xdut.vdpwr.n759                        1.79991
xdut.vdpwr.n773                        1.79991
xdut.vdpwr.n772                        1.79991
xdut.vdpwr.n775                        1.79991
xdut.vdpwr.n756                        1.79991
xdut.vdpwr.n779                        1.79991
xdut.vdpwr.n782                        1.79991
xdut.vdpwr.n781                        1.79991
xdut.vdpwr.n783                        1.79991
xdut.vdpwr.n787                        1.79991
xdut.vdpwr.n752                        1.79991
xdut.vdpwr.n790                        1.79991
xdut.vdpwr.n789                        1.79991
xdut.vdpwr.n794                        1.79991
xdut.vdpwr.n749                        1.79991
xdut.vdpwr.n797                        1.79991
xdut.vdpwr.n796                        1.79991
xdut.vdpwr.n801                        1.79991
xdut.vdpwr.n746                        1.79991
xdut.vdpwr.n804                        1.79991
xdut.vdpwr.n803                        1.79991
xdut.vdpwr.n808                        1.79991
xdut.vdpwr.n743                        1.79991
xdut.vdpwr.n811                        1.79991
xdut.vdpwr.n810                        1.79991
xdut.vdpwr.n812                        1.79991
xdut.vdpwr.n816                        1.79991
xdut.vdpwr.n739                        1.79991
xdut.vdpwr.n819                        1.79991
xdut.vdpwr.n818                        1.79991
xdut.vdpwr.n823                        1.79991
xdut.vdpwr.n736                        1.79991
xdut.vdpwr.n826                        1.79991
xdut.vdpwr.n825                        1.79991
xdut.vdpwr.n828                        1.79991
xdut.vdpwr.n733                        1.79991
xdut.vdpwr.n832                        1.79991
xdut.vdpwr.n835                        1.79991
xdut.vdpwr.n834                        1.79991
xdut.vdpwr.n836                        1.79991
xdut.vdpwr.n840                        1.79991
xdut.vdpwr.n729                        1.79991
xdut.vdpwr.n843                        1.79991
xdut.vdpwr.n842                        1.79991
xdut.vdpwr.n847                        1.79991
xdut.vdpwr.n726                        1.79991
xdut.vdpwr.n848                        1.79991
xdut.vdpwr.n850                        1.79991
xdut.vdpwr.n724                        1.79991
xdut.vdpwr.n854                        1.79991
xdut.vdpwr.n857                        1.79991
xdut.vdpwr.n856                        1.79991
xdut.vdpwr.n861                        1.79991
xdut.vdpwr.n721                        1.79991
xdut.vdpwr.n864                        1.79991
xdut.vdpwr.n863                        1.79991
xdut.vdpwr.n866                        1.79991
xdut.vdpwr.n718                        1.79991
xdut.vdpwr.n870                        1.79991
xdut.vdpwr.n873                        1.79991
xdut.vdpwr.n872                        1.79991
xdut.vdpwr.n875                        1.79991
xdut.vdpwr.n715                        1.79991
xdut.vdpwr.n879                        1.79991
xdut.vdpwr.n882                        1.79991
xdut.vdpwr.n881                        1.79991
xdut.vdpwr.n900                        1.79991
xdut.vdpwr.n701                        1.79991
xdut.vdpwr.n1090                       1.79991
xdut.vdpwr.n700                        1.79991
xdut.vdpwr.n892                        1.79991
xdut.vdpwr.n708                        1.79991
xdut.vdpwr.n947                        1.79991
xdut.vdpwr.n946                        1.79991
xdut.vdpwr.n951                        1.79991
xdut.vdpwr.n950                        1.79991
xdut.vdpwr.n955                        1.79991
xdut.vdpwr.n954                        1.79991
xdut.vdpwr.n957                        1.79991
xdut.vdpwr.n918                        1.79991
xdut.vdpwr.n960                        1.79991
xdut.vdpwr.n964                        1.79991
xdut.vdpwr.n963                        1.79991
xdut.vdpwr.n966                        1.79991
xdut.vdpwr.n924                        1.79991
xdut.vdpwr.n969                        1.79991
xdut.vdpwr.n973                        1.79991
xdut.vdpwr.n972                        1.79991
xdut.vdpwr.n977                        1.79991
xdut.vdpwr.n976                        1.79991
xdut.vdpwr.n981                        1.79991
xdut.vdpwr.n980                        1.79991
xdut.vdpwr.n985                        1.79991
xdut.vdpwr.n984                        1.79991
xdut.vdpwr.n989                        1.79991
xdut.vdpwr.n988                        1.79991
xdut.vdpwr.n991                        1.79991
xdut.vdpwr.n912                        1.79991
xdut.vdpwr.n994                        1.79991
xdut.vdpwr.n998                        1.79991
xdut.vdpwr.n997                        1.79991
xdut.vdpwr.n1002                       1.79991
xdut.vdpwr.n1001                       1.79991
xdut.vdpwr.n1006                       1.79991
xdut.vdpwr.n1005                       1.79991
xdut.vdpwr.n1010                       1.79991
xdut.vdpwr.n1009                       1.79991
xdut.vdpwr.n1012                       1.79991
xdut.vdpwr.n932                        1.79991
xdut.vdpwr.n1015                       1.79991
xdut.vdpwr.n1019                       1.79991
xdut.vdpwr.n1018                       1.79991
xdut.vdpwr.n1023                       1.79991
xdut.vdpwr.n1022                       1.79991
xdut.vdpwr.n1027                       1.79991
xdut.vdpwr.n1026                       1.79991
xdut.vdpwr.n1031                       1.79991
xdut.vdpwr.n1030                       1.79991
xdut.vdpwr.n1035                       1.79991
xdut.vdpwr.n1034                       1.79991
xdut.vdpwr.n1039                       1.79991
xdut.vdpwr.n1038                       1.79991
xdut.vdpwr.n1043                       1.79991
xdut.vdpwr.n1042                       1.79991
xdut.vdpwr.n1045                       1.79991
xdut.vdpwr.n905                        1.79991
xdut.vdpwr.n1048                       1.79991
xdut.vdpwr.n1052                       1.79991
xdut.vdpwr.n1051                       1.79991
xdut.vdpwr.n1056                       1.79991
xdut.vdpwr.n1055                       1.79991
xdut.vdpwr.n1060                       1.79991
xdut.vdpwr.n1059                       1.79991
xdut.vdpwr.n1062                       1.79991
xdut.vdpwr.n938                        1.79991
xdut.vdpwr.n1065                       1.79991
xdut.vdpwr.n1069                       1.79991
xdut.vdpwr.n1068                       1.79991
xdut.vdpwr.n1073                       1.79991
xdut.vdpwr.n1072                       1.79991
xdut.vdpwr.n1075                       1.79991
xdut.vdpwr.n940                        1.79991
xdut.vdpwr.n1084                       1.79991
xdut.vdpwr.n704                        1.79991
xdut.vdpwr.n1088                       1.79991
xdut.vdpwr.n703                        1.79991
xdut.vdpwr.n895                        1.79991
xdut.vdpwr.n706                        1.79991
xdut.vdpwr.n53                         1.79989
xdut.vdpwr.n4                          1.79989
xdut.vdpwr.n3                          1.79989
xdut.vdpwr.n5                          1.79991
xdut.vdpwr.n599                         1.7999
xdut.vdpwr.n518                         1.7999
xdut.vdpwr.n561                         1.7999
xdut.vdpwr.n548                         1.7999
xdut.vdpwr.n690                         1.7999
xdut.vdpwr.n609                         1.7999
xdut.vdpwr.n652                         1.7999
xdut.vdpwr.n639                         1.7999
xdut.vdpwr.n17                         1.79989
xdut.vdpwr.n6                          1.79989
xdut.vdpwr.n49                         1.79989
xdut.vdpwr.n51                         1.79989
xdut.vdpwr.n7                          1.79989
xdut.vdpwr.n35                         1.79989
xdut.vdpwr.n39                         1.79989
xdut.vdpwr.n40                         1.79989
xdut.vdpwr.n10                         1.79989
xdut.vdpwr.n33                         1.79989
xdut.vdpwr.n45                         1.79989
xdut.vdpwr.n46                         1.79989
xdut.vdpwr.n47                         1.79989
xdut.vdpwr.n32                         1.79989
xdut.vdpwr.n31                         1.79989
xdut.vdpwr.n13                         1.79989
xdut.vdpwr.n20                         1.79989
xdut.vdpwr.n21                         1.79989
xdut.vdpwr.n24                         1.79989
xdut.vdpwr.n25                         1.79989
xdut.vdpwr.n28                         1.79989
xdut.vdpwr.n26                         1.79989
xdut.vdpwr.n65                         1.79989
xdut.vdpwr.n54                         1.79989
xdut.vdpwr.n97                         1.79989
xdut.vdpwr.n99                         1.79989
xdut.vdpwr.n55                         1.79989
xdut.vdpwr.n83                         1.79989
xdut.vdpwr.n87                         1.79989
xdut.vdpwr.n88                         1.79989
xdut.vdpwr.n58                         1.79989
xdut.vdpwr.n81                         1.79989
xdut.vdpwr.n93                         1.79989
xdut.vdpwr.n94                         1.79989
xdut.vdpwr.n95                         1.79989
xdut.vdpwr.n80                         1.79989
xdut.vdpwr.n79                         1.79989
xdut.vdpwr.n61                         1.79989
xdut.vdpwr.n68                         1.79989
xdut.vdpwr.n69                         1.79989
xdut.vdpwr.n72                         1.79989
xdut.vdpwr.n73                         1.79989
xdut.vdpwr.n76                         1.79989
xdut.vdpwr.n74                         1.79989
xdut.vdpwr.n112                        1.79989
xdut.vdpwr.n101                        1.79989
xdut.vdpwr.n144                        1.79989
xdut.vdpwr.n146                        1.79989
xdut.vdpwr.n102                        1.79989
xdut.vdpwr.n130                        1.79989
xdut.vdpwr.n134                        1.79989
xdut.vdpwr.n135                        1.79989
xdut.vdpwr.n105                        1.79989
xdut.vdpwr.n128                        1.79989
xdut.vdpwr.n140                        1.79989
xdut.vdpwr.n141                        1.79989
xdut.vdpwr.n142                        1.79989
xdut.vdpwr.n127                        1.79989
xdut.vdpwr.n126                        1.79989
xdut.vdpwr.n108                        1.79989
xdut.vdpwr.n115                        1.79989
xdut.vdpwr.n116                        1.79989
xdut.vdpwr.n119                        1.79989
xdut.vdpwr.n120                        1.79989
xdut.vdpwr.n123                        1.79989
xdut.vdpwr.n121                        1.79989
xdut.vdpwr.n148                        1.79989
xdut.vdpwr.n198                        1.79989
xdut.vdpwr.n197                        1.79989
xdut.vdpwr.n150                        1.79989
xdut.vdpwr.n153                        1.79989
xdut.vdpwr.n185                        1.79989
xdut.vdpwr.n188                        1.79989
xdut.vdpwr.n186                        1.79989
xdut.vdpwr.n163                        1.79989
xdut.vdpwr.n184                        1.79989
xdut.vdpwr.n181                        1.79989
xdut.vdpwr.n183                        1.79989
xdut.vdpwr.n162                        1.79989
xdut.vdpwr.n160                        1.79989
xdut.vdpwr.n173                        1.79989
xdut.vdpwr.n172                        1.79989
xdut.vdpwr.n171                        1.79989
xdut.vdpwr.n165                        1.79989
xdut.vdpwr.n177                        1.79989
xdut.vdpwr.n178                        1.79989
xdut.vdpwr.n179                        1.79989
xdut.vdpwr.n157                        1.79989
xdut.vdpwr.n190                        1.79989
xdut.vdpwr.n191                        1.79989
xdut.vdpwr.n192                        1.79989
xdut.vdpwr.n200                        1.79989
xdut.vdpwr.n250                        1.79989
xdut.vdpwr.n249                        1.79989
xdut.vdpwr.n202                        1.79989
xdut.vdpwr.n205                        1.79989
xdut.vdpwr.n237                        1.79989
xdut.vdpwr.n240                        1.79989
xdut.vdpwr.n238                        1.79989
xdut.vdpwr.n215                        1.79989
xdut.vdpwr.n236                        1.79989
xdut.vdpwr.n233                        1.79989
xdut.vdpwr.n235                        1.79989
xdut.vdpwr.n214                        1.79989
xdut.vdpwr.n212                        1.79989
xdut.vdpwr.n225                        1.79989
xdut.vdpwr.n224                        1.79989
xdut.vdpwr.n223                        1.79989
xdut.vdpwr.n217                        1.79989
xdut.vdpwr.n229                        1.79989
xdut.vdpwr.n230                        1.79989
xdut.vdpwr.n231                        1.79989
xdut.vdpwr.n209                        1.79989
xdut.vdpwr.n242                        1.79989
xdut.vdpwr.n243                        1.79989
xdut.vdpwr.n244                        1.79989
xdut.vdpwr.n252                        1.79989
xdut.vdpwr.n302                        1.79989
xdut.vdpwr.n301                        1.79989
xdut.vdpwr.n254                        1.79989
xdut.vdpwr.n257                        1.79989
xdut.vdpwr.n289                        1.79989
xdut.vdpwr.n292                        1.79989
xdut.vdpwr.n290                        1.79989
xdut.vdpwr.n267                        1.79989
xdut.vdpwr.n288                        1.79989
xdut.vdpwr.n285                        1.79989
xdut.vdpwr.n287                        1.79989
xdut.vdpwr.n266                        1.79989
xdut.vdpwr.n264                        1.79989
xdut.vdpwr.n277                        1.79989
xdut.vdpwr.n276                        1.79989
xdut.vdpwr.n275                        1.79989
xdut.vdpwr.n269                        1.79989
xdut.vdpwr.n281                        1.79989
xdut.vdpwr.n282                        1.79989
xdut.vdpwr.n283                        1.79989
xdut.vdpwr.n261                        1.79989
xdut.vdpwr.n294                        1.79989
xdut.vdpwr.n295                        1.79989
xdut.vdpwr.n296                        1.79989
xdut.vdpwr.n348                        1.79989
xdut.vdpwr.n350                        1.79989
xdut.vdpwr.n312                        1.79989
xdut.vdpwr.n351                        1.79989
xdut.vdpwr.n355                        1.79989
xdut.vdpwr.n352                        1.79989
xdut.vdpwr.n354                        1.79989
xdut.vdpwr.n303                        1.79989
xdut.vdpwr.n405                        1.79989
xdut.vdpwr.n407                        1.79989
xdut.vdpwr.n307                        1.79989
xdut.vdpwr.n304                        1.79989
xdut.vdpwr.n399                        1.79989
xdut.vdpwr.n370                        1.79989
xdut.vdpwr.n398                        1.79989
xdut.vdpwr.n371                        1.79989
xdut.vdpwr.n373                        1.79989
xdut.vdpwr.n374                        1.79989
xdut.vdpwr.n377                        1.79989
xdut.vdpwr.n378                        1.79989
xdut.vdpwr.n381                        1.79989
xdut.vdpwr.n383                        1.79989
xdut.vdpwr.n397                        1.79989
xdut.vdpwr.n384                        1.79989
xdut.vdpwr.n386                        1.79989
xdut.vdpwr.n387                        1.79989
xdut.vdpwr.n390                        1.79989
xdut.vdpwr.n392                        1.79989
xdut.vdpwr.n393                        1.79989
xdut.vdpwr.n394                        1.79989
xdut.vdpwr.n359                        1.79989
xdut.vdpwr.n401                        1.79989
xdut.vdpwr.n402                        1.79989
xdut.vdpwr.n403                        1.79989
xdut.vdpwr.n358                        1.79989
xdut.vdpwr.n357                        1.79989
xdut.vdpwr.n310                        1.79989
xdut.vdpwr.n346                        1.79989
xdut.vdpwr.n316                        1.79989
xdut.vdpwr.n345                        1.79989
xdut.vdpwr.n344                        1.79989
xdut.vdpwr.n318                        1.79989
xdut.vdpwr.n339                        1.79989
xdut.vdpwr.n338                        1.79989
xdut.vdpwr.n337                        1.79989
xdut.vdpwr.n320                        1.79989
xdut.vdpwr.n332                        1.79989
xdut.vdpwr.n331                        1.79989
xdut.vdpwr.n330                        1.79989
xdut.vdpwr.n323                        1.79989
xdut.vdpwr.n325                        1.79989
xdut.vdpwr.n314                        1.79989
xdut.vdpwr.n454                         1.7999
xdut.vdpwr.n456                         1.7999
xdut.vdpwr.n418                         1.7999
xdut.vdpwr.n457                         1.7999
xdut.vdpwr.n461                         1.7999
xdut.vdpwr.n458                         1.7999
xdut.vdpwr.n460                         1.7999
xdut.vdpwr.n409                         1.7999
xdut.vdpwr.n511                         1.7999
xdut.vdpwr.n513                         1.7999
xdut.vdpwr.n413                         1.7999
xdut.vdpwr.n410                         1.7999
xdut.vdpwr.n505                         1.7999
xdut.vdpwr.n476                         1.7999
xdut.vdpwr.n504                         1.7999
xdut.vdpwr.n477                         1.7999
xdut.vdpwr.n479                         1.7999
xdut.vdpwr.n481                         1.7999
xdut.vdpwr.n503                         1.7999
xdut.vdpwr.n482                         1.7999
xdut.vdpwr.n484                         1.7999
xdut.vdpwr.n485                         1.7999
xdut.vdpwr.n488                         1.7999
xdut.vdpwr.n489                         1.7999
xdut.vdpwr.n492                         1.7999
xdut.vdpwr.n493                         1.7999
xdut.vdpwr.n496                         1.7999
xdut.vdpwr.n498                         1.7999
xdut.vdpwr.n499                         1.7999
xdut.vdpwr.n500                         1.7999
xdut.vdpwr.n465                         1.7999
xdut.vdpwr.n507                         1.7999
xdut.vdpwr.n508                         1.7999
xdut.vdpwr.n509                         1.7999
xdut.vdpwr.n464                         1.7999
xdut.vdpwr.n463                         1.7999
xdut.vdpwr.n416                         1.7999
xdut.vdpwr.n452                         1.7999
xdut.vdpwr.n451                         1.7999
xdut.vdpwr.n450                         1.7999
xdut.vdpwr.n422                         1.7999
xdut.vdpwr.n424                         1.7999
xdut.vdpwr.n426                         1.7999
xdut.vdpwr.n444                         1.7999
xdut.vdpwr.n443                         1.7999
xdut.vdpwr.n442                         1.7999
xdut.vdpwr.n428                         1.7999
xdut.vdpwr.n430                         1.7999
xdut.vdpwr.n436                         1.7999
xdut.vdpwr.n435                         1.7999
xdut.vdpwr.n434                         1.7999
xdut.vdpwr.n420                         1.7999
xdut.vdpwr.n596                         1.7999
xdut.vdpwr.n515                         1.7999
xdut.vdpwr.n605                         1.7999
xdut.vdpwr.n604                         1.7999
xdut.vdpwr.n517                         1.7999
xdut.vdpwr.n520                         1.7999
xdut.vdpwr.n521                         1.7999
xdut.vdpwr.n589                         1.7999
xdut.vdpwr.n592                         1.7999
xdut.vdpwr.n590                         1.7999
xdut.vdpwr.n528                         1.7999
xdut.vdpwr.n588                         1.7999
xdut.vdpwr.n585                         1.7999
xdut.vdpwr.n587                         1.7999
xdut.vdpwr.n532                         1.7999
xdut.vdpwr.n530                         1.7999
xdut.vdpwr.n579                         1.7999
xdut.vdpwr.n577                         1.7999
xdut.vdpwr.n536                         1.7999
xdut.vdpwr.n576                         1.7999
xdut.vdpwr.n573                         1.7999
xdut.vdpwr.n575                         1.7999
xdut.vdpwr.n540                         1.7999
xdut.vdpwr.n538                         1.7999
xdut.vdpwr.n567                         1.7999
xdut.vdpwr.n565                         1.7999
xdut.vdpwr.n544                         1.7999
xdut.vdpwr.n564                         1.7999
xdut.vdpwr.n563                         1.7999
xdut.vdpwr.n546                         1.7999
xdut.vdpwr.n552                         1.7999
xdut.vdpwr.n550                         1.7999
xdut.vdpwr.n557                         1.7999
xdut.vdpwr.n558                         1.7999
xdut.vdpwr.n559                         1.7999
xdut.vdpwr.n542                         1.7999
xdut.vdpwr.n569                         1.7999
xdut.vdpwr.n570                         1.7999
xdut.vdpwr.n571                         1.7999
xdut.vdpwr.n534                         1.7999
xdut.vdpwr.n581                         1.7999
xdut.vdpwr.n582                         1.7999
xdut.vdpwr.n583                         1.7999
xdut.vdpwr.n526                         1.7999
xdut.vdpwr.n594                         1.7999
xdut.vdpwr.n595                         1.7999
xdut.vdpwr.n597                         1.7999
xdut.vdpwr.n687                         1.7999
xdut.vdpwr.n606                         1.7999
xdut.vdpwr.n696                         1.7999
xdut.vdpwr.n695                         1.7999
xdut.vdpwr.n608                         1.7999
xdut.vdpwr.n611                         1.7999
xdut.vdpwr.n612                         1.7999
xdut.vdpwr.n680                         1.7999
xdut.vdpwr.n683                         1.7999
xdut.vdpwr.n681                         1.7999
xdut.vdpwr.n619                         1.7999
xdut.vdpwr.n679                         1.7999
xdut.vdpwr.n676                         1.7999
xdut.vdpwr.n678                         1.7999
xdut.vdpwr.n623                         1.7999
xdut.vdpwr.n621                         1.7999
xdut.vdpwr.n670                         1.7999
xdut.vdpwr.n668                         1.7999
xdut.vdpwr.n627                         1.7999
xdut.vdpwr.n667                         1.7999
xdut.vdpwr.n664                         1.7999
xdut.vdpwr.n666                         1.7999
xdut.vdpwr.n631                         1.7999
xdut.vdpwr.n629                         1.7999
xdut.vdpwr.n658                         1.7999
xdut.vdpwr.n656                         1.7999
xdut.vdpwr.n635                         1.7999
xdut.vdpwr.n655                         1.7999
xdut.vdpwr.n654                         1.7999
xdut.vdpwr.n637                         1.7999
xdut.vdpwr.n643                         1.7999
xdut.vdpwr.n641                         1.7999
xdut.vdpwr.n648                         1.7999
xdut.vdpwr.n649                         1.7999
xdut.vdpwr.n650                         1.7999
xdut.vdpwr.n633                         1.7999
xdut.vdpwr.n660                         1.7999
xdut.vdpwr.n661                         1.7999
xdut.vdpwr.n662                         1.7999
xdut.vdpwr.n625                         1.7999
xdut.vdpwr.n672                         1.7999
xdut.vdpwr.n673                         1.7999
xdut.vdpwr.n674                         1.7999
xdut.vdpwr.n617                         1.7999
xdut.vdpwr.n685                         1.7999
xdut.vdpwr.n686                         1.7999
xdut.vdpwr.n688                         1.7999
xdut.vdpwr.n887                        1.79991
xdut.vdpwr.n889                        1.79991
xdut.vdpwr.n707                        1.79991
xdut.vdpwr.n890                        1.79991
xdut.vdpwr.n894                        1.79991
xdut.vdpwr.n891                        1.79991
xdut.vdpwr.n893                        1.79991
xdut.vdpwr.n698                        1.79991
xdut.vdpwr.n1089                       1.79991
xdut.vdpwr.n1091                       1.79991
xdut.vdpwr.n702                        1.79991
xdut.vdpwr.n699                        1.79991
xdut.vdpwr.n1083                       1.79991
xdut.vdpwr.n941                        1.79991
xdut.vdpwr.n1082                       1.79991
xdut.vdpwr.n942                        1.79991
xdut.vdpwr.n944                        1.79991
xdut.vdpwr.n945                        1.79991
xdut.vdpwr.n948                        1.79991
xdut.vdpwr.n949                        1.79991
xdut.vdpwr.n952                        1.79991
xdut.vdpwr.n953                        1.79991
xdut.vdpwr.n956                        1.79991
xdut.vdpwr.n958                        1.79991
xdut.vdpwr.n1081                       1.79991
xdut.vdpwr.n959                        1.79991
xdut.vdpwr.n961                        1.79991
xdut.vdpwr.n962                        1.79991
xdut.vdpwr.n965                        1.79991
xdut.vdpwr.n967                        1.79991
xdut.vdpwr.n968                        1.79991
xdut.vdpwr.n970                        1.79991
xdut.vdpwr.n971                        1.79991
xdut.vdpwr.n974                        1.79991
xdut.vdpwr.n975                        1.79991
xdut.vdpwr.n978                        1.79991
xdut.vdpwr.n979                        1.79991
xdut.vdpwr.n982                        1.79991
xdut.vdpwr.n983                        1.79991
xdut.vdpwr.n986                        1.79991
xdut.vdpwr.n987                        1.79991
xdut.vdpwr.n990                        1.79991
xdut.vdpwr.n992                        1.79991
xdut.vdpwr.n993                        1.79991
xdut.vdpwr.n995                        1.79991
xdut.vdpwr.n996                        1.79991
xdut.vdpwr.n999                        1.79991
xdut.vdpwr.n1000                       1.79991
xdut.vdpwr.n1003                       1.79991
xdut.vdpwr.n1004                       1.79991
xdut.vdpwr.n1007                       1.79991
xdut.vdpwr.n1008                       1.79991
xdut.vdpwr.n1011                       1.79991
xdut.vdpwr.n1013                       1.79991
xdut.vdpwr.n1014                       1.79991
xdut.vdpwr.n1016                       1.79991
xdut.vdpwr.n1017                       1.79991
xdut.vdpwr.n1020                       1.79991
xdut.vdpwr.n1021                       1.79991
xdut.vdpwr.n1024                       1.79991
xdut.vdpwr.n1025                       1.79991
xdut.vdpwr.n1028                       1.79991
xdut.vdpwr.n1029                       1.79991
xdut.vdpwr.n1032                       1.79991
xdut.vdpwr.n1033                       1.79991
xdut.vdpwr.n1036                       1.79991
xdut.vdpwr.n1037                       1.79991
xdut.vdpwr.n1040                       1.79991
xdut.vdpwr.n1041                       1.79991
xdut.vdpwr.n1044                       1.79991
xdut.vdpwr.n1046                       1.79991
xdut.vdpwr.n1047                       1.79991
xdut.vdpwr.n1049                       1.79991
xdut.vdpwr.n1050                       1.79991
xdut.vdpwr.n1053                       1.79991
xdut.vdpwr.n1054                       1.79991
xdut.vdpwr.n1057                       1.79991
xdut.vdpwr.n1058                       1.79991
xdut.vdpwr.n1061                       1.79991
xdut.vdpwr.n1063                       1.79991
xdut.vdpwr.n1064                       1.79991
xdut.vdpwr.n1066                       1.79991
xdut.vdpwr.n1067                       1.79991
xdut.vdpwr.n1070                       1.79991
xdut.vdpwr.n1071                       1.79991
xdut.vdpwr.n1074                       1.79991
xdut.vdpwr.n1076                       1.79991
xdut.vdpwr.n1077                       1.79991
xdut.vdpwr.n1078                       1.79991
xdut.vdpwr.n898                        1.79991
xdut.vdpwr.n1085                       1.79991
xdut.vdpwr.n1086                       1.79991
xdut.vdpwr.n1087                       1.79991
xdut.vdpwr.n897                        1.79991
xdut.vdpwr.n896                        1.79991
xdut.vdpwr.n705                        1.79991
xdut.vdpwr.n885                        1.79991
xdut.vdpwr.n884                        1.79991
xdut.vdpwr.n883                        1.79991
xdut.vdpwr.n713                        1.79991
xdut.vdpwr.n878                        1.79991
xdut.vdpwr.n711                        1.79991
xdut.vdpwr.n877                        1.79991
xdut.vdpwr.n876                        1.79991
xdut.vdpwr.n716                        1.79991
xdut.vdpwr.n717                        1.79991
xdut.vdpwr.n869                        1.79991
xdut.vdpwr.n868                        1.79991
xdut.vdpwr.n867                        1.79991
xdut.vdpwr.n719                        1.79991
xdut.vdpwr.n720                        1.79991
xdut.vdpwr.n860                        1.79991
xdut.vdpwr.n859                        1.79991
xdut.vdpwr.n858                        1.79991
xdut.vdpwr.n722                        1.79991
xdut.vdpwr.n853                        1.79991
xdut.vdpwr.n852                        1.79991
xdut.vdpwr.n851                        1.79991
xdut.vdpwr.n725                        1.79991
xdut.vdpwr.n846                        1.79991
xdut.vdpwr.n845                        1.79991
xdut.vdpwr.n844                        1.79991
xdut.vdpwr.n727                        1.79991
xdut.vdpwr.n839                        1.79991
xdut.vdpwr.n838                        1.79991
xdut.vdpwr.n837                        1.79991
xdut.vdpwr.n730                        1.79991
xdut.vdpwr.n732                        1.79991
xdut.vdpwr.n831                        1.79991
xdut.vdpwr.n830                        1.79991
xdut.vdpwr.n829                        1.79991
xdut.vdpwr.n734                        1.79991
xdut.vdpwr.n735                        1.79991
xdut.vdpwr.n822                        1.79991
xdut.vdpwr.n821                        1.79991
xdut.vdpwr.n820                        1.79991
xdut.vdpwr.n737                        1.79991
xdut.vdpwr.n815                        1.79991
xdut.vdpwr.n814                        1.79991
xdut.vdpwr.n813                        1.79991
xdut.vdpwr.n740                        1.79991
xdut.vdpwr.n742                        1.79991
xdut.vdpwr.n807                        1.79991
xdut.vdpwr.n806                        1.79991
xdut.vdpwr.n805                        1.79991
xdut.vdpwr.n744                        1.79991
xdut.vdpwr.n800                        1.79991
xdut.vdpwr.n799                        1.79991
xdut.vdpwr.n798                        1.79991
xdut.vdpwr.n747                        1.79991
xdut.vdpwr.n793                        1.79991
xdut.vdpwr.n792                        1.79991
xdut.vdpwr.n791                        1.79991
xdut.vdpwr.n750                        1.79991
xdut.vdpwr.n786                        1.79991
xdut.vdpwr.n785                        1.79991
xdut.vdpwr.n784                        1.79991
xdut.vdpwr.n753                        1.79991
xdut.vdpwr.n755                        1.79991
xdut.vdpwr.n778                        1.79991
xdut.vdpwr.n777                        1.79991
xdut.vdpwr.n776                        1.79991
xdut.vdpwr.n757                        1.79991
xdut.vdpwr.n758                        1.79991
xdut.vdpwr.n769                        1.79991
xdut.vdpwr.n768                        1.79991
xdut.vdpwr.n767                        1.79991
xdut.vdpwr.n760                        1.79991
xdut.vdpwr.n762                        1.79991
xdut.vdpwr.n709                        1.79991
xdut.vdpwr.n36                         1.79989
xdut.vdpwr.n34                         1.79989
xdut.vdpwr.n43                         1.79989
xdut.vdpwr.n29                         1.79989
xdut.vdpwr.n15                         1.79989
xdut.vdpwr.n16                         1.79989
xdut.vdpwr.n84                         1.79989
xdut.vdpwr.n82                         1.79989
xdut.vdpwr.n91                         1.79989
xdut.vdpwr.n77                         1.79989
xdut.vdpwr.n63                         1.79989
xdut.vdpwr.n64                         1.79989
xdut.vdpwr.n131                        1.79989
xdut.vdpwr.n129                        1.79989
xdut.vdpwr.n138                        1.79989
xdut.vdpwr.n124                        1.79989
xdut.vdpwr.n110                        1.79989
xdut.vdpwr.n111                        1.79989
xdut.vdpwr.n151                        1.79989
xdut.vdpwr.n169                        1.79989
xdut.vdpwr.n203                        1.79989
xdut.vdpwr.n221                        1.79989
xdut.vdpwr.n255                        1.79989
xdut.vdpwr.n273                        1.79989
xdut.vdpwr.n366                        1.79989
xdut.vdpwr.n365                        1.79989
xdut.vdpwr.n367                        1.79989
xdut.vdpwr.n364                        1.79989
xdut.vdpwr.n363                        1.79989
xdut.vdpwr.n396                        1.79989
xdut.vdpwr.n342                        1.79989
xdut.vdpwr.n321                        1.79989
xdut.vdpwr.n334                        1.79989
xdut.vdpwr.n324                        1.79989
xdut.vdpwr.n326                        1.79989
xdut.vdpwr.n472                         1.7999
xdut.vdpwr.n471                         1.7999
xdut.vdpwr.n470                         1.7999
xdut.vdpwr.n469                         1.7999
xdut.vdpwr.n474                         1.7999
xdut.vdpwr.n502                         1.7999
xdut.vdpwr.n425                         1.7999
xdut.vdpwr.n446                         1.7999
xdut.vdpwr.n429                         1.7999
xdut.vdpwr.n438                         1.7999
xdut.vdpwr.n432                         1.7999
xdut.vdpwr.n523                         1.7999
xdut.vdpwr.n602                         1.7999
xdut.vdpwr.n551                         1.7999
xdut.vdpwr.n555                         1.7999
xdut.vdpwr.n614                         1.7999
xdut.vdpwr.n693                         1.7999
xdut.vdpwr.n642                         1.7999
xdut.vdpwr.n646                         1.7999
xdut.vdpwr.n921                        1.79991
xdut.vdpwr.n922                        1.79991
xdut.vdpwr.n920                        1.79991
xdut.vdpwr.n919                        1.79991
xdut.vdpwr.n917                        1.79991
xdut.vdpwr.n923                        1.79991
xdut.vdpwr.n916                        1.79991
xdut.vdpwr.n925                        1.79991
xdut.vdpwr.n915                        1.79991
xdut.vdpwr.n914                        1.79991
xdut.vdpwr.n926                        1.79991
xdut.vdpwr.n913                        1.79991
xdut.vdpwr.n927                        1.79991
xdut.vdpwr.n928                        1.79991
xdut.vdpwr.n929                        1.79991
xdut.vdpwr.n930                        1.79991
xdut.vdpwr.n931                        1.79991
xdut.vdpwr.n933                        1.79991
xdut.vdpwr.n911                        1.79991
xdut.vdpwr.n910                        1.79991
xdut.vdpwr.n934                        1.79991
xdut.vdpwr.n909                        1.79991
xdut.vdpwr.n908                        1.79991
xdut.vdpwr.n907                        1.79991
xdut.vdpwr.n906                        1.79991
xdut.vdpwr.n935                        1.79991
xdut.vdpwr.n904                        1.79991
xdut.vdpwr.n936                        1.79991
xdut.vdpwr.n937                        1.79991
xdut.vdpwr.n939                        1.79991
xdut.vdpwr.n903                        1.79991
xdut.vdpwr.n902                        1.79991
xdut.vdpwr.n1080                       1.79991
xdut.vdpwr.n714                        1.79991
xdut.vdpwr.n880                        1.79991
xdut.vdpwr.n874                        1.79991
xdut.vdpwr.n871                        1.79991
xdut.vdpwr.n865                        1.79991
xdut.vdpwr.n862                        1.79991
xdut.vdpwr.n723                        1.79991
xdut.vdpwr.n855                        1.79991
xdut.vdpwr.n849                        1.79991
xdut.vdpwr.n728                        1.79991
xdut.vdpwr.n841                        1.79991
xdut.vdpwr.n731                        1.79991
xdut.vdpwr.n833                        1.79991
xdut.vdpwr.n827                        1.79991
xdut.vdpwr.n824                        1.79991
xdut.vdpwr.n738                        1.79991
xdut.vdpwr.n817                        1.79991
xdut.vdpwr.n741                        1.79991
xdut.vdpwr.n809                        1.79991
xdut.vdpwr.n745                        1.79991
xdut.vdpwr.n802                        1.79991
xdut.vdpwr.n748                        1.79991
xdut.vdpwr.n795                        1.79991
xdut.vdpwr.n751                        1.79991
xdut.vdpwr.n788                        1.79991
xdut.vdpwr.n754                        1.79991
xdut.vdpwr.n780                        1.79991
xdut.vdpwr.n774                        1.79991
xdut.vdpwr.n771                        1.79991
xdut.vdpwr.n761                        1.79991
xdut.vdpwr.n763                        1.79991
xdut.vdpwr.n0                          1.79989
xdut.vdpwr.n1                           1.7999
xdut.vdpwr.n1092                       1.79991
xdut.vdpwr.n408                        1.79989
xdut.vdpwr.n514                         1.7999
xdut.vdpwr.n697                         1.7999
xdut.vdpwr.n52                         1.79989
xdut.vdpwr.n100                        1.79989
xdut.vdpwr.n147                        1.79989
xdut.vdpwr.n199                        1.79989
xdut.vdpwr.n251                        1.79989
xdut.vdpwr.n2                          1.79998
xdut.vgnd.n923                     0.000249522
xdut.vgnd.n419                     0.000222911
xdut.vgnd.n723                     0.000222816
xdut.vgnd.n26                      0.000197389
xdut.vgnd.n2049                    8.23273e-05
xdut.vgnd.n17                      8.20858e-05
xdut.vgnd.n2030                    8.11624e-05
xdut.vgnd.n16                      8.17981e-05
xdut.vgnd.n2047                    8.29098e-05
xdut.vgnd.n2024                    8.22768e-05
xdut.vgnd.n2035                    8.13533e-05
xdut.vgnd.n2023                    8.23806e-05
xdut.vgnd.n1909                    0.000101168
xdut.vgnd.n1908                    0.000101002
xdut.vgnd.n1891                    0.000101002
xdut.vgnd.n1883                    0.000101168
xdut.vgnd.n1904                    0.000101045
xdut.vgnd.n1886                    0.000101301
xdut.vgnd.n1898                    0.000101301
xdut.vgnd.n1897                    0.000101045
xdut.vgnd.n1940                    0.000119561
xdut.vgnd.n1939                    0.000119509
xdut.vgnd.n1922                    0.000119509
xdut.vgnd.n1914                    0.000119561
xdut.vgnd.n1935                    0.000119523
xdut.vgnd.n1917                    0.000119602
xdut.vgnd.n1929                    0.000119602
xdut.vgnd.n1928                    0.000119523
xdut.vgnd.n1972                    0.000138431
xdut.vgnd.n1971                    0.000138425
xdut.vgnd.n1957                    0.000138423
xdut.vgnd.n1945                    0.000138429
xdut.vgnd.n1967                    0.000138426
xdut.vgnd.n1948                    0.000138436
xdut.vgnd.n1961                    0.000138434
xdut.vgnd.n1950                    0.000138425
xdut.vgnd.n2004                     0.00015739
xdut.vgnd.n2003                    0.000157408
xdut.vgnd.n1986                    0.000157408
xdut.vgnd.n1978                     0.00015739
xdut.vgnd.n1999                    0.000157403
xdut.vgnd.n1981                    0.000157376
xdut.vgnd.n1993                    0.000157376
xdut.vgnd.n1992                    0.000157403
xdut.vgnd.n2011                    0.000177517
xdut.vgnd.n27                      0.000177282
xdut.vgnd.n44                      0.000177282
xdut.vgnd.n43                      0.000177517
xdut.vgnd.n2019                    0.000177095
xdut.vgnd.n30                      0.000177455
xdut.vgnd.n35                      0.000177455
xdut.vgnd.n29                      0.000177095
xdut.vgnd.n1878                    0.000226762
xdut.vgnd.n49                      0.000226696
xdut.vgnd.n1429                    0.000226924
xdut.vgnd.n48                      0.000226799
xdut.vgnd.n1876                    0.000226855
xdut.vgnd.n52                      0.000226761
xdut.vgnd.n1628                    0.000226989
xdut.vgnd.n51                      0.000226892
xdut.vgnd.n1188                    0.000229383
xdut.vgnd.n87                       0.00022946
xdut.vgnd.n1187                    0.000229517
xdut.vgnd.n116                     0.000230276
xdut.vgnd.n1375                    0.000230374
xdut.vgnd.n114                     0.000230689
xdut.vgnd.n1185                    0.000230823
xdut.vgnd.n933                      0.00023119
xdut.vgnd.n297                     0.000233531
xdut.vgnd.n296                     0.000232274
xdut.vgnd.n295                     0.000232101
xdut.vgnd.n154                     0.000232479
xdut.vgnd.n393                     0.000235333
xdut.vgnd.n151                     0.000234843
xdut.vgnd.n293                     0.000234669
xdut.vgnd.n158                     0.000234281
xdut.vgnd.n586                     0.000251941
xdut.vgnd.n439                     0.000252236
xdut.vgnd.n815                     0.000251664
xdut.vgnd.n814                     0.000252086
xdut.vgnd.n925                     0.000249215
xdut.vgnd.n399                     0.000248488
xdut.vgnd.n589                     0.000249493
xdut.vgnd.n441                     0.000248637
xdut.vgnd.n775                     0.000223722
xdut.vgnd.n657                     0.000223749
xdut.vgnd.n644                     0.000223528
xdut.vgnd.n609                     0.000223361
xdut.vgnd.n796                     0.000223633
xdut.vgnd.n655                     0.000223602
xdut.vgnd.n642                      0.00022338
xdut.vgnd.n611                     0.000223273
xdut.vgnd.n700                     0.000223118
xdut.vgnd.n684                     0.000223342
xdut.vgnd.n741                     0.000223635
xdut.vgnd.n740                      0.00022366
xdut.vgnd.n725                     0.000223152
xdut.vgnd.n683                     0.000223003
xdut.vgnd.n765                      0.00022352
xdut.vgnd.n667                     0.000223469
xdut.vgnd.n50                      0.000226693
xdut.vgnd.n2027                    8.15646e-05
xdut.vgnd.n2026                    8.32219e-05
xdut.vgnd.n1906                    0.000101145
xdut.vgnd.n19                       0.00010178
xdut.vgnd.n1888                    0.000101145
xdut.vgnd.n18                       0.00010178
xdut.vgnd.n1937                    0.000119554
xdut.vgnd.n21                      0.000119751
xdut.vgnd.n1919                    0.000119554
xdut.vgnd.n20                      0.000119751
xdut.vgnd.n1969                     0.00013843
xdut.vgnd.n22                      0.000138456
xdut.vgnd.n1960                    0.000138449
xdut.vgnd.n1959                    0.000138428
xdut.vgnd.n2001                    0.000157393
xdut.vgnd.n24                      0.000157327
xdut.vgnd.n1983                    0.000157393
xdut.vgnd.n23                      0.000157327
xdut.vgnd.n2020                    0.000176422
xdut.vgnd.n28                      0.000177314
xdut.vgnd.n41                      0.000177314
xdut.vgnd.n25                      0.000176422
xdut.vgnd.n2022                     8.7722e-05
xdut.vgnd.n798                      0.00022366
xdut.vgnd.n766                     0.000223565
xdut.vgnd.n2021                    0.000138472
xdut.vgnd.n440                     0.000248508
xdut.vgnd.n584                     0.000256208
xdut.vgnd.n595                     0.000252165
xdut.vgnd.n594                     0.000247342
xdut.vgnd.n438                     0.000257054
xdut.vgnd.n596                     0.000252052
xdut.vgnd.n811                     0.000258114
xdut.vgnd.n930                     0.000247168
xdut.vgnd.n396                     0.000252078
xdut.vgnd.n812                     0.000257015
xdut.vgnd.n397                     0.000248255
xdut.vgnd.n813                     0.000256132
xdut.vgnd.n816                     0.000253952
xdut.vgnd.n818                     0.000251429
xdut.vgnd.n817                     0.000253346
xdut.vgnd.n820                     0.000252824
xdut.vgnd.n819                     0.000251188
xdut.vgnd.n822                     0.000252373
xdut.vgnd.n821                     0.000250967
xdut.vgnd.n416                     0.000250772
xdut.vgnd.n823                     0.000251985
xdut.vgnd.n825                     0.000251649
xdut.vgnd.n824                     0.000250602
xdut.vgnd.n827                     0.000250455
xdut.vgnd.n826                     0.000251359
xdut.vgnd.n829                     0.000251108
xdut.vgnd.n828                     0.000250328
xdut.vgnd.n831                     0.000250892
xdut.vgnd.n830                     0.000250218
xdut.vgnd.n422                     0.000250123
xdut.vgnd.n832                     0.000250705
xdut.vgnd.n834                     0.000250544
xdut.vgnd.n833                     0.000250041
xdut.vgnd.n836                     0.000249971
xdut.vgnd.n835                     0.000250404
xdut.vgnd.n838                     0.000250284
xdut.vgnd.n837                     0.000249909
xdut.vgnd.n840                     0.000249857
xdut.vgnd.n839                      0.00025018
xdut.vgnd.n842                      0.00025009
xdut.vgnd.n841                     0.000249811
xdut.vgnd.n844                     0.000250013
xdut.vgnd.n843                     0.000249771
xdut.vgnd.n412                     0.000249737
xdut.vgnd.n845                     0.000249946
xdut.vgnd.n847                     0.000249888
xdut.vgnd.n846                     0.000249708
xdut.vgnd.n849                     0.000249683
xdut.vgnd.n848                     0.000249838
xdut.vgnd.n851                     0.000249794
xdut.vgnd.n850                     0.000249661
xdut.vgnd.n853                     0.000249642
xdut.vgnd.n852                     0.000249757
xdut.vgnd.n855                     0.000249725
xdut.vgnd.n854                     0.000249625
xdut.vgnd.n857                     0.000249611
xdut.vgnd.n856                     0.000249696
xdut.vgnd.n859                     0.000249672
xdut.vgnd.n858                     0.000249598
xdut.vgnd.n861                     0.000249651
xdut.vgnd.n860                     0.000249588
xdut.vgnd.n425                     0.000249579
xdut.vgnd.n862                     0.000249633
xdut.vgnd.n864                     0.000249617
xdut.vgnd.n863                      0.00024957
xdut.vgnd.n866                     0.000249603
xdut.vgnd.n865                     0.000249563
xdut.vgnd.n408                     0.000249557
xdut.vgnd.n867                     0.000249591
xdut.vgnd.n869                      0.00024958
xdut.vgnd.n868                     0.000249552
xdut.vgnd.n871                     0.000249547
xdut.vgnd.n870                     0.000249571
xdut.vgnd.n873                     0.000249563
xdut.vgnd.n872                     0.000249543
xdut.vgnd.n875                     0.000249539
xdut.vgnd.n874                     0.000249555
xdut.vgnd.n877                     0.000249548
xdut.vgnd.n876                     0.000249536
xdut.vgnd.n879                     0.000249532
xdut.vgnd.n878                     0.000249542
xdut.vgnd.n881                     0.000249536
xdut.vgnd.n880                     0.000249529
xdut.vgnd.n883                     0.000249527
xdut.vgnd.n882                     0.000249531
xdut.vgnd.n885                     0.000249526
xdut.vgnd.n884                     0.000249524
xdut.vgnd.n887                     0.000249521
xdut.vgnd.n886                      0.00024952
xdut.vgnd.n889                     0.000249515
xdut.vgnd.n888                     0.000249519
xdut.vgnd.n891                     0.000249516
xdut.vgnd.n890                      0.00024951
xdut.vgnd.n893                     0.000249504
xdut.vgnd.n892                     0.000249513
xdut.vgnd.n895                      0.00024951
xdut.vgnd.n894                     0.000249498
xdut.vgnd.n897                     0.000249491
xdut.vgnd.n896                     0.000249506
xdut.vgnd.n899                     0.000249503
xdut.vgnd.n898                     0.000249484
xdut.vgnd.n901                     0.000249476
xdut.vgnd.n900                     0.000249499
xdut.vgnd.n903                     0.000249494
xdut.vgnd.n902                     0.000249467
xdut.vgnd.n905                     0.000249456
xdut.vgnd.n904                     0.000249489
xdut.vgnd.n907                     0.000249444
xdut.vgnd.n906                     0.000249483
xdut.vgnd.n433                     0.000249476
xdut.vgnd.n908                     0.000249431
xdut.vgnd.n910                     0.000249416
xdut.vgnd.n909                     0.000249468
xdut.vgnd.n912                     0.000249459
xdut.vgnd.n911                     0.000249398
xdut.vgnd.n914                     0.000249378
xdut.vgnd.n913                     0.000249449
xdut.vgnd.n916                     0.000249437
xdut.vgnd.n915                     0.000249354
xdut.vgnd.n918                     0.000249327
xdut.vgnd.n917                     0.000249423
xdut.vgnd.n919                     0.000249296
xdut.vgnd.n436                     0.000249406
xdut.vgnd.n921                     0.000249385
xdut.vgnd.n920                      0.00024926
xdut.vgnd.n437                     0.000249218
xdut.vgnd.n435                     0.000249357
xdut.vgnd.n402                      0.00024931
xdut.vgnd.n401                      0.00024917
xdut.vgnd.n926                     0.000249116
xdut.vgnd.n927                     0.000248937
xdut.vgnd.n929                     0.000248106
xdut.vgnd.n928                     0.000248898
xdut.vgnd.n398                     0.000247824
xdut.vgnd.n400                     0.000248895
xdut.vgnd.n593                     0.000248194
xdut.vgnd.n592                     0.000248938
xdut.vgnd.n591                     0.000249013
xdut.vgnd.n588                     0.000249923
xdut.vgnd.n590                     0.000249298
xdut.vgnd.n443                     0.000249611
xdut.vgnd.n442                     0.000249381
xdut.vgnd.n477                     0.000249673
xdut.vgnd.n476                     0.000249455
xdut.vgnd.n479                     0.000249519
xdut.vgnd.n478                     0.000249714
xdut.vgnd.n481                     0.000249574
xdut.vgnd.n480                     0.000249745
xdut.vgnd.n446                      0.00024977
xdut.vgnd.n482                     0.000249622
xdut.vgnd.n484                     0.000249664
xdut.vgnd.n483                     0.000249791
xdut.vgnd.n486                     0.000249809
xdut.vgnd.n485                     0.000249699
xdut.vgnd.n488                     0.000249731
xdut.vgnd.n487                     0.000249825
xdut.vgnd.n490                     0.000249758
xdut.vgnd.n489                     0.000249839
xdut.vgnd.n449                     0.000249851
xdut.vgnd.n491                     0.000249781
xdut.vgnd.n493                     0.000249801
xdut.vgnd.n492                     0.000249861
xdut.vgnd.n495                      0.00024987
xdut.vgnd.n494                     0.000249819
xdut.vgnd.n497                     0.000249834
xdut.vgnd.n496                     0.000249878
xdut.vgnd.n499                     0.000249885
xdut.vgnd.n498                     0.000249848
xdut.vgnd.n501                      0.00024986
xdut.vgnd.n500                     0.000249891
xdut.vgnd.n503                     0.000249896
xdut.vgnd.n502                     0.000249871
xdut.vgnd.n505                      0.00024988
xdut.vgnd.n504                     0.000249901
xdut.vgnd.n507                     0.000249906
xdut.vgnd.n506                     0.000249889
xdut.vgnd.n509                     0.000249896
xdut.vgnd.n508                      0.00024991
xdut.vgnd.n511                     0.000249913
xdut.vgnd.n510                     0.000249903
xdut.vgnd.n513                      0.00024991
xdut.vgnd.n512                     0.000249917
xdut.vgnd.n515                      0.00024992
xdut.vgnd.n514                     0.000249917
xdut.vgnd.n517                     0.000249923
xdut.vgnd.n516                     0.000249923
xdut.vgnd.n519                     0.000249926
xdut.vgnd.n518                     0.000249929
xdut.vgnd.n521                     0.000249936
xdut.vgnd.n520                      0.00024993
xdut.vgnd.n523                     0.000249933
xdut.vgnd.n522                     0.000249943
xdut.vgnd.n525                      0.00024995
xdut.vgnd.n524                     0.000249937
xdut.vgnd.n527                     0.000249941
xdut.vgnd.n526                     0.000249958
xdut.vgnd.n529                     0.000249966
xdut.vgnd.n528                     0.000249945
xdut.vgnd.n531                      0.00024995
xdut.vgnd.n530                     0.000249975
xdut.vgnd.n533                     0.000249986
xdut.vgnd.n532                     0.000249955
xdut.vgnd.n535                     0.000249961
xdut.vgnd.n534                     0.000249998
xdut.vgnd.n537                     0.000250011
xdut.vgnd.n536                     0.000249968
xdut.vgnd.n539                     0.000249976
xdut.vgnd.n538                     0.000250027
xdut.vgnd.n541                     0.000250044
xdut.vgnd.n540                     0.000249985
xdut.vgnd.n543                     0.000250064
xdut.vgnd.n542                     0.000249995
xdut.vgnd.n463                     0.000250007
xdut.vgnd.n544                     0.000250088
xdut.vgnd.n546                     0.000250114
xdut.vgnd.n545                      0.00025002
xdut.vgnd.n548                     0.000250036
xdut.vgnd.n547                     0.000250145
xdut.vgnd.n550                     0.000250181
xdut.vgnd.n549                     0.000250054
xdut.vgnd.n552                     0.000250075
xdut.vgnd.n551                     0.000250222
xdut.vgnd.n554                      0.00025027
xdut.vgnd.n553                     0.000250099
xdut.vgnd.n556                     0.000250127
xdut.vgnd.n555                     0.000250325
xdut.vgnd.n558                     0.000250389
xdut.vgnd.n557                      0.00025016
xdut.vgnd.n560                     0.000250463
xdut.vgnd.n559                     0.000250197
xdut.vgnd.n468                     0.000250241
xdut.vgnd.n561                     0.000250548
xdut.vgnd.n563                     0.000250647
xdut.vgnd.n562                     0.000250291
xdut.vgnd.n565                     0.000250349
xdut.vgnd.n564                     0.000250761
xdut.vgnd.n567                     0.000250894
xdut.vgnd.n566                     0.000250416
xdut.vgnd.n569                     0.000250494
xdut.vgnd.n568                     0.000251047
xdut.vgnd.n571                     0.000251225
xdut.vgnd.n570                     0.000250585
xdut.vgnd.n573                     0.000250689
xdut.vgnd.n572                      0.00025143
xdut.vgnd.n575                     0.000251668
xdut.vgnd.n574                      0.00025081
xdut.vgnd.n577                     0.000251944
xdut.vgnd.n576                     0.000250949
xdut.vgnd.n473                     0.000251111
xdut.vgnd.n578                     0.000252263
xdut.vgnd.n580                     0.000252633
xdut.vgnd.n579                     0.000251296
xdut.vgnd.n582                     0.000253061
xdut.vgnd.n581                     0.000251504
xdut.vgnd.n583                     0.000253557
xdut.vgnd.n475                      0.00025173
xdut.vgnd.n585                     0.000254133
xdut.vgnd.n55                      0.000230574
xdut.vgnd.n115                     0.000230746
xdut.vgnd.n1186                    0.000230869
xdut.vgnd.n1184                    0.000230811
xdut.vgnd.n932                     0.000231441
xdut.vgnd.n1183                    0.000231023
xdut.vgnd.n1182                    0.000231079
xdut.vgnd.n1181                    0.000231245
xdut.vgnd.n1179                    0.000231278
xdut.vgnd.n934                     0.000231128
xdut.vgnd.n1178                    0.000231302
xdut.vgnd.n935                     0.000231171
xdut.vgnd.n1176                    0.000231322
xdut.vgnd.n1175                    0.000231208
xdut.vgnd.n1174                    0.000231239
xdut.vgnd.n936                     0.000231339
xdut.vgnd.n1173                    0.000231267
xdut.vgnd.n1172                    0.000231353
xdut.vgnd.n1171                    0.000231365
xdut.vgnd.n937                     0.000231291
xdut.vgnd.n1169                    0.000231375
xdut.vgnd.n1168                    0.000231311
xdut.vgnd.n1167                    0.000231329
xdut.vgnd.n939                     0.000231384
xdut.vgnd.n1166                    0.000231344
xdut.vgnd.n1165                    0.000231392
xdut.vgnd.n1164                    0.000231399
xdut.vgnd.n940                     0.000231358
xdut.vgnd.n1162                    0.000231405
xdut.vgnd.n1161                    0.000231369
xdut.vgnd.n1160                    0.000231379
xdut.vgnd.n942                      0.00023141
xdut.vgnd.n1159                    0.000231387
xdut.vgnd.n1158                    0.000231414
xdut.vgnd.n1157                    0.000231418
xdut.vgnd.n943                     0.000231395
xdut.vgnd.n1155                    0.000231421
xdut.vgnd.n1154                    0.000231401
xdut.vgnd.n1153                    0.000231407
xdut.vgnd.n945                     0.000231424
xdut.vgnd.n1152                    0.000231411
xdut.vgnd.n1151                    0.000231426
xdut.vgnd.n1150                    0.000231428
xdut.vgnd.n946                     0.000231415
xdut.vgnd.n1148                     0.00023143
xdut.vgnd.n1147                    0.000231419
xdut.vgnd.n1146                    0.000231422
xdut.vgnd.n948                     0.000231431
xdut.vgnd.n1145                    0.000231425
xdut.vgnd.n1144                    0.000231433
xdut.vgnd.n1143                    0.000231434
xdut.vgnd.n949                     0.000231427
xdut.vgnd.n1141                    0.000231435
xdut.vgnd.n1140                    0.000231429
xdut.vgnd.n1139                     0.00023143
xdut.vgnd.n951                     0.000231436
xdut.vgnd.n1138                    0.000231432
xdut.vgnd.n1137                    0.000231437
xdut.vgnd.n1136                    0.000231437
xdut.vgnd.n952                     0.000231433
xdut.vgnd.n1134                    0.000231438
xdut.vgnd.n1133                    0.000231434
xdut.vgnd.n1132                    0.000231435
xdut.vgnd.n954                     0.000231438
xdut.vgnd.n1131                    0.000231436
xdut.vgnd.n1130                    0.000231439
xdut.vgnd.n1129                    0.000231439
xdut.vgnd.n955                     0.000231437
xdut.vgnd.n1127                    0.000231439
xdut.vgnd.n1126                    0.000231437
xdut.vgnd.n1125                    0.000231438
xdut.vgnd.n957                      0.00023144
xdut.vgnd.n1124                    0.000231438
xdut.vgnd.n1123                     0.00023144
xdut.vgnd.n1122                     0.00023144
xdut.vgnd.n958                     0.000231439
xdut.vgnd.n1120                     0.00023144
xdut.vgnd.n1119                    0.000231439
xdut.vgnd.n1118                    0.000231439
xdut.vgnd.n960                      0.00023144
xdut.vgnd.n1117                    0.000231439
xdut.vgnd.n1116                     0.00023144
xdut.vgnd.n1115                     0.00023144
xdut.vgnd.n961                      0.00023144
xdut.vgnd.n1113                    0.000231441
xdut.vgnd.n1112                     0.00023144
xdut.vgnd.n1111                     0.00023144
xdut.vgnd.n963                     0.000231441
xdut.vgnd.n1110                     0.00023144
xdut.vgnd.n1109                    0.000231441
xdut.vgnd.n1108                    0.000231441
xdut.vgnd.n964                      0.00023144
xdut.vgnd.n1106                    0.000231441
xdut.vgnd.n1105                     0.00023144
xdut.vgnd.n1104                     0.00023144
xdut.vgnd.n966                     0.000231441
xdut.vgnd.n1103                     0.00023144
xdut.vgnd.n1102                    0.000231441
xdut.vgnd.n1101                    0.000231441
xdut.vgnd.n967                      0.00023144
xdut.vgnd.n1099                    0.000231441
xdut.vgnd.n1098                     0.00023144
xdut.vgnd.n1097                     0.00023144
xdut.vgnd.n969                      0.00023144
xdut.vgnd.n1096                     0.00023144
xdut.vgnd.n1095                     0.00023144
xdut.vgnd.n1094                     0.00023144
xdut.vgnd.n970                     0.000231439
xdut.vgnd.n1092                     0.00023144
xdut.vgnd.n1091                    0.000231439
xdut.vgnd.n1090                    0.000231439
xdut.vgnd.n972                      0.00023144
xdut.vgnd.n1089                    0.000231438
xdut.vgnd.n1088                     0.00023144
xdut.vgnd.n1087                     0.00023144
xdut.vgnd.n973                     0.000231438
xdut.vgnd.n1085                    0.000231439
xdut.vgnd.n1084                    0.000231438
xdut.vgnd.n1083                    0.000231437
xdut.vgnd.n975                     0.000231439
xdut.vgnd.n1082                    0.000231436
xdut.vgnd.n1081                    0.000231439
xdut.vgnd.n1080                    0.000231438
xdut.vgnd.n976                     0.000231436
xdut.vgnd.n1078                    0.000231438
xdut.vgnd.n1077                    0.000231435
xdut.vgnd.n1076                    0.000231434
xdut.vgnd.n978                     0.000231438
xdut.vgnd.n1075                    0.000231433
xdut.vgnd.n1074                    0.000231437
xdut.vgnd.n1073                    0.000231436
xdut.vgnd.n979                     0.000231431
xdut.vgnd.n1071                    0.000231435
xdut.vgnd.n1070                     0.00023143
xdut.vgnd.n1069                    0.000231428
xdut.vgnd.n981                     0.000231435
xdut.vgnd.n1068                    0.000231426
xdut.vgnd.n1067                    0.000231433
xdut.vgnd.n1066                    0.000231432
xdut.vgnd.n982                     0.000231423
xdut.vgnd.n1064                    0.000231431
xdut.vgnd.n1063                    0.000231421
xdut.vgnd.n1062                    0.000231417
xdut.vgnd.n984                     0.000231429
xdut.vgnd.n1061                    0.000231414
xdut.vgnd.n1060                    0.000231427
xdut.vgnd.n1059                    0.000231425
xdut.vgnd.n985                     0.000231409
xdut.vgnd.n1057                    0.000231422
xdut.vgnd.n1056                    0.000231404
xdut.vgnd.n1055                    0.000231398
xdut.vgnd.n987                     0.000231419
xdut.vgnd.n1054                    0.000231392
xdut.vgnd.n1053                    0.000231416
xdut.vgnd.n1052                    0.000231412
xdut.vgnd.n988                     0.000231384
xdut.vgnd.n1050                    0.000231407
xdut.vgnd.n1049                    0.000231375
xdut.vgnd.n1048                    0.000231364
xdut.vgnd.n990                     0.000231402
xdut.vgnd.n1047                    0.000231352
xdut.vgnd.n1046                    0.000231396
xdut.vgnd.n1045                    0.000231389
xdut.vgnd.n991                     0.000231338
xdut.vgnd.n1043                     0.00023138
xdut.vgnd.n1042                    0.000231322
xdut.vgnd.n1041                    0.000231303
xdut.vgnd.n993                     0.000231371
xdut.vgnd.n1040                    0.000231281
xdut.vgnd.n1039                     0.00023136
xdut.vgnd.n1038                    0.000231347
xdut.vgnd.n994                     0.000231255
xdut.vgnd.n1036                    0.000231332
xdut.vgnd.n1035                    0.000231226
xdut.vgnd.n1034                    0.000231192
xdut.vgnd.n996                     0.000231315
xdut.vgnd.n1033                    0.000231153
xdut.vgnd.n1032                    0.000231295
xdut.vgnd.n1031                    0.000231272
xdut.vgnd.n997                     0.000231107
xdut.vgnd.n1029                    0.000231245
xdut.vgnd.n1028                    0.000231054
xdut.vgnd.n1027                    0.000230993
xdut.vgnd.n999                     0.000231214
xdut.vgnd.n1026                    0.000230923
xdut.vgnd.n1025                    0.000231178
xdut.vgnd.n1024                    0.000231136
xdut.vgnd.n1000                    0.000230841
xdut.vgnd.n1022                    0.000231088
xdut.vgnd.n1021                    0.000230746
xdut.vgnd.n1020                    0.000230636
xdut.vgnd.n1002                    0.000231032
xdut.vgnd.n1019                    0.000230509
xdut.vgnd.n1018                    0.000230968
xdut.vgnd.n1017                    0.000230893
xdut.vgnd.n1003                    0.000230362
xdut.vgnd.n1015                    0.000230806
xdut.vgnd.n1014                    0.000230192
xdut.vgnd.n1013                    0.000229994
xdut.vgnd.n1005                    0.000230705
xdut.vgnd.n1012                    0.000229766
xdut.vgnd.n1011                    0.000230587
xdut.vgnd.n1010                    0.000230448
xdut.vgnd.n1007                    0.000229502
xdut.vgnd.n1006                    0.000229196
xdut.vgnd.n117                     0.000228023
xdut.vgnd.n1189                    0.000227959
xdut.vgnd.n1377                    0.000230138
xdut.vgnd.n1190                    0.000228715
xdut.vgnd.n1192                    0.000228909
xdut.vgnd.n1191                    0.000229528
xdut.vgnd.n1194                    0.000229077
xdut.vgnd.n1193                    0.000229604
xdut.vgnd.n85                      0.000229674
xdut.vgnd.n1195                    0.000229222
xdut.vgnd.n1197                    0.000229347
xdut.vgnd.n1196                    0.000229736
xdut.vgnd.n1199                    0.000229791
xdut.vgnd.n1198                    0.000229455
xdut.vgnd.n1201                    0.000229548
xdut.vgnd.n1200                    0.000229838
xdut.vgnd.n1203                    0.000229879
xdut.vgnd.n1202                    0.000229628
xdut.vgnd.n1205                    0.000229698
xdut.vgnd.n1204                    0.000229914
xdut.vgnd.n1207                    0.000229945
xdut.vgnd.n1206                    0.000229758
xdut.vgnd.n1209                    0.000229809
xdut.vgnd.n1208                    0.000229971
xdut.vgnd.n1211                    0.000229854
xdut.vgnd.n1210                    0.000229994
xdut.vgnd.n91                      0.000230013
xdut.vgnd.n1212                    0.000229893
xdut.vgnd.n1214                    0.000229926
xdut.vgnd.n1213                     0.00023003
xdut.vgnd.n1216                    0.000229955
xdut.vgnd.n1215                    0.000230045
xdut.vgnd.n82                      0.000230058
xdut.vgnd.n1217                     0.00022998
xdut.vgnd.n1219                    0.000230001
xdut.vgnd.n1218                    0.000230068
xdut.vgnd.n1221                    0.000230078
xdut.vgnd.n1220                     0.00023002
xdut.vgnd.n1223                    0.000230036
xdut.vgnd.n1222                    0.000230086
xdut.vgnd.n1225                     0.00023005
xdut.vgnd.n1224                    0.000230093
xdut.vgnd.n94                      0.000230099
xdut.vgnd.n1226                    0.000230062
xdut.vgnd.n1228                    0.000230072
xdut.vgnd.n1227                    0.000230104
xdut.vgnd.n1230                    0.000230109
xdut.vgnd.n1229                    0.000230081
xdut.vgnd.n1232                    0.000230089
xdut.vgnd.n1231                    0.000230113
xdut.vgnd.n1234                    0.000230116
xdut.vgnd.n1233                    0.000230096
xdut.vgnd.n1236                    0.000230101
xdut.vgnd.n1235                    0.000230119
xdut.vgnd.n1238                    0.000230122
xdut.vgnd.n1237                    0.000230106
xdut.vgnd.n1240                    0.000230111
xdut.vgnd.n1239                    0.000230124
xdut.vgnd.n1242                    0.000230126
xdut.vgnd.n1241                    0.000230114
xdut.vgnd.n1244                    0.000230117
xdut.vgnd.n1243                    0.000230127
xdut.vgnd.n1246                    0.000230129
xdut.vgnd.n1245                     0.00023012
xdut.vgnd.n1248                    0.000230123
xdut.vgnd.n1247                     0.00023013
xdut.vgnd.n1250                    0.000230131
xdut.vgnd.n1249                    0.000230125
xdut.vgnd.n1252                    0.000230126
xdut.vgnd.n1251                    0.000230132
xdut.vgnd.n1254                    0.000230128
xdut.vgnd.n1253                    0.000230133
xdut.vgnd.n76                      0.000230133
xdut.vgnd.n1255                    0.000230129
xdut.vgnd.n1257                     0.00023013
xdut.vgnd.n1256                    0.000230134
xdut.vgnd.n1259                    0.000230131
xdut.vgnd.n1258                    0.000230135
xdut.vgnd.n98                      0.000230135
xdut.vgnd.n1260                    0.000230132
xdut.vgnd.n1262                    0.000230133
xdut.vgnd.n1261                    0.000230135
xdut.vgnd.n1264                    0.000230136
xdut.vgnd.n1263                    0.000230134
xdut.vgnd.n1266                    0.000230134
xdut.vgnd.n1265                    0.000230136
xdut.vgnd.n1268                    0.000230136
xdut.vgnd.n1267                    0.000230135
xdut.vgnd.n1270                    0.000230135
xdut.vgnd.n1269                    0.000230136
xdut.vgnd.n1272                    0.000230137
xdut.vgnd.n1271                    0.000230136
xdut.vgnd.n1274                    0.000230136
xdut.vgnd.n1273                    0.000230137
xdut.vgnd.n1276                    0.000230136
xdut.vgnd.n1275                    0.000230137
xdut.vgnd.n71                      0.000230137
xdut.vgnd.n1277                    0.000230136
xdut.vgnd.n1279                    0.000230137
xdut.vgnd.n1278                    0.000230137
xdut.vgnd.n1281                    0.000230137
xdut.vgnd.n1280                    0.000230137
xdut.vgnd.n100                     0.000230137
xdut.vgnd.n1282                    0.000230137
xdut.vgnd.n1284                    0.000230137
xdut.vgnd.n1283                    0.000230137
xdut.vgnd.n1286                    0.000230137
xdut.vgnd.n1285                    0.000230137
xdut.vgnd.n69                      0.000230138
xdut.vgnd.n1287                    0.000230137
xdut.vgnd.n1289                    0.000230138
xdut.vgnd.n1288                    0.000230138
xdut.vgnd.n1291                    0.000230138
xdut.vgnd.n1290                    0.000230138
xdut.vgnd.n102                     0.000230138
xdut.vgnd.n1292                    0.000230138
xdut.vgnd.n1294                    0.000230138
xdut.vgnd.n1293                    0.000230138
xdut.vgnd.n1296                    0.000230138
xdut.vgnd.n1295                    0.000230138
xdut.vgnd.n1298                    0.000230138
xdut.vgnd.n1297                    0.000230138
xdut.vgnd.n1300                    0.000230138
xdut.vgnd.n1299                    0.000230139
xdut.vgnd.n1302                    0.000230139
xdut.vgnd.n1301                    0.000230138
xdut.vgnd.n1304                    0.000230139
xdut.vgnd.n1303                    0.000230138
xdut.vgnd.n65                      0.000230139
xdut.vgnd.n1305                    0.000230139
xdut.vgnd.n1307                     0.00023014
xdut.vgnd.n1306                    0.000230139
xdut.vgnd.n1309                    0.000230139
xdut.vgnd.n1308                     0.00023014
xdut.vgnd.n1311                     0.00023014
xdut.vgnd.n1310                    0.000230139
xdut.vgnd.n1313                    0.000230141
xdut.vgnd.n1312                    0.000230139
xdut.vgnd.n105                      0.00023014
xdut.vgnd.n1314                    0.000230141
xdut.vgnd.n1316                    0.000230142
xdut.vgnd.n1315                     0.00023014
xdut.vgnd.n1318                     0.00023014
xdut.vgnd.n1317                    0.000230143
xdut.vgnd.n1320                    0.000230143
xdut.vgnd.n1319                    0.000230141
xdut.vgnd.n1322                    0.000230144
xdut.vgnd.n1321                    0.000230141
xdut.vgnd.n62                      0.000230142
xdut.vgnd.n1323                    0.000230145
xdut.vgnd.n1325                    0.000230147
xdut.vgnd.n1324                    0.000230142
xdut.vgnd.n1327                    0.000230148
xdut.vgnd.n1326                    0.000230143
xdut.vgnd.n107                     0.000230144
xdut.vgnd.n1328                     0.00023015
xdut.vgnd.n1330                    0.000230152
xdut.vgnd.n1329                    0.000230145
xdut.vgnd.n1332                    0.000230146
xdut.vgnd.n1331                    0.000230154
xdut.vgnd.n1334                    0.000230156
xdut.vgnd.n1333                    0.000230147
xdut.vgnd.n1336                    0.000230149
xdut.vgnd.n1335                    0.000230159
xdut.vgnd.n1338                    0.000230163
xdut.vgnd.n1337                     0.00023015
xdut.vgnd.n1340                    0.000230152
xdut.vgnd.n1339                    0.000230167
xdut.vgnd.n1342                    0.000230171
xdut.vgnd.n1341                    0.000230155
xdut.vgnd.n1344                    0.000230157
xdut.vgnd.n1343                    0.000230176
xdut.vgnd.n1346                    0.000230183
xdut.vgnd.n1345                     0.00023016
xdut.vgnd.n1348                    0.000230164
xdut.vgnd.n1347                     0.00023019
xdut.vgnd.n1350                    0.000230198
xdut.vgnd.n1349                    0.000230168
xdut.vgnd.n1352                    0.000230173
xdut.vgnd.n1351                    0.000230207
xdut.vgnd.n1354                    0.000230218
xdut.vgnd.n1353                    0.000230179
xdut.vgnd.n1356                    0.000230185
xdut.vgnd.n1355                    0.000230231
xdut.vgnd.n1358                    0.000230246
xdut.vgnd.n1357                    0.000230193
xdut.vgnd.n1360                    0.000230201
xdut.vgnd.n1359                    0.000230263
xdut.vgnd.n1362                    0.000230283
xdut.vgnd.n1361                    0.000230211
xdut.vgnd.n1364                    0.000230223
xdut.vgnd.n1363                    0.000230305
xdut.vgnd.n1366                    0.000230332
xdut.vgnd.n1365                    0.000230237
xdut.vgnd.n1368                    0.000230252
xdut.vgnd.n1367                    0.000230363
xdut.vgnd.n1370                    0.000230398
xdut.vgnd.n1369                    0.000230271
xdut.vgnd.n1372                    0.000230439
xdut.vgnd.n1371                    0.000230294
xdut.vgnd.n1373                    0.000230487
xdut.vgnd.n113                     0.000230325
xdut.vgnd.n1374                    0.000230541
xdut.vgnd.n118                      0.00023488
xdut.vgnd.n152                     0.000234841
xdut.vgnd.n294                     0.000234499
xdut.vgnd.n292                     0.000234758
xdut.vgnd.n291                     0.000234497
xdut.vgnd.n290                     0.000234427
xdut.vgnd.n289                      0.00023422
xdut.vgnd.n288                     0.000234181
xdut.vgnd.n159                     0.000234366
xdut.vgnd.n286                     0.000234151
xdut.vgnd.n285                     0.000234313
xdut.vgnd.n284                     0.000234267
xdut.vgnd.n161                     0.000234127
xdut.vgnd.n283                     0.000234228
xdut.vgnd.n282                     0.000234107
xdut.vgnd.n281                     0.000234089
xdut.vgnd.n162                     0.000234193
xdut.vgnd.n279                     0.000234074
xdut.vgnd.n278                     0.000234164
xdut.vgnd.n277                     0.000234138
xdut.vgnd.n164                     0.000234061
xdut.vgnd.n276                     0.000234115
xdut.vgnd.n275                      0.00023405
xdut.vgnd.n274                      0.00023404
xdut.vgnd.n165                     0.000234096
xdut.vgnd.n272                     0.000234031
xdut.vgnd.n271                     0.000234078
xdut.vgnd.n270                     0.000234063
xdut.vgnd.n167                     0.000234023
xdut.vgnd.n269                      0.00023405
xdut.vgnd.n268                     0.000234017
xdut.vgnd.n267                      0.00023401
xdut.vgnd.n168                     0.000234038
xdut.vgnd.n265                     0.000234005
xdut.vgnd.n264                     0.000234027
xdut.vgnd.n263                     0.000234018
xdut.vgnd.n170                        0.000234
xdut.vgnd.n262                     0.000234009
xdut.vgnd.n261                     0.000233996
xdut.vgnd.n260                     0.000233991
xdut.vgnd.n171                     0.000234001
xdut.vgnd.n258                     0.000233987
xdut.vgnd.n257                     0.000233993
xdut.vgnd.n256                     0.000233985
xdut.vgnd.n173                     0.000233983
xdut.vgnd.n255                     0.000233977
xdut.vgnd.n254                      0.00023398
xdut.vgnd.n253                     0.000233976
xdut.vgnd.n174                      0.00023397
xdut.vgnd.n251                     0.000233972
xdut.vgnd.n250                     0.000233962
xdut.vgnd.n249                     0.000233953
xdut.vgnd.n176                     0.000233967
xdut.vgnd.n248                     0.000233944
xdut.vgnd.n247                     0.000233963
xdut.vgnd.n246                     0.000233958
xdut.vgnd.n177                     0.000233934
xdut.vgnd.n244                     0.000233952
xdut.vgnd.n243                     0.000233923
xdut.vgnd.n242                     0.000233911
xdut.vgnd.n179                     0.000233946
xdut.vgnd.n241                     0.000233898
xdut.vgnd.n240                     0.000233939
xdut.vgnd.n239                     0.000233931
xdut.vgnd.n180                     0.000233882
xdut.vgnd.n237                     0.000233922
xdut.vgnd.n236                     0.000233865
xdut.vgnd.n235                     0.000233845
xdut.vgnd.n182                     0.000233912
xdut.vgnd.n234                     0.000233821
xdut.vgnd.n233                       0.0002339
xdut.vgnd.n232                     0.000233887
xdut.vgnd.n183                     0.000233795
xdut.vgnd.n230                     0.000233871
xdut.vgnd.n229                     0.000233764
xdut.vgnd.n228                     0.000233729
xdut.vgnd.n185                     0.000233853
xdut.vgnd.n227                     0.000233688
xdut.vgnd.n226                     0.000233833
xdut.vgnd.n225                     0.000233809
xdut.vgnd.n186                     0.000233641
xdut.vgnd.n223                     0.000233781
xdut.vgnd.n222                     0.000233587
xdut.vgnd.n221                     0.000233524
xdut.vgnd.n188                     0.000233749
xdut.vgnd.n220                     0.000233452
xdut.vgnd.n219                     0.000233712
xdut.vgnd.n218                      0.00023367
xdut.vgnd.n189                     0.000233368
xdut.vgnd.n216                      0.00023362
xdut.vgnd.n215                      0.00023327
xdut.vgnd.n214                     0.000233158
xdut.vgnd.n191                     0.000233563
xdut.vgnd.n213                     0.000233027
xdut.vgnd.n212                     0.000233497
xdut.vgnd.n211                      0.00023342
xdut.vgnd.n192                     0.000232876
xdut.vgnd.n209                     0.000233332
xdut.vgnd.n208                     0.000232702
xdut.vgnd.n207                       0.0002325
xdut.vgnd.n194                     0.000233229
xdut.vgnd.n206                     0.000232265
xdut.vgnd.n205                      0.00023311
xdut.vgnd.n204                     0.000232974
xdut.vgnd.n195                     0.000231994
xdut.vgnd.n202                     0.000232819
xdut.vgnd.n201                      0.00023168
xdut.vgnd.n200                     0.000231316
xdut.vgnd.n198                     0.000232649
xdut.vgnd.n199                     0.000230894
xdut.vgnd.n156                     0.000229275
xdut.vgnd.n153                     0.000229358
xdut.vgnd.n298                     0.000231512
xdut.vgnd.n300                     0.000233834
xdut.vgnd.n299                     0.000232078
xdut.vgnd.n302                     0.000232567
xdut.vgnd.n301                     0.000234088
xdut.vgnd.n304                     0.000232989
xdut.vgnd.n303                     0.000234304
xdut.vgnd.n395                     0.000235665
xdut.vgnd.n131                      0.00023449
xdut.vgnd.n305                     0.000233354
xdut.vgnd.n307                     0.000233669
xdut.vgnd.n306                     0.000234651
xdut.vgnd.n309                     0.000233941
xdut.vgnd.n308                     0.000234789
xdut.vgnd.n135                     0.000234908
xdut.vgnd.n310                     0.000234176
xdut.vgnd.n312                     0.000234379
xdut.vgnd.n311                     0.000235011
xdut.vgnd.n314                     0.000234554
xdut.vgnd.n313                       0.0002351
xdut.vgnd.n129                     0.000235177
xdut.vgnd.n315                     0.000234705
xdut.vgnd.n317                     0.000234836
xdut.vgnd.n316                     0.000235243
xdut.vgnd.n319                     0.000235301
xdut.vgnd.n318                     0.000234948
xdut.vgnd.n321                     0.000235046
xdut.vgnd.n320                      0.00023535
xdut.vgnd.n323                     0.000235393
xdut.vgnd.n322                      0.00023513
xdut.vgnd.n325                     0.000235202
xdut.vgnd.n324                      0.00023543
xdut.vgnd.n327                     0.000235264
xdut.vgnd.n326                     0.000235461
xdut.vgnd.n138                     0.000235489
xdut.vgnd.n328                     0.000235318
xdut.vgnd.n330                     0.000235365
xdut.vgnd.n329                     0.000235512
xdut.vgnd.n332                     0.000235405
xdut.vgnd.n331                     0.000235533
xdut.vgnd.n126                      0.00023555
xdut.vgnd.n333                     0.000235439
xdut.vgnd.n335                     0.000235469
xdut.vgnd.n334                     0.000235565
xdut.vgnd.n337                     0.000235578
xdut.vgnd.n336                     0.000235494
xdut.vgnd.n339                     0.000235515
xdut.vgnd.n338                     0.000235589
xdut.vgnd.n341                     0.000235534
xdut.vgnd.n340                     0.000235598
xdut.vgnd.n141                     0.000235606
xdut.vgnd.n342                     0.000235549
xdut.vgnd.n344                     0.000235562
xdut.vgnd.n343                     0.000235613
xdut.vgnd.n346                     0.000235573
xdut.vgnd.n345                     0.000235618
xdut.vgnd.n124                     0.000235623
xdut.vgnd.n347                     0.000235582
xdut.vgnd.n349                     0.000235589
xdut.vgnd.n348                     0.000235626
xdut.vgnd.n351                     0.000235595
xdut.vgnd.n350                     0.000235629
xdut.vgnd.n143                     0.000235631
xdut.vgnd.n352                     0.000235599
xdut.vgnd.n354                     0.000235601
xdut.vgnd.n353                     0.000235633
xdut.vgnd.n356                     0.000235633
xdut.vgnd.n355                     0.000235603
xdut.vgnd.n358                     0.000235602
xdut.vgnd.n357                     0.000235633
xdut.vgnd.n360                     0.000235632
xdut.vgnd.n359                     0.000235601
xdut.vgnd.n362                     0.000235598
xdut.vgnd.n361                     0.000235631
xdut.vgnd.n364                     0.000235629
xdut.vgnd.n363                     0.000235594
xdut.vgnd.n366                     0.000235588
xdut.vgnd.n365                     0.000235626
xdut.vgnd.n368                     0.000235622
xdut.vgnd.n367                     0.000235581
xdut.vgnd.n370                     0.000235571
xdut.vgnd.n369                     0.000235617
xdut.vgnd.n372                     0.000235612
xdut.vgnd.n371                      0.00023556
xdut.vgnd.n374                     0.000235546
xdut.vgnd.n373                     0.000235605
xdut.vgnd.n376                      0.00023553
xdut.vgnd.n375                     0.000235596
xdut.vgnd.n119                     0.000235587
xdut.vgnd.n377                     0.000235511
xdut.vgnd.n379                     0.000235489
xdut.vgnd.n378                     0.000235575
xdut.vgnd.n381                     0.000235562
xdut.vgnd.n380                     0.000235463
xdut.vgnd.n383                     0.000235432
xdut.vgnd.n382                     0.000235547
xdut.vgnd.n385                     0.000235397
xdut.vgnd.n384                     0.000235529
xdut.vgnd.n148                     0.000235507
xdut.vgnd.n386                     0.000235356
xdut.vgnd.n388                     0.000235308
xdut.vgnd.n387                     0.000235482
xdut.vgnd.n390                     0.000235252
xdut.vgnd.n389                      0.00023545
xdut.vgnd.n391                     0.000235188
xdut.vgnd.n150                     0.000235406
xdut.vgnd.n392                     0.000235115
xdut.vgnd.n1877                     0.00022683
xdut.vgnd.n1875                    0.000226866
xdut.vgnd.n1378                    0.000226913
xdut.vgnd.n1630                    0.000226884
xdut.vgnd.n1627                    0.000227058
xdut.vgnd.n1629                    0.000226943
xdut.vgnd.n54                      0.000227004
xdut.vgnd.n53                      0.000226958
xdut.vgnd.n1625                    0.000227013
xdut.vgnd.n1624                    0.000226972
xdut.vgnd.n1623                    0.000226984
xdut.vgnd.n1428                     0.00022702
xdut.vgnd.n1622                    0.000226994
xdut.vgnd.n1621                    0.000227025
xdut.vgnd.n1620                     0.00022703
xdut.vgnd.n1619                    0.000227002
xdut.vgnd.n1618                     0.00022701
xdut.vgnd.n1617                    0.000227034
xdut.vgnd.n1616                    0.000227037
xdut.vgnd.n1615                    0.000227017
xdut.vgnd.n1614                    0.000227022
xdut.vgnd.n1613                     0.00022704
xdut.vgnd.n1612                    0.000227042
xdut.vgnd.n1611                    0.000227027
xdut.vgnd.n1610                    0.000227031
xdut.vgnd.n1609                    0.000227045
xdut.vgnd.n1608                    0.000227046
xdut.vgnd.n1607                    0.000227035
xdut.vgnd.n1606                    0.000227038
xdut.vgnd.n1605                    0.000227048
xdut.vgnd.n1604                    0.000227049
xdut.vgnd.n1603                    0.000227041
xdut.vgnd.n1602                    0.000227043
xdut.vgnd.n1601                    0.000227051
xdut.vgnd.n1600                    0.000227052
xdut.vgnd.n1599                    0.000227045
xdut.vgnd.n1598                    0.000227047
xdut.vgnd.n1597                    0.000227053
xdut.vgnd.n1596                    0.000227053
xdut.vgnd.n1595                    0.000227049
xdut.vgnd.n1594                     0.00022705
xdut.vgnd.n1593                    0.000227054
xdut.vgnd.n1592                    0.000227055
xdut.vgnd.n1591                    0.000227051
xdut.vgnd.n1590                    0.000227052
xdut.vgnd.n1589                    0.000227055
xdut.vgnd.n1588                    0.000227055
xdut.vgnd.n1587                    0.000227053
xdut.vgnd.n1586                    0.000227054
xdut.vgnd.n1585                    0.000227056
xdut.vgnd.n1584                    0.000227056
xdut.vgnd.n1583                    0.000227054
xdut.vgnd.n1582                    0.000227055
xdut.vgnd.n1581                    0.000227056
xdut.vgnd.n1580                    0.000227057
xdut.vgnd.n1579                    0.000227055
xdut.vgnd.n1578                    0.000227056
xdut.vgnd.n1577                    0.000227057
xdut.vgnd.n1576                    0.000227057
xdut.vgnd.n1575                    0.000227056
xdut.vgnd.n1574                    0.000227056
xdut.vgnd.n1573                    0.000227057
xdut.vgnd.n1572                    0.000227057
xdut.vgnd.n1571                    0.000227056
xdut.vgnd.n1570                    0.000227057
xdut.vgnd.n1569                    0.000227057
xdut.vgnd.n1568                    0.000227058
xdut.vgnd.n1567                    0.000227057
xdut.vgnd.n1566                    0.000227057
xdut.vgnd.n1565                    0.000227058
xdut.vgnd.n1564                    0.000227058
xdut.vgnd.n1563                    0.000227057
xdut.vgnd.n1562                    0.000227057
xdut.vgnd.n1561                    0.000227058
xdut.vgnd.n1560                    0.000227058
xdut.vgnd.n1559                    0.000227057
xdut.vgnd.n1558                    0.000227058
xdut.vgnd.n1557                    0.000227058
xdut.vgnd.n1556                    0.000227058
xdut.vgnd.n1555                    0.000227058
xdut.vgnd.n1554                    0.000227058
xdut.vgnd.n1553                    0.000227058
xdut.vgnd.n1552                    0.000227058
xdut.vgnd.n1551                    0.000227058
xdut.vgnd.n1550                    0.000227058
xdut.vgnd.n1549                    0.000227058
xdut.vgnd.n1548                    0.000227058
xdut.vgnd.n1547                    0.000227058
xdut.vgnd.n1546                    0.000227058
xdut.vgnd.n1545                    0.000227058
xdut.vgnd.n1544                    0.000227058
xdut.vgnd.n1543                    0.000227058
xdut.vgnd.n1542                    0.000227058
xdut.vgnd.n1541                    0.000227058
xdut.vgnd.n1540                    0.000227058
xdut.vgnd.n1539                    0.000227058
xdut.vgnd.n1538                    0.000227058
xdut.vgnd.n1537                    0.000227058
xdut.vgnd.n1536                    0.000227058
xdut.vgnd.n1535                    0.000227058
xdut.vgnd.n1534                    0.000227058
xdut.vgnd.n1533                    0.000227058
xdut.vgnd.n1532                    0.000227058
xdut.vgnd.n1531                    0.000227058
xdut.vgnd.n1530                    0.000227058
xdut.vgnd.n1529                    0.000227058
xdut.vgnd.n1528                    0.000227058
xdut.vgnd.n1527                    0.000227058
xdut.vgnd.n1526                    0.000227058
xdut.vgnd.n1525                    0.000227058
xdut.vgnd.n1524                    0.000227058
xdut.vgnd.n1523                    0.000227058
xdut.vgnd.n1522                    0.000227058
xdut.vgnd.n1521                    0.000227058
xdut.vgnd.n1520                    0.000227058
xdut.vgnd.n1519                    0.000227058
xdut.vgnd.n1518                    0.000227058
xdut.vgnd.n1517                    0.000227058
xdut.vgnd.n1516                    0.000227058
xdut.vgnd.n1515                    0.000227058
xdut.vgnd.n1514                    0.000227058
xdut.vgnd.n1513                    0.000227058
xdut.vgnd.n1512                    0.000227058
xdut.vgnd.n1511                    0.000227058
xdut.vgnd.n1510                    0.000227057
xdut.vgnd.n1509                    0.000227058
xdut.vgnd.n1508                    0.000227058
xdut.vgnd.n1507                    0.000227057
xdut.vgnd.n1506                    0.000227057
xdut.vgnd.n1505                    0.000227058
xdut.vgnd.n1504                    0.000227058
xdut.vgnd.n1503                    0.000227057
xdut.vgnd.n1502                    0.000227057
xdut.vgnd.n1501                    0.000227057
xdut.vgnd.n1500                    0.000227057
xdut.vgnd.n1499                    0.000227057
xdut.vgnd.n1498                    0.000227056
xdut.vgnd.n1497                    0.000227057
xdut.vgnd.n1496                    0.000227057
xdut.vgnd.n1495                    0.000227056
xdut.vgnd.n1494                    0.000227056
xdut.vgnd.n1493                    0.000227057
xdut.vgnd.n1492                    0.000227057
xdut.vgnd.n1491                    0.000227056
xdut.vgnd.n1490                    0.000227055
xdut.vgnd.n1489                    0.000227057
xdut.vgnd.n1488                    0.000227056
xdut.vgnd.n1487                    0.000227055
xdut.vgnd.n1486                    0.000227054
xdut.vgnd.n1485                    0.000227056
xdut.vgnd.n1484                    0.000227056
xdut.vgnd.n1483                    0.000227053
xdut.vgnd.n1482                    0.000227053
xdut.vgnd.n1481                    0.000227055
xdut.vgnd.n1480                    0.000227055
xdut.vgnd.n1479                    0.000227052
xdut.vgnd.n1478                    0.000227051
xdut.vgnd.n1477                    0.000227054
xdut.vgnd.n1476                    0.000227054
xdut.vgnd.n1475                     0.00022705
xdut.vgnd.n1474                    0.000227048
xdut.vgnd.n1473                    0.000227053
xdut.vgnd.n1472                    0.000227052
xdut.vgnd.n1471                    0.000227047
xdut.vgnd.n1470                    0.000227045
xdut.vgnd.n1469                    0.000227051
xdut.vgnd.n1468                     0.00022705
xdut.vgnd.n1467                    0.000227043
xdut.vgnd.n1466                    0.000227041
xdut.vgnd.n1465                    0.000227049
xdut.vgnd.n1464                    0.000227048
xdut.vgnd.n1463                    0.000227038
xdut.vgnd.n1462                    0.000227035
xdut.vgnd.n1461                    0.000227046
xdut.vgnd.n1460                    0.000227044
xdut.vgnd.n1459                    0.000227031
xdut.vgnd.n1458                    0.000227027
xdut.vgnd.n1457                    0.000227042
xdut.vgnd.n1456                     0.00022704
xdut.vgnd.n1455                    0.000227022
xdut.vgnd.n1454                    0.000227016
xdut.vgnd.n1453                    0.000227037
xdut.vgnd.n1452                    0.000227033
xdut.vgnd.n1451                    0.000227009
xdut.vgnd.n1450                    0.000227001
xdut.vgnd.n1449                    0.000227029
xdut.vgnd.n1448                    0.000227025
xdut.vgnd.n1447                    0.000226992
xdut.vgnd.n1446                    0.000226982
xdut.vgnd.n1445                    0.000227019
xdut.vgnd.n1444                    0.000227013
xdut.vgnd.n1443                     0.00022697
xdut.vgnd.n1442                    0.000226956
xdut.vgnd.n1441                    0.000227006
xdut.vgnd.n1440                    0.000226998
xdut.vgnd.n1439                     0.00022694
xdut.vgnd.n1438                    0.000226921
xdut.vgnd.n1437                    0.000226988
xdut.vgnd.n1436                    0.000226977
xdut.vgnd.n1435                      0.0002269
xdut.vgnd.n1434                    0.000226875
xdut.vgnd.n1433                    0.000226964
xdut.vgnd.n1432                    0.000226947
xdut.vgnd.n1431                    0.000226846
xdut.vgnd.n1430                    0.000226812
xdut.vgnd.n46                      0.000226685
xdut.vgnd.n1879                    0.000226667
xdut.vgnd.n47                      0.000226677
xdut.vgnd.n1698                     0.00022668
xdut.vgnd.n1697                     0.00022669
xdut.vgnd.n1700                    0.000226689
xdut.vgnd.n1699                    0.000226682
xdut.vgnd.n1702                    0.000226689
xdut.vgnd.n1695                    0.000226683
xdut.vgnd.n1703                    0.000226689
xdut.vgnd.n1693                    0.000226685
xdut.vgnd.n1705                    0.000226686
xdut.vgnd.n1704                     0.00022669
xdut.vgnd.n1706                    0.000226687
xdut.vgnd.n1692                     0.00022669
xdut.vgnd.n1708                    0.000226691
xdut.vgnd.n1707                    0.000226688
xdut.vgnd.n1710                    0.000226691
xdut.vgnd.n1691                    0.000226689
xdut.vgnd.n1711                    0.000226691
xdut.vgnd.n1689                    0.000226689
xdut.vgnd.n1713                     0.00022669
xdut.vgnd.n1712                    0.000226692
xdut.vgnd.n1714                     0.00022669
xdut.vgnd.n1688                    0.000226692
xdut.vgnd.n1716                    0.000226692
xdut.vgnd.n1715                    0.000226691
xdut.vgnd.n1718                    0.000226692
xdut.vgnd.n1686                    0.000226691
xdut.vgnd.n1720                    0.000226691
xdut.vgnd.n1719                    0.000226692
xdut.vgnd.n1721                    0.000226692
xdut.vgnd.n1685                    0.000226692
xdut.vgnd.n1723                    0.000226693
xdut.vgnd.n1722                    0.000226692
xdut.vgnd.n1725                    0.000226693
xdut.vgnd.n1684                    0.000226692
xdut.vgnd.n1726                    0.000226693
xdut.vgnd.n1683                    0.000226692
xdut.vgnd.n1729                    0.000226692
xdut.vgnd.n1728                    0.000226693
xdut.vgnd.n1730                    0.000226693
xdut.vgnd.n1682                    0.000226693
xdut.vgnd.n1732                    0.000226693
xdut.vgnd.n1731                    0.000226693
xdut.vgnd.n1734                    0.000226693
xdut.vgnd.n1681                    0.000226693
xdut.vgnd.n1735                    0.000226693
xdut.vgnd.n1680                    0.000226693
xdut.vgnd.n1738                    0.000226693
xdut.vgnd.n1737                    0.000226693
xdut.vgnd.n1739                    0.000226693
xdut.vgnd.n1679                    0.000226693
xdut.vgnd.n1741                    0.000226693
xdut.vgnd.n1740                    0.000226693
xdut.vgnd.n1743                    0.000226693
xdut.vgnd.n1678                    0.000226693
xdut.vgnd.n1744                    0.000226693
xdut.vgnd.n1677                    0.000226693
xdut.vgnd.n1747                    0.000226693
xdut.vgnd.n1746                    0.000226693
xdut.vgnd.n1748                    0.000226693
xdut.vgnd.n1676                    0.000226693
xdut.vgnd.n1750                    0.000226693
xdut.vgnd.n1749                    0.000226693
xdut.vgnd.n1752                    0.000226693
xdut.vgnd.n1674                    0.000226693
xdut.vgnd.n1754                    0.000226693
xdut.vgnd.n1753                    0.000226693
xdut.vgnd.n1755                    0.000226693
xdut.vgnd.n1673                    0.000226693
xdut.vgnd.n1757                    0.000226693
xdut.vgnd.n1756                    0.000226693
xdut.vgnd.n1758                    0.000226693
xdut.vgnd.n1672                    0.000226693
xdut.vgnd.n1761                    0.000226693
xdut.vgnd.n1760                    0.000226693
xdut.vgnd.n1671                    0.000226693
xdut.vgnd.n1762                    0.000226693
xdut.vgnd.n1764                    0.000226693
xdut.vgnd.n1763                    0.000226693
xdut.vgnd.n1766                    0.000226693
xdut.vgnd.n1670                    0.000226693
xdut.vgnd.n1767                    0.000226693
xdut.vgnd.n1669                    0.000226693
xdut.vgnd.n1770                    0.000226693
xdut.vgnd.n1769                    0.000226693
xdut.vgnd.n1668                    0.000226693
xdut.vgnd.n1771                    0.000226693
xdut.vgnd.n1773                    0.000226693
xdut.vgnd.n1772                    0.000226693
xdut.vgnd.n1775                    0.000226693
xdut.vgnd.n1667                    0.000226693
xdut.vgnd.n1778                    0.000226693
xdut.vgnd.n1777                    0.000226693
xdut.vgnd.n1779                    0.000226693
xdut.vgnd.n1666                    0.000226693
xdut.vgnd.n1781                    0.000226693
xdut.vgnd.n1780                    0.000226693
xdut.vgnd.n1783                    0.000226693
xdut.vgnd.n1664                    0.000226693
xdut.vgnd.n1785                    0.000226693
xdut.vgnd.n1784                    0.000226693
xdut.vgnd.n1786                    0.000226693
xdut.vgnd.n1663                    0.000226693
xdut.vgnd.n1788                    0.000226693
xdut.vgnd.n1787                    0.000226693
xdut.vgnd.n1790                    0.000226693
xdut.vgnd.n1661                    0.000226693
xdut.vgnd.n1792                    0.000226693
xdut.vgnd.n1791                    0.000226693
xdut.vgnd.n1793                    0.000226693
xdut.vgnd.n1660                    0.000226693
xdut.vgnd.n1795                    0.000226693
xdut.vgnd.n1794                    0.000226694
xdut.vgnd.n1797                    0.000226693
xdut.vgnd.n1658                    0.000226694
xdut.vgnd.n1799                    0.000226694
xdut.vgnd.n1798                    0.000226693
xdut.vgnd.n1800                    0.000226694
xdut.vgnd.n1657                    0.000226693
xdut.vgnd.n1802                    0.000226694
xdut.vgnd.n1801                    0.000226694
xdut.vgnd.n1804                    0.000226694
xdut.vgnd.n1656                    0.000226694
xdut.vgnd.n1805                    0.000226694
xdut.vgnd.n1654                    0.000226694
xdut.vgnd.n1807                    0.000226694
xdut.vgnd.n1806                    0.000226694
xdut.vgnd.n1808                    0.000226694
xdut.vgnd.n1653                    0.000226694
xdut.vgnd.n1810                    0.000226694
xdut.vgnd.n1809                    0.000226694
xdut.vgnd.n1812                    0.000226694
xdut.vgnd.n1651                    0.000226694
xdut.vgnd.n1814                    0.000226694
xdut.vgnd.n1813                    0.000226694
xdut.vgnd.n1815                    0.000226694
xdut.vgnd.n1650                    0.000226694
xdut.vgnd.n1817                    0.000226694
xdut.vgnd.n1816                    0.000226695
xdut.vgnd.n1819                    0.000226694
xdut.vgnd.n1649                    0.000226695
xdut.vgnd.n1820                    0.000226694
xdut.vgnd.n1648                    0.000226695
xdut.vgnd.n1822                    0.000226695
xdut.vgnd.n1821                    0.000226694
xdut.vgnd.n1824                    0.000226694
xdut.vgnd.n1823                    0.000226696
xdut.vgnd.n1825                    0.000226695
xdut.vgnd.n1646                    0.000226696
xdut.vgnd.n1828                    0.000226696
xdut.vgnd.n1827                    0.000226695
xdut.vgnd.n1645                    0.000226695
xdut.vgnd.n1829                    0.000226697
xdut.vgnd.n1831                    0.000226695
xdut.vgnd.n1830                    0.000226697
xdut.vgnd.n1833                    0.000226696
xdut.vgnd.n1643                    0.000226698
xdut.vgnd.n1835                    0.000226699
xdut.vgnd.n1834                    0.000226696
xdut.vgnd.n1836                    0.000226699
xdut.vgnd.n1642                    0.000226696
xdut.vgnd.n1838                    0.000226697
xdut.vgnd.n1837                      0.0002267
xdut.vgnd.n1840                    0.000226698
xdut.vgnd.n1640                    0.000226702
xdut.vgnd.n1842                    0.000226703
xdut.vgnd.n1841                    0.000226698
xdut.vgnd.n1843                    0.000226704
xdut.vgnd.n1639                    0.000226699
xdut.vgnd.n1845                      0.0002267
xdut.vgnd.n1844                    0.000226706
xdut.vgnd.n1847                    0.000226701
xdut.vgnd.n1638                    0.000226708
xdut.vgnd.n1850                     0.00022671
xdut.vgnd.n1849                    0.000226702
xdut.vgnd.n1851                    0.000226713
xdut.vgnd.n1637                    0.000226703
xdut.vgnd.n1853                    0.000226705
xdut.vgnd.n1852                    0.000226716
xdut.vgnd.n1855                    0.000226707
xdut.vgnd.n1635                     0.00022672
xdut.vgnd.n1857                    0.000226724
xdut.vgnd.n1856                    0.000226709
xdut.vgnd.n1858                    0.000226729
xdut.vgnd.n1634                    0.000226711
xdut.vgnd.n1860                    0.000226714
xdut.vgnd.n1859                    0.000226734
xdut.vgnd.n1862                    0.000226718
xdut.vgnd.n1633                    0.000226741
xdut.vgnd.n1865                    0.000226749
xdut.vgnd.n1864                    0.000226721
xdut.vgnd.n1866                    0.000226757
xdut.vgnd.n1632                    0.000226726
xdut.vgnd.n1868                    0.000226731
xdut.vgnd.n1867                    0.000226767
xdut.vgnd.n1870                    0.000226738
xdut.vgnd.n1631                    0.000226779
xdut.vgnd.n1873                    0.000226792
xdut.vgnd.n1872                    0.000226747
xdut.vgnd.n1874                    0.000226808
xdut.vgnd.n724                     0.000223058
xdut.vgnd.n726                     0.000223224
xdut.vgnd.n681                     0.000223215
xdut.vgnd.n680                     0.000223182
xdut.vgnd.n727                     0.000223252
xdut.vgnd.n730                     0.000223282
xdut.vgnd.n729                     0.000223276
xdut.vgnd.n728                     0.000223282
xdut.vgnd.n731                     0.000223362
xdut.vgnd.n676                     0.000223331
xdut.vgnd.n675                     0.000223312
xdut.vgnd.n733                     0.000223376
xdut.vgnd.n732                     0.000223424
xdut.vgnd.n734                     0.000223341
xdut.vgnd.n674                     0.000223414
xdut.vgnd.n673                      0.00022347
xdut.vgnd.n735                     0.000223368
xdut.vgnd.n738                     0.000223505
xdut.vgnd.n737                     0.000223445
xdut.vgnd.n736                     0.000223394
xdut.vgnd.n660                     0.000223532
xdut.vgnd.n669                     0.000223418
xdut.vgnd.n764                     0.000223482
xdut.vgnd.n763                     0.000223501
xdut.vgnd.n668                     0.000223531
xdut.vgnd.n762                     0.000223519
xdut.vgnd.n761                     0.000223541
xdut.vgnd.n760                      0.00022355
xdut.vgnd.n759                     0.000223537
xdut.vgnd.n758                     0.000223553
xdut.vgnd.n757                     0.000223559
xdut.vgnd.n756                     0.000223567
xdut.vgnd.n755                      0.00022357
xdut.vgnd.n754                     0.000223586
xdut.vgnd.n753                     0.000223576
xdut.vgnd.n752                     0.000223584
xdut.vgnd.n751                     0.000223603
xdut.vgnd.n750                     0.000223621
xdut.vgnd.n749                     0.000223593
xdut.vgnd.n748                     0.000223603
xdut.vgnd.n747                      0.00022364
xdut.vgnd.n746                      0.00022366
xdut.vgnd.n745                     0.000223613
xdut.vgnd.n744                     0.000223624
xdut.vgnd.n743                     0.000223683
xdut.vgnd.n742                     0.000223708
xdut.vgnd.n670                     0.000223795
xdut.vgnd.n739                     0.000223663
xdut.vgnd.n672                     0.000223829
xdut.vgnd.n671                     0.000223662
xdut.vgnd.n692                     0.000223871
xdut.vgnd.n677                     0.000223648
xdut.vgnd.n693                     0.000223921
xdut.vgnd.n678                     0.000223603
xdut.vgnd.n695                     0.000223892
xdut.vgnd.n679                     0.000223524
xdut.vgnd.n696                     0.000223784
xdut.vgnd.n697                     0.000223434
xdut.vgnd.n698                     0.000223687
xdut.vgnd.n699                     0.000223601
xdut.vgnd.n701                     0.000223374
xdut.vgnd.n703                     0.000223073
xdut.vgnd.n702                     0.000223311
xdut.vgnd.n705                     0.000223258
xdut.vgnd.n704                     0.000223043
xdut.vgnd.n707                     0.000223019
xdut.vgnd.n706                     0.000223214
xdut.vgnd.n709                     0.000223179
xdut.vgnd.n708                     0.000223001
xdut.vgnd.n711                     0.000222987
xdut.vgnd.n710                     0.000223152
xdut.vgnd.n713                     0.000223132
xdut.vgnd.n712                     0.000222977
xdut.vgnd.n715                     0.000223118
xdut.vgnd.n714                      0.00022297
xdut.vgnd.n689                     0.000222966
xdut.vgnd.n716                     0.000223111
xdut.vgnd.n718                     0.000223111
xdut.vgnd.n717                     0.000222967
xdut.vgnd.n719                     0.000223117
xdut.vgnd.n691                     0.000222971
xdut.vgnd.n721                     0.000222981
xdut.vgnd.n720                     0.000223129
xdut.vgnd.n682                     0.000223148
xdut.vgnd.n799                     0.000223645
xdut.vgnd.n654                     0.000223567
xdut.vgnd.n801                     0.000223586
xdut.vgnd.n800                      0.00022363
xdut.vgnd.n802                     0.000223551
xdut.vgnd.n603                     0.000223566
xdut.vgnd.n601                     0.000223608
xdut.vgnd.n803                     0.000223533
xdut.vgnd.n806                     0.000223576
xdut.vgnd.n805                      0.00022354
xdut.vgnd.n804                     0.000223514
xdut.vgnd.n649                     0.000223533
xdut.vgnd.n602                     0.000223508
xdut.vgnd.n653                     0.000223493
xdut.vgnd.n651                      0.00022347
xdut.vgnd.n650                     0.000223476
xdut.vgnd.n652                     0.000223472
xdut.vgnd.n606                     0.000223404
xdut.vgnd.n605                     0.000223426
xdut.vgnd.n604                     0.000223451
xdut.vgnd.n643                     0.000223314
xdut.vgnd.n641                     0.000223431
xdut.vgnd.n610                     0.000223137
xdut.vgnd.n640                     0.000223378
xdut.vgnd.n639                     0.000223365
xdut.vgnd.n638                     0.000223257
xdut.vgnd.n636                      0.00022325
xdut.vgnd.n612                     0.000223357
xdut.vgnd.n635                     0.000223247
xdut.vgnd.n613                     0.000223353
xdut.vgnd.n633                     0.000223247
xdut.vgnd.n632                     0.000223354
xdut.vgnd.n631                      0.00022336
xdut.vgnd.n614                      0.00022325
xdut.vgnd.n630                      0.00022337
xdut.vgnd.n629                     0.000223256
xdut.vgnd.n628                     0.000223263
xdut.vgnd.n615                     0.000223385
xdut.vgnd.n626                     0.000223274
xdut.vgnd.n625                     0.000223406
xdut.vgnd.n624                     0.000223433
xdut.vgnd.n617                     0.000223288
xdut.vgnd.n623                     0.000223466
xdut.vgnd.n622                     0.000223305
xdut.vgnd.n621                     0.000223329
xdut.vgnd.n618                     0.000223505
xdut.vgnd.n608                     0.000223553
xdut.vgnd.n645                     0.000223723
xdut.vgnd.n607                     0.000223595
xdut.vgnd.n646                     0.000223787
xdut.vgnd.n648                     0.000223661
xdut.vgnd.n647                      0.00022386
xdut.vgnd.n599                     0.000223719
xdut.vgnd.n597                     0.000223942
xdut.vgnd.n807                     0.000223751
xdut.vgnd.n808                     0.000223962
xdut.vgnd.n600                     0.000223758
xdut.vgnd.n598                     0.000223921
xdut.vgnd.n656                     0.000223755
xdut.vgnd.n773                     0.000223887
xdut.vgnd.n774                     0.000223858
xdut.vgnd.n776                     0.000223786
xdut.vgnd.n778                     0.000223765
xdut.vgnd.n777                     0.000223713
xdut.vgnd.n768                     0.000223704
xdut.vgnd.n779                     0.000223747
xdut.vgnd.n781                      0.00022373
xdut.vgnd.n780                     0.000223695
xdut.vgnd.n783                     0.000223687
xdut.vgnd.n782                     0.000223714
xdut.vgnd.n785                       0.0002237
xdut.vgnd.n784                      0.00022368
xdut.vgnd.n787                     0.000223687
xdut.vgnd.n786                     0.000223674
xdut.vgnd.n658                     0.000223667
xdut.vgnd.n788                     0.000223675
xdut.vgnd.n790                     0.000223662
xdut.vgnd.n789                     0.000223661
xdut.vgnd.n792                      0.00022365
xdut.vgnd.n791                     0.000223655
xdut.vgnd.n771                     0.000223648
xdut.vgnd.n793                     0.000223638
xdut.vgnd.n794                     0.000223625
xdut.vgnd.n772                     0.000223641
xdut.vgnd.n795                     0.000223611
xdut.vgnd.n2048                    8.56388e-05
xdut.vgnd.n2046                    8.12433e-05
xdut.vgnd.n2037                    8.12026e-05
xdut.vgnd.n2036                    8.08894e-05
xdut.vgnd.n2033                    8.12211e-05
xdut.vgnd.n2025                    8.07769e-05
xdut.vgnd.n2032                    8.11567e-05
xdut.vgnd.n2028                     8.0645e-05
xdut.vgnd.n2029                    8.04907e-05
xdut.vgnd.n14                      7.98665e-05
xdut.vgnd.n2050                    7.99072e-05
xdut.vgnd.n15                      8.07348e-05
xdut.vgnd.n2039                     8.2121e-05
xdut.vgnd.n2038                    8.09194e-05
xdut.vgnd.n2044                    8.10513e-05
xdut.vgnd.n2043                    8.21853e-05
xdut.vgnd.n2045                    8.11336e-05
xdut.vgnd.n1900                    0.000100935
xdut.vgnd.n1899                    0.000100935
xdut.vgnd.n1887                     0.00010088
xdut.vgnd.n1895                    0.000101014
xdut.vgnd.n1894                    0.000100857
xdut.vgnd.n1893                    0.000100827
xdut.vgnd.n1889                    0.000100999
xdut.vgnd.n1892                    0.000100789
xdut.vgnd.n1881                    0.000100629
xdut.vgnd.n1910                    0.000100629
xdut.vgnd.n1882                    0.000100789
xdut.vgnd.n1901                    0.000100827
xdut.vgnd.n1884                    0.000100999
xdut.vgnd.n1902                    0.000100857
xdut.vgnd.n1885                    0.000101014
xdut.vgnd.n1903                     0.00010088
xdut.vgnd.n1931                    0.000119488
xdut.vgnd.n1930                    0.000119488
xdut.vgnd.n1918                    0.000119471
xdut.vgnd.n1926                    0.000119513
xdut.vgnd.n1925                    0.000119464
xdut.vgnd.n1924                    0.000119455
xdut.vgnd.n1920                    0.000119508
xdut.vgnd.n1923                    0.000119443
xdut.vgnd.n1912                    0.000119393
xdut.vgnd.n1941                    0.000119393
xdut.vgnd.n1913                    0.000119443
xdut.vgnd.n1932                    0.000119455
xdut.vgnd.n1915                    0.000119508
xdut.vgnd.n1933                    0.000119464
xdut.vgnd.n1916                    0.000119513
xdut.vgnd.n1934                    0.000119471
xdut.vgnd.n1963                    0.000138421
xdut.vgnd.n1962                    0.000138421
xdut.vgnd.n1949                    0.000138419
xdut.vgnd.n1954                    0.000138418
xdut.vgnd.n1953                    0.000138424
xdut.vgnd.n1955                    0.000138417
xdut.vgnd.n1952                    0.000138423
xdut.vgnd.n1956                    0.000138416
xdut.vgnd.n1943                     0.00013841
xdut.vgnd.n1973                     0.00013841
xdut.vgnd.n1944                    0.000138416
xdut.vgnd.n1964                    0.000138418
xdut.vgnd.n1946                    0.000138424
xdut.vgnd.n1965                    0.000138419
xdut.vgnd.n1947                    0.000138425
xdut.vgnd.n1966                     0.00013842
xdut.vgnd.n1995                    0.000157415
xdut.vgnd.n1994                    0.000157415
xdut.vgnd.n1982                     0.00015742
xdut.vgnd.n1990                    0.000157406
xdut.vgnd.n1989                    0.000157423
xdut.vgnd.n1988                    0.000157426
xdut.vgnd.n1984                    0.000157408
xdut.vgnd.n1987                     0.00015743
xdut.vgnd.n1976                    0.000157446
xdut.vgnd.n2005                    0.000157446
xdut.vgnd.n1977                     0.00015743
xdut.vgnd.n1996                    0.000157426
xdut.vgnd.n1979                    0.000157408
xdut.vgnd.n1997                    0.000157423
xdut.vgnd.n1980                    0.000157406
xdut.vgnd.n1998                     0.00015742
xdut.vgnd.n2018                    0.000177611
xdut.vgnd.n31                      0.000177611
xdut.vgnd.n36                      0.000177688
xdut.vgnd.n39                        0.0001775
xdut.vgnd.n38                       0.00017772
xdut.vgnd.n37                      0.000177763
xdut.vgnd.n34                       0.00017752
xdut.vgnd.n33                      0.000177816
xdut.vgnd.n45                      0.000178041
xdut.vgnd.n2009                    0.000178041
xdut.vgnd.n2010                    0.000177816
xdut.vgnd.n2013                     0.00017752
xdut.vgnd.n32                      0.000177763
xdut.vgnd.n2016                     0.00017772
xdut.vgnd.n2015                      0.0001775
xdut.vgnd.n2017                    0.000177688
xdut.vgnd.n2041                    8.32791e-05
xdut.vgnd.n931                      0.00024572
xdut.vgnd.n418                     0.000251037
xdut.vgnd.n417                     0.000250686
xdut.vgnd.n420                     0.000250275
xdut.vgnd.n421                     0.000250084
xdut.vgnd.n415                     0.000249884
xdut.vgnd.n414                     0.000249792
xdut.vgnd.n413                     0.000249723
xdut.vgnd.n411                     0.000249652
xdut.vgnd.n410                     0.000249619
xdut.vgnd.n423                     0.000249594
xdut.vgnd.n424                     0.000249575
xdut.vgnd.n409                     0.000249556
xdut.vgnd.n407                     0.000249543
xdut.vgnd.n426                     0.000249536
xdut.vgnd.n427                     0.000249531
xdut.vgnd.n428                     0.000249527
xdut.vgnd.n429                     0.000249523
xdut.vgnd.n406                     0.000249519
xdut.vgnd.n405                     0.000249514
xdut.vgnd.n430                     0.000249509
xdut.vgnd.n431                     0.000249503
xdut.vgnd.n432                     0.000249495
xdut.vgnd.n434                     0.000249478
xdut.vgnd.n404                     0.000249463
xdut.vgnd.n403                     0.000249442
xdut.vgnd.n922                     0.000249409
xdut.vgnd.n924                     0.000249328
xdut.vgnd.n444                     0.000249713
xdut.vgnd.n445                     0.000249778
xdut.vgnd.n447                     0.000249831
xdut.vgnd.n448                     0.000249855
xdut.vgnd.n450                      0.00024988
xdut.vgnd.n451                     0.000249892
xdut.vgnd.n452                     0.000249901
xdut.vgnd.n453                     0.000249908
xdut.vgnd.n454                     0.000249914
xdut.vgnd.n455                      0.00024992
xdut.vgnd.n456                     0.000249924
xdut.vgnd.n457                     0.000249929
xdut.vgnd.n458                     0.000249935
xdut.vgnd.n459                     0.000249941
xdut.vgnd.n460                     0.000249949
xdut.vgnd.n461                      0.00024996
xdut.vgnd.n462                     0.000249973
xdut.vgnd.n464                     0.000250002
xdut.vgnd.n465                     0.000250029
xdut.vgnd.n466                     0.000250065
xdut.vgnd.n467                     0.000250114
xdut.vgnd.n469                      0.00025022
xdut.vgnd.n470                     0.000250321
xdut.vgnd.n471                     0.000250457
xdut.vgnd.n472                     0.000250639
xdut.vgnd.n474                     0.000251028
xdut.vgnd.n587                     0.000251354
xdut.vgnd.n1180                    0.000231307
xdut.vgnd.n1177                    0.000231345
xdut.vgnd.n938                      0.00023137
xdut.vgnd.n1170                    0.000231388
xdut.vgnd.n941                     0.000231402
xdut.vgnd.n1163                    0.000231412
xdut.vgnd.n944                     0.000231419
xdut.vgnd.n1156                    0.000231425
xdut.vgnd.n947                     0.000231429
xdut.vgnd.n1149                    0.000231432
xdut.vgnd.n950                     0.000231434
xdut.vgnd.n1142                    0.000231436
xdut.vgnd.n953                     0.000231437
xdut.vgnd.n1135                    0.000231438
xdut.vgnd.n956                     0.000231439
xdut.vgnd.n1128                     0.00023144
xdut.vgnd.n959                      0.00023144
xdut.vgnd.n1121                     0.00023144
xdut.vgnd.n962                     0.000231441
xdut.vgnd.n1114                    0.000231441
xdut.vgnd.n965                     0.000231441
xdut.vgnd.n1107                    0.000231441
xdut.vgnd.n968                     0.000231441
xdut.vgnd.n1100                    0.000231441
xdut.vgnd.n971                     0.000231441
xdut.vgnd.n1093                    0.000231441
xdut.vgnd.n974                      0.00023144
xdut.vgnd.n1086                     0.00023144
xdut.vgnd.n977                      0.00023144
xdut.vgnd.n1079                    0.000231439
xdut.vgnd.n980                     0.000231438
xdut.vgnd.n1072                    0.000231437
xdut.vgnd.n983                     0.000231436
xdut.vgnd.n1065                    0.000231434
xdut.vgnd.n986                     0.000231431
xdut.vgnd.n1058                    0.000231428
xdut.vgnd.n989                     0.000231424
xdut.vgnd.n1051                    0.000231418
xdut.vgnd.n992                      0.00023141
xdut.vgnd.n1044                    0.000231399
xdut.vgnd.n995                     0.000231384
xdut.vgnd.n1037                    0.000231365
xdut.vgnd.n998                     0.000231339
xdut.vgnd.n1030                    0.000231304
xdut.vgnd.n1001                    0.000231258
xdut.vgnd.n1023                    0.000231195
xdut.vgnd.n1004                    0.000231111
xdut.vgnd.n1016                    0.000230999
xdut.vgnd.n1008                    0.000230847
xdut.vgnd.n1009                    0.000230634
xdut.vgnd.n86                       0.00022971
xdut.vgnd.n88                      0.000229858
xdut.vgnd.n89                      0.000229929
xdut.vgnd.n84                      0.000229982
xdut.vgnd.n90                      0.000230021
xdut.vgnd.n83                      0.000230063
xdut.vgnd.n92                      0.000230089
xdut.vgnd.n93                      0.000230102
xdut.vgnd.n81                      0.000230114
xdut.vgnd.n95                       0.00023012
xdut.vgnd.n80                      0.000230125
xdut.vgnd.n96                      0.000230128
xdut.vgnd.n79                       0.00023013
xdut.vgnd.n78                      0.000230132
xdut.vgnd.n77                      0.000230134
xdut.vgnd.n97                      0.000230135
xdut.vgnd.n75                      0.000230136
xdut.vgnd.n74                      0.000230136
xdut.vgnd.n73                      0.000230137
xdut.vgnd.n72                      0.000230137
xdut.vgnd.n99                      0.000230137
xdut.vgnd.n70                      0.000230138
xdut.vgnd.n101                     0.000230138
xdut.vgnd.n68                      0.000230138
xdut.vgnd.n67                      0.000230138
xdut.vgnd.n66                      0.000230138
xdut.vgnd.n103                     0.000230138
xdut.vgnd.n104                     0.000230139
xdut.vgnd.n64                      0.000230139
xdut.vgnd.n63                       0.00023014
xdut.vgnd.n106                     0.000230141
xdut.vgnd.n108                     0.000230143
xdut.vgnd.n109                     0.000230145
xdut.vgnd.n110                     0.000230148
xdut.vgnd.n61                      0.000230151
xdut.vgnd.n60                      0.000230156
xdut.vgnd.n59                      0.000230162
xdut.vgnd.n111                     0.000230171
xdut.vgnd.n58                      0.000230182
xdut.vgnd.n57                      0.000230197
xdut.vgnd.n112                     0.000230218
xdut.vgnd.n56                      0.000230246
xdut.vgnd.n1376                    0.000230296
xdut.vgnd.n160                     0.000234183
xdut.vgnd.n157                     0.000233982
xdut.vgnd.n287                      0.00023412
xdut.vgnd.n163                     0.000234083
xdut.vgnd.n280                     0.000234057
xdut.vgnd.n166                     0.000234037
xdut.vgnd.n273                     0.000234022
xdut.vgnd.n169                      0.00023401
xdut.vgnd.n266                     0.000234001
xdut.vgnd.n172                     0.000233994
xdut.vgnd.n259                     0.000233987
xdut.vgnd.n175                     0.000233982
xdut.vgnd.n252                     0.000233976
xdut.vgnd.n178                     0.000233969
xdut.vgnd.n245                     0.000233962
xdut.vgnd.n181                     0.000233952
xdut.vgnd.n238                     0.000233941
xdut.vgnd.n184                     0.000233925
xdut.vgnd.n231                     0.000233905
xdut.vgnd.n187                     0.000233878
xdut.vgnd.n224                     0.000233842
xdut.vgnd.n190                     0.000233794
xdut.vgnd.n217                      0.00023373
xdut.vgnd.n193                     0.000233644
xdut.vgnd.n210                     0.000233529
xdut.vgnd.n196                     0.000233374
xdut.vgnd.n203                      0.00023317
xdut.vgnd.n197                     0.000232921
xdut.vgnd.n133                     0.000234182
xdut.vgnd.n132                     0.000234566
xdut.vgnd.n134                     0.000234958
xdut.vgnd.n130                     0.000235209
xdut.vgnd.n128                     0.000235371
xdut.vgnd.n136                     0.000235445
xdut.vgnd.n137                     0.000235501
xdut.vgnd.n127                     0.000235558
xdut.vgnd.n139                     0.000235595
xdut.vgnd.n140                     0.000235612
xdut.vgnd.n125                     0.000235628
xdut.vgnd.n142                     0.000235637
xdut.vgnd.n123                     0.000235641
xdut.vgnd.n122                     0.000235641
xdut.vgnd.n144                     0.000235639
xdut.vgnd.n121                     0.000235634
xdut.vgnd.n145                     0.000235627
xdut.vgnd.n120                     0.000235617
xdut.vgnd.n146                     0.000235593
xdut.vgnd.n147                      0.00023557
xdut.vgnd.n149                     0.000235516
xdut.vgnd.n394                     0.000235444
xdut.vgnd.n1626                    0.000227021
xdut.vgnd.n1427                    0.000227032
xdut.vgnd.n1426                    0.000227038
xdut.vgnd.n1425                    0.000227043
xdut.vgnd.n1424                    0.000227047
xdut.vgnd.n1423                     0.00022705
xdut.vgnd.n1422                    0.000227052
xdut.vgnd.n1421                    0.000227054
xdut.vgnd.n1420                    0.000227055
xdut.vgnd.n1419                    0.000227056
xdut.vgnd.n1418                    0.000227056
xdut.vgnd.n1417                    0.000227057
xdut.vgnd.n1416                    0.000227057
xdut.vgnd.n1415                    0.000227057
xdut.vgnd.n1414                    0.000227058
xdut.vgnd.n1413                    0.000227058
xdut.vgnd.n1412                    0.000227058
xdut.vgnd.n1411                    0.000227058
xdut.vgnd.n1410                    0.000227058
xdut.vgnd.n1409                    0.000227058
xdut.vgnd.n1408                    0.000227058
xdut.vgnd.n1407                    0.000227058
xdut.vgnd.n1406                    0.000227058
xdut.vgnd.n1405                    0.000227058
xdut.vgnd.n1404                    0.000227058
xdut.vgnd.n1403                    0.000227058
xdut.vgnd.n1402                    0.000227058
xdut.vgnd.n1401                    0.000227058
xdut.vgnd.n1400                    0.000227058
xdut.vgnd.n1399                    0.000227058
xdut.vgnd.n1398                    0.000227058
xdut.vgnd.n1397                    0.000227058
xdut.vgnd.n1396                    0.000227058
xdut.vgnd.n1395                    0.000227057
xdut.vgnd.n1394                    0.000227057
xdut.vgnd.n1393                    0.000227057
xdut.vgnd.n1392                    0.000227056
xdut.vgnd.n1391                    0.000227056
xdut.vgnd.n1390                    0.000227055
xdut.vgnd.n1389                    0.000227053
xdut.vgnd.n1388                    0.000227052
xdut.vgnd.n1387                     0.00022705
xdut.vgnd.n1386                    0.000227047
xdut.vgnd.n1385                    0.000227043
xdut.vgnd.n1384                    0.000227038
xdut.vgnd.n1383                    0.000227031
xdut.vgnd.n1382                    0.000227022
xdut.vgnd.n1381                     0.00022701
xdut.vgnd.n1380                    0.000226993
xdut.vgnd.n1379                    0.000226967
xdut.vgnd.n1696                    0.000226693
xdut.vgnd.n1701                     0.00022669
xdut.vgnd.n1694                    0.000226691
xdut.vgnd.n1709                    0.000226691
xdut.vgnd.n1690                    0.000226692
xdut.vgnd.n1717                    0.000226692
xdut.vgnd.n1687                    0.000226693
xdut.vgnd.n1724                    0.000226693
xdut.vgnd.n1727                    0.000226693
xdut.vgnd.n1733                    0.000226693
xdut.vgnd.n1736                    0.000226693
xdut.vgnd.n1742                    0.000226693
xdut.vgnd.n1745                    0.000226693
xdut.vgnd.n1751                    0.000226693
xdut.vgnd.n1675                    0.000226693
xdut.vgnd.n1759                    0.000226693
xdut.vgnd.n1765                    0.000226693
xdut.vgnd.n1768                    0.000226693
xdut.vgnd.n1774                    0.000226693
xdut.vgnd.n1776                    0.000226693
xdut.vgnd.n1782                    0.000226693
xdut.vgnd.n1665                    0.000226693
xdut.vgnd.n1789                    0.000226693
xdut.vgnd.n1662                    0.000226693
xdut.vgnd.n1796                    0.000226693
xdut.vgnd.n1659                    0.000226693
xdut.vgnd.n1803                    0.000226693
xdut.vgnd.n1655                    0.000226694
xdut.vgnd.n1811                    0.000226694
xdut.vgnd.n1652                    0.000226694
xdut.vgnd.n1818                    0.000226694
xdut.vgnd.n1647                    0.000226694
xdut.vgnd.n1826                    0.000226694
xdut.vgnd.n1832                    0.000226695
xdut.vgnd.n1644                    0.000226696
xdut.vgnd.n1839                    0.000226696
xdut.vgnd.n1641                    0.000226697
xdut.vgnd.n1846                    0.000226699
xdut.vgnd.n1848                      0.0002267
xdut.vgnd.n1854                    0.000226703
xdut.vgnd.n1636                    0.000226706
xdut.vgnd.n1861                     0.00022671
xdut.vgnd.n1863                    0.000226716
xdut.vgnd.n1869                    0.000226724
xdut.vgnd.n1871                    0.000226739
xdut.vgnd.n666                     0.000223544
xdut.vgnd.n665                     0.000223557
xdut.vgnd.n664                      0.00022357
xdut.vgnd.n663                     0.000223583
xdut.vgnd.n662                     0.000223597
xdut.vgnd.n661                     0.000223613
xdut.vgnd.n686                     0.000223025
xdut.vgnd.n687                     0.000222977
xdut.vgnd.n685                     0.000222949
xdut.vgnd.n688                     0.000222934
xdut.vgnd.n690                      0.00022293
xdut.vgnd.n722                     0.000222948
xdut.vgnd.n637                     0.000223224
xdut.vgnd.n634                      0.00022322
xdut.vgnd.n616                     0.000223224
xdut.vgnd.n627                     0.000223236
xdut.vgnd.n619                     0.000223256
xdut.vgnd.n620                     0.000223293
xdut.vgnd.n767                     0.000223703
xdut.vgnd.n769                     0.000223683
xdut.vgnd.n659                     0.000223673
xdut.vgnd.n770                     0.000223658
xdut.vgnd.n797                     0.000223643
xdut.vgnd.n2034                    8.13571e-05
xdut.vgnd.n2031                    8.12616e-05
xdut.vgnd.n2040                    8.23996e-05
xdut.vgnd.n2042                    8.24951e-05
xdut.vgnd.n1896                    0.000101059
xdut.vgnd.n1890                    0.000101037
xdut.vgnd.n1907                    0.000101037
xdut.vgnd.n1905                    0.000101059
xdut.vgnd.n1927                    0.000119527
xdut.vgnd.n1921                     0.00011952
xdut.vgnd.n1938                     0.00011952
xdut.vgnd.n1936                    0.000119527
xdut.vgnd.n1951                    0.000138425
xdut.vgnd.n1958                    0.000138424
xdut.vgnd.n1970                    0.000138426
xdut.vgnd.n1968                    0.000138427
xdut.vgnd.n1991                    0.000157402
xdut.vgnd.n1985                    0.000157404
xdut.vgnd.n2002                    0.000157404
xdut.vgnd.n2000                    0.000157402
xdut.vgnd.n40                      0.000177436
xdut.vgnd.n42                      0.000177467
xdut.vgnd.n2012                    0.000177467
xdut.vgnd.n2014                    0.000177436
xdut.vgnd.n810                     0.000260298
xdut.vgnd.n5                       0.000119347
xdut.vgnd.n4                       0.000100478
xdut.vgnd.n3                       7.92269e-05
xdut.vgnd.n0                       0.000226575
xdut.vgnd.n1880                    0.000226663
xdut.vgnd.n7                       0.000227814
xdut.vgnd.n155                     0.000228967
xdut.vgnd.n1                       0.000224107
xdut.vgnd.n6                       0.000178253
xdut.vgnd.n809                     0.000223988
xdut.vgnd.n694                     0.000223953
xdut.vgnd.n2051                    7.97324e-05
xdut.vgnd.n1911                    0.000100594
xdut.vgnd.n1942                    0.000119382
xdut.vgnd.n1975                    0.000138404
xdut.vgnd.n1974                    0.000138409
xdut.vgnd.n2007                    0.000157462
xdut.vgnd.n2006                     0.00015745
xdut.vgnd.n2008                     0.00017809
xdut.vgnd.n2053                    9.14565e-06
xdut.vgnd.n2052                    1.00741e-05
xdut.vgnd.n13                      1.01255e-05
xdut.vgnd.n2059                    9.23647e-06
xdut.vgnd.n2054                    9.09427e-06
xdut.vgnd.n12                      9.98327e-06
xdut.vgnd.n2058                    9.14565e-06
xdut.vgnd.n10                      1.00741e-05
xdut.vgnd.n2057                    9.14565e-06
xdut.vgnd.n11                      1.00741e-05
xdut.vgnd.n2056                    9.14565e-06
xdut.vgnd.n8                       1.00741e-05
xdut.vgnd.n2055                    9.14565e-06
xdut.vgnd.n9                       1.00741e-05
xdut.vgnd.n2                       1.92197e-05
xdut.mirror.n4                        0.593923
xdut.mirror.n3                        0.593923
xdut.mirror.n8                        0.593923
xdut.mirror.n7                        0.593923
xdut.mirror.n16                       0.593927
xdut.mirror.n15                       0.593974
xdut.mirror.n1                        0.593926
xdut.mirror.n2                        0.593923
xdut.mirror.n6                        0.593923
xdut.mirror.n11                       0.593904
xdut.mirror.n10                       0.593919
xdut.mirror                           0.593923
xdut.mirror.n12                        0.59392
xdut.mirror.n14                       0.593926
xdut.mirror.n0                        0.593923
xdut.mirror.n13                        0.59392
xdut.mirror.n5                        0.593923
xdut.mirror.n9                        0.593923
xdut.amp.n2                            0.59513
xdut.amp.n1                            0.59513
xdut.amp.n3                            0.59513
xdut.amp.n15                          0.595134
xdut.amp.n14                          0.595182
xdut.amp.n0                           0.595134
xdut.amp.n11                           0.59513
xdut.amp.n10                           0.59513
xdut.amp.n6                           0.595111
xdut.amp.n5                           0.595126
xdut.amp                               0.59513
xdut.amp.n7                           0.595127
xdut.amp.n13                          0.595134
xdut.amp.n12                           0.59513
xdut.amp.n9                            0.59513
xdut.amp.n8                           0.595127
xdut.amp.n4                            0.59513
xdut.tail.n10                          1.47403
xdut.tail.n9                           1.47399
xdut.tail.n3                           1.47414
xdut.tail.n2                           1.47405
xdut.tail.n1                           1.47404
xdut.tail.n4                           1.47404
xdut.tail                              1.47404
xdut.tail.n0                           1.47403
xdut.tail.n7                           1.47404
xdut.tail.n8                           1.47404
xdut.tail.n6                           1.47404
xdut.tail.n5                           1.47405
xdut.hold.n8                          0.899445
xdut.hold.n7                          0.899445
xdut.hold.n27                         0.899445
xdut.hold.n2                          0.899445
xdut.hold.n4                          0.899445
xdut.hold.n3                          0.899445
xdut.hold.n5                          0.899445
xdut.hold.n1                          0.899445
xdut.hold.n17                         0.899445
xdut.hold.n13                         0.899445
xdut.hold.n11                         0.899445
xdut.hold.n10                         0.899445
xdut.hold.n22                         0.899445
xdut.hold.n21                         0.899445
xdut.hold.n26                         0.899445
xdut.hold.n0                          0.899445
xdut.hold.n6                          0.899445
xdut.hold.n25                         0.899445
xdut.hold.n24                         0.899445
xdut.hold.n9                          0.899445
xdut.hold.n19                         0.899445
xdut.hold.n15                         0.899445
xdut.hold.n14                         0.899445
xdut.hold.n18                         0.899445
xdut.hold.n16                         0.899445
xdut.hold.n12                         0.899445
xdut.hold.n23                         0.899445
xdut.hold.n20                         0.899445
xdut.sample.n6                        0.899258
xdut.sample.n29                       0.899258
xdut.sample.n36                       0.899258
xdut.sample.n5                        0.899258
xdut.sample.n28                       0.899258
xdut.sample.n35                       0.899258
xdut.sample.n39                       0.899258
xdut.sample.n4                        0.899258
xdut.sample.n26                       0.899258
xdut.sample.n25                       0.899258
xdut.sample.n33                       0.899258
xdut.sample.n32                       0.899258
xdut.sample.n3                        0.899258
xdut.sample.n24                       0.899258
xdut.sample.n31                       0.899258
xdut.sample.n19                       0.899258
xdut.sample.n8                        0.899258
xdut.sample.n12                       0.899258
xdut.sample.n11                       0.899258
xdut.sample.n16                       0.899258
xdut.sample.n15                       0.899258
xdut.sample.n38                       0.899258
xdut.sample.n27                       0.899258
xdut.sample.n34                       0.899258
xdut.sample.n23                       0.899258
xdut.sample.n22                       0.899258
xdut.sample.n2                        0.899258
xdut.sample.n7                        0.899258
xdut.sample.n1                        0.899258
xdut.sample.n30                       0.899258
xdut.sample.n37                       0.899258
xdut.sample.n10                       0.899258
xdut.sample.n9                        0.899258
xdut.sample.n21                       0.899258
xdut.sample.n20                       0.899258
xdut.sample.n0                        0.899258
xdut.sample.n14                       0.899258
xdut.sample.n13                       0.899258
xdut.sample.n18                       0.899258
xdut.sample.n17                       0.899258
xdut.s_bar.n7                          1.79989
xdut.s_bar.n1                          1.79989
xdut.s_bar                             1.79989
xdut.s_bar.n4                          1.79989
xdut.s_bar.n3                          1.79989
xdut.s_bar.n2                          1.79989
xdut.s_bar.n0                          1.79989
xdut.s_bar.n5                          1.79989
xdut.s_bar.n6                          1.79989
xdut.l_bar.n7                          1.79989
xdut.l_bar.n1                          1.79989
xdut.l_bar                             1.79989
xdut.l_bar.n4                          1.79989
xdut.l_bar.n3                          1.79989
xdut.l_bar.n2                          1.79989
xdut.l_bar.n0                          1.79989
xdut.l_bar.n5                          1.79989
xdut.l_bar.n6                          1.79989
xdut.h_bar.n6                          1.79989
xdut.h_bar.n0                          1.79989
xdut.h_bar                             1.79989
xdut.h_bar.n3                          1.79989
xdut.h_bar.n2                          1.79989
xdut.h_bar.n1                          1.79989
xdut.h_bar.n4                          1.79989
xdut.h_bar.n5                          1.79989
xdut.bias.n4                          0.634049
xdut.bias.n2                          0.634155
xdut.bias.n1                          0.634058
xdut.bias.n5                          0.634049
xdut.bias.n9                          0.634049
xdut.bias.n8                          0.634049
xdut.bias.n13                         0.634049
xdut.bias.n12                         0.634049
xdut.bias.n18                         0.634056
xdut.bias.n3                          0.634049
xdut.bias.n7                          0.634049
xdut.bias.n11                         0.634049
xdut.bias.n15                         0.634039
xdut.bias.n16                         0.634049
xdut.bias                             0.634049
xdut.bias.n0                           0.63405
xdut.bias.n6                           0.63405
xdut.bias.n17                         0.634056
xdut.bias.n10                          0.63405
xdut.bias.n14                          0.63405
vs#branch                                    0
vl#branch                                    0
vh#branch                                    0
vlo#branch                         1.39919e-12
vhi#branch                        -9.05742e-16
vdd#branch                        -1.24049e-05

 Reference value :  0.00000e+00 Reference value :  6.91449e-07 Reference value :  8.00430e-06 Reference value :  1.02035e-05 Reference value :  1.24019e-05 Reference value :  1.40951e-05 Reference value :  1.48050e-05 Reference value :  1.70034e-05 Reference value :  1.92000e-05 Reference value :  2.12039e-05 Reference value :  2.34024e-05 Reference value :  2.56012e-05 Reference value :  2.60058e-05 Reference value :  2.80047e-05 Reference value :  3.02036e-05 Reference value :  3.24035e-05 Reference value :  3.46000e-05 Reference value :  3.66050e-05 Reference value :  3.88050e-05 Reference value :  4.10051e-05 Reference value :  4.32061e-05 Reference value :  5.33576e-05 Reference value :  5.51059e-05 Reference value :  5.73037e-05 Reference value :  5.95022e-05 Reference value :  6.17000e-05 Reference value :  6.37050e-05 Reference value :  6.59042e-05 Reference value :  6.81037e-05 Reference value :  7.03023e-05 Reference value :  7.05435e-05 Reference value :  7.27045e-05 Reference value :  7.49039e-05 Reference value :  7.71035e-05 Reference value :  7.93036e-05 Reference value :  8.15033e-05 Reference value :  8.37027e-05 Reference value :  8.59018e-05 Reference value :  8.79051e-05 Reference value :  9.01029e-05 Reference value :  9.40287e-05 Reference value :  1.02003e-04 Reference value :  1.04202e-04 Reference value :  1.06402e-04 Reference value :  1.08602e-04 Reference value :  1.10802e-04 Reference value :  1.13002e-04 Reference value :  1.15202e-04 Reference value :  1.17403e-04 Reference value :  1.19603e-04 Reference value :  1.21804e-04 Reference value :  1.24004e-04 Reference value :  1.26204e-04 Reference value :  1.28404e-04 Reference value :  1.30604e-04 Reference value :  1.32803e-04 Reference value :  1.35002e-04 Reference value :  1.37004e-04 Reference value :  1.41955e-04 Reference value :  1.48904e-04 Reference value :  1.51103e-04 Reference value :  1.53105e-04 Reference value :  1.55304e-04 Reference value :  1.57502e-04 Reference value :  1.59701e-04 Reference value :  1.60222e-04 Reference value :  1.62142e-04 Reference value :  1.64305e-04 Reference value :  1.66504e-04 Reference value :  1.68704e-04 Reference value :  1.70903e-04 Reference value :  1.73103e-04 Reference value :  1.75303e-04 Reference value :  1.77504e-04 Reference value :  1.79703e-04 Reference value :  1.81902e-04
No. of Data Rows : 10749
ngspice-46 done
